__UUID4__;07f45297-fd14-4c6c-b702-57a2c00fa891
__CREATED-ON__;2026-09-18 16:09:07.462610
__DEF-URL__;http://pybpod-api.readthedocs.org
__DEF-TEXT__;This file contains data recorded during a session from the PyBpod system
__SOFTWARE__;PyBpod API v1.8.2
__HAS-HEADER__
TYPE;PC-TIME;BPOD-INITIAL-TIME;BPOD-FINAL-TIME;MSG;+INFO
INFO;2026-09-18 16:09:07.462610;;;SERIAL-PORT;COM10
INFO;2026-09-18 16:09:07.462610;;;PROTOCOL-NAME;stage3_clicks_direction
INFO;2026-09-18 16:09:07.462610;;;CREATOR-NAME;["UM", "f519825a-ab5d-4fe9-91c0-a52f3d5afee3", "local"]
INFO;2026-09-18 16:09:07.462610;;;PROJECT-NAME;AuditoryEvidenceAccum
INFO;2026-09-18 16:09:07.478331;;;EXPERIMENT-NAME;Stage3
INFO;2026-09-18 16:09:07.478331;;;BOARD-NAME;Box3
INFO;2026-09-18 16:09:07.478331;;;SETUP-NAME;Stage3
INFO;2026-09-18 16:09:07.478331;;;BPOD-GUI-VERSION;
INFO;2026-09-18 16:09:07.478331;;;NET-PORT;36000
INFO;2026-09-18 16:09:07.478331;;;SUBJECT-NAME;['test_stage3', '7ccf4666-0f7e-47ec-b218-76d067d83f69']
INFO;2026-09-18 16:09:07.945112;;;This is a PYBPOD file. Find more info at http://pybpod.readthedocs.io;
INFO;2026-09-18 16:09:07.945112;;;BPOD-API-VERSION;1.8.2
INFO;2026-09-18 16:09:07.945112;;;SESSION-NAME;20260918-160906
INFO;2026-09-18 16:09:07.945112;;;SESSION-STARTED;2026-09-18 16:09:07.462610
stdout;2026-09-18 16:09:07.945112;;;Connected to Bpod on COM10;
stdout;2026-09-18 16:09:07.945112;;;|
|;
stdout;2026-09-18 16:09:07.945112;;;Resolved module 'RotaryEncoder1' on Bpod port 1;
stdout;2026-09-18 16:09:07.945112;;;|
|;
stdout;2026-09-18 16:09:07.960745;;;RotaryEncoderModule.discover: probing ['COM11', 'COM1', 'COM14'] (excluding ['COM10']);
stdout;2026-09-18 16:09:07.960745;;;|
|;
stdout;2026-09-18 16:09:09.986831;;;  COM11: ack=217;
stdout;2026-09-18 16:09:09.986831;;;|
|;
stdout;2026-09-18 16:09:12.010161;;;Connected to rotary encoder on COM11;
stdout;2026-09-18 16:09:12.010161;;;|
|;
stdout;2026-09-18 16:09:12.143698;;;Connected to HiFi module on COM14 (192000Hz sampling);
stdout;2026-09-18 16:09:12.143698;;;|
|;
stdout;2026-09-18 16:09:12.143698;;;Amplitude from calibration: 0.6552 for 70.0dB SPL (L 4000Hz).;
stdout;2026-09-18 16:09:12.143698;;;|
|;
stdout;2026-09-18 16:09:12.143698;;;WARNING: sound calibration unavailable (R 10000Hz has no calibration fit yet -- run calibrate_sound.py and fit it before requesting an amplitude.) -- using hardcoded fallback amplitude=1.0.;
stdout;2026-09-18 16:09:12.143698;;;|
|;
VAL;2026-09-18 16:09:12.143698;;;LEFT_THRESHOLD_DEG;-35.0
VAL;2026-09-18 16:09:12.143698;;;RIGHT_THRESHOLD_DEG;35.0
VAL;2026-09-18 16:09:17.151976;;;GIT_COMMIT;unknown
VAL;2026-09-18 16:09:17.151976;;;TARGET_SPL_DB;70.0
VAL;2026-09-18 16:09:17.151976;;;LEFT_FREQ_HZ;4000
VAL;2026-09-18 16:09:17.151976;;;RIGHT_FREQ_HZ;10000
stdout;2026-09-18 16:09:19.403537;;;CameraRecorder: index 0, 640x480 @ 30.0fps -> session_video.avi;
stdout;2026-09-18 16:09:19.403537;;;|
|;
stdout;2026-09-18 16:09:19.403537;;;DEBUG: camera.start() returned OK;
stdout;2026-09-18 16:09:19.403537;;;|
|;
VAL;2026-09-18 16:09:19.403537;;;CAMERA_START_TIME;2.2515604496002197
VAL;2026-09-18 16:09:19.403537;;;CAMERA_OUTPUT_PATH;session_video.avi
VAL;2026-09-18 16:09:19.403537;;;CAMERA_FPS;30.0
stdout;2026-09-18 16:09:19.403537;;;Dot gain calibrated to -78.99 px/wheel-deg (screen width 6144px, response threshold 35.0deg);
stdout;2026-09-18 16:09:19.403537;;;|
|;
stdout;2026-09-18 16:09:20.638865;;;Starting Stage 3 -- response threshold frozen at 35.0deg, in-trial threshold 10.0deg (PLACEHOLDER -- not yet empirically derived), click level FULL;
stdout;2026-09-18 16:09:20.638865;;;|
|;
VAL;2026-09-18 16:09:20.638865;;;TRIAL_INIT_START;3.486889123916626
VAL;2026-09-18 16:09:20.672616;;;WHEEL_POS;3.521,0.00
VAL;2026-09-18 16:09:20.688245;;;WHEEL_POS;3.536,0.00
VAL;2026-09-18 16:09:20.719496;;;WHEEL_POS;3.568,0.00
VAL;2026-09-18 16:09:20.750750;;;WHEEL_POS;3.599,0.00
VAL;2026-09-18 16:09:20.792380;;;WHEEL_POS;3.640,0.00
VAL;2026-09-18 16:09:20.808010;;;WHEEL_POS;3.656,0.00
VAL;2026-09-18 16:09:20.823637;;;TRIAL_START;3.656033754348755
VAL;2026-09-18 16:09:20.823637;;;QUIESCENCE_BREAKS;0
VAL;2026-09-18 16:09:20.823637;;;TRIAL_TYPE;warmup
VAL;2026-09-18 16:09:21.173755;;;TRIAL_SIDE;R
VAL;2026-09-18 16:09:21.173755;;;CLICK_TIMES_L;
VAL;2026-09-18 16:09:21.173755;;;CLICK_TIMES_R;0.0150,0.1167,0.1483,0.2492
VAL;2026-09-18 16:09:21.173755;;;N_CLICKS_L;0
VAL;2026-09-18 16:09:21.173755;;;N_CLICKS_R;4
VAL;2026-09-18 16:09:21.173755;;;STIM_SEED;1880137302
VAL;2026-09-18 16:09:21.173755;;;CUE_ABORT_THRESHOLD_DEG;10.0
VAL;2026-09-18 16:09:21.173755;;;RESPONSE_THRESHOLD_DEG;35.0
VAL;2026-09-18 16:09:21.173755;;;QUIESCENCE_DUR_S;0.1
VAL;2026-09-18 16:09:21.173755;;;ITI_S;1.5
VAL;2026-09-18 16:09:21.173755;;;CLICK_LEVEL_ATTENUATED;False
stdout;2026-09-18 16:09:21.173755;;;Trial 1 (warmup): side=R, n_L=0, n_R=4;
stdout;2026-09-18 16:09:21.173755;;;|
|;
VAL;2026-09-18 16:09:21.173755;;;SM_SEND_TIME;4.02177882194519
VAL;2026-09-18 16:09:21.173755;;;CUE_ONSET_TIME;4.04277882194519
TRIAL;2026-09-18 16:09:21.189384;;;New trial;
VAL;2026-09-18 16:09:21.193749;;;WHEEL_POS;4.042,0.00
VAL;2026-09-18 16:09:21.209379;;;WHEEL_POS;4.057,0.00
VAL;2026-09-18 16:09:21.240630;;;WHEEL_POS;4.089,0.00
VAL;2026-09-18 16:09:21.265812;;;WHEEL_POS;4.114,0.00
VAL;2026-09-18 16:09:21.289446;;;WHEEL_POS;4.137,0.00
VAL;2026-09-18 16:09:21.305073;;;WHEEL_POS;4.153,0.00
VAL;2026-09-18 16:09:21.336324;;;WHEEL_POS;4.184,0.00
VAL;2026-09-18 16:09:21.351951;;;WHEEL_POS;4.200,0.00
VAL;2026-09-18 16:09:21.373777;;;WHEEL_POS;4.222,0.00
VAL;2026-09-18 16:09:21.410077;;;WHEEL_POS;4.258,0.00
VAL;2026-09-18 16:09:21.441330;;;WHEEL_POS;4.289,0.00
VAL;2026-09-18 16:09:21.456956;;;WHEEL_POS;4.305,0.00
EVENT;2026-09-18 16:09:21.456956;0.271;;158;Tup
TRANSITION;2026-09-18 16:09:21.456956;0.271;;DelayPeriod;
VAL;2026-09-18 16:09:21.489714;;;WHEEL_POS;4.338,0.00
VAL;2026-09-18 16:09:21.520965;;;WHEEL_POS;4.369,0.00
VAL;2026-09-18 16:09:21.552217;;;WHEEL_POS;4.400,0.00
VAL;2026-09-18 16:09:21.567843;;;WHEEL_POS;4.416,0.00
EVENT;2026-09-18 16:09:21.574350;0.3785;;158;Tup
TRANSITION;2026-09-18 16:09:21.574350;0.3785;;CueComplete;
EVENT;2026-09-18 16:09:21.574350;0.3786;;158;Tup
END-TRIAL;2026-09-18 16:09:21.574350;;;The trial ended;
INFO;2026-09-18 16:09:21.574350;13.592931;13.971535;TRIAL-BPOD-TIME;0.3786039999999993
STATE;2026-09-18 16:09:21.574350;0;0.271;CuePeriod;0.271
STATE;2026-09-18 16:09:21.574350;0.271;0.3785;DelayPeriod;0.10749999999999998
STATE;2026-09-18 16:09:21.574350;0.3785;0.3786;CueComplete;9.999999999998899e-05
STATE;2026-09-18 16:09:21.574350;nan;nan;WheelAbort;nan
STATE;2026-09-18 16:09:21.574350;nan;nan;AbortITI;nan
VAL;2026-09-18 16:09:21.589979;;;SM_SEND_TIME;4.438003301620483
TRIAL;2026-09-18 16:09:21.593485;;;New trial;
VAL;2026-09-18 16:09:21.609115;;;WHEEL_POS;4.457,0.00
VAL;2026-09-18 16:09:21.625244;;;WHEEL_POS;4.473,0.00
VAL;2026-09-18 16:09:21.640877;;;WHEEL_POS;4.489,0.00
VAL;2026-09-18 16:09:21.674630;;;WHEEL_POS;4.523,0.00
VAL;2026-09-18 16:09:21.705885;;;WHEEL_POS;4.554,0.00
VAL;2026-09-18 16:09:21.737137;;;WHEEL_POS;4.585,0.00
VAL;2026-09-18 16:09:21.774897;;;WHEEL_POS;4.623,0.00
VAL;2026-09-18 16:09:21.806156;;;WHEEL_POS;4.654,0.00
VAL;2026-09-18 16:09:21.841720;;;WHEEL_POS;4.690,0.00
VAL;2026-09-18 16:09:21.874980;;;WHEEL_POS;4.723,0.00
VAL;2026-09-18 16:09:21.890608;;;WHEEL_POS;4.739,0.00
VAL;2026-09-18 16:09:21.921865;;;WHEEL_POS;4.770,0.00
VAL;2026-09-18 16:09:21.953885;;;WHEEL_POS;4.802,0.00
VAL;2026-09-18 16:09:21.969514;;;WHEEL_POS;4.818,0.00
VAL;2026-09-18 16:09:21.990652;;;WHEEL_POS;4.839,0.00
VAL;2026-09-18 16:09:22.026406;;;WHEEL_POS;4.874,0.00
VAL;2026-09-18 16:09:22.042036;;;WHEEL_POS;4.890,0.00
VAL;2026-09-18 16:09:22.075310;;;WHEEL_POS;4.923,0.00
VAL;2026-09-18 16:09:22.090940;;;WHEEL_POS;4.939,0.00
VAL;2026-09-18 16:09:22.137822;;;WHEEL_POS;4.986,0.00
VAL;2026-09-18 16:09:22.153444;;;WHEEL_POS;5.001,0.00
VAL;2026-09-18 16:09:22.169069;;;WHEEL_POS;5.017,0.00
VAL;2026-09-18 16:09:22.191201;;;WHEEL_POS;5.039,0.00
VAL;2026-09-18 16:09:22.227662;;;WHEEL_POS;5.076,0.00
VAL;2026-09-18 16:09:22.243290;;;WHEEL_POS;5.091,0.00
VAL;2026-09-18 16:09:22.266477;;;WHEEL_POS;5.115,0.00
VAL;2026-09-18 16:09:22.291115;;;WHEEL_POS;5.139,0.00
VAL;2026-09-18 16:09:22.322363;;;WHEEL_POS;5.170,0.00
VAL;2026-09-18 16:09:22.342995;;;WHEEL_POS;5.191,0.00
VAL;2026-09-18 16:09:22.364652;;;WHEEL_POS;5.213,0.00
VAL;2026-09-18 16:09:22.391289;;;WHEEL_POS;5.239,0.00
VAL;2026-09-18 16:09:22.406914;;;WHEEL_POS;5.255,0.00
VAL;2026-09-18 16:09:22.443195;;;WHEEL_POS;5.291,0.00
VAL;2026-09-18 16:09:22.475948;;;WHEEL_POS;5.324,0.00
VAL;2026-09-18 16:09:22.491579;;;WHEEL_POS;5.340,0.00
VAL;2026-09-18 16:09:22.528717;;;WHEEL_POS;5.376,0.00
VAL;2026-09-18 16:09:22.545348;;;WHEEL_POS;5.393,0.00
VAL;2026-09-18 16:09:22.591615;;;WHEEL_POS;5.440,0.00
VAL;2026-09-18 16:09:22.628241;;;WHEEL_POS;5.476,0.00
VAL;2026-09-18 16:09:22.644875;;;WHEEL_POS;5.493,0.00
VAL;2026-09-18 16:09:22.676006;;;WHEEL_POS;5.524,0.00
VAL;2026-09-18 16:09:22.707267;;;WHEEL_POS;5.555,0.00
VAL;2026-09-18 16:09:22.738514;;;WHEEL_POS;5.587,0.00
VAL;2026-09-18 16:09:22.776278;;;WHEEL_POS;5.624,0.00
VAL;2026-09-18 16:09:22.791910;;;WHEEL_POS;5.640,0.00
VAL;2026-09-18 16:09:22.830253;;;WHEEL_POS;5.678,0.00
VAL;2026-09-18 16:09:22.861511;;;WHEEL_POS;5.710,0.00
VAL;2026-09-18 16:09:22.907776;;;WHEEL_POS;5.756,0.00
VAL;2026-09-18 16:09:22.923397;;;WHEEL_POS;5.771,0.00
VAL;2026-09-18 16:09:22.939023;;;WHEEL_POS;5.787,0.00
VAL;2026-09-18 16:09:22.954890;;;WHEEL_POS;5.803,0.00
VAL;2026-09-18 16:09:22.992170;;;WHEEL_POS;5.840,0.00
VAL;2026-09-18 16:09:23.030428;;;WHEEL_POS;5.878,0.00
VAL;2026-09-18 16:09:23.046061;;;WHEEL_POS;5.894,0.00
VAL;2026-09-18 16:09:23.092323;;;WHEEL_POS;5.940,0.00
VAL;2026-09-18 16:09:23.123575;;;WHEEL_POS;5.972,0.00
VAL;2026-09-18 16:09:23.154827;;;WHEEL_POS;6.003,0.00
VAL;2026-09-18 16:09:23.192601;;;WHEEL_POS;6.041,0.00
VAL;2026-09-18 16:09:23.232360;;;WHEEL_POS;6.080,0.00
VAL;2026-09-18 16:09:23.251501;;;WHEEL_POS;6.100,0.00
VAL;2026-09-18 16:09:23.267135;;;WHEEL_POS;6.115,0.00
VAL;2026-09-18 16:09:23.292769;;;WHEEL_POS;6.141,0.00
VAL;2026-09-18 16:09:23.324026;;;WHEEL_POS;6.172,0.00
VAL;2026-09-18 16:09:23.355273;;;WHEEL_POS;6.203,0.00
VAL;2026-09-18 16:09:23.377141;;;WHEEL_POS;6.225,0.00
VAL;2026-09-18 16:09:23.408400;;;WHEEL_POS;6.256,0.00
VAL;2026-09-18 16:09:23.468328;;;WHEEL_POS;6.316,0.00
VAL;2026-09-18 16:09:23.492969;;;WHEEL_POS;6.341,0.00
VAL;2026-09-18 16:09:23.524220;;;WHEEL_POS;6.372,0.00
VAL;2026-09-18 16:09:23.555471;;;WHEEL_POS;6.403,0.00
VAL;2026-09-18 16:09:23.593234;;;WHEEL_POS;6.441,0.00
VAL;2026-09-18 16:09:23.624492;;;WHEEL_POS;6.473,0.00
VAL;2026-09-18 16:09:23.653487;;;WHEEL_POS;6.502,0.00
VAL;2026-09-18 16:09:23.669111;;;WHEEL_POS;6.517,0.00
VAL;2026-09-18 16:09:23.693249;;;WHEEL_POS;6.541,0.00
VAL;2026-09-18 16:09:23.724496;;;WHEEL_POS;6.573,0.00
VAL;2026-09-18 16:09:23.741124;;;WHEEL_POS;6.589,0.00
VAL;2026-09-18 16:09:23.772378;;;WHEEL_POS;6.620,-0.70
VAL;2026-09-18 16:09:23.793509;;;WHEEL_POS;6.642,-1.10
VAL;2026-09-18 16:09:23.809141;;;WHEEL_POS;6.657,-1.10
VAL;2026-09-18 16:09:23.854451;;;WHEEL_POS;6.702,-1.10
VAL;2026-09-18 16:09:23.878101;;;WHEEL_POS;6.718,-1.10
VAL;2026-09-18 16:09:23.893736;;;WHEEL_POS;6.742,-0.70
VAL;2026-09-18 16:09:23.924988;;;WHEEL_POS;6.773,-0.40
VAL;2026-09-18 16:09:23.956127;;;WHEEL_POS;6.804,0.40
VAL;2026-09-18 16:09:24.009522;;;WHEEL_POS;6.858,1.10
VAL;2026-09-18 16:09:24.025140;;;WHEEL_POS;6.873,1.80
VAL;2026-09-18 16:09:24.071405;;;WHEEL_POS;6.919,3.20
EVENT;2026-09-18 16:09:24.078416;2.4721;;1;RotaryEncoder1_2
VAL;2026-09-18 16:09:24.094048;;;WHEEL_POS;6.942,4.60
VAL;2026-09-18 16:09:24.125300;;;WHEEL_POS;6.973,6.30
VAL;2026-09-18 16:09:24.140930;;;WHEEL_POS;6.989,7.00
VAL;2026-09-18 16:09:24.172177;;;WHEEL_POS;7.020,7.70
VAL;2026-09-18 16:09:24.194307;;;WHEEL_POS;7.042,7.70
VAL;2026-09-18 16:09:24.225560;;;WHEEL_POS;7.074,8.40
VAL;2026-09-18 16:09:24.278638;;;WHEEL_POS;7.127,9.50
EVENT;2026-09-18 16:09:24.294273;2.6944000000000004;;5;RotaryEncoder1_6
VAL;2026-09-18 16:09:24.309896;;;WHEEL_POS;7.158,9.80
VAL;2026-09-18 16:09:24.341148;;;WHEEL_POS;7.189,11.20
VAL;2026-09-18 16:09:24.378838;;;WHEEL_POS;7.227,12.30
VAL;2026-09-18 16:09:24.425725;;;WHEEL_POS;7.274,12.30
VAL;2026-09-18 16:09:24.441234;;;WHEEL_POS;7.289,13.00
VAL;2026-09-18 16:09:24.456864;;;WHEEL_POS;7.305,13.70
VAL;2026-09-18 16:09:24.494638;;;WHEEL_POS;7.343,14.40
VAL;2026-09-18 16:09:24.525886;;;WHEEL_POS;7.374,14.80
VAL;2026-09-18 16:09:24.557144;;;WHEEL_POS;7.405,15.80
VAL;2026-09-18 16:09:24.610529;;;WHEEL_POS;7.459,17.20
VAL;2026-09-18 16:09:24.626148;;;WHEEL_POS;7.474,17.20
VAL;2026-09-18 16:09:24.641970;;;WHEEL_POS;7.490,17.60
VAL;2026-09-18 16:09:24.679237;;;WHEEL_POS;7.527,18.30
VAL;2026-09-18 16:09:24.694868;;;WHEEL_POS;7.543,19.00
VAL;2026-09-18 16:09:24.726119;;;WHEEL_POS;7.574,19.70
VAL;2026-09-18 16:09:24.757371;;;WHEEL_POS;7.605,20.00
VAL;2026-09-18 16:09:24.772997;;;WHEEL_POS;7.621,20.40
VAL;2026-09-18 16:09:24.810762;;;WHEEL_POS;7.659,21.40
VAL;2026-09-18 16:09:24.826382;;;WHEEL_POS;7.674,21.80
VAL;2026-09-18 16:09:24.858338;;;WHEEL_POS;7.706,22.50
VAL;2026-09-18 16:09:24.879483;;;WHEEL_POS;7.728,22.90
VAL;2026-09-18 16:09:24.895116;;;WHEEL_POS;7.743,23.90
VAL;2026-09-18 16:09:24.926368;;;WHEEL_POS;7.774,26.00
VAL;2026-09-18 16:09:24.958339;;;WHEEL_POS;7.806,27.80
VAL;2026-09-18 16:09:24.979471;;;WHEEL_POS;7.827,28.50
VAL;2026-09-18 16:09:25.010731;;;WHEEL_POS;7.859,29.50
VAL;2026-09-18 16:09:25.026351;;;WHEEL_POS;7.874,31.30
VAL;2026-09-18 16:09:25.074790;;;WHEEL_POS;7.923,33.40
VAL;2026-09-18 16:09:25.094928;;;WHEEL_POS;7.943,34.50
EVENT;2026-09-18 16:09:25.110553;3.5050000000000003;;3;RotaryEncoder1_4
TRANSITION;2026-09-18 16:09:25.110553;3.5050000000000003;;Reward;
VAL;2026-09-18 16:09:25.126180;;;WHEEL_POS;7.974,36.20
EVENT;2026-09-18 16:09:25.157432;3.5538000000000003;;158;Tup
TRANSITION;2026-09-18 16:09:25.157432;3.5538000000000003;;Consumption;
VAL;2026-09-18 16:09:25.157432;;;WHEEL_POS;8.005,37.30
VAL;2026-09-18 16:09:25.173057;;;WHEEL_POS;8.021,38.00
VAL;2026-09-18 16:09:25.195188;;;WHEEL_POS;8.043,39.00
VAL;2026-09-18 16:09:25.226439;;;WHEEL_POS;8.074,40.40
VAL;2026-09-18 16:09:25.279674;;;WHEEL_POS;8.128,40.80
VAL;2026-09-18 16:09:25.295302;;;WHEEL_POS;8.143,40.80
VAL;2026-09-18 16:09:25.326555;;;WHEEL_POS;8.175,40.80
VAL;2026-09-18 16:09:25.367521;;;WHEEL_POS;8.216,41.10
VAL;2026-09-18 16:09:25.395152;;;WHEEL_POS;8.243,41.50
VAL;2026-09-18 16:09:25.426404;;;WHEEL_POS;8.274,41.80
VAL;2026-09-18 16:09:25.444034;;;WHEEL_POS;8.292,41.80
VAL;2026-09-18 16:09:25.479792;;;WHEEL_POS;8.328,41.80
VAL;2026-09-18 16:09:25.495420;;;WHEEL_POS;8.343,41.80
VAL;2026-09-18 16:09:25.511045;;;WHEEL_POS;8.359,41.80
VAL;2026-09-18 16:09:25.542298;;;WHEEL_POS;8.390,41.80
VAL;2026-09-18 16:09:25.557926;;;WHEEL_POS;8.406,41.80
VAL;2026-09-18 16:09:25.595684;;;WHEEL_POS;8.444,41.80
VAL;2026-09-18 16:09:25.626936;;;WHEEL_POS;8.475,41.80
VAL;2026-09-18 16:09:25.660729;;;WHEEL_POS;8.509,41.80
VAL;2026-09-18 16:09:25.695985;;;WHEEL_POS;8.544,41.80
VAL;2026-09-18 16:09:25.727237;;;WHEEL_POS;8.575,41.80
VAL;2026-09-18 16:09:25.758490;;;WHEEL_POS;8.607,41.80
VAL;2026-09-18 16:09:25.780635;;;WHEEL_POS;8.629,41.80
VAL;2026-09-18 16:09:25.796266;;;WHEEL_POS;8.644,41.80
VAL;2026-09-18 16:09:25.844163;;;WHEEL_POS;8.692,41.80
VAL;2026-09-18 16:09:25.861838;;;WHEEL_POS;8.710,41.80
VAL;2026-09-18 16:09:25.896095;;;WHEEL_POS;8.744,41.80
VAL;2026-09-18 16:09:25.927348;;;WHEEL_POS;8.775,41.80
VAL;2026-09-18 16:09:25.942974;;;WHEEL_POS;8.791,41.80
VAL;2026-09-18 16:09:25.980619;;;WHEEL_POS;8.829,41.80
VAL;2026-09-18 16:09:25.996251;;;WHEEL_POS;8.844,41.80
VAL;2026-09-18 16:09:26.011878;;;WHEEL_POS;8.860,41.80
VAL;2026-09-18 16:09:26.046159;;;WHEEL_POS;8.894,41.80
VAL;2026-09-18 16:09:26.080923;;;WHEEL_POS;8.929,41.80
VAL;2026-09-18 16:09:26.096552;;;WHEEL_POS;8.945,41.80
VAL;2026-09-18 16:09:26.112182;;;WHEEL_POS;8.960,41.80
VAL;2026-09-18 16:09:26.143430;;;WHEEL_POS;8.991,41.80
VAL;2026-09-18 16:09:26.159056;;;WHEEL_POS;9.007,41.80
VAL;2026-09-18 16:09:26.196836;;;WHEEL_POS;9.045,41.80
VAL;2026-09-18 16:09:26.243716;;;WHEEL_POS;9.092,41.80
VAL;2026-09-18 16:09:26.273739;;;WHEEL_POS;9.122,41.80
VAL;2026-09-18 16:09:26.312508;;;WHEEL_POS;9.161,41.80
VAL;2026-09-18 16:09:26.328125;;;WHEEL_POS;9.176,41.80
VAL;2026-09-18 16:09:26.358759;;;WHEEL_POS;9.207,41.80
VAL;2026-09-18 16:09:26.381280;;;WHEEL_POS;9.229,41.80
VAL;2026-09-18 16:09:26.412540;;;WHEEL_POS;9.261,41.80
VAL;2026-09-18 16:09:26.449305;;;WHEEL_POS;9.297,41.80
VAL;2026-09-18 16:09:26.464935;;;WHEEL_POS;9.313,41.80
VAL;2026-09-18 16:09:26.497194;;;WHEEL_POS;9.345,41.80
VAL;2026-09-18 16:09:26.528447;;;WHEEL_POS;9.376,41.80
VAL;2026-09-18 16:09:26.575327;;;WHEEL_POS;9.423,41.80
VAL;2026-09-18 16:09:26.597472;;;WHEEL_POS;9.445,41.80
VAL;2026-09-18 16:09:26.613093;;;WHEEL_POS;9.461,41.80
VAL;2026-09-18 16:09:26.650662;;;WHEEL_POS;9.499,41.80
VAL;2026-09-18 16:09:26.666290;;;WHEEL_POS;9.514,41.80
VAL;2026-09-18 16:09:26.697424;;;WHEEL_POS;9.545,41.80
VAL;2026-09-18 16:09:26.713055;;;WHEEL_POS;9.561,41.80
VAL;2026-09-18 16:09:26.744304;;;WHEEL_POS;9.592,41.80
VAL;2026-09-18 16:09:26.759929;;;WHEEL_POS;9.608,41.80
VAL;2026-09-18 16:09:26.797721;;;WHEEL_POS;9.646,41.80
VAL;2026-09-18 16:09:26.828972;;;WHEEL_POS;9.677,41.80
VAL;2026-09-18 16:09:26.867785;;;WHEEL_POS;9.716,41.80
VAL;2026-09-18 16:09:26.913549;;;WHEEL_POS;9.762,41.80
VAL;2026-09-18 16:09:26.929170;;;WHEEL_POS;9.777,41.80
VAL;2026-09-18 16:09:26.982276;;;WHEEL_POS;9.830,41.80
VAL;2026-09-18 16:09:27.013536;;;WHEEL_POS;9.862,41.80
VAL;2026-09-18 16:09:27.051804;;;WHEEL_POS;9.900,41.80
VAL;2026-09-18 16:09:27.098070;;;WHEEL_POS;9.946,41.80
VAL;2026-09-18 16:09:27.129323;;;WHEEL_POS;9.977,41.80
VAL;2026-09-18 16:09:27.144949;;;WHEEL_POS;9.993,41.80
VAL;2026-09-18 16:09:27.182725;;;WHEEL_POS;10.031,41.80
VAL;2026-09-18 16:09:27.198356;;;WHEEL_POS;10.046,41.80
VAL;2026-09-18 16:09:27.213984;;;WHEEL_POS;10.062,41.80
VAL;2026-09-18 16:09:27.245242;;;WHEEL_POS;10.093,41.80
VAL;2026-09-18 16:09:27.275739;;;WHEEL_POS;10.124,41.80
VAL;2026-09-18 16:09:27.298373;;;WHEEL_POS;10.146,41.80
VAL;2026-09-18 16:09:27.314001;;;WHEEL_POS;10.162,41.80
VAL;2026-09-18 16:09:27.345252;;;WHEEL_POS;10.193,41.80
VAL;2026-09-18 16:09:27.369299;;;WHEEL_POS;10.217,41.80
VAL;2026-09-18 16:09:27.398440;;;WHEEL_POS;10.246,41.80
VAL;2026-09-18 16:09:27.414066;;;WHEEL_POS;10.262,41.80
VAL;2026-09-18 16:09:27.445324;;;WHEEL_POS;10.293,41.80
VAL;2026-09-18 16:09:27.476502;;;WHEEL_POS;10.325,41.80
VAL;2026-09-18 16:09:27.498636;;;WHEEL_POS;10.347,41.80
VAL;2026-09-18 16:09:27.530644;;;WHEEL_POS;10.379,41.80
VAL;2026-09-18 16:09:27.546273;;;WHEEL_POS;10.394,41.80
VAL;2026-09-18 16:09:27.561899;;;WHEEL_POS;10.410,41.80
VAL;2026-09-18 16:09:27.598661;;;WHEEL_POS;10.447,41.80
VAL;2026-09-18 16:09:27.629912;;;WHEEL_POS;10.478,41.80
VAL;2026-09-18 16:09:27.661051;;;WHEEL_POS;10.509,41.80
VAL;2026-09-18 16:09:27.714450;;;WHEEL_POS;10.562,41.80
VAL;2026-09-18 16:09:27.730073;;;WHEEL_POS;10.578,41.80
VAL;2026-09-18 16:09:27.758706;;;WHEEL_POS;10.607,41.80
VAL;2026-09-18 16:09:27.798977;;;WHEEL_POS;10.647,41.80
VAL;2026-09-18 16:09:27.830229;;;WHEEL_POS;10.678,41.80
VAL;2026-09-18 16:09:27.845864;;;WHEEL_POS;10.694,41.80
VAL;2026-09-18 16:09:27.883284;;;WHEEL_POS;10.731,41.80
VAL;2026-09-18 16:09:27.898912;;;WHEEL_POS;10.747,41.80
VAL;2026-09-18 16:09:27.930165;;;WHEEL_POS;10.778,41.80
VAL;2026-09-18 16:09:27.983478;;;WHEEL_POS;10.832,41.80
VAL;2026-09-18 16:09:28.014735;;;WHEEL_POS;10.863,41.80
VAL;2026-09-18 16:09:28.062130;;;WHEEL_POS;10.910,41.80
VAL;2026-09-18 16:09:28.083770;;;WHEEL_POS;10.932,41.80
VAL;2026-09-18 16:09:28.099403;;;WHEEL_POS;10.947,41.80
VAL;2026-09-18 16:09:28.115034;;;WHEEL_POS;10.963,41.80
VAL;2026-09-18 16:09:28.146280;;;WHEEL_POS;10.994,41.80
EVENT;2026-09-18 16:09:28.146280;6.553800000000001;;158;Tup
TRANSITION;2026-09-18 16:09:28.146280;6.553800000000001;;ITI;
VAL;2026-09-18 16:09:28.177531;;;WHEEL_POS;11.026,41.80
VAL;2026-09-18 16:09:28.199669;;;WHEEL_POS;11.048,41.80
VAL;2026-09-18 16:09:28.230917;;;WHEEL_POS;11.079,41.80
VAL;2026-09-18 16:09:28.262823;;;WHEEL_POS;11.111,41.80
VAL;2026-09-18 16:09:28.299584;;;WHEEL_POS;11.148,41.80
VAL;2026-09-18 16:09:28.330837;;;WHEEL_POS;11.179,41.80
VAL;2026-09-18 16:09:28.362089;;;WHEEL_POS;11.210,41.80
VAL;2026-09-18 16:09:28.383941;;;WHEEL_POS;11.232,41.80
VAL;2026-09-18 16:09:28.415198;;;WHEEL_POS;11.263,41.80
VAL;2026-09-18 16:09:28.446461;;;WHEEL_POS;11.294,41.80
VAL;2026-09-18 16:09:28.484260;;;WHEEL_POS;11.332,41.80
VAL;2026-09-18 16:09:28.499890;;;WHEEL_POS;11.348,41.80
VAL;2026-09-18 16:09:28.531145;;;WHEEL_POS;11.379,41.80
VAL;2026-09-18 16:09:28.562393;;;WHEEL_POS;11.410,41.80
VAL;2026-09-18 16:09:28.578022;;;WHEEL_POS;11.426,41.80
VAL;2026-09-18 16:09:28.600160;;;WHEEL_POS;11.448,41.80
VAL;2026-09-18 16:09:28.631411;;;WHEEL_POS;11.479,41.80
VAL;2026-09-18 16:09:28.647037;;;WHEEL_POS;11.495,41.80
VAL;2026-09-18 16:09:28.684667;;;WHEEL_POS;11.533,41.80
VAL;2026-09-18 16:09:28.700296;;;WHEEL_POS;11.548,42.20
VAL;2026-09-18 16:09:28.715932;;;WHEEL_POS;11.564,42.20
VAL;2026-09-18 16:09:28.747176;;;WHEEL_POS;11.595,42.20
VAL;2026-09-18 16:09:28.778434;;;WHEEL_POS;11.626,42.20
VAL;2026-09-18 16:09:28.800577;;;WHEEL_POS;11.649,42.20
VAL;2026-09-18 16:09:28.816203;;;WHEEL_POS;11.664,42.20
VAL;2026-09-18 16:09:28.847458;;;WHEEL_POS;11.695,42.20
VAL;2026-09-18 16:09:28.885081;;;WHEEL_POS;11.733,42.20
VAL;2026-09-18 16:09:28.916342;;;WHEEL_POS;11.764,42.20
VAL;2026-09-18 16:09:28.931964;;;WHEEL_POS;11.780,42.20
VAL;2026-09-18 16:09:28.976850;;;WHEEL_POS;11.825,42.20
VAL;2026-09-18 16:09:29.016622;;;WHEEL_POS;11.865,42.20
VAL;2026-09-18 16:09:29.047863;;;WHEEL_POS;11.896,42.20
VAL;2026-09-18 16:09:29.085452;;;WHEEL_POS;11.933,42.20
VAL;2026-09-18 16:09:29.101084;;;WHEEL_POS;11.949,42.20
VAL;2026-09-18 16:09:29.132336;;;WHEEL_POS;11.980,42.20
VAL;2026-09-18 16:09:29.147966;;;WHEEL_POS;11.996,42.20
VAL;2026-09-18 16:09:29.179214;;;WHEEL_POS;12.027,42.20
VAL;2026-09-18 16:09:29.201347;;;WHEEL_POS;12.049,42.20
VAL;2026-09-18 16:09:29.216977;;;WHEEL_POS;12.065,42.20
VAL;2026-09-18 16:09:29.248226;;;WHEEL_POS;12.096,42.20
VAL;2026-09-18 16:09:29.266934;;;WHEEL_POS;12.115,42.20
VAL;2026-09-18 16:09:29.285567;;;WHEEL_POS;12.134,42.20
VAL;2026-09-18 16:09:29.301203;;;WHEEL_POS;12.149,42.20
VAL;2026-09-18 16:09:29.332451;;;WHEEL_POS;12.180,42.20
VAL;2026-09-18 16:09:29.348075;;;WHEEL_POS;12.196,42.20
VAL;2026-09-18 16:09:29.385699;;;WHEEL_POS;12.234,42.20
VAL;2026-09-18 16:09:29.432586;;;WHEEL_POS;12.281,42.20
VAL;2026-09-18 16:09:29.448208;;;WHEEL_POS;12.296,42.20
VAL;2026-09-18 16:09:29.486003;;;WHEEL_POS;12.334,42.20
VAL;2026-09-18 16:09:29.517259;;;WHEEL_POS;12.365,42.20
VAL;2026-09-18 16:09:29.532886;;;WHEEL_POS;12.381,42.20
VAL;2026-09-18 16:09:29.564141;;;WHEEL_POS;12.412,42.20
VAL;2026-09-18 16:09:29.617527;;;WHEEL_POS;12.466,42.20
VAL;2026-09-18 16:09:29.633150;;;WHEEL_POS;12.481,42.20
EVENT;2026-09-18 16:09:29.648774;8.0538;;158;Tup
END-TRIAL;2026-09-18 16:09:29.648774;;;The trial ended;
INFO;2026-09-18 16:09:29.648774;14.002931;22.056734;TRIAL-BPOD-TIME;8.053802999999998
STATE;2026-09-18 16:09:29.648774;0;3.5050000000000003;WheelDotPeriod;3.5050000000000003
STATE;2026-09-18 16:09:29.648774;3.5050000000000003;3.5538000000000003;Reward;0.048799999999999955
STATE;2026-09-18 16:09:29.648774;3.5538000000000003;6.553800000000001;Consumption;3.0000000000000004
STATE;2026-09-18 16:09:29.648774;6.553800000000001;8.0538;ITI;1.5
STATE;2026-09-18 16:09:29.648774;nan;nan;ErrorConsumption;nan
STATE;2026-09-18 16:09:29.648774;nan;nan;IncorrectITI;nan
STATE;2026-09-18 16:09:29.648774;nan;nan;NoResponse;nan
VAL;2026-09-18 16:09:29.748926;;;INCLUDED;True
VAL;2026-09-18 16:09:29.748926;;;CONSUMPTION_LICKED;False
VAL;2026-09-18 16:09:29.748926;;;LED_ON_TIME;4.438003301620483
VAL;2026-09-18 16:09:29.748926;;;DOT_ONSET_JITTER_S;0.1368167340148476
VAL;2026-09-18 16:09:29.748926;;;DOT_ONSET_TIME;4.574820035635331
VAL;2026-09-18 16:09:29.748926;;;THRESHOLD_CROSSING_TIME;7.943003301620484
VAL;2026-09-18 16:09:29.748926;;;DOT_DISAPPEAR_JITTER_S;0.4719417722806373
VAL;2026-09-18 16:09:29.748926;;;DOT_DISAPPEAR_TIME;8.414945073901121
VAL;2026-09-18 16:09:29.748926;;;CORRECT;True
stdout;2026-09-18 16:09:29.748926;;;Trial 1 (warmup): side=R, Reward -> reward;
stdout;2026-09-18 16:09:29.748926;;;|
|;
VAL;2026-09-18 16:09:30.153179;;;TRIAL_INIT_START;13.001202583312988
VAL;2026-09-18 16:09:30.187939;;;WHEEL_POS;13.036,42.20
VAL;2026-09-18 16:09:30.214070;;;WHEEL_POS;13.062,42.20
VAL;2026-09-18 16:09:30.245325;;;WHEEL_POS;13.093,42.20
VAL;2026-09-18 16:09:30.287986;;;WHEEL_POS;13.136,42.20
VAL;2026-09-18 16:09:30.303616;;;WHEEL_POS;13.152,42.20
VAL;2026-09-18 16:09:30.319242;;;TRIAL_START;13.151640176773071
VAL;2026-09-18 16:09:30.319242;;;QUIESCENCE_BREAKS;0
VAL;2026-09-18 16:09:30.319242;;;TRIAL_TYPE;warmup
VAL;2026-09-18 16:09:30.466178;;;TRIAL_SIDE;L
VAL;2026-09-18 16:09:30.466178;;;CLICK_TIMES_L;0.0167,0.0317,0.0571,0.0788,0.1149,0.1299,0.1449,0.1618,0.2264,0.2414
VAL;2026-09-18 16:09:30.466178;;;CLICK_TIMES_R;
VAL;2026-09-18 16:09:30.466178;;;N_CLICKS_L;10
VAL;2026-09-18 16:09:30.466178;;;N_CLICKS_R;0
VAL;2026-09-18 16:09:30.466178;;;STIM_SEED;623903599
VAL;2026-09-18 16:09:30.466178;;;CUE_ABORT_THRESHOLD_DEG;10.0
VAL;2026-09-18 16:09:30.466178;;;RESPONSE_THRESHOLD_DEG;35.0
VAL;2026-09-18 16:09:30.466178;;;QUIESCENCE_DUR_S;0.1
VAL;2026-09-18 16:09:30.466178;;;ITI_S;1.5
VAL;2026-09-18 16:09:30.466178;;;CLICK_LEVEL_ATTENUATED;False
stdout;2026-09-18 16:09:30.466178;;;Trial 2 (warmup): side=L, n_L=10, n_R=0;
stdout;2026-09-18 16:09:30.466178;;;|
|;
VAL;2026-09-18 16:09:30.466178;;;SM_SEND_TIME;13.314202308654785
VAL;2026-09-18 16:09:30.466178;;;CUE_ONSET_TIME;13.335202308654786
TRIAL;2026-09-18 16:09:30.469184;;;New trial;
VAL;2026-09-18 16:09:30.469184;;;WHEEL_POS;13.317,0.00
VAL;2026-09-18 16:09:30.488321;;;WHEEL_POS;13.336,0.00
VAL;2026-09-18 16:09:30.503950;;;WHEEL_POS;13.352,0.00
VAL;2026-09-18 16:09:30.535202;;;WHEEL_POS;13.383,0.00
VAL;2026-09-18 16:09:30.566456;;;WHEEL_POS;13.414,0.00
VAL;2026-09-18 16:09:30.604214;;;WHEEL_POS;13.452,0.00
VAL;2026-09-18 16:09:30.619840;;;WHEEL_POS;13.468,0.00
VAL;2026-09-18 16:09:30.651092;;;WHEEL_POS;13.499,0.00
VAL;2026-09-18 16:09:30.688694;;;WHEEL_POS;13.537,0.00
VAL;2026-09-18 16:09:30.704323;;;WHEEL_POS;13.552,0.00
VAL;2026-09-18 16:09:30.719948;;;WHEEL_POS;13.568,0.00
EVENT;2026-09-18 16:09:30.735575;0.271;;158;Tup
TRANSITION;2026-09-18 16:09:30.735575;0.271;;DelayPeriod;
VAL;2026-09-18 16:09:30.751200;;;WHEEL_POS;13.599,0.00
VAL;2026-09-18 16:09:30.782451;;;WHEEL_POS;13.630,0.00
VAL;2026-09-18 16:09:30.804587;;;WHEEL_POS;13.653,0.00
VAL;2026-09-18 16:09:30.835838;;;WHEEL_POS;13.684,0.00
EVENT;2026-09-18 16:09:30.851465;0.3799;;158;Tup
TRANSITION;2026-09-18 16:09:30.851465;0.3799;;CueComplete;
EVENT;2026-09-18 16:09:30.851465;0.38;;158;Tup
END-TRIAL;2026-09-18 16:09:30.851465;;;The trial ended;
INFO;2026-09-18 16:09:30.851465;22.870731;23.250735;TRIAL-BPOD-TIME;0.38000399999999956
STATE;2026-09-18 16:09:30.851465;0;0.271;CuePeriod;0.271
STATE;2026-09-18 16:09:30.851465;0.271;0.3799;DelayPeriod;0.1089
STATE;2026-09-18 16:09:30.851465;0.3799;0.38;CueComplete;9.999999999998899e-05
STATE;2026-09-18 16:09:30.851465;nan;nan;WheelAbort;nan
STATE;2026-09-18 16:09:30.851465;nan;nan;AbortITI;nan
VAL;2026-09-18 16:09:30.867091;;;SM_SEND_TIME;13.715114831924438
TRIAL;2026-09-18 16:09:30.867091;;;New trial;
VAL;2026-09-18 16:09:30.870914;;;WHEEL_POS;13.719,0.00
VAL;2026-09-18 16:09:30.904675;;;WHEEL_POS;13.753,0.00
VAL;2026-09-18 16:09:30.935927;;;WHEEL_POS;13.784,0.00
VAL;2026-09-18 16:09:30.978725;;;WHEEL_POS;13.827,0.00
VAL;2026-09-18 16:09:31.004857;;;WHEEL_POS;13.853,0.00
VAL;2026-09-18 16:09:31.051741;;;WHEEL_POS;13.900,0.00
VAL;2026-09-18 16:09:31.104967;;;WHEEL_POS;13.953,0.00
VAL;2026-09-18 16:09:31.120587;;;WHEEL_POS;13.969,0.00
VAL;2026-09-18 16:09:31.136212;;;WHEEL_POS;13.984,0.00
VAL;2026-09-18 16:09:31.151839;;;WHEEL_POS;14.000,0.00
VAL;2026-09-18 16:09:31.189605;;;WHEEL_POS;14.038,0.00
VAL;2026-09-18 16:09:31.205240;;;WHEEL_POS;14.053,0.00
VAL;2026-09-18 16:09:31.220868;;;WHEEL_POS;14.069,0.00
VAL;2026-09-18 16:09:31.252118;;;WHEEL_POS;14.100,0.00
VAL;2026-09-18 16:09:31.272349;;;WHEEL_POS;14.120,0.00
VAL;2026-09-18 16:09:31.305111;;;WHEEL_POS;14.153,0.00
VAL;2026-09-18 16:09:31.320734;;;WHEEL_POS;14.169,0.00
VAL;2026-09-18 16:09:31.351986;;;WHEEL_POS;14.200,0.00
VAL;2026-09-18 16:09:31.389764;;;WHEEL_POS;14.238,0.00
VAL;2026-09-18 16:09:31.405393;;;WHEEL_POS;14.253,0.00
VAL;2026-09-18 16:09:31.421019;;;WHEEL_POS;14.269,0.00
VAL;2026-09-18 16:09:31.452271;;;WHEEL_POS;14.300,0.00
VAL;2026-09-18 16:09:31.472901;;;WHEEL_POS;14.321,0.00
VAL;2026-09-18 16:09:31.490033;;;WHEEL_POS;14.338,0.00
VAL;2026-09-18 16:09:31.505665;;;WHEEL_POS;14.354,0.00
VAL;2026-09-18 16:09:31.536914;;;WHEEL_POS;14.385,0.00
VAL;2026-09-18 16:09:31.568169;;;WHEEL_POS;14.416,0.00
VAL;2026-09-18 16:09:31.605926;;;WHEEL_POS;14.454,0.00
VAL;2026-09-18 16:09:31.637183;;;WHEEL_POS;14.485,0.00
VAL;2026-09-18 16:09:31.672848;;;WHEEL_POS;14.521,0.00
VAL;2026-09-18 16:09:31.690481;;;WHEEL_POS;14.539,0.00
VAL;2026-09-18 16:09:31.706113;;;WHEEL_POS;14.554,0.00
VAL;2026-09-18 16:09:31.737362;;;WHEEL_POS;14.585,0.00
VAL;2026-09-18 16:09:31.758994;;;WHEEL_POS;14.607,0.00
VAL;2026-09-18 16:09:31.790755;;;WHEEL_POS;14.639,0.00
VAL;2026-09-18 16:09:31.806384;;;WHEEL_POS;14.654,0.00
VAL;2026-09-18 16:09:31.822010;;;WHEEL_POS;14.670,0.00
VAL;2026-09-18 16:09:31.853263;;;WHEEL_POS;14.701,0.00
VAL;2026-09-18 16:09:31.873893;;;WHEEL_POS;14.722,0.00
VAL;2026-09-18 16:09:31.891026;;;WHEEL_POS;14.739,0.00
VAL;2026-09-18 16:09:31.906656;;;WHEEL_POS;14.755,-0.40
VAL;2026-09-18 16:09:31.937907;;;WHEEL_POS;14.786,-1.10
VAL;2026-09-18 16:09:31.979174;;;WHEEL_POS;14.827,-2.50
EVENT;2026-09-18 16:09:32.006808;1.1355;;0;RotaryEncoder1_1
VAL;2026-09-18 16:09:32.006808;;;WHEEL_POS;14.855,-3.90
VAL;2026-09-18 16:09:32.038062;;;WHEEL_POS;14.886,-6.00
VAL;2026-09-18 16:09:32.075162;;;WHEEL_POS;14.923,-8.40
EVENT;2026-09-18 16:09:32.091300;1.2222;;4;RotaryEncoder1_5
VAL;2026-09-18 16:09:32.106929;;;WHEEL_POS;14.955,-10.90
VAL;2026-09-18 16:09:32.153811;;;WHEEL_POS;15.002,-13.00
VAL;2026-09-18 16:09:32.169434;;;WHEEL_POS;15.017,-14.10
VAL;2026-09-18 16:09:32.207191;;;WHEEL_POS;15.055,-15.50
VAL;2026-09-18 16:09:32.238445;;;WHEEL_POS;15.086,-16.90
VAL;2026-09-18 16:09:32.254069;;;WHEEL_POS;15.102,-17.90
VAL;2026-09-18 16:09:32.275376;;;WHEEL_POS;15.123,-19.30
VAL;2026-09-18 16:09:32.291515;;;WHEEL_POS;15.140,-20.40
VAL;2026-09-18 16:09:32.322773;;;WHEEL_POS;15.171,-21.40
VAL;2026-09-18 16:09:32.354028;;;WHEEL_POS;15.202,-23.20
VAL;2026-09-18 16:09:32.391629;;;WHEEL_POS;15.240,-25.00
VAL;2026-09-18 16:09:32.407263;;;WHEEL_POS;15.255,-26.70
VAL;2026-09-18 16:09:32.438511;;;WHEEL_POS;15.287,-28.80
VAL;2026-09-18 16:09:32.475780;;;WHEEL_POS;15.324,-30.60
VAL;2026-09-18 16:09:32.491917;;;WHEEL_POS;15.340,-31.30
VAL;2026-09-18 16:09:32.507546;;;WHEEL_POS;15.356,-32.00
VAL;2026-09-18 16:09:32.523172;;;WHEEL_POS;15.371,-32.30
VAL;2026-09-18 16:09:32.546809;;;WHEEL_POS;15.395,-33.00
VAL;2026-09-18 16:09:32.578059;;;WHEEL_POS;15.426,-34.50
EVENT;2026-09-18 16:09:32.578059;1.7173;;2;RotaryEncoder1_3
TRANSITION;2026-09-18 16:09:32.578059;1.7173;;Reward;
VAL;2026-09-18 16:09:32.607691;;;WHEEL_POS;15.456,-36.20
EVENT;2026-09-18 16:09:32.638944;1.7661;;158;Tup
TRANSITION;2026-09-18 16:09:32.638944;1.7661;;Consumption;
VAL;2026-09-18 16:09:32.638944;;;WHEEL_POS;15.487,-37.60
VAL;2026-09-18 16:09:32.670196;;;WHEEL_POS;15.518,-38.70
VAL;2026-09-18 16:09:32.691879;;;WHEEL_POS;15.540,-39.00
VAL;2026-09-18 16:09:32.723134;;;WHEEL_POS;15.571,-39.00
VAL;2026-09-18 16:09:32.754386;;;WHEEL_POS;15.602,-38.70
VAL;2026-09-18 16:09:32.770013;;;WHEEL_POS;15.618,-38.30
VAL;2026-09-18 16:09:32.807772;;;WHEEL_POS;15.656,-38.30
VAL;2026-09-18 16:09:32.839023;;;WHEEL_POS;15.687,-38.00
VAL;2026-09-18 16:09:32.880115;;;WHEEL_POS;15.728,-37.60
VAL;2026-09-18 16:09:32.892120;;;WHEEL_POS;15.740,-37.30
VAL;2026-09-18 16:09:32.923374;;;WHEEL_POS;15.771,-37.30
VAL;2026-09-18 16:09:32.939001;;;WHEEL_POS;15.787,-37.30
VAL;2026-09-18 16:09:32.979260;;;WHEEL_POS;15.827,-37.30
VAL;2026-09-18 16:09:33.007891;;;WHEEL_POS;15.856,-37.30
VAL;2026-09-18 16:09:33.039144;;;WHEEL_POS;15.887,-37.30
VAL;2026-09-18 16:09:33.070396;;;WHEEL_POS;15.918,-37.30
VAL;2026-09-18 16:09:33.092301;;;WHEEL_POS;15.940,-37.30
VAL;2026-09-18 16:09:33.123557;;;WHEEL_POS;15.972,-37.30
VAL;2026-09-18 16:09:33.139182;;;WHEEL_POS;15.987,-37.30
VAL;2026-09-18 16:09:33.170435;;;WHEEL_POS;16.018,-37.30
VAL;2026-09-18 16:09:33.186060;;;WHEEL_POS;16.034,-37.30
VAL;2026-09-18 16:09:33.208192;;;WHEEL_POS;16.056,-37.30
VAL;2026-09-18 16:09:33.239445;;;WHEEL_POS;16.087,-37.30
VAL;2026-09-18 16:09:33.283381;;;WHEEL_POS;16.131,-37.30
VAL;2026-09-18 16:09:33.308014;;;WHEEL_POS;16.156,-37.30
VAL;2026-09-18 16:09:33.339267;;;WHEEL_POS;16.187,-37.30
VAL;2026-09-18 16:09:33.354892;;;WHEEL_POS;16.203,-37.30
VAL;2026-09-18 16:09:33.392484;;;WHEEL_POS;16.241,-37.30
VAL;2026-09-18 16:09:33.408111;;;WHEEL_POS;16.256,-37.30
VAL;2026-09-18 16:09:33.439364;;;WHEEL_POS;16.287,-37.30
VAL;2026-09-18 16:09:33.483653;;;WHEEL_POS;16.332,-37.30
VAL;2026-09-18 16:09:33.508294;;;WHEEL_POS;16.356,-37.30
VAL;2026-09-18 16:09:33.523919;;;WHEEL_POS;16.372,-37.30
VAL;2026-09-18 16:09:33.555176;;;WHEEL_POS;16.403,-37.30
VAL;2026-09-18 16:09:33.586424;;;WHEEL_POS;16.434,-37.30
VAL;2026-09-18 16:09:33.608557;;;WHEEL_POS;16.457,-37.30
VAL;2026-09-18 16:09:33.639812;;;WHEEL_POS;16.488,-37.30
VAL;2026-09-18 16:09:33.671060;;;WHEEL_POS;16.519,-37.30
VAL;2026-09-18 16:09:33.693094;;;WHEEL_POS;16.541,-37.30
VAL;2026-09-18 16:09:33.724352;;;WHEEL_POS;16.572,-37.30
VAL;2026-09-18 16:09:33.739977;;;WHEEL_POS;16.588,-37.30
VAL;2026-09-18 16:09:33.771230;;;WHEEL_POS;16.619,-37.30
VAL;2026-09-18 16:09:33.786856;;;WHEEL_POS;16.635,-37.30
VAL;2026-09-18 16:09:33.808987;;;WHEEL_POS;16.657,-37.30
VAL;2026-09-18 16:09:33.840239;;;WHEEL_POS;16.688,-37.30
VAL;2026-09-18 16:09:33.871492;;;WHEEL_POS;16.720,-37.30
VAL;2026-09-18 16:09:33.909149;;;WHEEL_POS;16.757,-37.30
VAL;2026-09-18 16:09:33.940401;;;WHEEL_POS;16.788,-37.30
VAL;2026-09-18 16:09:33.956030;;;WHEEL_POS;16.804,-37.30
VAL;2026-09-18 16:09:33.980176;;;WHEEL_POS;16.828,-37.30
VAL;2026-09-18 16:09:34.024941;;;WHEEL_POS;16.873,-37.30
VAL;2026-09-18 16:09:34.040563;;;WHEEL_POS;16.889,-37.30
VAL;2026-09-18 16:09:34.085787;;;WHEEL_POS;16.934,-37.30
VAL;2026-09-18 16:09:34.109421;;;WHEEL_POS;16.957,-37.30
VAL;2026-09-18 16:09:34.125048;;;WHEEL_POS;16.973,-37.30
VAL;2026-09-18 16:09:34.156303;;;WHEEL_POS;17.004,-37.30
VAL;2026-09-18 16:09:34.187551;;;WHEEL_POS;17.036,-37.30
VAL;2026-09-18 16:09:34.209681;;;WHEEL_POS;17.058,-37.30
VAL;2026-09-18 16:09:34.240934;;;WHEEL_POS;17.089,-37.30
VAL;2026-09-18 16:09:34.283214;;;WHEEL_POS;17.131,-37.30
VAL;2026-09-18 16:09:34.309798;;;WHEEL_POS;17.158,-37.30
VAL;2026-09-18 16:09:34.359191;;;WHEEL_POS;17.207,-37.30
VAL;2026-09-18 16:09:34.374700;;;WHEEL_POS;17.223,-37.30
VAL;2026-09-18 16:09:34.409962;;;WHEEL_POS;17.258,-37.30
VAL;2026-09-18 16:09:34.441213;;;WHEEL_POS;17.289,-37.30
VAL;2026-09-18 16:09:34.456840;;;WHEEL_POS;17.305,-37.30
VAL;2026-09-18 16:09:34.494515;;;WHEEL_POS;17.343,-37.30
VAL;2026-09-18 16:09:34.525773;;;WHEEL_POS;17.374,-37.30
VAL;2026-09-18 16:09:34.557031;;;WHEEL_POS;17.405,-37.30
VAL;2026-09-18 16:09:34.588277;;;WHEEL_POS;17.436,-37.30
VAL;2026-09-18 16:09:34.610410;;;WHEEL_POS;17.458,-37.30
VAL;2026-09-18 16:09:34.626042;;;WHEEL_POS;17.474,-37.30
VAL;2026-09-18 16:09:34.657290;;;WHEEL_POS;17.505,-37.30
VAL;2026-09-18 16:09:34.672914;;;WHEEL_POS;17.521,-37.30
VAL;2026-09-18 16:09:34.710712;;;WHEEL_POS;17.559,-37.30
VAL;2026-09-18 16:09:34.757593;;;WHEEL_POS;17.606,-37.30
VAL;2026-09-18 16:09:34.773216;;;WHEEL_POS;17.621,-37.30
VAL;2026-09-18 16:09:34.788842;;;WHEEL_POS;17.637,-37.30
VAL;2026-09-18 16:09:34.810974;;;WHEEL_POS;17.659,-37.30
VAL;2026-09-18 16:09:34.842227;;;WHEEL_POS;17.690,-37.30
VAL;2026-09-18 16:09:34.873479;;;WHEEL_POS;17.722,-37.30
VAL;2026-09-18 16:09:34.895637;;;WHEEL_POS;17.744,-37.30
VAL;2026-09-18 16:09:34.911266;;;WHEEL_POS;17.759,-37.30
VAL;2026-09-18 16:09:34.942518;;;WHEEL_POS;17.791,-37.30
VAL;2026-09-18 16:09:34.965163;;;WHEEL_POS;17.813,-37.30
VAL;2026-09-18 16:09:34.980797;;;WHEEL_POS;17.829,-37.30
VAL;2026-09-18 16:09:35.027064;;;WHEEL_POS;17.875,-37.30
VAL;2026-09-18 16:09:35.042681;;;WHEEL_POS;17.891,-37.30
VAL;2026-09-18 16:09:35.073933;;;WHEEL_POS;17.922,-37.30
VAL;2026-09-18 16:09:35.111669;;;WHEEL_POS;17.960,-37.30
VAL;2026-09-18 16:09:35.158555;;;WHEEL_POS;18.007,-37.30
VAL;2026-09-18 16:09:35.174173;;;WHEEL_POS;18.022,-37.30
VAL;2026-09-18 16:09:35.211935;;;WHEEL_POS;18.060,-37.30
VAL;2026-09-18 16:09:35.243188;;;WHEEL_POS;18.091,-37.30
VAL;2026-09-18 16:09:35.292046;;;WHEEL_POS;18.140,-37.30
VAL;2026-09-18 16:09:35.312179;;;WHEEL_POS;18.160,-37.30
VAL;2026-09-18 16:09:35.343432;;;WHEEL_POS;18.191,-37.30
VAL;2026-09-18 16:09:35.375696;;;WHEEL_POS;18.224,-37.30
VAL;2026-09-18 16:09:35.391323;;;WHEEL_POS;18.239,-37.30
VAL;2026-09-18 16:09:35.412455;;;WHEEL_POS;18.260,-37.30
VAL;2026-09-18 16:09:35.428085;;;WHEEL_POS;18.276,-37.30
VAL;2026-09-18 16:09:35.459333;;;WHEEL_POS;18.307,-37.30
VAL;2026-09-18 16:09:35.492116;;;WHEEL_POS;18.340,-37.30
VAL;2026-09-18 16:09:35.512750;;;WHEEL_POS;18.361,-37.30
VAL;2026-09-18 16:09:35.544002;;;WHEEL_POS;18.392,-37.30
VAL;2026-09-18 16:09:35.575256;;;WHEEL_POS;18.423,-37.30
VAL;2026-09-18 16:09:35.590881;;;WHEEL_POS;18.439,-37.30
VAL;2026-09-18 16:09:35.613015;;;WHEEL_POS;18.461,-37.30
EVENT;2026-09-18 16:09:35.628646;4.766100000000001;;158;Tup
TRANSITION;2026-09-18 16:09:35.628646;4.766100000000001;;ITI;
VAL;2026-09-18 16:09:35.644267;;;WHEEL_POS;18.492,-37.30
VAL;2026-09-18 16:09:35.675520;;;WHEEL_POS;18.524,-37.30
VAL;2026-09-18 16:09:35.697668;;;WHEEL_POS;18.546,-37.30
VAL;2026-09-18 16:09:35.713298;;;WHEEL_POS;18.561,-37.30
VAL;2026-09-18 16:09:35.759559;;;WHEEL_POS;18.608,-37.30
VAL;2026-09-18 16:09:35.775189;;;WHEEL_POS;18.623,-37.30
VAL;2026-09-18 16:09:35.813446;;;WHEEL_POS;18.661,-37.30
VAL;2026-09-18 16:09:35.829075;;;WHEEL_POS;18.677,-37.30
VAL;2026-09-18 16:09:35.860322;;;WHEEL_POS;18.708,-37.30
VAL;2026-09-18 16:09:35.875949;;;WHEEL_POS;18.724,-37.30
VAL;2026-09-18 16:09:35.913349;;;WHEEL_POS;18.761,-37.30
VAL;2026-09-18 16:09:35.928977;;;WHEEL_POS;18.777,-37.30
VAL;2026-09-18 16:09:35.965914;;;WHEEL_POS;18.814,-37.30
VAL;2026-09-18 16:09:35.981542;;;WHEEL_POS;18.830,-37.30
VAL;2026-09-18 16:09:36.028935;;;WHEEL_POS;18.877,-37.30
VAL;2026-09-18 16:09:36.044554;;;WHEEL_POS;18.893,-37.30
VAL;2026-09-18 16:09:36.060180;;;WHEEL_POS;18.908,-37.30
VAL;2026-09-18 16:09:36.097966;;;WHEEL_POS;18.946,-37.30
VAL;2026-09-18 16:09:36.113597;;;WHEEL_POS;18.962,-37.30
VAL;2026-09-18 16:09:36.160485;;;WHEEL_POS;19.009,-37.30
VAL;2026-09-18 16:09:36.176100;;;WHEEL_POS;19.024,-37.30
VAL;2026-09-18 16:09:36.213859;;;WHEEL_POS;19.062,-37.30
VAL;2026-09-18 16:09:36.245115;;;WHEEL_POS;19.093,-37.30
VAL;2026-09-18 16:09:36.276364;;;WHEEL_POS;19.124,-37.30
VAL;2026-09-18 16:09:36.301445;;;WHEEL_POS;19.149,-37.30
VAL;2026-09-18 16:09:36.332699;;;WHEEL_POS;19.181,-37.30
VAL;2026-09-18 16:09:36.375960;;;WHEEL_POS;19.224,-37.30
VAL;2026-09-18 16:09:36.391597;;;WHEEL_POS;19.240,-37.30
VAL;2026-09-18 16:09:36.414233;;;WHEEL_POS;19.262,-37.30
VAL;2026-09-18 16:09:36.445486;;;WHEEL_POS;19.294,-37.30
VAL;2026-09-18 16:09:36.461113;;;WHEEL_POS;19.309,-37.30
VAL;2026-09-18 16:09:36.501394;;;WHEEL_POS;19.349,-37.30
VAL;2026-09-18 16:09:36.518823;;;WHEEL_POS;19.367,-37.30
VAL;2026-09-18 16:09:36.565704;;;WHEEL_POS;19.414,-37.30
VAL;2026-09-18 16:09:36.581327;;;WHEEL_POS;19.429,-37.30
VAL;2026-09-18 16:09:36.598960;;;WHEEL_POS;19.447,-37.30
VAL;2026-09-18 16:09:36.614589;;;WHEEL_POS;19.463,-37.30
VAL;2026-09-18 16:09:36.630226;;;WHEEL_POS;19.478,-37.30
VAL;2026-09-18 16:09:36.661469;;;WHEEL_POS;19.509,-37.30
VAL;2026-09-18 16:09:36.677094;;;WHEEL_POS;19.525,-37.30
VAL;2026-09-18 16:09:36.719640;;;WHEEL_POS;19.568,-37.30
VAL;2026-09-18 16:09:36.766522;;;WHEEL_POS;19.615,-37.30
VAL;2026-09-18 16:09:36.782144;;;WHEEL_POS;19.630,-37.30
VAL;2026-09-18 16:09:36.814903;;;WHEEL_POS;19.663,-37.30
VAL;2026-09-18 16:09:36.846155;;;WHEEL_POS;19.694,-37.30
VAL;2026-09-18 16:09:36.877407;;;WHEEL_POS;19.725,-37.30
VAL;2026-09-18 16:09:36.920522;;;WHEEL_POS;19.769,-37.30
VAL;2026-09-18 16:09:36.936150;;;WHEEL_POS;19.784,-37.30
VAL;2026-09-18 16:09:36.981927;;;WHEEL_POS;19.830,-37.30
VAL;2026-09-18 16:09:37.015186;;;WHEEL_POS;19.863,-37.30
VAL;2026-09-18 16:09:37.046439;;;WHEEL_POS;19.894,-37.30
VAL;2026-09-18 16:09:37.077691;;;WHEEL_POS;19.926,-37.30
VAL;2026-09-18 16:09:37.122436;;;WHEEL_POS;19.970,-37.30
EVENT;2026-09-18 16:09:37.138063;6.266100000000001;;158;Tup
END-TRIAL;2026-09-18 16:09:37.138063;;;The trial ended;
INFO;2026-09-18 16:09:37.138063;23.269731;29.535834;TRIAL-BPOD-TIME;6.266103000000001
STATE;2026-09-18 16:09:37.138063;0;1.7173;WheelDotPeriod;1.7173
STATE;2026-09-18 16:09:37.138063;1.7173;1.7661;Reward;0.048799999999999955
STATE;2026-09-18 16:09:37.138063;1.7661;4.766100000000001;Consumption;3.000000000000001
STATE;2026-09-18 16:09:37.138063;4.766100000000001;6.266100000000001;ITI;1.5
STATE;2026-09-18 16:09:37.138063;nan;nan;ErrorConsumption;nan
STATE;2026-09-18 16:09:37.138063;nan;nan;IncorrectITI;nan
STATE;2026-09-18 16:09:37.138063;nan;nan;NoResponse;nan
VAL;2026-09-18 16:09:37.138063;;;WHEEL_POS;19.986,-37.30
VAL;2026-09-18 16:09:37.231212;;;INCLUDED;True
VAL;2026-09-18 16:09:37.231212;;;CONSUMPTION_LICKED;False
VAL;2026-09-18 16:09:37.231212;;;LED_ON_TIME;13.715114831924438
VAL;2026-09-18 16:09:37.231212;;;DOT_ONSET_JITTER_S;0.14882136617114416
VAL;2026-09-18 16:09:37.231212;;;DOT_ONSET_TIME;13.863936198095583
VAL;2026-09-18 16:09:37.231212;;;THRESHOLD_CROSSING_TIME;15.432414831924438
VAL;2026-09-18 16:09:37.231212;;;DOT_DISAPPEAR_JITTER_S;0.8387382401565843
VAL;2026-09-18 16:09:37.231212;;;DOT_DISAPPEAR_TIME;16.271153072081024
VAL;2026-09-18 16:09:37.231212;;;CORRECT;True
stdout;2026-09-18 16:09:37.231212;;;Trial 2 (warmup): side=L, Reward -> reward;
stdout;2026-09-18 16:09:37.231212;;;|
|;
VAL;2026-09-18 16:09:37.659872;;;TRIAL_INIT_START;20.507896184921265
VAL;2026-09-18 16:09:37.691123;;;WHEEL_POS;20.539,-37.30
VAL;2026-09-18 16:09:37.723657;;;WHEEL_POS;20.572,-37.30
VAL;2026-09-18 16:09:37.754911;;;WHEEL_POS;20.603,-37.30
VAL;2026-09-18 16:09:37.786162;;;WHEEL_POS;20.634,-37.30
VAL;2026-09-18 16:09:37.815798;;;WHEEL_POS;20.664,-37.30
VAL;2026-09-18 16:09:37.847051;;;WHEEL_POS;20.695,-37.30
VAL;2026-09-18 16:09:37.862678;;;TRIAL_START;20.695075035095215
VAL;2026-09-18 16:09:37.862678;;;QUIESCENCE_BREAKS;0
VAL;2026-09-18 16:09:37.862678;;;TRIAL_TYPE;warmup
VAL;2026-09-18 16:09:37.982929;;;TRIAL_SIDE;R
VAL;2026-09-18 16:09:37.982929;;;CLICK_TIMES_L;
VAL;2026-09-18 16:09:37.982929;;;CLICK_TIMES_R;0.0575,0.1049,0.1509,0.1833,0.1983
VAL;2026-09-18 16:09:37.982929;;;N_CLICKS_L;0
VAL;2026-09-18 16:09:37.982929;;;N_CLICKS_R;5
VAL;2026-09-18 16:09:37.982929;;;STIM_SEED;788633264
VAL;2026-09-18 16:09:37.982929;;;CUE_ABORT_THRESHOLD_DEG;10.0
VAL;2026-09-18 16:09:37.982929;;;RESPONSE_THRESHOLD_DEG;35.0
VAL;2026-09-18 16:09:37.982929;;;QUIESCENCE_DUR_S;0.1
VAL;2026-09-18 16:09:37.982929;;;ITI_S;1.5
VAL;2026-09-18 16:09:37.982929;;;CLICK_LEVEL_ATTENUATED;False
stdout;2026-09-18 16:09:37.982929;;;Trial 3 (warmup): side=R, n_L=0, n_R=5;
stdout;2026-09-18 16:09:37.982929;;;|
|;
VAL;2026-09-18 16:09:37.982929;;;SM_SEND_TIME;20.830953121185303
VAL;2026-09-18 16:09:37.982929;;;CUE_ONSET_TIME;20.851953121185304
TRIAL;2026-09-18 16:09:37.998555;;;New trial;
VAL;2026-09-18 16:09:38.000562;;;WHEEL_POS;20.849,0.00
VAL;2026-09-18 16:09:38.016194;;;WHEEL_POS;20.864,0.00
VAL;2026-09-18 16:09:38.047444;;;WHEEL_POS;20.895,0.00
VAL;2026-09-18 16:09:38.078696;;;WHEEL_POS;20.927,0.00
VAL;2026-09-18 16:09:38.109683;;;WHEEL_POS;20.958,0.00
VAL;2026-09-18 16:09:38.140937;;;WHEEL_POS;20.989,0.00
VAL;2026-09-18 16:09:38.172189;;;WHEEL_POS;21.020,0.00
VAL;2026-09-18 16:09:38.216450;;;WHEEL_POS;21.064,0.00
VAL;2026-09-18 16:09:38.232077;;;WHEEL_POS;21.080,0.00
VAL;2026-09-18 16:09:38.263330;;;WHEEL_POS;21.111,0.00
EVENT;2026-09-18 16:09:38.263330;0.271;;158;Tup
TRANSITION;2026-09-18 16:09:38.263330;0.271;;DelayPeriod;
VAL;2026-09-18 16:09:38.278955;;;WHEEL_POS;21.127,0.00
VAL;2026-09-18 16:09:38.300833;;;WHEEL_POS;21.149,0.00
VAL;2026-09-18 16:09:38.325504;;;WHEEL_POS;21.174,0.00
VAL;2026-09-18 16:09:38.343637;;;WHEEL_POS;21.192,0.00
VAL;2026-09-18 16:09:38.359266;;;WHEEL_POS;21.207,0.00
VAL;2026-09-18 16:09:38.376399;;;WHEEL_POS;21.224,0.00
VAL;2026-09-18 16:09:38.392028;;;WHEEL_POS;21.240,0.00
VAL;2026-09-18 16:09:38.416664;;;WHEEL_POS;21.265,0.00
EVENT;2026-09-18 16:09:38.432288;0.4388;;158;Tup
TRANSITION;2026-09-18 16:09:38.432288;0.4388;;CueComplete;
EVENT;2026-09-18 16:09:38.432288;0.4389;;158;Tup
END-TRIAL;2026-09-18 16:09:38.432288;;;The trial ended;
INFO;2026-09-18 16:09:38.432288;30.400631;30.839535;TRIAL-BPOD-TIME;0.43890400000000085
STATE;2026-09-18 16:09:38.432288;0;0.271;CuePeriod;0.271
STATE;2026-09-18 16:09:38.432288;0.271;0.4388;DelayPeriod;0.1678
STATE;2026-09-18 16:09:38.432288;0.4388;0.4389;CueComplete;9.999999999998899e-05
STATE;2026-09-18 16:09:38.432288;nan;nan;WheelAbort;nan
STATE;2026-09-18 16:09:38.432288;nan;nan;AbortITI;nan
VAL;2026-09-18 16:09:38.447914;;;SM_SEND_TIME;21.295938730239868
TRIAL;2026-09-18 16:09:38.447914;;;New trial;
VAL;2026-09-18 16:09:38.447914;;;WHEEL_POS;21.296,0.00
VAL;2026-09-18 16:09:38.479167;;;WHEEL_POS;21.327,0.00
VAL;2026-09-18 16:09:38.511151;;;WHEEL_POS;21.359,0.00
VAL;2026-09-18 16:09:38.526779;;;WHEEL_POS;21.375,0.00
VAL;2026-09-18 16:09:38.558033;;;WHEEL_POS;21.406,0.00
VAL;2026-09-18 16:09:38.589284;;;WHEEL_POS;21.437,0.00
VAL;2026-09-18 16:09:38.616919;;;WHEEL_POS;21.465,0.00
VAL;2026-09-18 16:09:38.648178;;;WHEEL_POS;21.496,0.00
VAL;2026-09-18 16:09:38.679424;;;WHEEL_POS;21.527,0.00
VAL;2026-09-18 16:09:38.695050;;;WHEEL_POS;21.543,0.00
VAL;2026-09-18 16:09:38.726210;;;WHEEL_POS;21.574,0.00
VAL;2026-09-18 16:09:38.757458;;;WHEEL_POS;21.605,0.00
VAL;2026-09-18 16:09:38.773086;;;WHEEL_POS;21.621,0.00
VAL;2026-09-18 16:09:38.817364;;;WHEEL_POS;21.665,0.00
VAL;2026-09-18 16:09:38.832991;;;WHEEL_POS;21.681,0.00
VAL;2026-09-18 16:09:38.864247;;;WHEEL_POS;21.712,0.00
VAL;2026-09-18 16:09:38.895494;;;WHEEL_POS;21.744,0.00
VAL;2026-09-18 16:09:38.914014;;;WHEEL_POS;21.762,0.00
VAL;2026-09-18 16:09:38.945269;;;WHEEL_POS;21.793,0.00
VAL;2026-09-18 16:09:38.960896;;;WHEEL_POS;21.809,0.00
VAL;2026-09-18 16:09:38.983531;;;WHEEL_POS;21.832,0.00
VAL;2026-09-18 16:09:39.017805;;;WHEEL_POS;21.866,0.00
VAL;2026-09-18 16:09:39.049053;;;WHEEL_POS;21.897,0.70
VAL;2026-09-18 16:09:39.080315;;;WHEEL_POS;21.928,2.80
EVENT;2026-09-18 16:09:39.102450;0.6494;;1;RotaryEncoder1_2
VAL;2026-09-18 16:09:39.130089;;;WHEEL_POS;21.978,4.60
VAL;2026-09-18 16:09:39.145711;;;WHEEL_POS;21.994,6.00
VAL;2026-09-18 16:09:39.176963;;;WHEEL_POS;22.025,7.70
EVENT;2026-09-18 16:09:39.202603;0.7482000000000001;;5;RotaryEncoder1_6
VAL;2026-09-18 16:09:39.218236;;;WHEEL_POS;22.066,12.00
VAL;2026-09-18 16:09:39.233862;;;WHEEL_POS;22.082,14.10
VAL;2026-09-18 16:09:39.265116;;;WHEEL_POS;22.113,16.50
VAL;2026-09-18 16:09:39.315234;;;WHEEL_POS;22.163,18.60
VAL;2026-09-18 16:09:39.346491;;;WHEEL_POS;22.195,20.40
VAL;2026-09-18 16:09:39.392262;;;WHEEL_POS;22.240,22.90
VAL;2026-09-18 16:09:39.418398;;;WHEEL_POS;22.266,23.90
VAL;2026-09-18 16:09:39.434028;;;WHEEL_POS;22.282,24.60
VAL;2026-09-18 16:09:39.465277;;;WHEEL_POS;22.313,26.00
VAL;2026-09-18 16:09:39.480903;;;WHEEL_POS;22.329,26.40
VAL;2026-09-18 16:09:39.515062;;;WHEEL_POS;22.363,27.80
VAL;2026-09-18 16:09:39.546323;;;WHEEL_POS;22.394,28.50
VAL;2026-09-18 16:09:39.577581;;;WHEEL_POS;22.426,29.90
VAL;2026-09-18 16:09:39.618839;;;WHEEL_POS;22.467,30.60
VAL;2026-09-18 16:09:39.650095;;;WHEEL_POS;22.498,30.90
VAL;2026-09-18 16:09:39.681343;;;WHEEL_POS;22.529,31.60
VAL;2026-09-18 16:09:39.724679;;;WHEEL_POS;22.573,32.30
VAL;2026-09-18 16:09:39.743811;;;WHEEL_POS;22.592,33.40
VAL;2026-09-18 16:09:39.759440;;;WHEEL_POS;22.607,33.80
VAL;2026-09-18 16:09:39.775069;;;WHEEL_POS;22.623,33.80
EVENT;2026-09-18 16:09:39.819327;1.3682;;3;RotaryEncoder1_4
TRANSITION;2026-09-18 16:09:39.819327;1.3682;;Reward;
VAL;2026-09-18 16:09:39.819327;;;WHEEL_POS;22.667,35.20
VAL;2026-09-18 16:09:39.834952;;;WHEEL_POS;22.683,35.20
VAL;2026-09-18 16:09:39.866204;;;WHEEL_POS;22.714,35.90
EVENT;2026-09-18 16:09:39.866204;1.417;;158;Tup
TRANSITION;2026-09-18 16:09:39.866204;1.417;;Consumption;
VAL;2026-09-18 16:09:39.897455;;;WHEEL_POS;22.745,36.60
VAL;2026-09-18 16:09:39.925419;;;WHEEL_POS;22.773,36.60
VAL;2026-09-18 16:09:39.956674;;;WHEEL_POS;22.805,36.60
VAL;2026-09-18 16:09:39.984353;;;WHEEL_POS;22.832,36.60
VAL;2026-09-18 16:09:40.003984;;;WHEEL_POS;22.852,36.60
VAL;2026-09-18 16:09:40.019613;;;WHEEL_POS;22.868,36.60
VAL;2026-09-18 16:09:40.050865;;;WHEEL_POS;22.899,36.60
VAL;2026-09-18 16:09:40.082117;;;WHEEL_POS;22.930,36.20
VAL;2026-09-18 16:09:40.125229;;;WHEEL_POS;22.973,36.20
VAL;2026-09-18 16:09:40.141860;;;WHEEL_POS;22.990,36.20
VAL;2026-09-18 16:09:40.173112;;;WHEEL_POS;23.021,36.20
VAL;2026-09-18 16:09:40.204243;;;WHEEL_POS;23.052,36.20
VAL;2026-09-18 16:09:40.219872;;;WHEEL_POS;23.068,36.20
VAL;2026-09-18 16:09:40.251124;;;WHEEL_POS;23.099,36.20
VAL;2026-09-18 16:09:40.282381;;;WHEEL_POS;23.130,36.20
VAL;2026-09-18 16:09:40.304269;;;WHEEL_POS;23.152,36.20
VAL;2026-09-18 16:09:40.357660;;;WHEEL_POS;23.206,36.20
VAL;2026-09-18 16:09:40.376788;;;WHEEL_POS;23.225,36.20
VAL;2026-09-18 16:09:40.392417;;;WHEEL_POS;23.240,36.20
VAL;2026-09-18 16:09:40.420054;;;WHEEL_POS;23.268,36.20
VAL;2026-09-18 16:09:40.451306;;;WHEEL_POS;23.299,36.20
VAL;2026-09-18 16:09:40.466932;;;WHEEL_POS;23.315,36.20
VAL;2026-09-18 16:09:40.498184;;;WHEEL_POS;23.346,36.20
VAL;2026-09-18 16:09:40.520319;;;WHEEL_POS;23.368,36.20
VAL;2026-09-18 16:09:40.543262;;;WHEEL_POS;23.391,36.20
VAL;2026-09-18 16:09:40.574514;;;WHEEL_POS;23.423,36.20
VAL;2026-09-18 16:09:40.635906;;;WHEEL_POS;23.484,36.20
VAL;2026-09-18 16:09:40.651530;;;WHEEL_POS;23.500,36.20
VAL;2026-09-18 16:09:40.698409;;;WHEEL_POS;23.546,36.20
VAL;2026-09-18 16:09:40.720552;;;WHEEL_POS;23.569,36.20
VAL;2026-09-18 16:09:40.744003;;;WHEEL_POS;23.592,36.20
VAL;2026-09-18 16:09:40.775256;;;WHEEL_POS;23.623,36.20
VAL;2026-09-18 16:09:40.790881;;;WHEEL_POS;23.639,36.20
VAL;2026-09-18 16:09:40.836144;;;WHEEL_POS;23.684,36.20
VAL;2026-09-18 16:09:40.851767;;;WHEEL_POS;23.700,36.20
VAL;2026-09-18 16:09:40.883017;;;WHEEL_POS;23.731,36.20
VAL;2026-09-18 16:09:40.920795;;;WHEEL_POS;23.769,36.20
VAL;2026-09-18 16:09:40.944765;;;WHEEL_POS;23.793,36.20
VAL;2026-09-18 16:09:40.985174;;;WHEEL_POS;23.833,36.20
VAL;2026-09-18 16:09:41.036560;;;WHEEL_POS;23.885,36.20
VAL;2026-09-18 16:09:41.052185;;;WHEEL_POS;23.900,36.20
VAL;2026-09-18 16:09:41.099065;;;WHEEL_POS;23.947,36.20
VAL;2026-09-18 16:09:41.121201;;;WHEEL_POS;23.969,36.20
VAL;2026-09-18 16:09:41.161272;;;WHEEL_POS;24.009,36.20
VAL;2026-09-18 16:09:41.176891;;;WHEEL_POS;24.025,36.20
VAL;2026-09-18 16:09:41.236783;;;WHEEL_POS;24.085,36.20
VAL;2026-09-18 16:09:41.252408;;;WHEEL_POS;24.100,36.20
VAL;2026-09-18 16:09:41.294187;;;WHEEL_POS;24.142,36.20
VAL;2026-09-18 16:09:41.321325;;;WHEEL_POS;24.169,36.20
VAL;2026-09-18 16:09:41.361627;;;WHEEL_POS;24.210,36.20
VAL;2026-09-18 16:09:41.377677;;;WHEEL_POS;24.226,36.20
VAL;2026-09-18 16:09:41.421440;;;WHEEL_POS;24.269,36.20
VAL;2026-09-18 16:09:41.452695;;;WHEEL_POS;24.301,36.20
VAL;2026-09-18 16:09:41.483945;;;WHEEL_POS;24.332,36.20
VAL;2026-09-18 16:09:41.521709;;;WHEEL_POS;24.370,36.20
VAL;2026-09-18 16:09:41.562859;;;WHEEL_POS;24.411,36.20
VAL;2026-09-18 16:09:41.594109;;;WHEEL_POS;24.442,36.20
VAL;2026-09-18 16:09:41.621743;;;WHEEL_POS;24.470,36.20
VAL;2026-09-18 16:09:41.652996;;;WHEEL_POS;24.501,36.20
VAL;2026-09-18 16:09:41.684248;;;WHEEL_POS;24.532,36.20
VAL;2026-09-18 16:09:41.722020;;;WHEEL_POS;24.570,36.20
VAL;2026-09-18 16:09:41.747994;;;WHEEL_POS;24.596,36.20
VAL;2026-09-18 16:09:41.779246;;;WHEEL_POS;24.627,36.20
VAL;2026-09-18 16:09:41.822006;;;WHEEL_POS;24.670,36.20
VAL;2026-09-18 16:09:41.853258;;;WHEEL_POS;24.701,36.20
VAL;2026-09-18 16:09:41.868884;;;WHEEL_POS;24.717,36.20
VAL;2026-09-18 16:09:41.906655;;;WHEEL_POS;24.755,36.20
VAL;2026-09-18 16:09:41.922285;;;WHEEL_POS;24.770,36.20
VAL;2026-09-18 16:09:41.948764;;;WHEEL_POS;24.797,36.20
VAL;2026-09-18 16:09:41.986165;;;WHEEL_POS;24.834,36.20
VAL;2026-09-18 16:09:42.038053;;;WHEEL_POS;24.886,36.20
VAL;2026-09-18 16:09:42.053677;;;WHEEL_POS;24.902,36.20
VAL;2026-09-18 16:09:42.100560;;;WHEEL_POS;24.949,36.20
VAL;2026-09-18 16:09:42.122703;;;WHEEL_POS;24.971,36.20
VAL;2026-09-18 16:09:42.149769;;;WHEEL_POS;24.998,36.20
VAL;2026-09-18 16:09:42.181019;;;WHEEL_POS;25.029,36.20
VAL;2026-09-18 16:09:42.222778;;;WHEEL_POS;25.071,36.20
VAL;2026-09-18 16:09:42.254031;;;WHEEL_POS;25.102,36.20
VAL;2026-09-18 16:09:42.295312;;;WHEEL_POS;25.143,36.20
VAL;2026-09-18 16:09:42.322951;;;WHEEL_POS;25.171,36.20
VAL;2026-09-18 16:09:42.359599;;;WHEEL_POS;25.208,36.20
VAL;2026-09-18 16:09:42.378816;;;WHEEL_POS;25.227,36.20
VAL;2026-09-18 16:09:42.394445;;;WHEEL_POS;25.242,36.20
VAL;2026-09-18 16:09:42.423094;;;WHEEL_POS;25.271,36.20
VAL;2026-09-18 16:09:42.454342;;;WHEEL_POS;25.302,36.20
VAL;2026-09-18 16:09:42.469968;;;WHEEL_POS;25.318,36.20
VAL;2026-09-18 16:09:42.501223;;;WHEEL_POS;25.349,36.20
VAL;2026-09-18 16:09:42.523358;;;WHEEL_POS;25.371,36.20
VAL;2026-09-18 16:09:42.550878;;;WHEEL_POS;25.399,36.20
VAL;2026-09-18 16:09:42.582132;;;WHEEL_POS;25.430,36.20
VAL;2026-09-18 16:09:42.623396;;;WHEEL_POS;25.471,36.20
VAL;2026-09-18 16:09:42.654648;;;WHEEL_POS;25.503,36.20
VAL;2026-09-18 16:09:42.685902;;;WHEEL_POS;25.534,36.20
VAL;2026-09-18 16:09:42.723671;;;WHEEL_POS;25.572,36.20
VAL;2026-09-18 16:09:42.767299;;;WHEEL_POS;25.615,36.20
VAL;2026-09-18 16:09:42.782923;;;WHEEL_POS;25.631,36.20
VAL;2026-09-18 16:09:42.839311;;;WHEEL_POS;25.687,36.20
VAL;2026-09-18 16:09:42.854934;;;WHEEL_POS;25.703,36.20
EVENT;2026-09-18 16:09:42.870559;4.417;;158;Tup
TRANSITION;2026-09-18 16:09:42.870559;4.417;;ITI;
VAL;2026-09-18 16:09:42.886187;;;WHEEL_POS;25.734,36.20
VAL;2026-09-18 16:09:42.923962;;;WHEEL_POS;25.772,36.20
VAL;2026-09-18 16:09:42.971293;;;WHEEL_POS;25.819,36.20
VAL;2026-09-18 16:09:42.986922;;;WHEEL_POS;25.835,36.20
VAL;2026-09-18 16:09:43.024181;;;WHEEL_POS;25.872,36.20
VAL;2026-09-18 16:09:43.055433;;;WHEEL_POS;25.903,36.20
VAL;2026-09-18 16:09:43.086685;;;WHEEL_POS;25.935,36.20
VAL;2026-09-18 16:09:43.124459;;;WHEEL_POS;25.972,36.20
VAL;2026-09-18 16:09:43.169155;;;WHEEL_POS;26.017,36.20
VAL;2026-09-18 16:09:43.184777;;;WHEEL_POS;26.033,36.20
VAL;2026-09-18 16:09:43.240167;;;WHEEL_POS;26.088,36.20
VAL;2026-09-18 16:09:43.255788;;;WHEEL_POS;26.104,36.20
VAL;2026-09-18 16:09:43.298078;;;WHEEL_POS;26.146,36.20
VAL;2026-09-18 16:09:43.324714;;;WHEEL_POS;26.173,36.20
VAL;2026-09-18 16:09:43.354385;;;WHEEL_POS;26.202,36.20
VAL;2026-09-18 16:09:43.370020;;;WHEEL_POS;26.218,36.20
VAL;2026-09-18 16:09:43.394663;;;WHEEL_POS;26.243,36.20
VAL;2026-09-18 16:09:43.440425;;;WHEEL_POS;26.288,36.20
VAL;2026-09-18 16:09:43.456050;;;WHEEL_POS;26.304,36.20
VAL;2026-09-18 16:09:43.487301;;;WHEEL_POS;26.335,36.20
VAL;2026-09-18 16:09:43.525083;;;WHEEL_POS;26.373,36.20
VAL;2026-09-18 16:09:43.555558;;;WHEEL_POS;26.404,36.20
VAL;2026-09-18 16:09:43.571190;;;WHEEL_POS;26.419,36.20
VAL;2026-09-18 16:09:43.602436;;;WHEEL_POS;26.450,36.20
VAL;2026-09-18 16:09:43.625068;;;WHEEL_POS;26.473,36.20
VAL;2026-09-18 16:09:43.656321;;;WHEEL_POS;26.504,36.20
VAL;2026-09-18 16:09:43.709730;;;WHEEL_POS;26.558,36.20
VAL;2026-09-18 16:09:43.725361;;;WHEEL_POS;26.573,36.20
VAL;2026-09-18 16:09:43.759399;;;WHEEL_POS;26.607,36.20
VAL;2026-09-18 16:09:43.790652;;;WHEEL_POS;26.639,36.20
VAL;2026-09-18 16:09:43.825411;;;WHEEL_POS;26.673,36.20
VAL;2026-09-18 16:09:43.841043;;;WHEEL_POS;26.689,36.20
VAL;2026-09-18 16:09:43.872290;;;WHEEL_POS;26.720,36.20
VAL;2026-09-18 16:09:43.887916;;;WHEEL_POS;26.736,36.20
VAL;2026-09-18 16:09:43.925685;;;WHEEL_POS;26.774,36.20
VAL;2026-09-18 16:09:43.971774;;;WHEEL_POS;26.820,36.20
VAL;2026-09-18 16:09:43.987402;;;WHEEL_POS;26.835,36.20
VAL;2026-09-18 16:09:44.003028;;;WHEEL_POS;26.851,36.20
VAL;2026-09-18 16:09:44.025662;;;WHEEL_POS;26.874,36.20
VAL;2026-09-18 16:09:44.056917;;;WHEEL_POS;26.905,36.20
VAL;2026-09-18 16:09:44.088167;;;WHEEL_POS;26.936,36.20
VAL;2026-09-18 16:09:44.125935;;;WHEEL_POS;26.974,36.20
VAL;2026-09-18 16:09:44.157906;;;WHEEL_POS;27.006,36.20
VAL;2026-09-18 16:09:44.189163;;;WHEEL_POS;27.037,36.20
VAL;2026-09-18 16:09:44.241548;;;WHEEL_POS;27.090,36.20
VAL;2026-09-18 16:09:44.257170;;;WHEEL_POS;27.105,36.20
VAL;2026-09-18 16:09:44.288422;;;WHEEL_POS;27.136,36.20
VAL;2026-09-18 16:09:44.310276;;;WHEEL_POS;27.158,36.20
VAL;2026-09-18 16:09:44.342543;;;WHEEL_POS;27.191,36.20
VAL;2026-09-18 16:09:44.373801;;;WHEEL_POS;27.222,36.20
EVENT;2026-09-18 16:09:44.373801;5.917000000000001;;158;Tup
END-TRIAL;2026-09-18 16:09:44.373801;;;The trial ended;
INFO;2026-09-18 16:09:44.373801;30.850631;36.767634;TRIAL-BPOD-TIME;5.917003000000001
STATE;2026-09-18 16:09:44.373801;0;1.3682;WheelDotPeriod;1.3682
STATE;2026-09-18 16:09:44.373801;1.3682;1.417;Reward;0.048799999999999955
STATE;2026-09-18 16:09:44.373801;1.417;4.417;Consumption;3.0
STATE;2026-09-18 16:09:44.373801;4.417;5.917000000000001;ITI;1.5000000000000009
STATE;2026-09-18 16:09:44.373801;nan;nan;ErrorConsumption;nan
STATE;2026-09-18 16:09:44.373801;nan;nan;IncorrectITI;nan
STATE;2026-09-18 16:09:44.373801;nan;nan;NoResponse;nan
VAL;2026-09-18 16:09:44.441704;;;INCLUDED;True
VAL;2026-09-18 16:09:44.441704;;;CONSUMPTION_LICKED;False
VAL;2026-09-18 16:09:44.441704;;;LED_ON_TIME;21.295938730239868
VAL;2026-09-18 16:09:44.441704;;;DOT_ONSET_JITTER_S;0.18274871034310097
VAL;2026-09-18 16:09:44.441704;;;DOT_ONSET_TIME;21.47868744058297
VAL;2026-09-18 16:09:44.441704;;;THRESHOLD_CROSSING_TIME;22.66413873023987
VAL;2026-09-18 16:09:44.441704;;;DOT_DISAPPEAR_JITTER_S;0.41144169872480685
VAL;2026-09-18 16:09:44.441704;;;DOT_DISAPPEAR_TIME;23.075580428964678
VAL;2026-09-18 16:09:44.441704;;;CORRECT;True
stdout;2026-09-18 16:09:44.441704;;;Trial 3 (warmup): side=R, Reward -> reward;
stdout;2026-09-18 16:09:44.441704;;;|
|;
VAL;2026-09-18 16:09:44.837194;;;TRIAL_INIT_START;27.68521809577942
VAL;2026-09-18 16:09:44.868436;;;WHEEL_POS;27.716,36.20
VAL;2026-09-18 16:09:44.884063;;;WHEEL_POS;27.732,36.20
VAL;2026-09-18 16:09:44.926827;;;WHEEL_POS;27.775,36.20
VAL;2026-09-18 16:09:44.959948;;;WHEEL_POS;27.808,36.20
VAL;2026-09-18 16:09:44.988137;;;WHEEL_POS;27.836,36.20
VAL;2026-09-18 16:09:45.026903;;;WHEEL_POS;27.875,36.20
VAL;2026-09-18 16:09:45.042530;;;TRIAL_START;27.874927520751953
VAL;2026-09-18 16:09:45.042530;;;QUIESCENCE_BREAKS;0
VAL;2026-09-18 16:09:45.042530;;;TRIAL_TYPE;warmup
VAL;2026-09-18 16:09:45.211657;;;TRIAL_SIDE;R
VAL;2026-09-18 16:09:45.211657;;;CLICK_TIMES_L;
VAL;2026-09-18 16:09:45.211657;;;CLICK_TIMES_R;0.0150,0.0597,0.0747,0.0897,0.1080,0.1230,0.1669,0.2033,0.2305
VAL;2026-09-18 16:09:45.211657;;;N_CLICKS_L;0
VAL;2026-09-18 16:09:45.211657;;;N_CLICKS_R;9
VAL;2026-09-18 16:09:45.211657;;;STIM_SEED;905403926
VAL;2026-09-18 16:09:45.211657;;;CUE_ABORT_THRESHOLD_DEG;10.0
VAL;2026-09-18 16:09:45.211657;;;RESPONSE_THRESHOLD_DEG;35.0
VAL;2026-09-18 16:09:45.211657;;;QUIESCENCE_DUR_S;0.1
VAL;2026-09-18 16:09:45.211657;;;ITI_S;1.5
VAL;2026-09-18 16:09:45.211657;;;CLICK_LEVEL_ATTENUATED;False
stdout;2026-09-18 16:09:45.211657;;;Trial 4 (warmup): side=R, n_L=0, n_R=9;
stdout;2026-09-18 16:09:45.211657;;;|
|;
VAL;2026-09-18 16:09:45.211657;;;SM_SEND_TIME;28.05968141555786
VAL;2026-09-18 16:09:45.211657;;;CUE_ONSET_TIME;28.080681415557862
TRIAL;2026-09-18 16:09:45.211657;;;New trial;
VAL;2026-09-18 16:09:45.227287;;;WHEEL_POS;28.075,0.00
VAL;2026-09-18 16:09:45.242912;;;WHEEL_POS;28.091,0.00
VAL;2026-09-18 16:09:45.274164;;;WHEEL_POS;28.122,0.00
VAL;2026-09-18 16:09:45.311809;;;WHEEL_POS;28.160,0.00
VAL;2026-09-18 16:09:45.346118;;;WHEEL_POS;28.194,0.00
VAL;2026-09-18 16:09:45.361746;;;WHEEL_POS;28.210,0.00
VAL;2026-09-18 16:09:45.396042;;;WHEEL_POS;28.244,0.00
VAL;2026-09-18 16:09:45.427296;;;WHEEL_POS;28.275,0.00
VAL;2026-09-18 16:09:45.442921;;;WHEEL_POS;28.291,0.00
VAL;2026-09-18 16:09:45.474174;;;WHEEL_POS;28.322,0.00
EVENT;2026-09-18 16:09:45.489800;0.271;;158;Tup
TRANSITION;2026-09-18 16:09:45.489800;0.271;;DelayPeriod;
VAL;2026-09-18 16:09:45.505425;;;WHEEL_POS;28.353,0.00
VAL;2026-09-18 16:09:45.527559;;;WHEEL_POS;28.376,0.00
VAL;2026-09-18 16:09:45.547021;;;WHEEL_POS;28.395,0.00
VAL;2026-09-18 16:09:45.562649;;;WHEEL_POS;28.411,0.00
VAL;2026-09-18 16:09:45.593901;;;WHEEL_POS;28.442,0.00
VAL;2026-09-18 16:09:45.627659;;;WHEEL_POS;28.476,0.00
EVENT;2026-09-18 16:09:45.627659;0.403;;158;Tup
TRANSITION;2026-09-18 16:09:45.627659;0.403;;CueComplete;
EVENT;2026-09-18 16:09:45.627659;0.4031;;158;Tup
END-TRIAL;2026-09-18 16:09:45.627659;;;The trial ended;
INFO;2026-09-18 16:09:45.627659;37.626531;38.029635;TRIAL-BPOD-TIME;0.403103999999999
STATE;2026-09-18 16:09:45.627659;0;0.271;CuePeriod;0.271
STATE;2026-09-18 16:09:45.627659;0.271;0.403;DelayPeriod;0.132
STATE;2026-09-18 16:09:45.627659;0.403;0.4031;CueComplete;9.999999999998899e-05
STATE;2026-09-18 16:09:45.627659;nan;nan;WheelAbort;nan
STATE;2026-09-18 16:09:45.627659;nan;nan;AbortITI;nan
VAL;2026-09-18 16:09:45.658913;;;SM_SEND_TIME;28.50693678855896
TRIAL;2026-09-18 16:09:45.658913;;;New trial;
VAL;2026-09-18 16:09:45.658913;;;WHEEL_POS;28.507,0.00
VAL;2026-09-18 16:09:45.690165;;;WHEEL_POS;28.538,0.00
VAL;2026-09-18 16:09:45.727925;;;WHEEL_POS;28.576,0.00
VAL;2026-09-18 16:09:45.763021;;;WHEEL_POS;28.611,0.00
VAL;2026-09-18 16:09:45.794274;;;WHEEL_POS;28.642,0.00
VAL;2026-09-18 16:09:45.812403;;;WHEEL_POS;28.660,0.00
VAL;2026-09-18 16:09:45.843658;;;WHEEL_POS;28.692,0.00
VAL;2026-09-18 16:09:45.874910;;;WHEEL_POS;28.723,0.00
VAL;2026-09-18 16:09:45.906165;;;WHEEL_POS;28.754,0.00
VAL;2026-09-18 16:09:45.928302;;;WHEEL_POS;28.776,0.00
VAL;2026-09-18 16:09:45.946451;;;WHEEL_POS;28.794,0.00
VAL;2026-09-18 16:09:45.978069;;;WHEEL_POS;28.826,0.00
VAL;2026-09-18 16:09:46.012851;;;WHEEL_POS;28.861,0.00
VAL;2026-09-18 16:09:46.044110;;;WHEEL_POS;28.892,0.00
VAL;2026-09-18 16:09:46.075369;;;WHEEL_POS;28.923,0.00
VAL;2026-09-18 16:09:46.106614;;;WHEEL_POS;28.955,0.00
VAL;2026-09-18 16:09:46.128748;;;WHEEL_POS;28.977,0.00
VAL;2026-09-18 16:09:46.160001;;;WHEEL_POS;29.008,0.00
VAL;2026-09-18 16:09:46.193186;;;WHEEL_POS;29.041,0.00
VAL;2026-09-18 16:09:46.228948;;;WHEEL_POS;29.077,0.40
VAL;2026-09-18 16:09:46.260197;;;WHEEL_POS;29.108,0.40
VAL;2026-09-18 16:09:46.291455;;;WHEEL_POS;29.139,0.70
VAL;2026-09-18 16:09:46.313490;;;WHEEL_POS;29.162,1.10
VAL;2026-09-18 16:09:46.329119;;;WHEEL_POS;29.177,1.40
VAL;2026-09-18 16:09:46.378246;;;WHEEL_POS;29.226,2.10
VAL;2026-09-18 16:09:46.396975;;;WHEEL_POS;29.245,3.20
EVENT;2026-09-18 16:09:46.413607;0.7505000000000001;;1;RotaryEncoder1_2
VAL;2026-09-18 16:09:46.429235;;;WHEEL_POS;29.277,4.20
VAL;2026-09-18 16:09:46.444867;;;WHEEL_POS;29.293,4.90
VAL;2026-09-18 16:09:46.476114;;;WHEEL_POS;29.324,6.00
VAL;2026-09-18 16:09:46.513877;;;WHEEL_POS;29.362,7.70
VAL;2026-09-18 16:09:46.529514;;;WHEEL_POS;29.378,8.40
VAL;2026-09-18 16:09:46.560763;;;WHEEL_POS;29.409,9.50
EVENT;2026-09-18 16:09:46.560763;0.8996000000000001;;5;RotaryEncoder1_6
VAL;2026-09-18 16:09:46.595055;;;WHEEL_POS;29.443,10.50
VAL;2026-09-18 16:09:46.629814;;;WHEEL_POS;29.478,12.00
VAL;2026-09-18 16:09:46.661070;;;WHEEL_POS;29.509,13.40
VAL;2026-09-18 16:09:46.692318;;;WHEEL_POS;29.540,14.40
VAL;2026-09-18 16:09:46.707944;;;WHEEL_POS;29.556,14.80
VAL;2026-09-18 16:09:46.730084;;;WHEEL_POS;29.578,15.10
VAL;2026-09-18 16:09:46.761331;;;WHEEL_POS;29.609,15.50
VAL;2026-09-18 16:09:46.779821;;;WHEEL_POS;29.628,15.50
VAL;2026-09-18 16:09:46.795454;;;WHEEL_POS;29.643,16.20
VAL;2026-09-18 16:09:46.830208;;;WHEEL_POS;29.678,17.20
VAL;2026-09-18 16:09:46.861465;;;WHEEL_POS;29.709,19.00
VAL;2026-09-18 16:09:46.892713;;;WHEEL_POS;29.741,20.70
VAL;2026-09-18 16:09:46.930481;;;WHEEL_POS;29.779,22.10
VAL;2026-09-18 16:09:46.961730;;;WHEEL_POS;29.810,22.90
VAL;2026-09-18 16:09:46.996376;;;WHEEL_POS;29.844,23.60
VAL;2026-09-18 16:09:47.015009;;;WHEEL_POS;29.863,23.60
VAL;2026-09-18 16:09:47.030638;;;WHEEL_POS;29.879,23.90
VAL;2026-09-18 16:09:47.061893;;;WHEEL_POS;29.910,24.60
VAL;2026-09-18 16:09:47.093143;;;WHEEL_POS;29.941,25.70
VAL;2026-09-18 16:09:47.130916;;;WHEEL_POS;29.979,28.10
VAL;2026-09-18 16:09:47.162166;;;WHEEL_POS;30.010,29.90
VAL;2026-09-18 16:09:47.197254;;;WHEEL_POS;30.045,31.60
VAL;2026-09-18 16:09:47.231006;;;WHEEL_POS;30.079,32.30
VAL;2026-09-18 16:09:47.262261;;;WHEEL_POS;30.110,33.00
VAL;2026-09-18 16:09:47.293511;;;WHEEL_POS;30.142,33.80
VAL;2026-09-18 16:09:47.330983;;;WHEEL_POS;30.179,34.80
EVENT;2026-09-18 16:09:47.330983;1.6620000000000001;;3;RotaryEncoder1_4
TRANSITION;2026-09-18 16:09:47.330983;1.6620000000000001;;Reward;
VAL;2026-09-18 16:09:47.346605;;;WHEEL_POS;30.195,35.90
EVENT;2026-09-18 16:09:47.377857;1.7108;;158;Tup
TRANSITION;2026-09-18 16:09:47.377857;1.7108;;Consumption;
VAL;2026-09-18 16:09:47.382938;;;WHEEL_POS;30.231,37.30
VAL;2026-09-18 16:09:47.415199;;;WHEEL_POS;30.263,38.00
VAL;2026-09-18 16:09:47.430827;;;WHEEL_POS;30.279,38.00
VAL;2026-09-18 16:09:47.462079;;;WHEEL_POS;30.310,38.00
VAL;2026-09-18 16:09:47.493332;;;WHEEL_POS;30.341,38.00
VAL;2026-09-18 16:09:47.508957;;;WHEEL_POS;30.357,38.00
VAL;2026-09-18 16:09:47.533540;;;WHEEL_POS;30.382,38.00
VAL;2026-09-18 16:09:47.549168;;;WHEEL_POS;30.397,38.00
VAL;2026-09-18 16:09:47.581925;;;WHEEL_POS;30.430,38.00
VAL;2026-09-18 16:09:47.615686;;;WHEEL_POS;30.464,38.00
VAL;2026-09-18 16:09:47.631315;;;WHEEL_POS;30.479,38.00
VAL;2026-09-18 16:09:47.662566;;;WHEEL_POS;30.511,38.00
VAL;2026-09-18 16:09:47.678192;;;WHEEL_POS;30.526,38.00
VAL;2026-09-18 16:09:47.709444;;;WHEEL_POS;30.557,38.00
VAL;2026-09-18 16:09:47.731577;;;WHEEL_POS;30.580,38.00
VAL;2026-09-18 16:09:47.759712;;;WHEEL_POS;30.608,37.60
VAL;2026-09-18 16:09:47.798512;;;WHEEL_POS;30.647,37.60
VAL;2026-09-18 16:09:47.816146;;;WHEEL_POS;30.664,37.60
VAL;2026-09-18 16:09:47.831775;;;WHEEL_POS;30.680,37.30
VAL;2026-09-18 16:09:47.865435;;;WHEEL_POS;30.713,37.30
VAL;2026-09-18 16:09:47.896690;;;WHEEL_POS;30.745,37.30
VAL;2026-09-18 16:09:47.931949;;;WHEEL_POS;30.780,37.60
VAL;2026-09-18 16:09:47.977954;;;WHEEL_POS;30.826,38.00
VAL;2026-09-18 16:09:47.997594;;;WHEEL_POS;30.846,38.00
VAL;2026-09-18 16:09:48.031852;;;WHEEL_POS;30.880,38.00
VAL;2026-09-18 16:09:48.063107;;;WHEEL_POS;30.911,38.00
VAL;2026-09-18 16:09:48.094355;;;WHEEL_POS;30.942,38.00
VAL;2026-09-18 16:09:48.109982;;;WHEEL_POS;30.958,38.00
VAL;2026-09-18 16:09:48.132121;;;WHEEL_POS;30.980,38.00
VAL;2026-09-18 16:09:48.163369;;;WHEEL_POS;31.011,38.00
VAL;2026-09-18 16:09:48.178995;;;WHEEL_POS;31.027,38.00
VAL;2026-09-18 16:09:48.203979;;;WHEEL_POS;31.052,38.00
VAL;2026-09-18 16:09:48.232118;;;WHEEL_POS;31.080,38.00
VAL;2026-09-18 16:09:48.263380;;;WHEEL_POS;31.111,38.00
VAL;2026-09-18 16:09:48.294622;;;WHEEL_POS;31.143,38.00
VAL;2026-09-18 16:09:48.316637;;;WHEEL_POS;31.165,38.00
VAL;2026-09-18 16:09:48.347893;;;WHEEL_POS;31.196,38.00
VAL;2026-09-18 16:09:48.388221;;;WHEEL_POS;31.236,38.00
VAL;2026-09-18 16:09:48.432498;;;WHEEL_POS;31.281,38.00
VAL;2026-09-18 16:09:48.448124;;;WHEEL_POS;31.296,38.00
VAL;2026-09-18 16:09:48.479376;;;WHEEL_POS;31.327,38.00
VAL;2026-09-18 16:09:48.517136;;;WHEEL_POS;31.365,38.00
VAL;2026-09-18 16:09:48.548395;;;WHEEL_POS;31.396,38.00
VAL;2026-09-18 16:09:48.564020;;;WHEEL_POS;31.412,38.00
VAL;2026-09-18 16:09:48.605807;;;WHEEL_POS;31.454,38.00
VAL;2026-09-18 16:09:48.632947;;;WHEEL_POS;31.481,38.00
VAL;2026-09-18 16:09:48.664204;;;WHEEL_POS;31.512,38.00
VAL;2026-09-18 16:09:48.695449;;;WHEEL_POS;31.543,38.00
VAL;2026-09-18 16:09:48.711075;;;WHEEL_POS;31.559,38.00
VAL;2026-09-18 16:09:48.733212;;;WHEEL_POS;31.581,38.00
VAL;2026-09-18 16:09:48.764460;;;WHEEL_POS;31.612,38.00
VAL;2026-09-18 16:09:48.780085;;;WHEEL_POS;31.628,38.00
VAL;2026-09-18 16:09:48.807385;;;WHEEL_POS;31.655,38.00
VAL;2026-09-18 16:09:48.833020;;;WHEEL_POS;31.681,38.00
VAL;2026-09-18 16:09:48.864280;;;WHEEL_POS;31.712,38.00
VAL;2026-09-18 16:09:48.895526;;;WHEEL_POS;31.744,38.00
VAL;2026-09-18 16:09:48.911151;;;WHEEL_POS;31.759,38.00
VAL;2026-09-18 16:09:48.933287;;;WHEEL_POS;31.781,38.00
VAL;2026-09-18 16:09:48.964536;;;WHEEL_POS;31.813,38.00
VAL;2026-09-18 16:09:48.991356;;;WHEEL_POS;31.839,38.00
VAL;2026-09-18 16:09:49.033136;;;WHEEL_POS;31.881,38.00
VAL;2026-09-18 16:09:49.080016;;;WHEEL_POS;31.928,38.00
VAL;2026-09-18 16:09:49.095639;;;WHEEL_POS;31.944,38.00
VAL;2026-09-18 16:09:49.149029;;;WHEEL_POS;31.997,38.00
VAL;2026-09-18 16:09:49.164652;;;WHEEL_POS;32.013,38.00
VAL;2026-09-18 16:09:49.217763;;;WHEEL_POS;32.066,38.00
VAL;2026-09-18 16:09:49.249023;;;WHEEL_POS;32.097,38.00
VAL;2026-09-18 16:09:49.280274;;;WHEEL_POS;32.128,38.00
VAL;2026-09-18 16:09:49.304437;;;WHEEL_POS;32.152,38.00
VAL;2026-09-18 16:09:49.317732;;;WHEEL_POS;32.166,38.00
VAL;2026-09-18 16:09:49.364618;;;WHEEL_POS;32.213,38.00
VAL;2026-09-18 16:09:49.382287;;;WHEEL_POS;32.230,38.00
VAL;2026-09-18 16:09:49.417967;;;WHEEL_POS;32.266,38.00
VAL;2026-09-18 16:09:49.449224;;;WHEEL_POS;32.297,38.00
VAL;2026-09-18 16:09:49.496106;;;WHEEL_POS;32.344,38.00
VAL;2026-09-18 16:09:49.511728;;;WHEEL_POS;32.360,38.00
VAL;2026-09-18 16:09:49.549496;;;WHEEL_POS;32.398,38.00
VAL;2026-09-18 16:09:49.565117;;;WHEEL_POS;32.413,38.00
VAL;2026-09-18 16:09:49.611721;;;WHEEL_POS;32.460,38.00
VAL;2026-09-18 16:09:49.633866;;;WHEEL_POS;32.482,38.00
VAL;2026-09-18 16:09:49.680746;;;WHEEL_POS;32.529,38.00
VAL;2026-09-18 16:09:49.696368;;;WHEEL_POS;32.544,38.00
VAL;2026-09-18 16:09:49.749758;;;WHEEL_POS;32.598,38.00
VAL;2026-09-18 16:09:49.765381;;;WHEEL_POS;32.613,38.00
VAL;2026-09-18 16:09:49.781007;;;WHEEL_POS;32.629,38.00
VAL;2026-09-18 16:09:49.818508;;;WHEEL_POS;32.667,38.00
VAL;2026-09-18 16:09:49.834140;;;WHEEL_POS;32.682,38.00
VAL;2026-09-18 16:09:49.865392;;;WHEEL_POS;32.713,38.00
VAL;2026-09-18 16:09:49.881022;;;WHEEL_POS;32.729,38.00
VAL;2026-09-18 16:09:49.912269;;;WHEEL_POS;32.760,38.00
VAL;2026-09-18 16:09:49.934402;;;WHEEL_POS;32.782,38.00
VAL;2026-09-18 16:09:49.950037;;;WHEEL_POS;32.798,38.00
VAL;2026-09-18 16:09:49.998831;;;WHEEL_POS;32.847,38.00
VAL;2026-09-18 16:09:50.034605;;;WHEEL_POS;32.883,38.00
VAL;2026-09-18 16:09:50.065856;;;WHEEL_POS;32.914,38.00
VAL;2026-09-18 16:09:50.097111;;;WHEEL_POS;32.945,38.00
VAL;2026-09-18 16:09:50.150497;;;WHEEL_POS;32.999,38.00
VAL;2026-09-18 16:09:50.166121;;;WHEEL_POS;33.014,38.00
VAL;2026-09-18 16:09:50.199430;;;WHEEL_POS;33.047,38.00
VAL;2026-09-18 16:09:50.234704;;;WHEEL_POS;33.083,38.00
VAL;2026-09-18 16:09:50.281587;;;WHEEL_POS;33.130,38.00
VAL;2026-09-18 16:09:50.297205;;;WHEEL_POS;33.145,38.00
VAL;2026-09-18 16:09:50.319052;;;WHEEL_POS;33.167,38.00
VAL;2026-09-18 16:09:50.359826;;;WHEEL_POS;33.208,38.00
EVENT;2026-09-18 16:09:50.375453;4.7108;;158;Tup
TRANSITION;2026-09-18 16:09:50.375453;4.7108;;ITI;
VAL;2026-09-18 16:09:50.400358;;;WHEEL_POS;33.248,38.00
VAL;2026-09-18 16:09:50.434630;;;WHEEL_POS;33.283,38.00
VAL;2026-09-18 16:09:50.481514;;;WHEEL_POS;33.330,38.00
VAL;2026-09-18 16:09:50.497135;;;WHEEL_POS;33.345,38.00
VAL;2026-09-18 16:09:50.550526;;;WHEEL_POS;33.399,38.00
VAL;2026-09-18 16:09:50.566147;;;WHEEL_POS;33.414,38.00
VAL;2026-09-18 16:09:50.601394;;;WHEEL_POS;33.449,38.00
VAL;2026-09-18 16:09:50.635164;;;WHEEL_POS;33.483,38.00
VAL;2026-09-18 16:09:50.682046;;;WHEEL_POS;33.530,38.00
VAL;2026-09-18 16:09:50.697667;;;WHEEL_POS;33.546,38.00
VAL;2026-09-18 16:09:50.735427;;;WHEEL_POS;33.583,38.00
VAL;2026-09-18 16:09:50.766682;;;WHEEL_POS;33.615,38.00
VAL;2026-09-18 16:09:50.801783;;;WHEEL_POS;33.650,38.00
VAL;2026-09-18 16:09:50.819927;;;WHEEL_POS;33.668,38.00
VAL;2026-09-18 16:09:50.851184;;;WHEEL_POS;33.699,38.00
VAL;2026-09-18 16:09:50.882443;;;WHEEL_POS;33.730,38.00
VAL;2026-09-18 16:09:50.913689;;;WHEEL_POS;33.762,38.00
VAL;2026-09-18 16:09:50.935823;;;WHEEL_POS;33.784,38.00
VAL;2026-09-18 16:09:50.967078;;;WHEEL_POS;33.815,38.00
VAL;2026-09-18 16:09:51.002673;;;WHEEL_POS;33.851,38.00
VAL;2026-09-18 16:09:51.035934;;;WHEEL_POS;33.884,38.00
VAL;2026-09-18 16:09:51.067191;;;WHEEL_POS;33.915,38.00
VAL;2026-09-18 16:09:51.098438;;;WHEEL_POS;33.946,38.00
VAL;2026-09-18 16:09:51.120574;;;WHEEL_POS;33.969,38.00
VAL;2026-09-18 16:09:51.151835;;;WHEEL_POS;34.000,38.00
VAL;2026-09-18 16:09:51.198716;;;WHEEL_POS;34.047,38.00
VAL;2026-09-18 16:09:51.220603;;;WHEEL_POS;34.069,38.00
VAL;2026-09-18 16:09:51.236232;;;WHEEL_POS;34.084,38.00
VAL;2026-09-18 16:09:51.267486;;;WHEEL_POS;34.116,38.00
VAL;2026-09-18 16:09:51.298736;;;WHEEL_POS;34.147,38.00
VAL;2026-09-18 16:09:51.320631;;;WHEEL_POS;34.169,38.00
VAL;2026-09-18 16:09:51.351886;;;WHEEL_POS;34.200,38.00
VAL;2026-09-18 16:09:51.398687;;;WHEEL_POS;34.247,38.00
VAL;2026-09-18 16:09:51.420913;;;WHEEL_POS;34.269,38.00
VAL;2026-09-18 16:09:51.436542;;;WHEEL_POS;34.285,38.00
VAL;2026-09-18 16:09:51.467796;;;WHEEL_POS;34.316,38.00
VAL;2026-09-18 16:09:51.483425;;;WHEEL_POS;34.331,38.00
VAL;2026-09-18 16:09:51.514673;;;WHEEL_POS;34.363,38.00
VAL;2026-09-18 16:09:51.536810;;;WHEEL_POS;34.385,38.00
VAL;2026-09-18 16:09:51.568059;;;WHEEL_POS;34.416,38.00
VAL;2026-09-18 16:09:51.603827;;;WHEEL_POS;34.452,38.00
VAL;2026-09-18 16:09:51.621465;;;WHEEL_POS;34.469,38.00
VAL;2026-09-18 16:09:51.637094;;;WHEEL_POS;34.485,38.00
VAL;2026-09-18 16:09:51.668352;;;WHEEL_POS;34.516,38.00
VAL;2026-09-18 16:09:51.699598;;;WHEEL_POS;34.548,38.00
VAL;2026-09-18 16:09:51.737362;;;WHEEL_POS;34.585,38.00
VAL;2026-09-18 16:09:51.760496;;;WHEEL_POS;34.609,38.00
VAL;2026-09-18 16:09:51.776121;;;WHEEL_POS;34.624,38.00
VAL;2026-09-18 16:09:51.821810;;;WHEEL_POS;34.670,38.00
VAL;2026-09-18 16:09:51.853070;;;WHEEL_POS;34.701,38.00
EVENT;2026-09-18 16:09:51.868693;6.2108;;158;Tup
END-TRIAL;2026-09-18 16:09:51.868693;;;The trial ended;
INFO;2026-09-18 16:09:51.868693;38.063531;44.274334;TRIAL-BPOD-TIME;6.210803000000006
STATE;2026-09-18 16:09:51.868693;0;1.6620000000000001;WheelDotPeriod;1.6620000000000001
STATE;2026-09-18 16:09:51.868693;1.6620000000000001;1.7108;Reward;0.048799999999999955
STATE;2026-09-18 16:09:51.868693;1.7108;4.7108;Consumption;3.0
STATE;2026-09-18 16:09:51.868693;4.7108;6.2108;ITI;1.5
STATE;2026-09-18 16:09:51.868693;nan;nan;ErrorConsumption;nan
STATE;2026-09-18 16:09:51.868693;nan;nan;IncorrectITI;nan
STATE;2026-09-18 16:09:51.868693;nan;nan;NoResponse;nan
VAL;2026-09-18 16:09:51.922092;;;INCLUDED;True
VAL;2026-09-18 16:09:51.922092;;;CONSUMPTION_LICKED;False
VAL;2026-09-18 16:09:51.922092;;;LED_ON_TIME;28.50693678855896
VAL;2026-09-18 16:09:51.922092;;;DOT_ONSET_JITTER_S;0.11170849384052232
VAL;2026-09-18 16:09:51.922092;;;DOT_ONSET_TIME;28.61864528239948
VAL;2026-09-18 16:09:51.922092;;;THRESHOLD_CROSSING_TIME;30.16893678855896
VAL;2026-09-18 16:09:51.922092;;;DOT_DISAPPEAR_JITTER_S;0.5545505790699967
VAL;2026-09-18 16:09:51.922092;;;DOT_DISAPPEAR_TIME;30.723487367628955
VAL;2026-09-18 16:09:51.922092;;;CORRECT;True
stdout;2026-09-18 16:09:51.922092;;;Trial 4 (warmup): side=R, Reward -> reward;
stdout;2026-09-18 16:09:51.922092;;;|
|;
VAL;2026-09-18 16:09:52.357439;;;TRIAL_INIT_START;35.20546293258667
VAL;2026-09-18 16:09:52.398763;;;WHEEL_POS;35.247,38.00
VAL;2026-09-18 16:09:52.423279;;;WHEEL_POS;35.271,38.00
VAL;2026-09-18 16:09:52.454535;;;WHEEL_POS;35.303,38.00
VAL;2026-09-18 16:09:52.485787;;;WHEEL_POS;35.334,38.00
VAL;2026-09-18 16:09:52.517038;;;WHEEL_POS;35.365,38.00
VAL;2026-09-18 16:09:52.533556;;;WHEEL_POS;35.382,38.00
VAL;2026-09-18 16:09:52.549185;;;TRIAL_START;35.3815803527832
VAL;2026-09-18 16:09:52.549185;;;QUIESCENCE_BREAKS;0
VAL;2026-09-18 16:09:52.549185;;;TRIAL_TYPE;warmup
VAL;2026-09-18 16:09:52.670465;;;TRIAL_SIDE;R
VAL;2026-09-18 16:09:52.670465;;;CLICK_TIMES_L;
VAL;2026-09-18 16:09:52.670465;;;CLICK_TIMES_R;0.0150,0.0653,0.1251,0.1699
VAL;2026-09-18 16:09:52.670465;;;N_CLICKS_L;0
VAL;2026-09-18 16:09:52.670465;;;N_CLICKS_R;4
VAL;2026-09-18 16:09:52.670465;;;STIM_SEED;884219808
VAL;2026-09-18 16:09:52.670465;;;CUE_ABORT_THRESHOLD_DEG;10.0
VAL;2026-09-18 16:09:52.670465;;;RESPONSE_THRESHOLD_DEG;35.0
VAL;2026-09-18 16:09:52.670465;;;QUIESCENCE_DUR_S;0.1
VAL;2026-09-18 16:09:52.670465;;;ITI_S;1.5
VAL;2026-09-18 16:09:52.670465;;;CLICK_LEVEL_ATTENUATED;False
stdout;2026-09-18 16:09:52.670465;;;Trial 5 (warmup): side=R, n_L=0, n_R=4;
stdout;2026-09-18 16:09:52.670465;;;|
|;
VAL;2026-09-18 16:09:52.670465;;;SM_SEND_TIME;35.51848864555359
VAL;2026-09-18 16:09:52.670465;;;CUE_ONSET_TIME;35.53948864555359
TRIAL;2026-09-18 16:09:52.670465;;;New trial;
VAL;2026-09-18 16:09:52.670465;;;WHEEL_POS;35.518,0.00
VAL;2026-09-18 16:09:52.701716;;;WHEEL_POS;35.550,0.00
VAL;2026-09-18 16:09:52.739473;;;WHEEL_POS;35.587,0.00
VAL;2026-09-18 16:09:52.770726;;;WHEEL_POS;35.619,0.40
VAL;2026-09-18 16:09:52.801978;;;WHEEL_POS;35.650,0.70
VAL;2026-09-18 16:09:52.823818;;;WHEEL_POS;35.672,0.70
VAL;2026-09-18 16:09:52.855077;;;WHEEL_POS;35.703,0.00
VAL;2026-09-18 16:09:52.886326;;;WHEEL_POS;35.734,-0.40
VAL;2026-09-18 16:09:52.917579;;;WHEEL_POS;35.766,-0.40
VAL;2026-09-18 16:09:52.939715;;;WHEEL_POS;35.788,-0.40
EVENT;2026-09-18 16:09:52.955343;0.271;;158;Tup
TRANSITION;2026-09-18 16:09:52.955343;0.271;;DelayPeriod;
VAL;2026-09-18 16:09:52.970967;;;WHEEL_POS;35.819,-0.40
VAL;2026-09-18 16:09:52.996429;;;WHEEL_POS;35.844,-0.40
VAL;2026-09-18 16:09:53.023982;;;WHEEL_POS;35.872,-0.40
VAL;2026-09-18 16:09:53.055238;;;WHEEL_POS;35.903,-0.40
VAL;2026-09-18 16:09:53.070863;;;WHEEL_POS;35.919,0.00
EVENT;2026-09-18 16:09:53.086490;0.4068;;158;Tup
TRANSITION;2026-09-18 16:09:53.086490;0.4068;;CueComplete;
EVENT;2026-09-18 16:09:53.086490;0.40690000000000004;;158;Tup
END-TRIAL;2026-09-18 16:09:53.086490;;;The trial ended;
INFO;2026-09-18 16:09:53.086490;45.079431;45.486335;TRIAL-BPOD-TIME;0.40690399999999727
STATE;2026-09-18 16:09:53.086490;0;0.271;CuePeriod;0.271
STATE;2026-09-18 16:09:53.086490;0.271;0.4068;DelayPeriod;0.13579999999999998
STATE;2026-09-18 16:09:53.086490;0.4068;0.40690000000000004;CueComplete;0.0001000000000000445
STATE;2026-09-18 16:09:53.086490;nan;nan;WheelAbort;nan
STATE;2026-09-18 16:09:53.086490;nan;nan;AbortITI;nan
VAL;2026-09-18 16:09:53.102116;;;SM_SEND_TIME;35.95014023780823
TRIAL;2026-09-18 16:09:53.102116;;;New trial;
VAL;2026-09-18 16:09:53.102116;;;WHEEL_POS;35.950,0.00
VAL;2026-09-18 16:09:53.139875;;;WHEEL_POS;35.988,0.40
VAL;2026-09-18 16:09:53.171126;;;WHEEL_POS;36.019,0.70
VAL;2026-09-18 16:09:53.202380;;;WHEEL_POS;36.050,1.40
VAL;2026-09-18 16:09:53.224219;;;WHEEL_POS;36.072,2.50
VAL;2026-09-18 16:09:53.255478;;;WHEEL_POS;36.104,3.50
EVENT;2026-09-18 16:09:53.255478;0.156;;1;RotaryEncoder1_2
VAL;2026-09-18 16:09:53.271104;;;WHEEL_POS;36.119,4.20
VAL;2026-09-18 16:09:53.302355;;;WHEEL_POS;36.150,5.30
VAL;2026-09-18 16:09:53.324210;;;WHEEL_POS;36.172,6.70
VAL;2026-09-18 16:09:53.339844;;;WHEEL_POS;36.188,7.40
VAL;2026-09-18 16:09:53.371091;;;WHEEL_POS;36.219,8.40
EVENT;2026-09-18 16:09:53.383654;0.2878;;5;RotaryEncoder1_6
VAL;2026-09-18 16:09:53.399282;;;WHEEL_POS;36.247,9.80
VAL;2026-09-18 16:09:53.424301;;;WHEEL_POS;36.272,11.60
VAL;2026-09-18 16:09:53.455559;;;WHEEL_POS;36.304,13.40
VAL;2026-09-18 16:09:53.471184;;;WHEEL_POS;36.319,14.40
VAL;2026-09-18 16:09:53.502437;;;WHEEL_POS;36.350,16.50
VAL;2026-09-18 16:09:53.540205;;;WHEEL_POS;36.388,20.00
VAL;2026-09-18 16:09:53.571462;;;WHEEL_POS;36.419,22.50
VAL;2026-09-18 16:09:53.602708;;;WHEEL_POS;36.451,24.60
VAL;2026-09-18 16:09:53.624563;;;WHEEL_POS;36.473,26.40
VAL;2026-09-18 16:09:53.655824;;;WHEEL_POS;36.504,27.40
VAL;2026-09-18 16:09:53.687080;;;WHEEL_POS;36.535,28.80
VAL;2026-09-18 16:09:53.718329;;;WHEEL_POS;36.566,29.90
VAL;2026-09-18 16:09:53.740462;;;WHEEL_POS;36.588,30.90
VAL;2026-09-18 16:09:53.756094;;;WHEEL_POS;36.604,31.60
VAL;2026-09-18 16:09:53.787341;;;WHEEL_POS;36.635,32.70
VAL;2026-09-18 16:09:53.813659;;;WHEEL_POS;36.662,33.80
EVENT;2026-09-18 16:09:53.824664;0.7271000000000001;;3;RotaryEncoder1_4
TRANSITION;2026-09-18 16:09:53.824664;0.7271000000000001;;Reward;
VAL;2026-09-18 16:09:53.840294;;;WHEEL_POS;36.688,35.20
VAL;2026-09-18 16:09:53.871546;;;WHEEL_POS;36.720,36.60
EVENT;2026-09-18 16:09:53.887172;0.7759;;158;Tup
TRANSITION;2026-09-18 16:09:53.887172;0.7759;;Consumption;
VAL;2026-09-18 16:09:53.887172;;;WHEEL_POS;36.735,37.30
VAL;2026-09-18 16:09:53.924934;;;WHEEL_POS;36.773,38.00
VAL;2026-09-18 16:09:53.940567;;;WHEEL_POS;36.789,38.30
VAL;2026-09-18 16:09:53.956193;;;WHEEL_POS;36.804,38.30
VAL;2026-09-18 16:09:53.997275;;;WHEEL_POS;36.845,38.70
VAL;2026-09-18 16:09:54.040547;;;WHEEL_POS;36.889,38.70
VAL;2026-09-18 16:09:54.056174;;;WHEEL_POS;36.904,38.70
VAL;2026-09-18 16:09:54.087426;;;WHEEL_POS;36.935,38.70
VAL;2026-09-18 16:09:54.103052;;;WHEEL_POS;36.951,38.70
VAL;2026-09-18 16:09:54.140816;;;WHEEL_POS;36.989,38.70
VAL;2026-09-18 16:09:54.172068;;;WHEEL_POS;37.020,38.30
VAL;2026-09-18 16:09:54.203321;;;WHEEL_POS;37.051,38.00
VAL;2026-09-18 16:09:54.225168;;;WHEEL_POS;37.073,38.00
VAL;2026-09-18 16:09:54.256422;;;WHEEL_POS;37.104,38.00
VAL;2026-09-18 16:09:54.272049;;;WHEEL_POS;37.120,38.00
VAL;2026-09-18 16:09:54.303301;;;WHEEL_POS;37.151,38.30
VAL;2026-09-18 16:09:54.325351;;;WHEEL_POS;37.173,38.30
VAL;2026-09-18 16:09:54.361117;;;WHEEL_POS;37.209,38.30
VAL;2026-09-18 16:09:54.400210;;;WHEEL_POS;37.248,38.30
VAL;2026-09-18 16:09:54.440979;;;WHEEL_POS;37.289,38.30
VAL;2026-09-18 16:09:54.472231;;;WHEEL_POS;37.320,38.30
VAL;2026-09-18 16:09:54.503490;;;WHEEL_POS;37.352,38.30
VAL;2026-09-18 16:09:54.556888;;;WHEEL_POS;37.405,38.30
VAL;2026-09-18 16:09:54.572506;;;WHEEL_POS;37.421,38.30
VAL;2026-09-18 16:09:54.588133;;;WHEEL_POS;37.436,38.30
VAL;2026-09-18 16:09:54.625802;;;WHEEL_POS;37.474,38.30
VAL;2026-09-18 16:09:54.657058;;;WHEEL_POS;37.505,38.30
VAL;2026-09-18 16:09:54.688314;;;WHEEL_POS;37.536,38.30
VAL;2026-09-18 16:09:54.726070;;;WHEEL_POS;37.574,38.30
VAL;2026-09-18 16:09:54.741701;;;WHEEL_POS;37.590,38.30
VAL;2026-09-18 16:09:54.772955;;;WHEEL_POS;37.621,38.30
VAL;2026-09-18 16:09:54.804205;;;WHEEL_POS;37.652,38.30
VAL;2026-09-18 16:09:54.826094;;;WHEEL_POS;37.674,38.30
VAL;2026-09-18 16:09:54.857351;;;WHEEL_POS;37.705,38.30
VAL;2026-09-18 16:09:54.888602;;;WHEEL_POS;37.737,38.30
VAL;2026-09-18 16:09:54.926365;;;WHEEL_POS;37.774,38.30
VAL;2026-09-18 16:09:54.941994;;;WHEEL_POS;37.790,38.30
VAL;2026-09-18 16:09:54.983384;;;WHEEL_POS;37.831,38.30
VAL;2026-09-18 16:09:55.018695;;;WHEEL_POS;37.867,38.30
VAL;2026-09-18 16:09:55.041830;;;WHEEL_POS;37.890,38.30
VAL;2026-09-18 16:09:55.073088;;;WHEEL_POS;37.921,38.30
VAL;2026-09-18 16:09:55.104334;;;WHEEL_POS;37.952,38.30
VAL;2026-09-18 16:09:55.119960;;;WHEEL_POS;37.968,38.30
VAL;2026-09-18 16:09:55.142100;;;WHEEL_POS;37.990,38.30
VAL;2026-09-18 16:09:55.173351;;;WHEEL_POS;38.021,38.30
VAL;2026-09-18 16:09:55.188978;;;WHEEL_POS;38.037,38.30
VAL;2026-09-18 16:09:55.226640;;;WHEEL_POS;38.075,38.30
VAL;2026-09-18 16:09:55.257896;;;WHEEL_POS;38.106,38.30
VAL;2026-09-18 16:09:55.289148;;;WHEEL_POS;38.137,38.30
VAL;2026-09-18 16:09:55.326792;;;WHEEL_POS;38.175,38.30
VAL;2026-09-18 16:09:55.358048;;;WHEEL_POS;38.206,38.30
VAL;2026-09-18 16:09:55.400635;;;WHEEL_POS;38.249,38.30
VAL;2026-09-18 16:09:55.442435;;;WHEEL_POS;38.290,38.30
VAL;2026-09-18 16:09:55.489318;;;WHEEL_POS;38.337,38.30
VAL;2026-09-18 16:09:55.504939;;;WHEEL_POS;38.353,38.30
VAL;2026-09-18 16:09:55.542704;;;WHEEL_POS;38.391,38.30
VAL;2026-09-18 16:09:55.573956;;;WHEEL_POS;38.422,38.30
VAL;2026-09-18 16:09:55.623151;;;WHEEL_POS;38.471,38.30
VAL;2026-09-18 16:09:55.642791;;;WHEEL_POS;38.491,38.30
VAL;2026-09-18 16:09:55.674044;;;WHEEL_POS;38.522,38.30
VAL;2026-09-18 16:09:55.705299;;;WHEEL_POS;38.553,38.30
VAL;2026-09-18 16:09:55.720923;;;WHEEL_POS;38.569,38.30
VAL;2026-09-18 16:09:55.745562;;;WHEEL_POS;38.594,38.30
VAL;2026-09-18 16:09:55.761196;;;WHEEL_POS;38.609,38.30
VAL;2026-09-18 16:09:55.792442;;;WHEEL_POS;38.640,38.30
VAL;2026-09-18 16:09:55.825270;;;WHEEL_POS;38.673,38.30
VAL;2026-09-18 16:09:55.842902;;;WHEEL_POS;38.691,38.30
VAL;2026-09-18 16:09:55.889785;;;WHEEL_POS;38.738,38.30
VAL;2026-09-18 16:09:55.905407;;;WHEEL_POS;38.753,38.30
VAL;2026-09-18 16:09:55.921033;;;WHEEL_POS;38.769,38.30
VAL;2026-09-18 16:09:55.943167;;;WHEEL_POS;38.791,38.30
VAL;2026-09-18 16:09:55.974420;;;WHEEL_POS;38.822,38.30
VAL;2026-09-18 16:09:56.016013;;;WHEEL_POS;38.864,38.30
VAL;2026-09-18 16:09:56.043197;;;WHEEL_POS;38.891,38.30
VAL;2026-09-18 16:09:56.090075;;;WHEEL_POS;38.938,38.30
VAL;2026-09-18 16:09:56.105701;;;WHEEL_POS;38.954,38.30
VAL;2026-09-18 16:09:56.143466;;;WHEEL_POS;38.991,38.30
VAL;2026-09-18 16:09:56.174718;;;WHEEL_POS;39.023,38.30
VAL;2026-09-18 16:09:56.205975;;;WHEEL_POS;39.054,38.30
VAL;2026-09-18 16:09:56.259220;;;WHEEL_POS;39.107,38.30
VAL;2026-09-18 16:09:56.274841;;;WHEEL_POS;39.123,38.30
VAL;2026-09-18 16:09:56.313622;;;WHEEL_POS;39.162,38.30
VAL;2026-09-18 16:09:56.343764;;;WHEEL_POS;39.192,38.30
VAL;2026-09-18 16:09:56.375017;;;WHEEL_POS;39.223,38.30
VAL;2026-09-18 16:09:56.401478;;;WHEEL_POS;39.250,38.30
VAL;2026-09-18 16:09:56.444286;;;WHEEL_POS;39.292,38.30
VAL;2026-09-18 16:09:56.475540;;;WHEEL_POS;39.324,38.30
VAL;2026-09-18 16:09:56.506789;;;WHEEL_POS;39.355,38.30
VAL;2026-09-18 16:09:56.544560;;;WHEEL_POS;39.393,38.30
VAL;2026-09-18 16:09:56.575808;;;WHEEL_POS;39.424,38.30
VAL;2026-09-18 16:09:56.607066;;;WHEEL_POS;39.455,38.30
VAL;2026-09-18 16:09:56.660301;;;WHEEL_POS;39.508,38.30
VAL;2026-09-18 16:09:56.675923;;;WHEEL_POS;39.524,38.30
VAL;2026-09-18 16:09:56.707175;;;WHEEL_POS;39.555,38.30
VAL;2026-09-18 16:09:56.744954;;;WHEEL_POS;39.593,38.30
VAL;2026-09-18 16:09:56.776205;;;WHEEL_POS;39.624,38.30
VAL;2026-09-18 16:09:56.807457;;;WHEEL_POS;39.655,38.30
VAL;2026-09-18 16:09:56.827896;;;WHEEL_POS;39.676,38.30
VAL;2026-09-18 16:09:56.845028;;;WHEEL_POS;39.693,38.30
VAL;2026-09-18 16:09:56.876280;;;WHEEL_POS;39.724,38.30
EVENT;2026-09-18 16:09:56.876280;3.7759;;158;Tup
TRANSITION;2026-09-18 16:09:56.876280;3.7759;;ITI;
VAL;2026-09-18 16:09:56.891905;;;WHEEL_POS;39.740,38.30
VAL;2026-09-18 16:09:56.929667;;;WHEEL_POS;39.778,38.30
VAL;2026-09-18 16:09:56.945298;;;WHEEL_POS;39.793,38.30
VAL;2026-09-18 16:09:56.960923;;;WHEEL_POS;39.809,38.30
VAL;2026-09-18 16:09:57.001594;;;WHEEL_POS;39.850,38.30
VAL;2026-09-18 16:09:57.045401;;;WHEEL_POS;39.893,38.30
VAL;2026-09-18 16:09:57.061030;;;WHEEL_POS;39.909,38.30
VAL;2026-09-18 16:09:57.092280;;;WHEEL_POS;39.940,38.30
VAL;2026-09-18 16:09:57.107906;;;WHEEL_POS;39.956,38.30
VAL;2026-09-18 16:09:57.145683;;;WHEEL_POS;39.994,38.30
VAL;2026-09-18 16:09:57.192564;;;WHEEL_POS;40.041,38.30
VAL;2026-09-18 16:09:57.208187;;;WHEEL_POS;40.056,38.30
VAL;2026-09-18 16:09:57.245779;;;WHEEL_POS;40.094,38.30
VAL;2026-09-18 16:09:57.277031;;;WHEEL_POS;40.125,38.30
VAL;2026-09-18 16:09:57.308283;;;WHEEL_POS;40.156,38.30
VAL;2026-09-18 16:09:57.330335;;;WHEEL_POS;40.178,38.30
VAL;2026-09-18 16:09:57.345969;;;WHEEL_POS;40.194,38.30
VAL;2026-09-18 16:09:57.377217;;;WHEEL_POS;40.225,38.30
VAL;2026-09-18 16:09:57.401675;;;WHEEL_POS;40.250,38.30
VAL;2026-09-18 16:09:57.445964;;;WHEEL_POS;40.294,38.30
VAL;2026-09-18 16:09:57.477218;;;WHEEL_POS;40.325,38.30
VAL;2026-09-18 16:09:57.508474;;;WHEEL_POS;40.356,38.30
VAL;2026-09-18 16:09:57.524094;;;WHEEL_POS;40.372,38.30
VAL;2026-09-18 16:09:57.550614;;;WHEEL_POS;40.399,38.30
VAL;2026-09-18 16:09:57.581871;;;WHEEL_POS;40.430,38.30
VAL;2026-09-18 16:09:57.613116;;;WHEEL_POS;40.461,38.30
VAL;2026-09-18 16:09:57.646531;;;WHEEL_POS;40.495,38.30
VAL;2026-09-18 16:09:57.677778;;;WHEEL_POS;40.526,38.30
VAL;2026-09-18 16:09:57.709034;;;WHEEL_POS;40.557,38.30
VAL;2026-09-18 16:09:57.746789;;;WHEEL_POS;40.595,38.30
VAL;2026-09-18 16:09:57.778041;;;WHEEL_POS;40.626,38.30
VAL;2026-09-18 16:09:57.809293;;;WHEEL_POS;40.657,38.30
VAL;2026-09-18 16:09:57.847594;;;WHEEL_POS;40.696,38.30
VAL;2026-09-18 16:09:57.894474;;;WHEEL_POS;40.742,38.30
VAL;2026-09-18 16:09:57.910099;;;WHEEL_POS;40.758,38.30
VAL;2026-09-18 16:09:57.947356;;;WHEEL_POS;40.795,38.30
VAL;2026-09-18 16:09:57.962988;;;WHEEL_POS;40.811,38.30
VAL;2026-09-18 16:09:58.002126;;;WHEEL_POS;40.850,38.30
VAL;2026-09-18 16:09:58.048497;;;WHEEL_POS;40.897,38.30
VAL;2026-09-18 16:09:58.064124;;;WHEEL_POS;40.912,38.30
VAL;2026-09-18 16:09:58.095378;;;WHEEL_POS;40.943,38.30
VAL;2026-09-18 16:09:58.131631;;;WHEEL_POS;40.980,38.30
VAL;2026-09-18 16:09:58.147260;;;WHEEL_POS;40.995,38.30
VAL;2026-09-18 16:09:58.178511;;;WHEEL_POS;41.027,38.30
VAL;2026-09-18 16:09:58.194138;;;WHEEL_POS;41.042,38.30
VAL;2026-09-18 16:09:58.232414;;;WHEEL_POS;41.080,38.30
VAL;2026-09-18 16:09:58.248043;;;WHEEL_POS;41.096,38.30
VAL;2026-09-18 16:09:58.279295;;;WHEEL_POS;41.127,38.30
VAL;2026-09-18 16:09:58.294925;;;WHEEL_POS;41.143,38.30
VAL;2026-09-18 16:09:58.332206;;;WHEEL_POS;41.180,38.30
VAL;2026-09-18 16:09:58.361352;;;WHEEL_POS;41.209,38.30
VAL;2026-09-18 16:09:58.376978;;;WHEEL_POS;41.225,38.30
EVENT;2026-09-18 16:09:58.386483;5.2759;;158;Tup
END-TRIAL;2026-09-18 16:09:58.386483;;;The trial ended;
INFO;2026-09-18 16:09:58.386483;45.506431;50.782334;TRIAL-BPOD-TIME;5.275903
STATE;2026-09-18 16:09:58.386483;0;0.7271000000000001;WheelDotPeriod;0.7271000000000001
STATE;2026-09-18 16:09:58.386483;0.7271000000000001;0.7759;Reward;0.048799999999999955
STATE;2026-09-18 16:09:58.386483;0.7759;3.7759;Consumption;3.0
STATE;2026-09-18 16:09:58.386483;3.7759;5.2759;ITI;1.5
STATE;2026-09-18 16:09:58.386483;nan;nan;ErrorConsumption;nan
STATE;2026-09-18 16:09:58.386483;nan;nan;IncorrectITI;nan
STATE;2026-09-18 16:09:58.386483;nan;nan;NoResponse;nan
VAL;2026-09-18 16:09:58.417744;;;INCLUDED;True
VAL;2026-09-18 16:09:58.417744;;;CONSUMPTION_LICKED;False
VAL;2026-09-18 16:09:58.417744;;;LED_ON_TIME;35.95014023780823
VAL;2026-09-18 16:09:58.417744;;;DOT_ONSET_JITTER_S;0.17429784823403982
VAL;2026-09-18 16:09:58.417744;;;DOT_ONSET_TIME;36.12443808604227
VAL;2026-09-18 16:09:58.417744;;;THRESHOLD_CROSSING_TIME;36.67724023780823
VAL;2026-09-18 16:09:58.417744;;;DOT_DISAPPEAR_JITTER_S;0.5829330835174664
VAL;2026-09-18 16:09:58.417744;;;DOT_DISAPPEAR_TIME;37.260173321325695
VAL;2026-09-18 16:09:58.417744;;;CORRECT;True
stdout;2026-09-18 16:09:58.417744;;;Trial 5 (warmup): side=R, Reward -> reward;
stdout;2026-09-18 16:09:58.417744;;;|
|;
VAL;2026-09-18 16:09:58.818347;;;TRIAL_INIT_START;41.66637134552002
VAL;2026-09-18 16:09:58.850365;;;WHEEL_POS;41.698,38.30
VAL;2026-09-18 16:09:58.865995;;;WHEEL_POS;41.714,38.30
VAL;2026-09-18 16:09:58.897247;;;WHEEL_POS;41.745,38.30
VAL;2026-09-18 16:09:58.933006;;;WHEEL_POS;41.781,38.30
VAL;2026-09-18 16:09:58.948634;;;WHEEL_POS;41.797,38.30
VAL;2026-09-18 16:09:58.979887;;;WHEEL_POS;41.828,38.30
VAL;2026-09-18 16:09:59.002526;;;WHEEL_POS;41.851,38.30
VAL;2026-09-18 16:09:59.018152;;;TRIAL_START;41.850550413131714
VAL;2026-09-18 16:09:59.018152;;;QUIESCENCE_BREAKS;0
VAL;2026-09-18 16:09:59.018152;;;TRIAL_TYPE;warmup
VAL;2026-09-18 16:09:59.195941;;;TRIAL_SIDE;R
VAL;2026-09-18 16:09:59.195941;;;CLICK_TIMES_L;
VAL;2026-09-18 16:09:59.195941;;;CLICK_TIMES_R;0.0304,0.0498,0.1091
VAL;2026-09-18 16:09:59.195941;;;N_CLICKS_L;0
VAL;2026-09-18 16:09:59.195941;;;N_CLICKS_R;3
VAL;2026-09-18 16:09:59.195941;;;STIM_SEED;89624633
VAL;2026-09-18 16:09:59.195941;;;CUE_ABORT_THRESHOLD_DEG;10.0
VAL;2026-09-18 16:09:59.195941;;;RESPONSE_THRESHOLD_DEG;35.0
VAL;2026-09-18 16:09:59.195941;;;QUIESCENCE_DUR_S;0.1
VAL;2026-09-18 16:09:59.195941;;;ITI_S;1.5
VAL;2026-09-18 16:09:59.195941;;;CLICK_LEVEL_ATTENUATED;False
stdout;2026-09-18 16:09:59.195941;;;Trial 6 (warmup): side=R, n_L=0, n_R=3;
stdout;2026-09-18 16:09:59.195941;;;|
|;
VAL;2026-09-18 16:09:59.195941;;;SM_SEND_TIME;42.043965101242065
VAL;2026-09-18 16:09:59.195941;;;CUE_ONSET_TIME;42.064965101242066
TRIAL;2026-09-18 16:09:59.195941;;;New trial;
VAL;2026-09-18 16:09:59.195941;;;WHEEL_POS;42.044,0.40
VAL;2026-09-18 16:09:59.233701;;;WHEEL_POS;42.082,0.40
VAL;2026-09-18 16:09:59.250338;;;WHEEL_POS;42.098,0.40
VAL;2026-09-18 16:09:59.265968;;;WHEEL_POS;42.114,0.40
VAL;2026-09-18 16:09:59.297220;;;WHEEL_POS;42.145,0.70
VAL;2026-09-18 16:09:59.333986;;;WHEEL_POS;42.182,0.70
VAL;2026-09-18 16:09:59.349616;;;WHEEL_POS;42.198,0.70
VAL;2026-09-18 16:09:59.386658;;;WHEEL_POS;42.235,0.40
VAL;2026-09-18 16:09:59.403290;;;WHEEL_POS;42.251,0.40
VAL;2026-09-18 16:09:59.418916;;;WHEEL_POS;42.267,0.40
VAL;2026-09-18 16:09:59.451057;;;WHEEL_POS;42.299,0.40
VAL;2026-09-18 16:09:59.466685;;;WHEEL_POS;42.315,0.40
EVENT;2026-09-18 16:09:59.466685;0.271;;158;Tup
TRANSITION;2026-09-18 16:09:59.466685;0.271;;DelayPeriod;
VAL;2026-09-18 16:09:59.497937;;;WHEEL_POS;42.346,0.70
VAL;2026-09-18 16:09:59.534194;;;WHEEL_POS;42.382,0.70
VAL;2026-09-18 16:09:59.549821;;;WHEEL_POS;42.398,0.70
VAL;2026-09-18 16:09:59.581074;;;WHEEL_POS;42.429,0.70
VAL;2026-09-18 16:09:59.612326;;;WHEEL_POS;42.460,0.70
VAL;2026-09-18 16:09:59.627953;;;WHEEL_POS;42.476,0.70
EVENT;2026-09-18 16:09:59.634457;0.4374;;158;Tup
TRANSITION;2026-09-18 16:09:59.634457;0.4374;;CueComplete;
EVENT;2026-09-18 16:09:59.634457;0.4375;;158;Tup
END-TRIAL;2026-09-18 16:09:59.634457;;;The trial ended;
INFO;2026-09-18 16:09:59.634457;51.605331;52.042835;TRIAL-BPOD-TIME;0.437503999999997
STATE;2026-09-18 16:09:59.634457;0;0.271;CuePeriod;0.271
STATE;2026-09-18 16:09:59.634457;0.271;0.4374;DelayPeriod;0.1664
STATE;2026-09-18 16:09:59.634457;0.4374;0.4375;CueComplete;9.999999999998899e-05
STATE;2026-09-18 16:09:59.634457;nan;nan;WheelAbort;nan
STATE;2026-09-18 16:09:59.634457;nan;nan;AbortITI;nan
VAL;2026-09-18 16:09:59.650086;;;SM_SEND_TIME;42.49811053276062
TRIAL;2026-09-18 16:09:59.650590;;;New trial;
VAL;2026-09-18 16:09:59.666218;;;WHEEL_POS;42.514,0.00
VAL;2026-09-18 16:09:59.681845;;;WHEEL_POS;42.530,0.00
VAL;2026-09-18 16:09:59.713097;;;WHEEL_POS;42.561,0.00
VAL;2026-09-18 16:09:59.746738;;;WHEEL_POS;42.595,0.00
VAL;2026-09-18 16:09:59.777995;;;WHEEL_POS;42.626,0.00
VAL;2026-09-18 16:09:59.809255;;;WHEEL_POS;42.657,0.00
VAL;2026-09-18 16:09:59.849893;;;WHEEL_POS;42.698,0.00
VAL;2026-09-18 16:09:59.881150;;;WHEEL_POS;42.729,0.00
VAL;2026-09-18 16:09:59.928032;;;WHEEL_POS;42.776,0.00
VAL;2026-09-18 16:09:59.950679;;;WHEEL_POS;42.799,0.00
VAL;2026-09-18 16:09:59.986936;;;WHEEL_POS;42.835,0.00
VAL;2026-09-18 16:10:00.002568;;;WHEEL_POS;42.851,0.00
VAL;2026-09-18 16:10:00.035322;;;WHEEL_POS;42.883,0.00
VAL;2026-09-18 16:10:00.051452;;;WHEEL_POS;42.899,0.00
VAL;2026-09-18 16:10:00.067083;;;WHEEL_POS;42.915,0.00
VAL;2026-09-18 16:10:00.098333;;;WHEEL_POS;42.946,0.00
VAL;2026-09-18 16:10:00.113960;;;WHEEL_POS;42.962,-0.40
VAL;2026-09-18 16:10:00.151230;;;WHEEL_POS;42.999,-1.10
VAL;2026-09-18 16:10:00.182476;;;WHEEL_POS;43.031,-0.70
VAL;2026-09-18 16:10:00.199497;;;WHEEL_POS;43.048,-0.40
VAL;2026-09-18 16:10:00.215129;;;WHEEL_POS;43.063,0.00
VAL;2026-09-18 16:10:00.252926;;;WHEEL_POS;43.101,0.70
VAL;2026-09-18 16:10:00.284181;;;WHEEL_POS;43.132,1.10
VAL;2026-09-18 16:10:00.318437;;;WHEEL_POS;43.166,1.10
VAL;2026-09-18 16:10:00.351211;;;WHEEL_POS;43.199,1.10
VAL;2026-09-18 16:10:00.386998;;;WHEEL_POS;43.235,1.80
VAL;2026-09-18 16:10:00.403633;;;WHEEL_POS;43.252,2.50
EVENT;2026-09-18 16:10:00.419255;0.772;;1;RotaryEncoder1_2
VAL;2026-09-18 16:10:00.435885;;;WHEEL_POS;43.284,3.90
VAL;2026-09-18 16:10:00.452518;;;WHEEL_POS;43.301,4.90
VAL;2026-09-18 16:10:00.468154;;;WHEEL_POS;43.316,5.60
VAL;2026-09-18 16:10:00.499400;;;WHEEL_POS;43.347,7.00
VAL;2026-09-18 16:10:00.515026;;;WHEEL_POS;43.363,7.70
VAL;2026-09-18 16:10:00.551803;;;WHEEL_POS;43.400,9.80
EVENT;2026-09-18 16:10:00.551803;0.8949;;5;RotaryEncoder1_6
VAL;2026-09-18 16:10:00.598686;;;WHEEL_POS;43.447,12.70
VAL;2026-09-18 16:10:00.614310;;;WHEEL_POS;43.462,15.50
VAL;2026-09-18 16:10:00.629935;;;WHEEL_POS;43.478,17.20
VAL;2026-09-18 16:10:00.652574;;;WHEEL_POS;43.501,19.00
VAL;2026-09-18 16:10:00.668205;;;WHEEL_POS;43.516,20.40
VAL;2026-09-18 16:10:00.699456;;;WHEEL_POS;43.547,22.90
VAL;2026-09-18 16:10:00.736712;;;WHEEL_POS;43.585,25.30
VAL;2026-09-18 16:10:00.752345;;;WHEEL_POS;43.600,26.70
VAL;2026-09-18 16:10:00.783593;;;WHEEL_POS;43.632,28.50
VAL;2026-09-18 16:10:00.814848;;;WHEEL_POS;43.663,29.90
VAL;2026-09-18 16:10:00.853114;;;WHEEL_POS;43.701,30.60
VAL;2026-09-18 16:10:00.884371;;;WHEEL_POS;43.732,31.30
VAL;2026-09-18 16:10:00.931253;;;WHEEL_POS;43.779,32.00
VAL;2026-09-18 16:10:00.952896;;;WHEEL_POS;43.801,32.70
VAL;2026-09-18 16:10:01.003604;;;WHEEL_POS;43.852,33.00
VAL;2026-09-18 16:10:01.019228;;;WHEEL_POS;43.867,33.40
VAL;2026-09-18 16:10:01.055493;;;WHEEL_POS;43.904,34.10
VAL;2026-09-18 16:10:01.086748;;;WHEEL_POS;43.935,34.50
VAL;2026-09-18 16:10:01.118000;;;WHEEL_POS;43.966,34.80
EVENT;2026-09-18 16:10:01.118000;1.4675;;3;RotaryEncoder1_4
TRANSITION;2026-09-18 16:10:01.118000;1.4675;;Reward;
VAL;2026-09-18 16:10:01.153277;;;WHEEL_POS;44.001,35.50
EVENT;2026-09-18 16:10:01.168904;1.5163;;158;Tup
TRANSITION;2026-09-18 16:10:01.168904;1.5163;;Consumption;
VAL;2026-09-18 16:10:01.184529;;;WHEEL_POS;44.033,35.90
VAL;2026-09-18 16:10:01.215781;;;WHEEL_POS;44.064,36.60
VAL;2026-09-18 16:10:01.254551;;;WHEEL_POS;44.103,36.60
VAL;2026-09-18 16:10:01.270181;;;WHEEL_POS;44.118,36.60
VAL;2026-09-18 16:10:01.301434;;;WHEEL_POS;44.149,36.60
VAL;2026-09-18 16:10:01.319064;;;WHEEL_POS;44.167,36.20
VAL;2026-09-18 16:10:01.338199;;;WHEEL_POS;44.186,36.20
VAL;2026-09-18 16:10:01.353827;;;WHEEL_POS;44.202,36.20
VAL;2026-09-18 16:10:01.388910;;;WHEEL_POS;44.237,36.20
VAL;2026-09-18 16:10:01.404539;;;WHEEL_POS;44.253,36.20
VAL;2026-09-18 16:10:01.420165;;;WHEEL_POS;44.268,36.20
VAL;2026-09-18 16:10:01.456262;;;WHEEL_POS;44.304,35.90
VAL;2026-09-18 16:10:01.487516;;;WHEEL_POS;44.336,35.90
VAL;2026-09-18 16:10:01.503142;;;WHEEL_POS;44.351,35.90
VAL;2026-09-18 16:10:01.538400;;;WHEEL_POS;44.386,35.90
VAL;2026-09-18 16:10:01.554028;;;WHEEL_POS;44.402,36.20
VAL;2026-09-18 16:10:01.585282;;;WHEEL_POS;44.433,36.20
VAL;2026-09-18 16:10:01.616533;;;WHEEL_POS;44.465,36.20
VAL;2026-09-18 16:10:01.656902;;;WHEEL_POS;44.505,36.20
VAL;2026-09-18 16:10:01.688156;;;WHEEL_POS;44.536,36.20
VAL;2026-09-18 16:10:01.719409;;;WHEEL_POS;44.567,36.20
VAL;2026-09-18 16:10:01.738540;;;WHEEL_POS;44.587,36.20
VAL;2026-09-18 16:10:01.754168;;;WHEEL_POS;44.602,36.20
VAL;2026-09-18 16:10:01.785421;;;WHEEL_POS;44.633,36.20
VAL;2026-09-18 16:10:01.801048;;;WHEEL_POS;44.649,36.20
VAL;2026-09-18 16:10:01.832300;;;WHEEL_POS;44.680,36.20
VAL;2026-09-18 16:10:01.857811;;;WHEEL_POS;44.706,36.20
VAL;2026-09-18 16:10:01.873445;;;WHEEL_POS;44.721,36.20
VAL;2026-09-18 16:10:01.904692;;;WHEEL_POS;44.753,36.20
VAL;2026-09-18 16:10:01.938955;;;WHEEL_POS;44.787,36.20
VAL;2026-09-18 16:10:01.954582;;;WHEEL_POS;44.803,36.20
VAL;2026-09-18 16:10:01.970210;;;WHEEL_POS;44.818,36.20
VAL;2026-09-18 16:10:02.003969;;;WHEEL_POS;44.852,36.20
VAL;2026-09-18 16:10:02.039227;;;WHEEL_POS;44.887,36.20
VAL;2026-09-18 16:10:02.057861;;;WHEEL_POS;44.906,36.20
VAL;2026-09-18 16:10:02.073499;;;WHEEL_POS;44.922,36.20
VAL;2026-09-18 16:10:02.104742;;;WHEEL_POS;44.953,36.20
VAL;2026-09-18 16:10:02.139518;;;WHEEL_POS;44.988,36.20
VAL;2026-09-18 16:10:02.170780;;;WHEEL_POS;45.019,36.20
VAL;2026-09-18 16:10:02.202037;;;WHEEL_POS;45.050,36.20
VAL;2026-09-18 16:10:02.233285;;;WHEEL_POS;45.081,36.20
VAL;2026-09-18 16:10:02.258266;;;WHEEL_POS;45.106,36.20
VAL;2026-09-18 16:10:02.289520;;;WHEEL_POS;45.138,36.20
VAL;2026-09-18 16:10:02.305147;;;WHEEL_POS;45.153,36.20
VAL;2026-09-18 16:10:02.339794;;;WHEEL_POS;45.188,36.20
VAL;2026-09-18 16:10:02.361928;;;WHEEL_POS;45.210,36.20
VAL;2026-09-18 16:10:02.405025;;;WHEEL_POS;45.253,36.20
VAL;2026-09-18 16:10:02.439792;;;WHEEL_POS;45.288,36.20
VAL;2026-09-18 16:10:02.458468;;;WHEEL_POS;45.306,36.20
VAL;2026-09-18 16:10:02.474098;;;WHEEL_POS;45.322,36.20
VAL;2026-09-18 16:10:02.505348;;;WHEEL_POS;45.353,36.20
VAL;2026-09-18 16:10:02.520974;;;WHEEL_POS;45.369,36.20
VAL;2026-09-18 16:10:02.540012;;;WHEEL_POS;45.388,36.20
VAL;2026-09-18 16:10:02.571269;;;WHEEL_POS;45.419,36.20
VAL;2026-09-18 16:10:02.586894;;;WHEEL_POS;45.435,36.20
VAL;2026-09-18 16:10:02.618147;;;WHEEL_POS;45.466,36.20
VAL;2026-09-18 16:10:02.659413;;;WHEEL_POS;45.507,36.20
VAL;2026-09-18 16:10:02.675044;;;WHEEL_POS;45.523,36.20
VAL;2026-09-18 16:10:02.706294;;;WHEEL_POS;45.554,36.20
VAL;2026-09-18 16:10:02.740559;;;WHEEL_POS;45.589,36.20
VAL;2026-09-18 16:10:02.771814;;;WHEEL_POS;45.620,36.20
VAL;2026-09-18 16:10:02.803069;;;WHEEL_POS;45.651,36.20
VAL;2026-09-18 16:10:02.834317;;;WHEEL_POS;45.682,36.20
VAL;2026-09-18 16:10:02.860304;;;WHEEL_POS;45.708,36.20
VAL;2026-09-18 16:10:02.875938;;;WHEEL_POS;45.724,36.20
VAL;2026-09-18 16:10:02.907186;;;WHEEL_POS;45.755,36.20
VAL;2026-09-18 16:10:02.940954;;;WHEEL_POS;45.789,36.20
VAL;2026-09-18 16:10:02.972214;;;WHEEL_POS;45.820,36.20
VAL;2026-09-18 16:10:03.003978;;;WHEEL_POS;45.852,36.20
VAL;2026-09-18 16:10:03.035224;;;WHEEL_POS;45.883,36.20
VAL;2026-09-18 16:10:03.060899;;;WHEEL_POS;45.909,36.60
VAL;2026-09-18 16:10:03.076533;;;WHEEL_POS;45.925,36.60
VAL;2026-09-18 16:10:03.107781;;;WHEEL_POS;45.956,36.60
VAL;2026-09-18 16:10:03.141045;;;WHEEL_POS;45.989,36.60
VAL;2026-09-18 16:10:03.172309;;;WHEEL_POS;46.020,36.60
VAL;2026-09-18 16:10:03.203559;;;WHEEL_POS;46.052,36.60
VAL;2026-09-18 16:10:03.234807;;;WHEEL_POS;46.083,36.60
VAL;2026-09-18 16:10:03.261269;;;WHEEL_POS;46.109,36.60
VAL;2026-09-18 16:10:03.292523;;;WHEEL_POS;46.141,36.60
VAL;2026-09-18 16:10:03.308149;;;WHEEL_POS;46.156,36.60
VAL;2026-09-18 16:10:03.341322;;;WHEEL_POS;46.189,36.60
VAL;2026-09-18 16:10:03.356956;;;WHEEL_POS;46.205,36.60
VAL;2026-09-18 16:10:03.390539;;;WHEEL_POS;46.239,36.60
VAL;2026-09-18 16:10:03.421798;;;WHEEL_POS;46.270,36.60
VAL;2026-09-18 16:10:03.441425;;;WHEEL_POS;46.289,36.90
VAL;2026-09-18 16:10:03.462093;;;WHEEL_POS;46.310,37.30
VAL;2026-09-18 16:10:03.493348;;;WHEEL_POS;46.341,37.30
VAL;2026-09-18 16:10:03.508974;;;WHEEL_POS;46.357,37.30
VAL;2026-09-18 16:10:03.541247;;;WHEEL_POS;46.389,37.30
VAL;2026-09-18 16:10:03.572507;;;WHEEL_POS;46.421,37.30
VAL;2026-09-18 16:10:03.603764;;;WHEEL_POS;46.452,37.30
VAL;2026-09-18 16:10:03.635011;;;WHEEL_POS;46.483,37.30
VAL;2026-09-18 16:10:03.662484;;;WHEEL_POS;46.511,37.30
VAL;2026-09-18 16:10:03.693739;;;WHEEL_POS;46.542,37.30
VAL;2026-09-18 16:10:03.724990;;;WHEEL_POS;46.573,37.30
VAL;2026-09-18 16:10:03.762297;;;WHEEL_POS;46.610,36.90
VAL;2026-09-18 16:10:03.777924;;;WHEEL_POS;46.626,36.90
VAL;2026-09-18 16:10:03.809179;;;WHEEL_POS;46.657,36.90
VAL;2026-09-18 16:10:03.841933;;;WHEEL_POS;46.690,36.90
VAL;2026-09-18 16:10:03.862383;;;WHEEL_POS;46.710,36.90
VAL;2026-09-18 16:10:03.879022;;;WHEEL_POS;46.727,37.30
VAL;2026-09-18 16:10:03.910266;;;WHEEL_POS;46.758,37.60
VAL;2026-09-18 16:10:03.973286;;;WHEEL_POS;46.821,37.60
VAL;2026-09-18 16:10:04.004754;;;WHEEL_POS;46.853,37.30
VAL;2026-09-18 16:10:04.042013;;;WHEEL_POS;46.890,37.30
VAL;2026-09-18 16:10:04.063191;;;WHEEL_POS;46.911,37.30
VAL;2026-09-18 16:10:04.079822;;;WHEEL_POS;46.928,37.30
VAL;2026-09-18 16:10:04.111078;;;WHEEL_POS;46.959,37.30
VAL;2026-09-18 16:10:04.142205;;;WHEEL_POS;46.990,37.30
EVENT;2026-09-18 16:10:04.173466;4.5163;;158;Tup
TRANSITION;2026-09-18 16:10:04.173466;4.5163;;ITI;
VAL;2026-09-18 16:10:04.173466;;;WHEEL_POS;47.021,37.30
VAL;2026-09-18 16:10:04.204712;;;WHEEL_POS;47.053,37.30
VAL;2026-09-18 16:10:04.242477;;;WHEEL_POS;47.091,37.30
VAL;2026-09-18 16:10:04.263610;;;WHEEL_POS;47.112,37.30
VAL;2026-09-18 16:10:04.296283;;;WHEEL_POS;47.144,37.30
VAL;2026-09-18 16:10:04.311906;;;WHEEL_POS;47.160,37.30
VAL;2026-09-18 16:10:04.342583;;;WHEEL_POS;47.191,36.90
VAL;2026-09-18 16:10:04.358219;;;WHEEL_POS;47.206,36.90
VAL;2026-09-18 16:10:04.391352;;;WHEEL_POS;47.239,36.90
VAL;2026-09-18 16:10:04.406981;;;WHEEL_POS;47.255,36.90
VAL;2026-09-18 16:10:04.442750;;;WHEEL_POS;47.291,36.90
VAL;2026-09-18 16:10:04.458379;;;WHEEL_POS;47.306,36.90
VAL;2026-09-18 16:10:04.481050;;;WHEEL_POS;47.329,36.90
VAL;2026-09-18 16:10:04.512298;;;WHEEL_POS;47.360,36.60
VAL;2026-09-18 16:10:04.558565;;;WHEEL_POS;47.407,36.90
VAL;2026-09-18 16:10:04.574190;;;WHEEL_POS;47.422,36.90
VAL;2026-09-18 16:10:04.605447;;;WHEEL_POS;47.453,36.90
VAL;2026-09-18 16:10:04.636695;;;WHEEL_POS;47.485,36.60
VAL;2026-09-18 16:10:04.666542;;;WHEEL_POS;47.515,36.20
VAL;2026-09-18 16:10:04.697796;;;WHEEL_POS;47.546,36.20
VAL;2026-09-18 16:10:04.729049;;;WHEEL_POS;47.577,36.60
VAL;2026-09-18 16:10:04.758709;;;WHEEL_POS;47.607,36.60
VAL;2026-09-18 16:10:04.789956;;;WHEEL_POS;47.638,36.60
VAL;2026-09-18 16:10:04.821212;;;WHEEL_POS;47.669,36.60
VAL;2026-09-18 16:10:04.868232;;;WHEEL_POS;47.716,36.60
VAL;2026-09-18 16:10:04.899488;;;WHEEL_POS;47.748,36.60
VAL;2026-09-18 16:10:04.930745;;;WHEEL_POS;47.779,36.60
VAL;2026-09-18 16:10:04.958885;;;WHEEL_POS;47.807,36.60
VAL;2026-09-18 16:10:04.990546;;;WHEEL_POS;47.839,36.60
VAL;2026-09-18 16:10:05.021800;;;WHEEL_POS;47.870,36.60
VAL;2026-09-18 16:10:05.059067;;;WHEEL_POS;47.907,36.60
VAL;2026-09-18 16:10:05.084801;;;WHEEL_POS;47.933,36.60
VAL;2026-09-18 16:10:05.116060;;;WHEEL_POS;47.964,36.60
VAL;2026-09-18 16:10:05.174948;;;WHEEL_POS;48.023,36.60
VAL;2026-09-18 16:10:05.190571;;;WHEEL_POS;48.039,36.60
VAL;2026-09-18 16:10:05.206196;;;WHEEL_POS;48.054,36.60
VAL;2026-09-18 16:10:05.243963;;;WHEEL_POS;48.092,36.60
VAL;2026-09-18 16:10:05.259592;;;WHEEL_POS;48.108,36.90
VAL;2026-09-18 16:10:05.301176;;;WHEEL_POS;48.149,37.30
VAL;2026-09-18 16:10:05.322393;;;WHEEL_POS;48.170,37.60
VAL;2026-09-18 16:10:05.344028;;;WHEEL_POS;48.192,37.30
VAL;2026-09-18 16:10:05.375284;;;WHEEL_POS;48.223,36.90
VAL;2026-09-18 16:10:05.392141;;;WHEEL_POS;48.240,36.90
VAL;2026-09-18 16:10:05.407769;;;WHEEL_POS;48.256,36.90
VAL;2026-09-18 16:10:05.444026;;;WHEEL_POS;48.292,36.90
VAL;2026-09-18 16:10:05.469665;;;WHEEL_POS;48.318,37.30
VAL;2026-09-18 16:10:05.500925;;;WHEEL_POS;48.349,37.30
VAL;2026-09-18 16:10:05.544187;;;WHEEL_POS;48.392,37.30
VAL;2026-09-18 16:10:05.575445;;;WHEEL_POS;48.423,36.90
VAL;2026-09-18 16:10:05.591075;;;WHEEL_POS;48.439,36.90
VAL;2026-09-18 16:10:05.622325;;;WHEEL_POS;48.470,36.90
VAL;2026-09-18 16:10:05.671945;;;WHEEL_POS;48.520,36.90
EVENT;2026-09-18 16:10:05.671945;6.0163;;158;Tup
END-TRIAL;2026-09-18 16:10:05.671945;;;The trial ended;
INFO;2026-09-18 16:10:05.671945;52.057331;58.073634;TRIAL-BPOD-TIME;6.016303000000001
STATE;2026-09-18 16:10:05.671945;0;1.4675;WheelDotPeriod;1.4675
STATE;2026-09-18 16:10:05.671945;1.4675;1.5163;Reward;0.048799999999999955
STATE;2026-09-18 16:10:05.671945;1.5163;4.5163;Consumption;3.0
STATE;2026-09-18 16:10:05.671945;4.5163;6.0163;ITI;1.5
STATE;2026-09-18 16:10:05.671945;nan;nan;ErrorConsumption;nan
STATE;2026-09-18 16:10:05.671945;nan;nan;IncorrectITI;nan
STATE;2026-09-18 16:10:05.671945;nan;nan;NoResponse;nan
VAL;2026-09-18 16:10:05.734453;;;INCLUDED;True
VAL;2026-09-18 16:10:05.734453;;;CONSUMPTION_LICKED;False
VAL;2026-09-18 16:10:05.734453;;;LED_ON_TIME;42.49811053276062
VAL;2026-09-18 16:10:05.734453;;;DOT_ONSET_JITTER_S;0.13522583950796288
VAL;2026-09-18 16:10:05.734453;;;DOT_ONSET_TIME;42.63333637226858
VAL;2026-09-18 16:10:05.734453;;;THRESHOLD_CROSSING_TIME;43.96561053276062
VAL;2026-09-18 16:10:05.734453;;;DOT_DISAPPEAR_JITTER_S;0.6070884135585358
VAL;2026-09-18 16:10:05.734453;;;DOT_DISAPPEAR_TIME;44.57269894631916
VAL;2026-09-18 16:10:05.734453;;;CORRECT;True
stdout;2026-09-18 16:10:05.734453;;;Trial 6 (warmup): side=R, Reward -> reward;
stdout;2026-09-18 16:10:05.734453;;;|
|;
VAL;2026-09-18 16:10:06.128311;;;TRIAL_INIT_START;48.976335525512695
VAL;2026-09-18 16:10:06.161071;;;WHEEL_POS;49.009,37.30
VAL;2026-09-18 16:10:06.192323;;;WHEEL_POS;49.040,36.90
VAL;2026-09-18 16:10:06.207950;;;WHEEL_POS;49.056,36.90
VAL;2026-09-18 16:10:06.239203;;;WHEEL_POS;49.087,36.90
VAL;2026-09-18 16:10:06.261339;;;WHEEL_POS;49.109,36.90
VAL;2026-09-18 16:10:06.290068;;;WHEEL_POS;49.138,36.90
VAL;2026-09-18 16:10:06.305695;;;TRIAL_START;49.138091802597046
VAL;2026-09-18 16:10:06.305695;;;QUIESCENCE_BREAKS;0
VAL;2026-09-18 16:10:06.305695;;;TRIAL_TYPE;warmup
VAL;2026-09-18 16:10:06.475171;;;TRIAL_SIDE;L
VAL;2026-09-18 16:10:06.475171;;;CLICK_TIMES_L;0.0150,0.0777,0.0927,0.1208,0.1373,0.2081
VAL;2026-09-18 16:10:06.475171;;;CLICK_TIMES_R;
VAL;2026-09-18 16:10:06.475171;;;N_CLICKS_L;6
VAL;2026-09-18 16:10:06.475171;;;N_CLICKS_R;0
VAL;2026-09-18 16:10:06.475171;;;STIM_SEED;1414624056
VAL;2026-09-18 16:10:06.475171;;;CUE_ABORT_THRESHOLD_DEG;10.0
VAL;2026-09-18 16:10:06.475171;;;RESPONSE_THRESHOLD_DEG;35.0
VAL;2026-09-18 16:10:06.475171;;;QUIESCENCE_DUR_S;0.1
VAL;2026-09-18 16:10:06.475171;;;ITI_S;1.5
VAL;2026-09-18 16:10:06.475171;;;CLICK_LEVEL_ATTENUATED;False
stdout;2026-09-18 16:10:06.475171;;;Trial 7 (warmup): side=L, n_L=6, n_R=0;
stdout;2026-09-18 16:10:06.475171;;;|
|;
VAL;2026-09-18 16:10:06.475171;;;SM_SEND_TIME;49.323195457458496
VAL;2026-09-18 16:10:06.475171;;;CUE_ONSET_TIME;49.3441954574585
TRIAL;2026-09-18 16:10:06.475171;;;New trial;
VAL;2026-09-18 16:10:06.490801;;;WHEEL_POS;49.339,0.70
VAL;2026-09-18 16:10:06.506427;;;WHEEL_POS;49.354,0.70
VAL;2026-09-18 16:10:06.522053;;;WHEEL_POS;49.370,0.70
VAL;2026-09-18 16:10:06.561814;;;WHEEL_POS;49.410,0.70
VAL;2026-09-18 16:10:06.593066;;;WHEEL_POS;49.441,0.70
VAL;2026-09-18 16:10:06.624318;;;WHEEL_POS;49.472,0.70
VAL;2026-09-18 16:10:06.662080;;;WHEEL_POS;49.510,0.70
VAL;2026-09-18 16:10:06.691527;;;WHEEL_POS;49.540,0.70
VAL;2026-09-18 16:10:06.707154;;;WHEEL_POS;49.555,0.70
VAL;2026-09-18 16:10:06.738406;;;WHEEL_POS;49.586,0.70
EVENT;2026-09-18 16:10:06.762042;0.271;;158;Tup
TRANSITION;2026-09-18 16:10:06.762042;0.271;;DelayPeriod;
VAL;2026-09-18 16:10:06.762042;;;WHEEL_POS;49.610,0.70
VAL;2026-09-18 16:10:06.793293;;;WHEEL_POS;49.641,0.70
VAL;2026-09-18 16:10:06.808919;;;WHEEL_POS;49.657,0.70
VAL;2026-09-18 16:10:06.840171;;;WHEEL_POS;49.688,0.70
VAL;2026-09-18 16:10:06.862304;;;WHEEL_POS;49.710,0.70
EVENT;2026-09-18 16:10:06.876647;0.38620000000000004;;158;Tup
TRANSITION;2026-09-18 16:10:06.876647;0.38620000000000004;;CueComplete;
EVENT;2026-09-18 16:10:06.876647;0.38630000000000003;;158;Tup
END-TRIAL;2026-09-18 16:10:06.876647;;;The trial ended;
INFO;2026-09-18 16:10:06.876647;58.889331;59.275635;TRIAL-BPOD-TIME;0.38630400000000265
STATE;2026-09-18 16:10:06.876647;0;0.271;CuePeriod;0.271
STATE;2026-09-18 16:10:06.876647;0.271;0.38620000000000004;DelayPeriod;0.11520000000000002
STATE;2026-09-18 16:10:06.876647;0.38620000000000004;0.38630000000000003;CueComplete;9.999999999998899e-05
STATE;2026-09-18 16:10:06.876647;nan;nan;WheelAbort;nan
STATE;2026-09-18 16:10:06.876647;nan;nan;AbortITI;nan
VAL;2026-09-18 16:10:06.892275;;;SM_SEND_TIME;49.74029874801636
TRIAL;2026-09-18 16:10:06.892275;;;New trial;
VAL;2026-09-18 16:10:06.892275;;;WHEEL_POS;49.740,0.00
VAL;2026-09-18 16:10:06.923528;;;WHEEL_POS;49.772,0.00
VAL;2026-09-18 16:10:06.939153;;;WHEEL_POS;49.787,0.00
VAL;2026-09-18 16:10:06.962288;;;WHEEL_POS;49.810,0.00
VAL;2026-09-18 16:10:07.007901;;;WHEEL_POS;49.856,0.00
VAL;2026-09-18 16:10:07.039152;;;WHEEL_POS;49.887,0.00
VAL;2026-09-18 16:10:07.062288;;;WHEEL_POS;49.910,0.00
VAL;2026-09-18 16:10:07.092961;;;WHEEL_POS;49.941,-0.40
VAL;2026-09-18 16:10:07.124214;;;WHEEL_POS;49.972,-0.40
VAL;2026-09-18 16:10:07.178102;;;WHEEL_POS;50.026,-0.70
VAL;2026-09-18 16:10:07.193726;;;WHEEL_POS;50.042,-1.10
VAL;2026-09-18 16:10:07.240606;;;WHEEL_POS;50.089,-1.80
VAL;2026-09-18 16:10:07.262743;;;WHEEL_POS;50.111,-2.80
EVENT;2026-09-18 16:10:07.293692;0.3921;;0;RotaryEncoder1_1
VAL;2026-09-18 16:10:07.309322;;;WHEEL_POS;50.157,-4.20
VAL;2026-09-18 16:10:07.340001;;;WHEEL_POS;50.188,-6.70
VAL;2026-09-18 16:10:07.362633;;;WHEEL_POS;50.211,-8.10
EVENT;2026-09-18 16:10:07.378263;0.48460000000000003;;4;RotaryEncoder1_5
VAL;2026-09-18 16:10:07.408405;;;WHEEL_POS;50.256,-12.70
VAL;2026-09-18 16:10:07.424031;;;WHEEL_POS;50.272,-13.70
VAL;2026-09-18 16:10:07.462804;;;WHEEL_POS;50.311,-14.10
VAL;2026-09-18 16:10:07.494558;;;WHEEL_POS;50.343,-14.40
VAL;2026-09-18 16:10:07.510183;;;WHEEL_POS;50.358,-14.40
VAL;2026-09-18 16:10:07.547349;;;WHEEL_POS;50.395,-14.80
VAL;2026-09-18 16:10:07.562979;;;WHEEL_POS;50.411,-15.50
VAL;2026-09-18 16:10:07.594237;;;WHEEL_POS;50.442,-18.30
VAL;2026-09-18 16:10:07.625483;;;WHEEL_POS;50.474,-19.30
VAL;2026-09-18 16:10:07.641108;;;WHEEL_POS;50.489,-19.30
VAL;2026-09-18 16:10:07.663247;;;WHEEL_POS;50.511,-19.70
VAL;2026-09-18 16:10:07.695500;;;WHEEL_POS;50.544,-20.40
VAL;2026-09-18 16:10:07.726756;;;WHEEL_POS;50.575,-21.10
VAL;2026-09-18 16:10:07.763521;;;WHEEL_POS;50.612,-21.80
VAL;2026-09-18 16:10:07.779153;;;WHEEL_POS;50.627,-22.10
VAL;2026-09-18 16:10:07.810400;;;WHEEL_POS;50.658,-23.20
VAL;2026-09-18 16:10:07.826026;;;WHEEL_POS;50.674,-23.60
VAL;2026-09-18 16:10:07.863792;;;WHEEL_POS;50.712,-24.60
VAL;2026-09-18 16:10:07.895038;;;WHEEL_POS;50.743,-26.00
VAL;2026-09-18 16:10:07.926291;;;WHEEL_POS;50.774,-26.70
VAL;2026-09-18 16:10:07.979681;;;WHEEL_POS;50.828,-27.40
VAL;2026-09-18 16:10:08.008869;;;WHEEL_POS;50.857,-27.80
VAL;2026-09-18 16:10:08.048646;;;WHEEL_POS;50.897,-27.10
VAL;2026-09-18 16:10:08.064277;;;WHEEL_POS;50.912,-26.00
VAL;2026-09-18 16:10:08.095755;;;WHEEL_POS;50.944,-24.60
VAL;2026-09-18 16:10:08.127013;;;WHEEL_POS;50.975,-23.60
VAL;2026-09-18 16:10:08.164267;;;WHEEL_POS;51.012,-22.50
VAL;2026-09-18 16:10:08.195519;;;WHEEL_POS;51.044,-21.40
VAL;2026-09-18 16:10:08.226771;;;WHEEL_POS;51.075,-20.70
VAL;2026-09-18 16:10:08.264540;;;WHEEL_POS;51.113,-20.00
VAL;2026-09-18 16:10:08.296540;;;WHEEL_POS;51.145,-19.70
VAL;2026-09-18 16:10:08.340303;;;WHEEL_POS;51.188,-19.00
VAL;2026-09-18 16:10:08.364436;;;WHEEL_POS;51.212,-19.00
VAL;2026-09-18 16:10:08.380068;;;WHEEL_POS;51.228,-19.00
VAL;2026-09-18 16:10:08.412823;;;WHEEL_POS;51.261,-19.00
VAL;2026-09-18 16:10:08.449089;;;WHEEL_POS;51.297,-19.00
VAL;2026-09-18 16:10:08.464717;;;WHEEL_POS;51.313,-18.30
VAL;2026-09-18 16:10:08.512608;;;WHEEL_POS;51.361,-19.00
VAL;2026-09-18 16:10:08.528227;;;WHEEL_POS;51.376,-21.80
VAL;2026-09-18 16:10:08.580619;;;WHEEL_POS;51.429,-28.80
VAL;2026-09-18 16:10:08.596239;;;WHEEL_POS;51.444,-32.70
EVENT;2026-09-18 16:10:08.611864;1.7159;;2;RotaryEncoder1_3
TRANSITION;2026-09-18 16:10:08.611864;1.7159;;Reward;
VAL;2026-09-18 16:10:08.627490;;;WHEEL_POS;51.476,-36.60
VAL;2026-09-18 16:10:08.643116;;;WHEEL_POS;51.491,-38.30
EVENT;2026-09-18 16:10:08.665250;1.7647000000000002;;158;Tup
TRANSITION;2026-09-18 16:10:08.665250;1.7647000000000002;;Consumption;
VAL;2026-09-18 16:10:08.665250;;;WHEEL_POS;51.513,-40.80
VAL;2026-09-18 16:10:08.697901;;;WHEEL_POS;51.546,-45.00
VAL;2026-09-18 16:10:08.713528;;;WHEEL_POS;51.562,-46.80
VAL;2026-09-18 16:10:08.729155;;;WHEEL_POS;51.577,-47.50
VAL;2026-09-18 16:10:08.765414;;;WHEEL_POS;51.613,-48.20
VAL;2026-09-18 16:10:08.781041;;;WHEEL_POS;51.629,-48.20
VAL;2026-09-18 16:10:08.812293;;;WHEEL_POS;51.660,-48.20
VAL;2026-09-18 16:10:08.843545;;;WHEEL_POS;51.692,-48.20
VAL;2026-09-18 16:10:08.865678;;;WHEEL_POS;51.714,-48.20
VAL;2026-09-18 16:10:08.898878;;;WHEEL_POS;51.747,-47.80
VAL;2026-09-18 16:10:08.914506;;;WHEEL_POS;51.763,-47.80
VAL;2026-09-18 16:10:08.930132;;;WHEEL_POS;51.778,-47.80
VAL;2026-09-18 16:10:08.965892;;;WHEEL_POS;51.814,-47.80
VAL;2026-09-18 16:10:09.009690;;;WHEEL_POS;51.858,-47.80
VAL;2026-09-18 16:10:09.040942;;;WHEEL_POS;51.889,-47.80
VAL;2026-09-18 16:10:09.066074;;;WHEEL_POS;51.914,-47.80
VAL;2026-09-18 16:10:09.099689;;;WHEEL_POS;51.948,-47.80
VAL;2026-09-18 16:10:09.115318;;;WHEEL_POS;51.963,-47.80
VAL;2026-09-18 16:10:09.150577;;;WHEEL_POS;51.999,-47.80
VAL;2026-09-18 16:10:09.166207;;;WHEEL_POS;52.014,-47.80
VAL;2026-09-18 16:10:09.197459;;;WHEEL_POS;52.045,-47.80
VAL;2026-09-18 16:10:09.213086;;;WHEEL_POS;52.061,-47.80
VAL;2026-09-18 16:10:09.250855;;;WHEEL_POS;52.099,-47.80
VAL;2026-09-18 16:10:09.266486;;;WHEEL_POS;52.115,-47.80
VAL;2026-09-18 16:10:09.282113;;;WHEEL_POS;52.130,-47.80
VAL;2026-09-18 16:10:09.315708;;;WHEEL_POS;52.164,-47.80
VAL;2026-09-18 16:10:09.341882;;;WHEEL_POS;52.190,-47.80
VAL;2026-09-18 16:10:09.382146;;;WHEEL_POS;52.230,-47.80
VAL;2026-09-18 16:10:09.412346;;;WHEEL_POS;52.260,-47.80
VAL;2026-09-18 16:10:09.427971;;;WHEEL_POS;52.276,-47.80
VAL;2026-09-18 16:10:09.466749;;;WHEEL_POS;52.315,-47.80
VAL;2026-09-18 16:10:09.501375;;;WHEEL_POS;52.349,-47.80
VAL;2026-09-18 16:10:09.517009;;;WHEEL_POS;52.365,-47.80
VAL;2026-09-18 16:10:09.551261;;;WHEEL_POS;52.399,-47.80
VAL;2026-09-18 16:10:09.566889;;;WHEEL_POS;52.415,-47.80
VAL;2026-09-18 16:10:09.598141;;;WHEEL_POS;52.446,-47.80
VAL;2026-09-18 16:10:09.645027;;;WHEEL_POS;52.493,-47.80
VAL;2026-09-18 16:10:09.667169;;;WHEEL_POS;52.515,-47.80
VAL;2026-09-18 16:10:09.702059;;;WHEEL_POS;52.550,-47.80
VAL;2026-09-18 16:10:09.733318;;;WHEEL_POS;52.581,-47.80
VAL;2026-09-18 16:10:09.782706;;;WHEEL_POS;52.631,-47.80
VAL;2026-09-18 16:10:09.798326;;;WHEEL_POS;52.646,-47.80
VAL;2026-09-18 16:10:09.845211;;;WHEEL_POS;52.693,-47.80
VAL;2026-09-18 16:10:09.867355;;;WHEEL_POS;52.715,-47.80
VAL;2026-09-18 16:10:09.882983;;;WHEEL_POS;52.731,-47.80
VAL;2026-09-18 16:10:09.918633;;;WHEEL_POS;52.767,-47.80
VAL;2026-09-18 16:10:09.951888;;;WHEEL_POS;52.800,-47.80
VAL;2026-09-18 16:10:09.967517;;;WHEEL_POS;52.816,-47.80
VAL;2026-09-18 16:10:10.009790;;;WHEEL_POS;52.858,-47.80
VAL;2026-09-18 16:10:10.052051;;;WHEEL_POS;52.900,-47.80
VAL;2026-09-18 16:10:10.083314;;;WHEEL_POS;52.931,-47.80
VAL;2026-09-18 16:10:10.103975;;;WHEEL_POS;52.952,-47.80
VAL;2026-09-18 16:10:10.119606;;;WHEEL_POS;52.968,-47.80
VAL;2026-09-18 16:10:10.152361;;;WHEEL_POS;53.000,-47.80
VAL;2026-09-18 16:10:10.183620;;;WHEEL_POS;53.032,-47.80
VAL;2026-09-18 16:10:10.199242;;;WHEEL_POS;53.047,-47.80
VAL;2026-09-18 16:10:10.230494;;;WHEEL_POS;53.079,-47.80
VAL;2026-09-18 16:10:10.268271;;;WHEEL_POS;53.116,-47.80
VAL;2026-09-18 16:10:10.283898;;;WHEEL_POS;53.132,-47.80
VAL;2026-09-18 16:10:10.319967;;;WHEEL_POS;53.168,-47.80
VAL;2026-09-18 16:10:10.346651;;;WHEEL_POS;53.195,-47.80
VAL;2026-09-18 16:10:10.384414;;;WHEEL_POS;53.232,-47.80
VAL;2026-09-18 16:10:10.413588;;;WHEEL_POS;53.262,-47.80
VAL;2026-09-18 16:10:10.453352;;;WHEEL_POS;53.301,-47.80
VAL;2026-09-18 16:10:10.468984;;;WHEEL_POS;53.317,-47.80
VAL;2026-09-18 16:10:10.504240;;;WHEEL_POS;53.352,-47.80
VAL;2026-09-18 16:10:10.537464;;;WHEEL_POS;53.385,-47.80
VAL;2026-09-18 16:10:10.553596;;;WHEEL_POS;53.402,-47.80
VAL;2026-09-18 16:10:10.569224;;;WHEEL_POS;53.417,-47.80
VAL;2026-09-18 16:10:10.600480;;;WHEEL_POS;53.449,-47.80
VAL;2026-09-18 16:10:10.616103;;;WHEEL_POS;53.464,-47.80
VAL;2026-09-18 16:10:10.653877;;;WHEEL_POS;53.502,-47.80
VAL;2026-09-18 16:10:10.669511;;;WHEEL_POS;53.518,-47.80
VAL;2026-09-18 16:10:10.700761;;;WHEEL_POS;53.549,-47.80
VAL;2026-09-18 16:10:10.737137;;;WHEEL_POS;53.585,-47.80
VAL;2026-09-18 16:10:10.769405;;;WHEEL_POS;53.617,-47.80
VAL;2026-09-18 16:10:10.785023;;;WHEEL_POS;53.633,-47.80
VAL;2026-09-18 16:10:10.816273;;;WHEEL_POS;53.664,-47.80
VAL;2026-09-18 16:10:10.847525;;;WHEEL_POS;53.696,-47.80
VAL;2026-09-18 16:10:10.869663;;;WHEEL_POS;53.718,-47.80
VAL;2026-09-18 16:10:10.900919;;;WHEEL_POS;53.749,-47.80
VAL;2026-09-18 16:10:10.932168;;;WHEEL_POS;53.780,-47.80
VAL;2026-09-18 16:10:10.954012;;;WHEEL_POS;53.802,-47.80
VAL;2026-09-18 16:10:10.985271;;;WHEEL_POS;53.833,-47.80
VAL;2026-09-18 16:10:11.009909;;;WHEEL_POS;53.858,-47.80
VAL;2026-09-18 16:10:11.041162;;;WHEEL_POS;53.889,-47.80
VAL;2026-09-18 16:10:11.069805;;;WHEEL_POS;53.918,-47.80
VAL;2026-09-18 16:10:11.101062;;;WHEEL_POS;53.949,-47.80
VAL;2026-09-18 16:10:11.132309;;;WHEEL_POS;53.980,-47.80
VAL;2026-09-18 16:10:11.154329;;;WHEEL_POS;54.002,-47.80
VAL;2026-09-18 16:10:11.169964;;;WHEEL_POS;54.018,-47.80
VAL;2026-09-18 16:10:11.201211;;;WHEEL_POS;54.049,-47.80
VAL;2026-09-18 16:10:11.232463;;;WHEEL_POS;54.080,-47.80
VAL;2026-09-18 16:10:11.254611;;;WHEEL_POS;54.103,-47.80
VAL;2026-09-18 16:10:11.270253;;;WHEEL_POS;54.118,-47.80
VAL;2026-09-18 16:10:11.317129;;;WHEEL_POS;54.165,-47.80
VAL;2026-09-18 16:10:11.341927;;;WHEEL_POS;54.190,-47.80
VAL;2026-09-18 16:10:11.370561;;;WHEEL_POS;54.219,-47.80
VAL;2026-09-18 16:10:11.386194;;;WHEEL_POS;54.234,-47.80
VAL;2026-09-18 16:10:11.413839;;;WHEEL_POS;54.262,-47.80
VAL;2026-09-18 16:10:11.455103;;;WHEEL_POS;54.303,-47.80
VAL;2026-09-18 16:10:11.486363;;;WHEEL_POS;54.334,-47.80
VAL;2026-09-18 16:10:11.501988;;;WHEEL_POS;54.350,-47.80
VAL;2026-09-18 16:10:11.533243;;;WHEEL_POS;54.381,-47.80
VAL;2026-09-18 16:10:11.555107;;;WHEEL_POS;54.403,-47.80
VAL;2026-09-18 16:10:11.586367;;;WHEEL_POS;54.434,-47.80
VAL;2026-09-18 16:10:11.617615;;;WHEEL_POS;54.466,-47.80
VAL;2026-09-18 16:10:11.655392;;;WHEEL_POS;54.503,-47.80
EVENT;2026-09-18 16:10:11.655392;4.7647;;158;Tup
TRANSITION;2026-09-18 16:10:11.655392;4.7647;;ITI;
VAL;2026-09-18 16:10:11.671024;;;WHEEL_POS;54.519,-47.80
VAL;2026-09-18 16:10:11.717908;;;WHEEL_POS;54.566,-47.80
VAL;2026-09-18 16:10:11.733530;;;WHEEL_POS;54.582,-47.80
VAL;2026-09-18 16:10:11.755422;;;WHEEL_POS;54.603,-47.80
VAL;2026-09-18 16:10:11.771052;;;WHEEL_POS;54.619,-47.80
VAL;2026-09-18 16:10:11.802302;;;WHEEL_POS;54.650,-47.80
VAL;2026-09-18 16:10:11.833560;;;WHEEL_POS;54.682,-47.80
VAL;2026-09-18 16:10:11.849182;;;WHEEL_POS;54.697,-47.80
VAL;2026-09-18 16:10:11.871316;;;WHEEL_POS;54.719,-47.80
VAL;2026-09-18 16:10:11.902569;;;WHEEL_POS;54.751,-47.80
VAL;2026-09-18 16:10:11.918195;;;WHEEL_POS;54.766,-47.80
VAL;2026-09-18 16:10:11.955812;;;WHEEL_POS;54.804,-47.80
VAL;2026-09-18 16:10:11.987069;;;WHEEL_POS;54.835,-47.80
VAL;2026-09-18 16:10:12.010244;;;WHEEL_POS;54.858,-47.80
VAL;2026-09-18 16:10:12.041497;;;WHEEL_POS;54.890,-47.80
VAL;2026-09-18 16:10:12.087263;;;WHEEL_POS;54.935,-47.80
VAL;2026-09-18 16:10:12.118512;;;WHEEL_POS;54.967,-47.80
VAL;2026-09-18 16:10:12.134136;;;WHEEL_POS;54.982,-47.80
VAL;2026-09-18 16:10:12.155991;;;WHEEL_POS;55.004,-47.80
VAL;2026-09-18 16:10:12.187253;;;WHEEL_POS;55.035,-47.80
VAL;2026-09-18 16:10:12.218510;;;WHEEL_POS;55.067,-47.80
VAL;2026-09-18 16:10:12.249756;;;WHEEL_POS;55.098,-47.80
VAL;2026-09-18 16:10:12.271890;;;WHEEL_POS;55.120,-47.80
VAL;2026-09-18 16:10:12.303146;;;WHEEL_POS;55.151,-47.80
VAL;2026-09-18 16:10:12.349304;;;WHEEL_POS;55.197,-47.80
VAL;2026-09-18 16:10:12.371939;;;WHEEL_POS;55.220,-47.80
VAL;2026-09-18 16:10:12.404067;;;WHEEL_POS;55.252,-47.80
VAL;2026-09-18 16:10:12.426072;;;WHEEL_POS;55.274,-47.80
VAL;2026-09-18 16:10:12.442075;;;WHEEL_POS;55.290,-47.80
VAL;2026-09-18 16:10:12.458079;;;WHEEL_POS;55.306,-47.80
VAL;2026-09-18 16:10:12.484085;;;WHEEL_POS;55.332,-47.80
VAL;2026-09-18 16:10:12.500089;;;WHEEL_POS;55.348,-47.80
VAL;2026-09-18 16:10:12.517092;;;WHEEL_POS;55.365,-47.80
VAL;2026-09-18 16:10:12.543099;;;WHEEL_POS;55.391,-47.80
VAL;2026-09-18 16:10:12.560102;;;WHEEL_POS;55.408,-47.80
VAL;2026-09-18 16:10:12.576105;;;WHEEL_POS;55.424,-47.80
VAL;2026-09-18 16:10:12.602114;;;WHEEL_POS;55.450,-47.80
VAL;2026-09-18 16:10:12.619115;;;WHEEL_POS;55.467,-47.80
VAL;2026-09-18 16:10:12.635119;;;WHEEL_POS;55.483,-47.80
VAL;2026-09-18 16:10:12.660124;;;WHEEL_POS;55.508,-47.80
VAL;2026-09-18 16:10:12.676128;;;WHEEL_POS;55.524,-47.80
VAL;2026-09-18 16:10:12.692132;;;WHEEL_POS;55.540,-47.80
VAL;2026-09-18 16:10:12.708135;;;WHEEL_POS;55.556,-47.80
VAL;2026-09-18 16:10:12.728147;;;WHEEL_POS;55.576,-47.80
VAL;2026-09-18 16:10:12.745144;;;WHEEL_POS;55.593,-47.80
VAL;2026-09-18 16:10:12.761147;;;WHEEL_POS;55.609,-47.80
VAL;2026-09-18 16:10:12.787153;;;WHEEL_POS;55.635,-47.80
VAL;2026-09-18 16:10:12.803157;;;WHEEL_POS;55.651,-47.80
VAL;2026-09-18 16:10:12.819161;;;WHEEL_POS;55.667,-47.80
VAL;2026-09-18 16:10:12.844166;;;WHEEL_POS;55.692,-47.80
VAL;2026-09-18 16:10:12.861171;;;WHEEL_POS;55.709,-47.80
VAL;2026-09-18 16:10:12.877174;;;WHEEL_POS;55.725,-47.80
VAL;2026-09-18 16:10:12.904180;;;WHEEL_POS;55.752,-47.80
VAL;2026-09-18 16:10:12.921183;;;WHEEL_POS;55.769,-47.80
VAL;2026-09-18 16:10:12.937187;;;WHEEL_POS;55.785,-47.80
VAL;2026-09-18 16:10:12.962195;;;WHEEL_POS;55.810,-47.80
VAL;2026-09-18 16:10:12.979197;;;WHEEL_POS;55.827,-47.80
VAL;2026-09-18 16:10:12.995200;;;WHEEL_POS;55.843,-47.80
VAL;2026-09-18 16:10:13.021208;;;WHEEL_POS;55.869,-47.80
VAL;2026-09-18 16:10:13.038210;;;WHEEL_POS;55.886,-47.80
VAL;2026-09-18 16:10:13.054214;;;WHEEL_POS;55.902,-47.80
VAL;2026-09-18 16:10:13.079220;;;WHEEL_POS;55.927,-47.80
VAL;2026-09-18 16:10:13.096224;;;WHEEL_POS;55.944,-47.80
VAL;2026-09-18 16:10:13.112227;;;WHEEL_POS;55.960,-47.80
VAL;2026-09-18 16:10:13.144723;;;WHEEL_POS;55.993,-47.80
EVENT;2026-09-18 16:10:13.157254;6.2647;;158;Tup
END-TRIAL;2026-09-18 16:10:13.157254;;;The trial ended;
INFO;2026-09-18 16:10:13.157254;59.297231;65.561934;TRIAL-BPOD-TIME;6.264702999999997
STATE;2026-09-18 16:10:13.157254;0;1.7159;WheelDotPeriod;1.7159
STATE;2026-09-18 16:10:13.157254;1.7159;1.7647000000000002;Reward;0.04880000000000018
STATE;2026-09-18 16:10:13.157254;1.7647000000000002;4.7647;Consumption;3.0
STATE;2026-09-18 16:10:13.157254;4.7647;6.2647;ITI;1.5
STATE;2026-09-18 16:10:13.157254;nan;nan;ErrorConsumption;nan
STATE;2026-09-18 16:10:13.157254;nan;nan;IncorrectITI;nan
STATE;2026-09-18 16:10:13.157254;nan;nan;NoResponse;nan
VAL;2026-09-18 16:10:13.204140;;;INCLUDED;True
VAL;2026-09-18 16:10:13.204140;;;CONSUMPTION_LICKED;False
VAL;2026-09-18 16:10:13.204140;;;LED_ON_TIME;49.74029874801636
VAL;2026-09-18 16:10:13.204140;;;DOT_ONSET_JITTER_S;0.1111114877038389
VAL;2026-09-18 16:10:13.204140;;;DOT_ONSET_TIME;49.851410235720195
VAL;2026-09-18 16:10:13.204140;;;THRESHOLD_CROSSING_TIME;51.456198748016355
VAL;2026-09-18 16:10:13.204140;;;DOT_DISAPPEAR_JITTER_S;0.45656862596710024
VAL;2026-09-18 16:10:13.204140;;;DOT_DISAPPEAR_TIME;51.912767373983456
VAL;2026-09-18 16:10:13.204140;;;CORRECT;True
stdout;2026-09-18 16:10:13.204140;;;Trial 7 (warmup): side=L, Reward -> reward;
stdout;2026-09-18 16:10:13.204140;;;|
|;
VAL;2026-09-18 16:10:13.603374;;;TRIAL_INIT_START;56.451398611068726
VAL;2026-09-18 16:10:13.634627;;;WHEEL_POS;56.483,-47.80
VAL;2026-09-18 16:10:13.673890;;;WHEEL_POS;56.522,-47.80
VAL;2026-09-18 16:10:13.705142;;;WHEEL_POS;56.553,-47.80
VAL;2026-09-18 16:10:13.736393;;;WHEEL_POS;56.584,-47.80
VAL;2026-09-18 16:10:13.775180;;;WHEEL_POS;56.623,-47.80
VAL;2026-09-18 16:10:13.790806;;;TRIAL_START;56.623204469680786
VAL;2026-09-18 16:10:13.790806;;;QUIESCENCE_BREAKS;0
VAL;2026-09-18 16:10:13.790806;;;TRIAL_TYPE;warmup
VAL;2026-09-18 16:10:13.959086;;;TRIAL_SIDE;R
VAL;2026-09-18 16:10:13.959086;;;CLICK_TIMES_L;
VAL;2026-09-18 16:10:13.959086;;;CLICK_TIMES_R;0.0556,0.0945,0.1095,0.1245,0.1395,0.1657,0.2058
VAL;2026-09-18 16:10:13.959086;;;N_CLICKS_L;0
VAL;2026-09-18 16:10:13.959086;;;N_CLICKS_R;7
VAL;2026-09-18 16:10:13.959086;;;STIM_SEED;2141862014
VAL;2026-09-18 16:10:13.959086;;;CUE_ABORT_THRESHOLD_DEG;10.0
VAL;2026-09-18 16:10:13.959086;;;RESPONSE_THRESHOLD_DEG;35.0
VAL;2026-09-18 16:10:13.959086;;;QUIESCENCE_DUR_S;0.1
VAL;2026-09-18 16:10:13.959086;;;ITI_S;1.5
VAL;2026-09-18 16:10:13.959086;;;CLICK_LEVEL_ATTENUATED;False
stdout;2026-09-18 16:10:13.959086;;;Trial 8 (warmup): side=R, n_L=0, n_R=7;
stdout;2026-09-18 16:10:13.959086;;;|
|;
VAL;2026-09-18 16:10:13.959086;;;SM_SEND_TIME;56.80711007118225
VAL;2026-09-18 16:10:13.959086;;;CUE_ONSET_TIME;56.82811007118225
TRIAL;2026-09-18 16:10:13.959086;;;New trial;
VAL;2026-09-18 16:10:13.959086;;;WHEEL_POS;56.807,0.00
VAL;2026-09-18 16:10:13.995354;;;WHEEL_POS;56.843,0.00
VAL;2026-09-18 16:10:14.010983;;;WHEEL_POS;56.859,0.00
VAL;2026-09-18 16:10:14.042236;;;WHEEL_POS;56.890,0.00
VAL;2026-09-18 16:10:14.074995;;;WHEEL_POS;56.923,0.00
VAL;2026-09-18 16:10:14.106247;;;WHEEL_POS;56.954,0.00
VAL;2026-09-18 16:10:14.137498;;;WHEEL_POS;56.986,0.00
VAL;2026-09-18 16:10:14.153124;;;WHEEL_POS;57.001,0.00
VAL;2026-09-18 16:10:14.175260;;;WHEEL_POS;57.023,0.00
VAL;2026-09-18 16:10:14.190886;;;WHEEL_POS;57.039,0.00
VAL;2026-09-18 16:10:14.222137;;;WHEEL_POS;57.070,0.00
EVENT;2026-09-18 16:10:14.237764;0.271;;158;Tup
TRANSITION;2026-09-18 16:10:14.237764;0.271;;DelayPeriod;
VAL;2026-09-18 16:10:14.253390;;;WHEEL_POS;57.101,0.00
VAL;2026-09-18 16:10:14.275524;;;WHEEL_POS;57.124,0.00
VAL;2026-09-18 16:10:14.291150;;;WHEEL_POS;57.139,0.00
VAL;2026-09-18 16:10:14.322402;;;WHEEL_POS;57.170,0.00
VAL;2026-09-18 16:10:14.346746;;;WHEEL_POS;57.195,0.00
EVENT;2026-09-18 16:10:14.362800;0.3927;;158;Tup
TRANSITION;2026-09-18 16:10:14.362800;0.3927;;CueComplete;
EVENT;2026-09-18 16:10:14.362800;0.39280000000000004;;158;Tup
END-TRIAL;2026-09-18 16:10:14.362800;;;The trial ended;
INFO;2026-09-18 16:10:14.362800;66.370131;66.762934;TRIAL-BPOD-TIME;0.3928030000000007
STATE;2026-09-18 16:10:14.362800;0;0.271;CuePeriod;0.271
STATE;2026-09-18 16:10:14.362800;0.271;0.3927;DelayPeriod;0.12169999999999997
STATE;2026-09-18 16:10:14.362800;0.3927;0.39280000000000004;CueComplete;0.0001000000000000445
STATE;2026-09-18 16:10:14.362800;nan;nan;WheelAbort;nan
STATE;2026-09-18 16:10:14.362800;nan;nan;AbortITI;nan
VAL;2026-09-18 16:10:14.378428;;;SM_SEND_TIME;57.22645163536072
TRIAL;2026-09-18 16:10:14.378428;;;New trial;
VAL;2026-09-18 16:10:14.378428;;;WHEEL_POS;57.226,0.00
VAL;2026-09-18 16:10:14.414688;;;WHEEL_POS;57.263,0.00
VAL;2026-09-18 16:10:14.445939;;;WHEEL_POS;57.294,0.00
VAL;2026-09-18 16:10:14.475574;;;WHEEL_POS;57.324,0.00
VAL;2026-09-18 16:10:14.506826;;;WHEEL_POS;57.355,0.00
VAL;2026-09-18 16:10:14.538078;;;WHEEL_POS;57.386,0.00
VAL;2026-09-18 16:10:14.579176;;;WHEEL_POS;57.427,0.00
VAL;2026-09-18 16:10:14.610429;;;WHEEL_POS;57.458,0.00
VAL;2026-09-18 16:10:14.626054;;;WHEEL_POS;57.474,0.00
VAL;2026-09-18 16:10:14.660332;;;WHEEL_POS;57.508,0.00
VAL;2026-09-18 16:10:14.691590;;;WHEEL_POS;57.540,0.00
VAL;2026-09-18 16:10:14.722847;;;WHEEL_POS;57.571,0.00
VAL;2026-09-18 16:10:14.754094;;;WHEEL_POS;57.602,0.00
VAL;2026-09-18 16:10:14.779572;;;WHEEL_POS;57.628,0.00
VAL;2026-09-18 16:10:14.795202;;;WHEEL_POS;57.643,0.00
VAL;2026-09-18 16:10:14.826449;;;WHEEL_POS;57.674,0.00
VAL;2026-09-18 16:10:14.842076;;;WHEEL_POS;57.690,0.00
VAL;2026-09-18 16:10:14.876340;;;WHEEL_POS;57.724,0.00
VAL;2026-09-18 16:10:14.907586;;;WHEEL_POS;57.756,0.00
VAL;2026-09-18 16:10:14.938846;;;WHEEL_POS;57.787,0.00
VAL;2026-09-18 16:10:14.995443;;;WHEEL_POS;57.843,0.00
VAL;2026-09-18 16:10:15.011076;;;WHEEL_POS;57.859,0.00
VAL;2026-09-18 16:10:15.057959;;;WHEEL_POS;57.906,0.00
VAL;2026-09-18 16:10:15.076602;;;WHEEL_POS;57.925,0.00
VAL;2026-09-18 16:10:15.092228;;;WHEEL_POS;57.940,0.00
VAL;2026-09-18 16:10:15.123486;;;WHEEL_POS;57.972,0.00
VAL;2026-09-18 16:10:15.154732;;;WHEEL_POS;58.003,0.00
VAL;2026-09-18 16:10:15.196454;;;WHEEL_POS;58.044,0.00
VAL;2026-09-18 16:10:15.212075;;;WHEEL_POS;58.060,0.00
VAL;2026-09-18 16:10:15.243328;;;WHEEL_POS;58.091,0.00
VAL;2026-09-18 16:10:15.261470;;;WHEEL_POS;58.109,0.00
VAL;2026-09-18 16:10:15.292730;;;WHEEL_POS;58.141,0.00
VAL;2026-09-18 16:10:15.323986;;;WHEEL_POS;58.172,0.00
VAL;2026-09-18 16:10:15.349560;;;WHEEL_POS;58.198,0.00
VAL;2026-09-18 16:10:15.365075;;;WHEEL_POS;58.213,0.00
VAL;2026-09-18 16:10:15.399940;;;WHEEL_POS;58.248,0.00
VAL;2026-09-18 16:10:15.415570;;;WHEEL_POS;58.264,0.00
VAL;2026-09-18 16:10:15.431195;;;WHEEL_POS;58.279,0.00
VAL;2026-09-18 16:10:15.477467;;;WHEEL_POS;58.325,0.00
VAL;2026-09-18 16:10:15.493091;;;WHEEL_POS;58.341,0.00
VAL;2026-09-18 16:10:15.524347;;;WHEEL_POS;58.372,0.00
VAL;2026-09-18 16:10:15.555595;;;WHEEL_POS;58.404,0.00
VAL;2026-09-18 16:10:15.583180;;;WHEEL_POS;58.431,0.00
VAL;2026-09-18 16:10:15.614434;;;WHEEL_POS;58.462,0.00
VAL;2026-09-18 16:10:15.645684;;;WHEEL_POS;58.494,0.00
VAL;2026-09-18 16:10:15.677946;;;WHEEL_POS;58.526,0.00
VAL;2026-09-18 16:10:15.709194;;;WHEEL_POS;58.557,0.00
VAL;2026-09-18 16:10:15.746980;;;WHEEL_POS;58.595,0.00
VAL;2026-09-18 16:10:15.768026;;;WHEEL_POS;58.616,0.00
VAL;2026-09-18 16:10:15.799282;;;WHEEL_POS;58.647,0.00
VAL;2026-09-18 16:10:15.814907;;;WHEEL_POS;58.663,0.00
VAL;2026-09-18 16:10:15.846163;;;WHEEL_POS;58.694,0.00
VAL;2026-09-18 16:10:15.878435;;;WHEEL_POS;58.726,0.00
VAL;2026-09-18 16:10:15.894061;;;WHEEL_POS;58.742,0.00
VAL;2026-09-18 16:10:15.925318;;;WHEEL_POS;58.773,0.00
VAL;2026-09-18 16:10:15.956565;;;WHEEL_POS;58.805,0.00
VAL;2026-09-18 16:10:15.996165;;;WHEEL_POS;58.844,0.00
VAL;2026-09-18 16:10:16.011794;;;WHEEL_POS;58.860,0.00
VAL;2026-09-18 16:10:16.058676;;;WHEEL_POS;58.907,0.00
VAL;2026-09-18 16:10:16.078818;;;WHEEL_POS;58.927,0.00
VAL;2026-09-18 16:10:16.110070;;;WHEEL_POS;58.958,0.00
VAL;2026-09-18 16:10:16.141323;;;WHEEL_POS;58.989,0.00
VAL;2026-09-18 16:10:16.156948;;;WHEEL_POS;59.005,0.00
VAL;2026-09-18 16:10:16.185424;;;WHEEL_POS;59.033,0.00
VAL;2026-09-18 16:10:16.201053;;;WHEEL_POS;59.049,0.00
VAL;2026-09-18 16:10:16.232301;;;WHEEL_POS;59.080,0.00
VAL;2026-09-18 16:10:16.263437;;;WHEEL_POS;59.111,0.00
VAL;2026-09-18 16:10:16.279071;;;WHEEL_POS;59.127,0.00
VAL;2026-09-18 16:10:16.325953;;;WHEEL_POS;59.174,0.00
VAL;2026-09-18 16:10:16.353154;;;WHEEL_POS;59.201,0.00
VAL;2026-09-18 16:10:16.385859;;;WHEEL_POS;59.234,0.00
VAL;2026-09-18 16:10:16.403609;;;WHEEL_POS;59.252,0.00
VAL;2026-09-18 16:10:16.419238;;;WHEEL_POS;59.267,0.00
VAL;2026-09-18 16:10:16.450494;;;WHEEL_POS;59.299,0.00
VAL;2026-09-18 16:10:16.479135;;;WHEEL_POS;59.327,0.00
VAL;2026-09-18 16:10:16.510390;;;WHEEL_POS;59.358,0.00
VAL;2026-09-18 16:10:16.541639;;;WHEEL_POS;59.390,0.00
VAL;2026-09-18 16:10:16.587328;;;WHEEL_POS;59.435,0.00
VAL;2026-09-18 16:10:16.602955;;;WHEEL_POS;59.451,0.00
VAL;2026-09-18 16:10:16.634212;;;WHEEL_POS;59.482,0.00
VAL;2026-09-18 16:10:16.695107;;;WHEEL_POS;59.543,0.00
VAL;2026-09-18 16:10:16.710729;;;WHEEL_POS;59.559,0.00
VAL;2026-09-18 16:10:16.741983;;;WHEEL_POS;59.590,0.00
VAL;2026-09-18 16:10:16.786768;;;WHEEL_POS;59.635,0.00
VAL;2026-09-18 16:10:16.818020;;;WHEEL_POS;59.666,0.00
VAL;2026-09-18 16:10:16.849273;;;WHEEL_POS;59.697,0.00
VAL;2026-09-18 16:10:16.879908;;;WHEEL_POS;59.728,0.00
VAL;2026-09-18 16:10:16.911161;;;WHEEL_POS;59.759,0.00
VAL;2026-09-18 16:10:16.942413;;;WHEEL_POS;59.790,0.00
VAL;2026-09-18 16:10:16.988700;;;WHEEL_POS;59.837,0.00
VAL;2026-09-18 16:10:17.012334;;;WHEEL_POS;59.860,0.00
VAL;2026-09-18 16:10:17.043586;;;WHEEL_POS;59.892,0.00
VAL;2026-09-18 16:10:17.095973;;;WHEEL_POS;59.944,0.00
VAL;2026-09-18 16:10:17.111598;;;WHEEL_POS;59.960,0.00
VAL;2026-09-18 16:10:17.142850;;;WHEEL_POS;59.991,0.00
VAL;2026-09-18 16:10:17.188627;;;WHEEL_POS;60.037,0.00
VAL;2026-09-18 16:10:17.204254;;;WHEEL_POS;60.052,0.00
VAL;2026-09-18 16:10:17.235506;;;WHEEL_POS;60.084,0.00
VAL;2026-09-18 16:10:17.251132;;;WHEEL_POS;60.099,0.00
VAL;2026-09-18 16:10:17.296396;;;WHEEL_POS;60.144,0.00
VAL;2026-09-18 16:10:17.312018;;;WHEEL_POS;60.160,0.00
VAL;2026-09-18 16:10:17.353777;;;WHEEL_POS;60.202,0.00
VAL;2026-09-18 16:10:17.374026;;;WHEEL_POS;60.222,0.00
VAL;2026-09-18 16:10:17.434920;;;WHEEL_POS;60.283,0.00
VAL;2026-09-18 16:10:17.450543;;;WHEEL_POS;60.299,0.00
VAL;2026-09-18 16:10:17.496808;;;WHEEL_POS;60.345,0.00
VAL;2026-09-18 16:10:17.512430;;;WHEEL_POS;60.360,0.00
VAL;2026-09-18 16:10:17.555014;;;WHEEL_POS;60.403,0.00
VAL;2026-09-18 16:10:17.575533;;;WHEEL_POS;60.424,0.00
VAL;2026-09-18 16:10:17.606790;;;WHEEL_POS;60.455,0.00
VAL;2026-09-18 16:10:17.638047;;;WHEEL_POS;60.486,0.00
VAL;2026-09-18 16:10:17.696938;;;WHEEL_POS;60.545,0.00
VAL;2026-09-18 16:10:17.712560;;;WHEEL_POS;60.561,0.00
VAL;2026-09-18 16:10:17.728186;;;WHEEL_POS;60.576,0.00
VAL;2026-09-18 16:10:17.765960;;;WHEEL_POS;60.614,0.00
VAL;2026-09-18 16:10:17.790594;;;WHEEL_POS;60.639,0.00
VAL;2026-09-18 16:10:17.806219;;;WHEEL_POS;60.654,0.00
VAL;2026-09-18 16:10:17.837472;;;WHEEL_POS;60.685,0.00
VAL;2026-09-18 16:10:17.853098;;;WHEEL_POS;60.701,0.00
VAL;2026-09-18 16:10:17.882251;;;WHEEL_POS;60.730,0.00
VAL;2026-09-18 16:10:17.913503;;;WHEEL_POS;60.762,0.00
VAL;2026-09-18 16:10:17.929130;;;WHEEL_POS;60.777,0.00
VAL;2026-09-18 16:10:17.969917;;;WHEEL_POS;60.818,0.00
VAL;2026-09-18 16:10:17.997615;;;WHEEL_POS;60.846,0.00
VAL;2026-09-18 16:10:18.013243;;;WHEEL_POS;60.861,0.00
VAL;2026-09-18 16:10:18.044495;;;WHEEL_POS;60.893,0.00
VAL;2026-09-18 16:10:18.060121;;;WHEEL_POS;60.908,0.00
VAL;2026-09-18 16:10:18.082254;;;WHEEL_POS;60.930,0.00
VAL;2026-09-18 16:10:18.113507;;;WHEEL_POS;60.962,0.00
VAL;2026-09-18 16:10:18.144759;;;WHEEL_POS;60.993,0.00
VAL;2026-09-18 16:10:18.178548;;;WHEEL_POS;61.027,0.00
VAL;2026-09-18 16:10:18.194177;;;WHEEL_POS;61.042,0.00
VAL;2026-09-18 16:10:18.225435;;;WHEEL_POS;61.073,0.00
VAL;2026-09-18 16:10:18.256680;;;WHEEL_POS;61.105,0.00
VAL;2026-09-18 16:10:18.282811;;;WHEEL_POS;61.131,0.00
VAL;2026-09-18 16:10:18.314064;;;WHEEL_POS;61.162,0.00
VAL;2026-09-18 16:10:18.362709;;;WHEEL_POS;61.211,0.00
VAL;2026-09-18 16:10:18.380732;;;WHEEL_POS;61.229,0.00
VAL;2026-09-18 16:10:18.420035;;;WHEEL_POS;61.268,0.00
VAL;2026-09-18 16:10:18.451288;;;WHEEL_POS;61.299,0.00
VAL;2026-09-18 16:10:18.498680;;;WHEEL_POS;61.347,0.00
VAL;2026-09-18 16:10:18.514300;;;WHEEL_POS;61.362,0.00
VAL;2026-09-18 16:10:18.545551;;;WHEEL_POS;61.394,0.00
VAL;2026-09-18 16:10:18.580721;;;WHEEL_POS;61.429,0.00
VAL;2026-09-18 16:10:18.611977;;;WHEEL_POS;61.460,0.00
VAL;2026-09-18 16:10:18.643229;;;WHEEL_POS;61.491,0.00
VAL;2026-09-18 16:10:18.683491;;;WHEEL_POS;61.532,0.00
VAL;2026-09-18 16:10:18.714743;;;WHEEL_POS;61.563,0.00
VAL;2026-09-18 16:10:18.745995;;;WHEEL_POS;61.594,0.00
VAL;2026-09-18 16:10:18.781161;;;WHEEL_POS;61.629,0.00
VAL;2026-09-18 16:10:18.812417;;;WHEEL_POS;61.660,0.00
VAL;2026-09-18 16:10:18.843669;;;WHEEL_POS;61.692,0.00
VAL;2026-09-18 16:10:18.883927;;;WHEEL_POS;61.732,0.00
VAL;2026-09-18 16:10:18.915179;;;WHEEL_POS;61.763,0.00
VAL;2026-09-18 16:10:18.946431;;;WHEEL_POS;61.794,0.00
VAL;2026-09-18 16:10:18.968587;;;WHEEL_POS;61.817,0.00
VAL;2026-09-18 16:10:18.982560;;;WHEEL_POS;61.831,0.00
VAL;2026-09-18 16:10:18.997563;;;WHEEL_POS;61.846,0.00
VAL;2026-09-18 16:10:19.013193;;;WHEEL_POS;61.861,0.00
VAL;2026-09-18 16:10:19.044450;;;WHEEL_POS;61.892,0.00
VAL;2026-09-18 16:10:19.099835;;;WHEEL_POS;61.948,0.00
VAL;2026-09-18 16:10:19.115458;;;WHEEL_POS;61.963,0.00
VAL;2026-09-18 16:10:19.131084;;;WHEEL_POS;61.979,0.00
VAL;2026-09-18 16:10:19.168861;;;WHEEL_POS;62.017,0.00
VAL;2026-09-18 16:10:19.198495;;;WHEEL_POS;62.047,0.00
VAL;2026-09-18 16:10:19.214121;;;WHEEL_POS;62.062,0.00
VAL;2026-09-18 16:10:19.245374;;;WHEEL_POS;62.093,0.00
VAL;2026-09-18 16:10:19.260999;;;WHEEL_POS;62.109,0.00
VAL;2026-09-18 16:10:19.300265;;;WHEEL_POS;62.148,0.00
VAL;2026-09-18 16:10:19.315885;;;WHEEL_POS;62.164,0.00
VAL;2026-09-18 16:10:19.355146;;;WHEEL_POS;62.203,0.00
EVENT;2026-09-18 16:10:19.385288;5.0;;158;Tup
TRANSITION;2026-09-18 16:10:19.385288;5.0;;NoResponse;
EVENT;2026-09-18 16:10:19.385288;5.000100000000001;;158;Tup
TRANSITION;2026-09-18 16:10:19.385288;5.000100000000001;;ITI;
VAL;2026-09-18 16:10:19.385288;;;WHEEL_POS;62.233,0.00
VAL;2026-09-18 16:10:19.406233;;;WHEEL_POS;62.254,0.00
VAL;2026-09-18 16:10:19.423369;;;WHEEL_POS;62.271,0.00
VAL;2026-09-18 16:10:19.443827;;;WHEEL_POS;62.292,0.00
VAL;2026-09-18 16:10:19.468990;;;WHEEL_POS;62.317,0.00
VAL;2026-09-18 16:10:19.484618;;;WHEEL_POS;62.333,0.00
VAL;2026-09-18 16:10:19.500248;;;WHEEL_POS;62.348,0.00
VAL;2026-09-18 16:10:19.531498;;;WHEEL_POS;62.380,0.00
VAL;2026-09-18 16:10:19.547123;;;WHEEL_POS;62.395,0.00
VAL;2026-09-18 16:10:19.589415;;;WHEEL_POS;62.437,0.00
VAL;2026-09-18 16:10:19.605046;;;WHEEL_POS;62.453,0.00
VAL;2026-09-18 16:10:19.636301;;;WHEEL_POS;62.484,0.00
VAL;2026-09-18 16:10:19.651923;;;WHEEL_POS;62.500,0.00
VAL;2026-09-18 16:10:19.685182;;;WHEEL_POS;62.533,0.00
VAL;2026-09-18 16:10:19.716434;;;WHEEL_POS;62.564,0.00
VAL;2026-09-18 16:10:19.748688;;;WHEEL_POS;62.597,0.00
VAL;2026-09-18 16:10:19.769821;;;WHEEL_POS;62.618,0.00
VAL;2026-09-18 16:10:19.806128;;;WHEEL_POS;62.654,0.00
VAL;2026-09-18 16:10:19.837381;;;WHEEL_POS;62.685,0.00
VAL;2026-09-18 16:10:19.869635;;;WHEEL_POS;62.718,0.00
VAL;2026-09-18 16:10:19.885263;;;WHEEL_POS;62.733,0.00
VAL;2026-09-18 16:10:19.916518;;;WHEEL_POS;62.765,0.00
VAL;2026-09-18 16:10:19.932142;;;WHEEL_POS;62.780,0.00
VAL;2026-09-18 16:10:19.969910;;;WHEEL_POS;62.818,0.00
VAL;2026-09-18 16:10:19.990546;;;WHEEL_POS;62.839,0.00
VAL;2026-09-18 16:10:20.013840;;;WHEEL_POS;62.862,0.00
VAL;2026-09-18 16:10:20.045094;;;WHEEL_POS;62.893,0.00
VAL;2026-09-18 16:10:20.085853;;;WHEEL_POS;62.934,0.00
VAL;2026-09-18 16:10:20.117107;;;WHEEL_POS;62.965,0.00
VAL;2026-09-18 16:10:20.148358;;;WHEEL_POS;62.996,0.00
VAL;2026-09-18 16:10:20.163984;;;WHEEL_POS;63.012,0.00
VAL;2026-09-18 16:10:20.191631;;;WHEEL_POS;63.040,0.00
VAL;2026-09-18 16:10:20.207261;;;WHEEL_POS;63.055,0.00
VAL;2026-09-18 16:10:20.254144;;;WHEEL_POS;63.102,0.00
VAL;2026-09-18 16:10:20.270769;;;WHEEL_POS;63.119,0.00
VAL;2026-09-18 16:10:20.286399;;;WHEEL_POS;63.134,0.00
VAL;2026-09-18 16:10:20.302025;;;WHEEL_POS;63.150,0.00
VAL;2026-09-18 16:10:20.333278;;;WHEEL_POS;63.181,0.00
VAL;2026-09-18 16:10:20.356416;;;WHEEL_POS;63.204,0.00
VAL;2026-09-18 16:10:20.393649;;;WHEEL_POS;63.242,0.00
VAL;2026-09-18 16:10:20.430452;;;WHEEL_POS;63.278,0.00
VAL;2026-09-18 16:10:20.461708;;;WHEEL_POS;63.310,0.00
VAL;2026-09-18 16:10:20.486848;;;WHEEL_POS;63.335,0.00
VAL;2026-09-18 16:10:20.518104;;;WHEEL_POS;63.366,0.00
VAL;2026-09-18 16:10:20.549351;;;WHEEL_POS;63.397,0.00
VAL;2026-09-18 16:10:20.564979;;;WHEEL_POS;63.413,0.00
VAL;2026-09-18 16:10:20.593120;;;WHEEL_POS;63.441,0.00
VAL;2026-09-18 16:10:20.608751;;;WHEEL_POS;63.457,0.00
VAL;2026-09-18 16:10:20.640004;;;WHEEL_POS;63.488,0.00
VAL;2026-09-18 16:10:20.671766;;;WHEEL_POS;63.520,0.00
VAL;2026-09-18 16:10:20.687394;;;WHEEL_POS;63.535,0.00
VAL;2026-09-18 16:10:20.718646;;;WHEEL_POS;63.567,0.00
VAL;2026-09-18 16:10:20.734275;;;WHEEL_POS;63.582,0.00
VAL;2026-09-18 16:10:20.769883;;;WHEEL_POS;63.618,0.00
VAL;2026-09-18 16:10:20.786369;;;WHEEL_POS;63.634,0.00
VAL;2026-09-18 16:10:20.805269;;;WHEEL_POS;63.653,0.00
VAL;2026-09-18 16:10:20.818299;;;WHEEL_POS;63.666,0.00
VAL;2026-09-18 16:10:20.833925;;;WHEEL_POS;63.682,0.00
VAL;2026-09-18 16:10:20.865182;;;WHEEL_POS;63.713,0.00
EVENT;2026-09-18 16:10:20.872196;6.500100000000001;;158;Tup
END-TRIAL;2026-09-18 16:10:20.872196;;;The trial ended;
INFO;2026-09-18 16:10:20.872196;66.781131;73.281234;TRIAL-BPOD-TIME;6.500102999999996
STATE;2026-09-18 16:10:20.872196;0;5.0;WheelDotPeriod;5.0
STATE;2026-09-18 16:10:20.872196;5.0;5.000100000000001;NoResponse;0.00010000000000065512
STATE;2026-09-18 16:10:20.872196;5.000100000000001;6.500100000000001;ITI;1.5
STATE;2026-09-18 16:10:20.872196;nan;nan;Reward;nan
STATE;2026-09-18 16:10:20.872196;nan;nan;Consumption;nan
STATE;2026-09-18 16:10:20.872196;nan;nan;ErrorConsumption;nan
STATE;2026-09-18 16:10:20.872196;nan;nan;IncorrectITI;nan
VAL;2026-09-18 16:10:20.941020;;;INCLUDED;False
VAL;2026-09-18 16:10:20.941020;;;CONSUMPTION_LICKED;
VAL;2026-09-18 16:10:20.941020;;;LED_ON_TIME;57.22645163536072
VAL;2026-09-18 16:10:20.941020;;;DOT_ONSET_JITTER_S;0.18676925881456777
VAL;2026-09-18 16:10:20.941020;;;DOT_ONSET_TIME;57.41322089417528
VAL;2026-09-18 16:10:20.941020;;;TIMED_OUT;62.22645163536072
stdout;2026-09-18 16:10:20.941020;;;Trial 8 (warmup): side=R, NoResponse;
stdout;2026-09-18 16:10:20.941020;;;|
|;
VAL;2026-09-18 16:10:21.645305;;;TRIAL_INIT_START;64.49332880973816
VAL;2026-09-18 16:10:21.688565;;;WHEEL_POS;64.537,0.00
VAL;2026-09-18 16:10:21.704192;;;WHEEL_POS;64.552,0.00
VAL;2026-09-18 16:10:21.735445;;;WHEEL_POS;64.583,0.00
VAL;2026-09-18 16:10:21.751071;;;WHEEL_POS;64.599,0.00
VAL;2026-09-18 16:10:21.788834;;;WHEEL_POS;64.637,0.00
VAL;2026-09-18 16:10:21.815507;;;WHEEL_POS;64.664,0.00
VAL;2026-09-18 16:10:21.831134;;;TRIAL_START;64.66353130340576
VAL;2026-09-18 16:10:21.831134;;;QUIESCENCE_BREAKS;0
VAL;2026-09-18 16:10:21.831134;;;TRIAL_TYPE;warmup
VAL;2026-09-18 16:10:21.999681;;;TRIAL_SIDE;L
VAL;2026-09-18 16:10:21.999681;;;CLICK_TIMES_L;0.0150,0.1985,0.2135
VAL;2026-09-18 16:10:21.999681;;;CLICK_TIMES_R;
VAL;2026-09-18 16:10:21.999681;;;N_CLICKS_L;3
VAL;2026-09-18 16:10:21.999681;;;N_CLICKS_R;0
VAL;2026-09-18 16:10:21.999681;;;STIM_SEED;1095000220
VAL;2026-09-18 16:10:21.999681;;;CUE_ABORT_THRESHOLD_DEG;10.0
VAL;2026-09-18 16:10:22.000686;;;RESPONSE_THRESHOLD_DEG;35.0
VAL;2026-09-18 16:10:22.000758;;;QUIESCENCE_DUR_S;0.1
VAL;2026-09-18 16:10:22.000758;;;ITI_S;1.5
VAL;2026-09-18 16:10:22.000758;;;CLICK_LEVEL_ATTENUATED;False
stdout;2026-09-18 16:10:22.000758;;;Trial 9 (warmup): side=L, n_L=3, n_R=0;
stdout;2026-09-18 16:10:22.000758;;;|
|;
VAL;2026-09-18 16:10:22.000758;;;SM_SEND_TIME;64.84878253936768
VAL;2026-09-18 16:10:22.000758;;;CUE_ONSET_TIME;64.86978253936768
TRIAL;2026-09-18 16:10:22.001764;;;New trial;
VAL;2026-09-18 16:10:22.001764;;;WHEEL_POS;64.850,0.00
VAL;2026-09-18 16:10:22.033021;;;WHEEL_POS;64.881,0.00
VAL;2026-09-18 16:10:22.064272;;;WHEEL_POS;64.912,0.00
VAL;2026-09-18 16:10:22.089407;;;WHEEL_POS;64.937,0.00
VAL;2026-09-18 16:10:22.105034;;;WHEEL_POS;64.953,0.00
VAL;2026-09-18 16:10:22.136287;;;WHEEL_POS;64.984,0.00
VAL;2026-09-18 16:10:22.151912;;;WHEEL_POS;65.000,0.00
VAL;2026-09-18 16:10:22.189674;;;WHEEL_POS;65.038,0.00
VAL;2026-09-18 16:10:22.217155;;;WHEEL_POS;65.065,0.00
VAL;2026-09-18 16:10:22.248407;;;WHEEL_POS;65.096,0.00
VAL;2026-09-18 16:10:22.264032;;;WHEEL_POS;65.112,0.00
EVENT;2026-09-18 16:10:22.274037;0.271;;158;Tup
TRANSITION;2026-09-18 16:10:22.274037;0.271;;DelayPeriod;
VAL;2026-09-18 16:10:22.289667;;;WHEEL_POS;65.138,0.00
VAL;2026-09-18 16:10:22.320919;;;WHEEL_POS;65.169,0.00
VAL;2026-09-18 16:10:22.363188;;;WHEEL_POS;65.211,0.00
VAL;2026-09-18 16:10:22.389822;;;WHEEL_POS;65.238,0.00
VAL;2026-09-18 16:10:22.414908;;;WHEEL_POS;65.263,0.00
EVENT;2026-09-18 16:10:22.446164;0.4349;;158;Tup
TRANSITION;2026-09-18 16:10:22.446164;0.4349;;CueComplete;
EVENT;2026-09-18 16:10:22.446164;0.435;;158;Tup
END-TRIAL;2026-09-18 16:10:22.446164;;;The trial ended;
INFO;2026-09-18 16:10:22.446164;74.407031;74.842035;TRIAL-BPOD-TIME;0.4350039999999922
STATE;2026-09-18 16:10:22.446164;0;0.271;CuePeriod;0.271
STATE;2026-09-18 16:10:22.446164;0.271;0.4349;DelayPeriod;0.1639
STATE;2026-09-18 16:10:22.446164;0.4349;0.435;CueComplete;9.999999999998899e-05
STATE;2026-09-18 16:10:22.446164;nan;nan;WheelAbort;nan
STATE;2026-09-18 16:10:22.446164;nan;nan;AbortITI;nan
VAL;2026-09-18 16:10:22.446164;;;WHEEL_POS;65.294,0.00
VAL;2026-09-18 16:10:22.461791;;;SM_SEND_TIME;65.30981469154358
TRIAL;2026-09-18 16:10:22.461791;;;New trial;
VAL;2026-09-18 16:10:22.474297;;;WHEEL_POS;65.322,0.00
VAL;2026-09-18 16:10:22.489927;;;WHEEL_POS;65.338,0.00
VAL;2026-09-18 16:10:22.521181;;;WHEEL_POS;65.369,0.00
VAL;2026-09-18 16:10:22.556260;;;WHEEL_POS;65.404,0.00
VAL;2026-09-18 16:10:22.590017;;;WHEEL_POS;65.438,0.00
VAL;2026-09-18 16:10:22.617650;;;WHEEL_POS;65.466,0.00
VAL;2026-09-18 16:10:22.648903;;;WHEEL_POS;65.497,0.00
VAL;2026-09-18 16:10:22.690181;;;WHEEL_POS;65.538,0.00
VAL;2026-09-18 16:10:22.721428;;;WHEEL_POS;65.569,0.00
VAL;2026-09-18 16:10:22.752685;;;WHEEL_POS;65.601,0.00
VAL;2026-09-18 16:10:22.768307;;;WHEEL_POS;65.616,0.00
VAL;2026-09-18 16:10:22.790440;;;WHEEL_POS;65.638,0.00
VAL;2026-09-18 16:10:22.818505;;;WHEEL_POS;65.667,0.00
VAL;2026-09-18 16:10:22.849755;;;WHEEL_POS;65.698,0.00
VAL;2026-09-18 16:10:22.890528;;;WHEEL_POS;65.739,0.00
VAL;2026-09-18 16:10:22.921777;;;WHEEL_POS;65.770,0.00
VAL;2026-09-18 16:10:22.953037;;;WHEEL_POS;65.801,0.00
VAL;2026-09-18 16:10:22.990786;;;WHEEL_POS;65.839,0.00
VAL;2026-09-18 16:10:23.019279;;;WHEEL_POS;65.867,0.00
VAL;2026-09-18 16:10:23.034902;;;WHEEL_POS;65.883,0.00
VAL;2026-09-18 16:10:23.075164;;;WHEEL_POS;65.923,0.00
VAL;2026-09-18 16:10:23.106426;;;WHEEL_POS;65.954,0.00
VAL;2026-09-18 16:10:23.122052;;;WHEEL_POS;65.970,0.00
VAL;2026-09-18 16:10:23.153311;;;WHEEL_POS;66.001,0.00
VAL;2026-09-18 16:10:23.191067;;;WHEEL_POS;66.039,0.00
VAL;2026-09-18 16:10:23.220466;;;WHEEL_POS;66.068,0.00
VAL;2026-09-18 16:10:23.251718;;;WHEEL_POS;66.100,0.00
VAL;2026-09-18 16:10:23.290992;;;WHEEL_POS;66.139,0.00
VAL;2026-09-18 16:10:23.322239;;;WHEEL_POS;66.170,0.00
VAL;2026-09-18 16:10:23.358999;;;WHEEL_POS;66.207,0.00
VAL;2026-09-18 16:10:23.375534;;;WHEEL_POS;66.224,0.00
VAL;2026-09-18 16:10:23.391162;;;WHEEL_POS;66.239,0.00
VAL;2026-09-18 16:10:23.415847;;;WHEEL_POS;66.264,0.00
VAL;2026-09-18 16:10:23.431480;;;WHEEL_POS;66.280,0.00
VAL;2026-09-18 16:10:23.462727;;;WHEEL_POS;66.311,0.00
VAL;2026-09-18 16:10:23.491362;;;WHEEL_POS;66.339,0.00
VAL;2026-09-18 16:10:23.506991;;;WHEEL_POS;66.355,0.00
VAL;2026-09-18 16:10:23.538240;;;WHEEL_POS;66.386,0.00
VAL;2026-09-18 16:10:23.575999;;;WHEEL_POS;66.424,0.00
VAL;2026-09-18 16:10:23.622087;;;WHEEL_POS;66.470,0.00
VAL;2026-09-18 16:10:23.653345;;;WHEEL_POS;66.501,0.00
VAL;2026-09-18 16:10:23.691601;;;WHEEL_POS;66.540,0.00
VAL;2026-09-18 16:10:23.707231;;;WHEEL_POS;66.555,0.00
VAL;2026-09-18 16:10:23.738478;;;WHEEL_POS;66.587,0.00
VAL;2026-09-18 16:10:23.764618;;;WHEEL_POS;66.613,0.00
VAL;2026-09-18 16:10:23.791755;;;WHEEL_POS;66.640,0.00
VAL;2026-09-18 16:10:23.822929;;;WHEEL_POS;66.671,0.00
VAL;2026-09-18 16:10:23.854184;;;WHEEL_POS;66.702,0.00
VAL;2026-09-18 16:10:23.891944;;;WHEEL_POS;66.740,0.00
VAL;2026-09-18 16:10:23.923197;;;WHEEL_POS;66.771,0.00
VAL;2026-09-18 16:10:23.954449;;;WHEEL_POS;66.802,0.00
VAL;2026-09-18 16:10:23.992212;;;WHEEL_POS;66.840,0.00
VAL;2026-09-18 16:10:24.023947;;;WHEEL_POS;66.872,0.00
VAL;2026-09-18 16:10:24.055209;;;WHEEL_POS;66.903,0.00
VAL;2026-09-18 16:10:24.092458;;;WHEEL_POS;66.940,0.00
VAL;2026-09-18 16:10:24.123710;;;WHEEL_POS;66.972,0.00
VAL;2026-09-18 16:10:24.154962;;;WHEEL_POS;67.003,0.00
VAL;2026-09-18 16:10:24.192739;;;WHEEL_POS;67.041,0.00
VAL;2026-09-18 16:10:24.240331;;;WHEEL_POS;67.088,0.00
VAL;2026-09-18 16:10:24.255954;;;WHEEL_POS;67.104,0.00
VAL;2026-09-18 16:10:24.308341;;;WHEEL_POS;67.156,0.00
VAL;2026-09-18 16:10:24.323963;;;WHEEL_POS;67.172,0.00
VAL;2026-09-18 16:10:24.355215;;;WHEEL_POS;67.203,0.00
VAL;2026-09-18 16:10:24.392992;;;WHEEL_POS;67.241,0.00
VAL;2026-09-18 16:10:24.447847;;;WHEEL_POS;67.296,0.00
VAL;2026-09-18 16:10:24.463469;;;WHEEL_POS;67.311,0.00
VAL;2026-09-18 16:10:24.493101;;;WHEEL_POS;67.341,0.00
VAL;2026-09-18 16:10:24.524354;;;WHEEL_POS;67.372,0.00
VAL;2026-09-18 16:10:24.539979;;;WHEEL_POS;67.388,0.00
VAL;2026-09-18 16:10:24.577747;;;WHEEL_POS;67.426,0.00
VAL;2026-09-18 16:10:24.593378;;;WHEEL_POS;67.441,0.00
VAL;2026-09-18 16:10:24.625830;;;WHEEL_POS;67.474,0.00
VAL;2026-09-18 16:10:24.657082;;;WHEEL_POS;67.505,0.00
VAL;2026-09-18 16:10:24.693340;;;WHEEL_POS;67.541,0.00
VAL;2026-09-18 16:10:24.708969;;;WHEEL_POS;67.557,0.00
VAL;2026-09-18 16:10:24.740218;;;WHEEL_POS;67.588,0.00
VAL;2026-09-18 16:10:24.777984;;;WHEEL_POS;67.626,0.00
VAL;2026-09-18 16:10:24.793615;;;WHEEL_POS;67.642,0.00
VAL;2026-09-18 16:10:24.852439;;;WHEEL_POS;67.700,0.00
VAL;2026-09-18 16:10:24.868063;;;WHEEL_POS;67.716,0.00
VAL;2026-09-18 16:10:24.909328;;;WHEEL_POS;67.757,0.00
VAL;2026-09-18 16:10:24.924949;;;WHEEL_POS;67.773,0.00
VAL;2026-09-18 16:10:24.971830;;;WHEEL_POS;67.820,0.00
VAL;2026-09-18 16:10:24.993973;;;WHEEL_POS;67.842,0.00
VAL;2026-09-18 16:10:25.021946;;;WHEEL_POS;67.870,0.00
VAL;2026-09-18 16:10:25.037578;;;WHEEL_POS;67.886,0.00
VAL;2026-09-18 16:10:25.068828;;;WHEEL_POS;67.917,0.00
VAL;2026-09-18 16:10:25.093959;;;WHEEL_POS;67.942,0.00
VAL;2026-09-18 16:10:25.125211;;;WHEEL_POS;67.973,0.00
VAL;2026-09-18 16:10:25.156464;;;WHEEL_POS;68.004,0.00
VAL;2026-09-18 16:10:25.178605;;;WHEEL_POS;68.027,0.00
VAL;2026-09-18 16:10:25.194238;;;WHEEL_POS;68.042,0.00
VAL;2026-09-18 16:10:25.254481;;;WHEEL_POS;68.103,0.00
VAL;2026-09-18 16:10:25.270101;;;WHEEL_POS;68.118,0.00
VAL;2026-09-18 16:10:25.294234;;;WHEEL_POS;68.142,0.00
VAL;2026-09-18 16:10:25.325488;;;WHEEL_POS;68.174,0.00
VAL;2026-09-18 16:10:25.356738;;;WHEEL_POS;68.205,0.00
VAL;2026-09-18 16:10:25.394512;;;WHEEL_POS;68.243,0.00
VAL;2026-09-18 16:10:25.439859;;;WHEEL_POS;68.288,0.00
VAL;2026-09-18 16:10:25.471111;;;WHEEL_POS;68.319,0.00
VAL;2026-09-18 16:10:25.510375;;;WHEEL_POS;68.358,0.00
VAL;2026-09-18 16:10:25.525996;;;WHEEL_POS;68.374,0.00
VAL;2026-09-18 16:10:25.557249;;;WHEEL_POS;68.405,0.00
VAL;2026-09-18 16:10:25.595025;;;WHEEL_POS;68.443,0.00
VAL;2026-09-18 16:10:25.656394;;;WHEEL_POS;68.504,0.00
VAL;2026-09-18 16:10:25.710779;;;WHEEL_POS;68.559,0.00
VAL;2026-09-18 16:10:25.726399;;;WHEEL_POS;68.574,0.00
VAL;2026-09-18 16:10:25.742026;;;WHEEL_POS;68.590,0.00
VAL;2026-09-18 16:10:25.779792;;;WHEEL_POS;68.628,0.00
VAL;2026-09-18 16:10:25.795422;;;WHEEL_POS;68.643,0.00
VAL;2026-09-18 16:10:25.811048;;;WHEEL_POS;68.659,0.00
VAL;2026-09-18 16:10:25.841516;;;WHEEL_POS;68.690,0.00
VAL;2026-09-18 16:10:25.857147;;;WHEEL_POS;68.705,0.00
VAL;2026-09-18 16:10:25.911031;;;WHEEL_POS;68.759,0.00
VAL;2026-09-18 16:10:25.926653;;;WHEEL_POS;68.775,0.00
VAL;2026-09-18 16:10:25.957905;;;WHEEL_POS;68.806,0.00
VAL;2026-09-18 16:10:25.995682;;;WHEEL_POS;68.844,0.00
VAL;2026-09-18 16:10:26.019448;;;WHEEL_POS;68.867,0.00
VAL;2026-09-18 16:10:26.041586;;;WHEEL_POS;68.890,0.00
VAL;2026-09-18 16:10:26.072834;;;WHEEL_POS;68.921,0.00
VAL;2026-09-18 16:10:26.095965;;;WHEEL_POS;68.944,0.00
VAL;2026-09-18 16:10:26.127218;;;WHEEL_POS;68.975,0.00
VAL;2026-09-18 16:10:26.158471;;;WHEEL_POS;69.006,0.00
VAL;2026-09-18 16:10:26.196249;;;WHEEL_POS;69.044,0.00
VAL;2026-09-18 16:10:26.242381;;;WHEEL_POS;69.090,0.00
VAL;2026-09-18 16:10:26.258012;;;WHEEL_POS;69.106,0.00
VAL;2026-09-18 16:10:26.296264;;;WHEEL_POS;69.144,0.00
VAL;2026-09-18 16:10:26.327516;;;WHEEL_POS;69.176,0.00
VAL;2026-09-18 16:10:26.347647;;;WHEEL_POS;69.196,0.00
VAL;2026-09-18 16:10:26.377302;;;WHEEL_POS;69.225,0.00
VAL;2026-09-18 16:10:26.396436;;;WHEEL_POS;69.244,0.00
VAL;2026-09-18 16:10:26.417638;;;WHEEL_POS;69.266,0.00
VAL;2026-09-18 16:10:26.443290;;;WHEEL_POS;69.291,0.00
VAL;2026-09-18 16:10:26.474537;;;WHEEL_POS;69.323,0.00
VAL;2026-09-18 16:10:26.496668;;;WHEEL_POS;69.345,0.00
VAL;2026-09-18 16:10:26.512300;;;WHEEL_POS;69.360,0.00
VAL;2026-09-18 16:10:26.543547;;;WHEEL_POS;69.392,0.00
VAL;2026-09-18 16:10:26.574802;;;WHEEL_POS;69.423,0.00
VAL;2026-09-18 16:10:26.596942;;;WHEEL_POS;69.445,0.00
VAL;2026-09-18 16:10:26.644041;;;WHEEL_POS;69.492,0.00
VAL;2026-09-18 16:10:26.659662;;;WHEEL_POS;69.508,0.00
VAL;2026-09-18 16:10:26.712553;;;WHEEL_POS;69.561,0.00
VAL;2026-09-18 16:10:26.728173;;;WHEEL_POS;69.576,0.00
VAL;2026-09-18 16:10:26.775052;;;WHEEL_POS;69.623,0.00
VAL;2026-09-18 16:10:26.797201;;;WHEEL_POS;69.645,0.00
VAL;2026-09-18 16:10:26.829163;;;WHEEL_POS;69.677,0.00
VAL;2026-09-18 16:10:26.860418;;;WHEEL_POS;69.708,0.00
VAL;2026-09-18 16:10:26.881548;;;WHEEL_POS;69.730,0.00
VAL;2026-09-18 16:10:26.912807;;;WHEEL_POS;69.761,0.00
VAL;2026-09-18 16:10:26.928430;;;WHEEL_POS;69.776,0.00
VAL;2026-09-18 16:10:26.959681;;;WHEEL_POS;69.808,0.00
VAL;2026-09-18 16:10:26.997458;;;WHEEL_POS;69.845,0.00
VAL;2026-09-18 16:10:27.028950;;;WHEEL_POS;69.877,0.00
VAL;2026-09-18 16:10:27.044588;;;WHEEL_POS;69.893,0.00
VAL;2026-09-18 16:10:27.075837;;;WHEEL_POS;69.924,0.00
VAL;2026-09-18 16:10:27.097471;;;WHEEL_POS;69.945,0.00
VAL;2026-09-18 16:10:27.113104;;;WHEEL_POS;69.961,0.00
VAL;2026-09-18 16:10:27.144349;;;WHEEL_POS;69.992,0.00
VAL;2026-09-18 16:10:27.159976;;;WHEEL_POS;70.008,0.00
VAL;2026-09-18 16:10:27.197746;;;WHEEL_POS;70.046,0.00
VAL;2026-09-18 16:10:27.233501;;;WHEEL_POS;70.082,0.00
VAL;2026-09-18 16:10:27.249132;;;WHEEL_POS;70.097,0.00
VAL;2026-09-18 16:10:27.282390;;;WHEEL_POS;70.130,0.00
VAL;2026-09-18 16:10:27.298018;;;WHEEL_POS;70.146,0.00
VAL;2026-09-18 16:10:27.329272;;;WHEEL_POS;70.177,0.00
VAL;2026-09-18 16:10:27.360523;;;WHEEL_POS;70.209,0.00
VAL;2026-09-18 16:10:27.382666;;;WHEEL_POS;70.231,0.00
VAL;2026-09-18 16:10:27.418500;;;WHEEL_POS;70.267,0.00
VAL;2026-09-18 16:10:27.451305;;;WHEEL_POS;70.299,0.00
EVENT;2026-09-18 16:10:27.466928;5.0;;158;Tup
TRANSITION;2026-09-18 16:10:27.466928;5.0;;NoResponse;
EVENT;2026-09-18 16:10:27.466928;5.000100000000001;;158;Tup
TRANSITION;2026-09-18 16:10:27.466928;5.000100000000001;;ITI;
VAL;2026-09-18 16:10:27.466928;;;WHEEL_POS;70.315,0.00
VAL;2026-09-18 16:10:27.498180;;;WHEEL_POS;70.346,0.00
VAL;2026-09-18 16:10:27.529432;;;WHEEL_POS;70.377,0.00
VAL;2026-09-18 16:10:27.556958;;;WHEEL_POS;70.405,0.00
VAL;2026-09-18 16:10:27.598235;;;WHEEL_POS;70.446,0.00
VAL;2026-09-18 16:10:27.635525;;;WHEEL_POS;70.484,0.00
VAL;2026-09-18 16:10:27.652162;;;WHEEL_POS;70.500,0.00
VAL;2026-09-18 16:10:27.698423;;;WHEEL_POS;70.546,0.00
VAL;2026-09-18 16:10:27.714052;;;WHEEL_POS;70.562,0.00
VAL;2026-09-18 16:10:27.750305;;;WHEEL_POS;70.598,0.00
VAL;2026-09-18 16:10:27.765934;;;WHEEL_POS;70.614,0.00
VAL;2026-09-18 16:10:27.798706;;;WHEEL_POS;70.647,0.00
VAL;2026-09-18 16:10:27.838965;;;WHEEL_POS;70.687,0.00
VAL;2026-09-18 16:10:27.870222;;;WHEEL_POS;70.718,0.00
VAL;2026-09-18 16:10:27.898858;;;WHEEL_POS;70.747,0.00
VAL;2026-09-18 16:10:27.930109;;;WHEEL_POS;70.778,0.00
VAL;2026-09-18 16:10:27.961361;;;WHEEL_POS;70.809,0.00
VAL;2026-09-18 16:10:27.983512;;;WHEEL_POS;70.832,0.00
VAL;2026-09-18 16:10:28.004650;;;WHEEL_POS;70.853,0.00
VAL;2026-09-18 16:10:28.023194;;;WHEEL_POS;70.871,0.00
VAL;2026-09-18 16:10:28.054338;;;WHEEL_POS;70.902,0.00
VAL;2026-09-18 16:10:28.069964;;;WHEEL_POS;70.918,0.00
VAL;2026-09-18 16:10:28.099097;;;WHEEL_POS;70.947,0.00
VAL;2026-09-18 16:10:28.130350;;;WHEEL_POS;70.978,0.00
VAL;2026-09-18 16:10:28.177235;;;WHEEL_POS;71.025,0.00
VAL;2026-09-18 16:10:28.199381;;;WHEEL_POS;71.047,0.00
VAL;2026-09-18 16:10:28.215007;;;WHEEL_POS;71.063,0.00
VAL;2026-09-18 16:10:28.256284;;;WHEEL_POS;71.104,0.00
VAL;2026-09-18 16:10:28.271906;;;WHEEL_POS;71.120,0.00
VAL;2026-09-18 16:10:28.299540;;;WHEEL_POS;71.148,0.00
VAL;2026-09-18 16:10:28.330793;;;WHEEL_POS;71.179,0.00
VAL;2026-09-18 16:10:28.362045;;;WHEEL_POS;71.210,0.00
VAL;2026-09-18 16:10:28.404841;;;WHEEL_POS;71.253,0.00
VAL;2026-09-18 16:10:28.435020;;;WHEEL_POS;71.283,0.00
VAL;2026-09-18 16:10:28.458219;;;WHEEL_POS;71.306,0.00
VAL;2026-09-18 16:10:28.515605;;;WHEEL_POS;71.364,0.00
VAL;2026-09-18 16:10:28.531226;;;WHEEL_POS;71.379,0.00
VAL;2026-09-18 16:10:28.562478;;;WHEEL_POS;71.411,0.00
VAL;2026-09-18 16:10:28.584626;;;WHEEL_POS;71.433,0.00
VAL;2026-09-18 16:10:28.600261;;;WHEEL_POS;71.448,0.00
VAL;2026-09-18 16:10:28.643881;;;WHEEL_POS;71.492,0.00
VAL;2026-09-18 16:10:28.675136;;;WHEEL_POS;71.523,0.00
VAL;2026-09-18 16:10:28.700269;;;WHEEL_POS;71.548,0.00
VAL;2026-09-18 16:10:28.731522;;;WHEEL_POS;71.580,0.00
VAL;2026-09-18 16:10:28.747148;;;WHEEL_POS;71.595,0.00
VAL;2026-09-18 16:10:28.784914;;;WHEEL_POS;71.633,0.00
VAL;2026-09-18 16:10:28.800546;;;WHEEL_POS;71.649,0.00
VAL;2026-09-18 16:10:28.816172;;;WHEEL_POS;71.664,0.00
VAL;2026-09-18 16:10:28.860876;;;WHEEL_POS;71.709,0.00
VAL;2026-09-18 16:10:28.900639;;;WHEEL_POS;71.749,0.00
VAL;2026-09-18 16:10:28.931894;;;WHEEL_POS;71.780,0.00
VAL;2026-09-18 16:10:28.963144;;;WHEEL_POS;71.811,0.00
EVENT;2026-09-18 16:10:28.963144;6.500100000000001;;158;Tup
END-TRIAL;2026-09-18 16:10:28.963144;;;The trial ended;
INFO;2026-09-18 16:10:28.963144;74.864031;81.364134;TRIAL-BPOD-TIME;6.50010300000001
STATE;2026-09-18 16:10:28.963144;0;5.0;WheelDotPeriod;5.0
STATE;2026-09-18 16:10:28.963144;5.0;5.000100000000001;NoResponse;0.00010000000000065512
STATE;2026-09-18 16:10:28.963144;5.000100000000001;6.500100000000001;ITI;1.5
STATE;2026-09-18 16:10:28.963144;nan;nan;Reward;nan
STATE;2026-09-18 16:10:28.963144;nan;nan;Consumption;nan
STATE;2026-09-18 16:10:28.963144;nan;nan;ErrorConsumption;nan
STATE;2026-09-18 16:10:28.963144;nan;nan;IncorrectITI;nan
VAL;2026-09-18 16:10:29.061807;;;INCLUDED;False
VAL;2026-09-18 16:10:29.061807;;;CONSUMPTION_LICKED;
VAL;2026-09-18 16:10:29.061807;;;LED_ON_TIME;65.30981469154358
VAL;2026-09-18 16:10:29.061807;;;DOT_ONSET_JITTER_S;0.17631333302902832
VAL;2026-09-18 16:10:29.061807;;;DOT_ONSET_TIME;65.48612802457261
VAL;2026-09-18 16:10:29.061807;;;TIMED_OUT;70.30981469154358
stdout;2026-09-18 16:10:29.061807;;;Trial 9 (warmup): side=L, NoResponse;
stdout;2026-09-18 16:10:29.061807;;;|
|;
VAL;2026-09-18 16:10:29.485835;;;TRIAL_INIT_START;72.33385872840881
VAL;2026-09-18 16:10:29.501463;;;WHEEL_POS;72.349,0.00
VAL;2026-09-18 16:10:29.517090;;;WHEEL_POS;72.365,0.00
VAL;2026-09-18 16:10:29.548341;;;WHEEL_POS;72.396,0.00
VAL;2026-09-18 16:10:29.579595;;;WHEEL_POS;72.428,0.00
VAL;2026-09-18 16:10:29.601734;;;WHEEL_POS;72.450,0.00
VAL;2026-09-18 16:10:29.632987;;;WHEEL_POS;72.481,0.00
VAL;2026-09-18 16:10:29.648554;;;TRIAL_START;72.48101139068604
VAL;2026-09-18 16:10:29.648554;;;QUIESCENCE_BREAKS;0
VAL;2026-09-18 16:10:29.648554;;;TRIAL_TYPE;warmup
VAL;2026-09-18 16:10:29.802225;;;TRIAL_SIDE;L
VAL;2026-09-18 16:10:29.802225;;;CLICK_TIMES_L;0.0997,0.1213
VAL;2026-09-18 16:10:29.817850;;;CLICK_TIMES_R;
VAL;2026-09-18 16:10:29.817850;;;N_CLICKS_L;2
VAL;2026-09-18 16:10:29.817850;;;N_CLICKS_R;0
VAL;2026-09-18 16:10:29.817850;;;STIM_SEED;421675690
VAL;2026-09-18 16:10:29.817850;;;CUE_ABORT_THRESHOLD_DEG;10.0
VAL;2026-09-18 16:10:29.817850;;;RESPONSE_THRESHOLD_DEG;35.0
VAL;2026-09-18 16:10:29.817850;;;QUIESCENCE_DUR_S;0.1
VAL;2026-09-18 16:10:29.817850;;;ITI_S;1.5
VAL;2026-09-18 16:10:29.817850;;;CLICK_LEVEL_ATTENUATED;False
stdout;2026-09-18 16:10:29.817850;;;Trial 10 (warmup): side=L, n_L=2, n_R=0;
stdout;2026-09-18 16:10:29.817850;;;|
|;
VAL;2026-09-18 16:10:29.817850;;;SM_SEND_TIME;72.66587448120117
VAL;2026-09-18 16:10:29.817850;;;CUE_ONSET_TIME;72.68687448120117
TRIAL;2026-09-18 16:10:29.817850;;;New trial;
VAL;2026-09-18 16:10:29.817850;;;WHEEL_POS;72.666,0.00
VAL;2026-09-18 16:10:29.849448;;;WHEEL_POS;72.697,0.00
VAL;2026-09-18 16:10:29.886710;;;WHEEL_POS;72.735,0.00
VAL;2026-09-18 16:10:29.902338;;;WHEEL_POS;72.750,0.00
VAL;2026-09-18 16:10:29.917966;;;WHEEL_POS;72.766,0.00
VAL;2026-09-18 16:10:29.949217;;;WHEEL_POS;72.797,0.00
VAL;2026-09-18 16:10:29.980468;;;WHEEL_POS;72.828,0.00
VAL;2026-09-18 16:10:30.002603;;;WHEEL_POS;72.851,0.00
VAL;2026-09-18 16:10:30.024738;;;WHEEL_POS;72.873,0.00
VAL;2026-09-18 16:10:30.065498;;;WHEEL_POS;72.914,0.00
EVENT;2026-09-18 16:10:30.087129;0.271;;158;Tup
TRANSITION;2026-09-18 16:10:30.087129;0.271;;DelayPeriod;
VAL;2026-09-18 16:10:30.102758;;;WHEEL_POS;72.951,0.00
VAL;2026-09-18 16:10:30.134011;;;WHEEL_POS;72.982,0.00
VAL;2026-09-18 16:10:30.165262;;;WHEEL_POS;73.013,0.00
VAL;2026-09-18 16:10:30.199412;;;WHEEL_POS;73.047,0.00
VAL;2026-09-18 16:10:30.215042;;;WHEEL_POS;73.063,0.00
VAL;2026-09-18 16:10:30.250339;;;WHEEL_POS;73.098,0.00
VAL;2026-09-18 16:10:30.265968;;;WHEEL_POS;73.114,0.00
EVENT;2026-09-18 16:10:30.281594;0.4561;;158;Tup
TRANSITION;2026-09-18 16:10:30.281594;0.4561;;CueComplete;
EVENT;2026-09-18 16:10:30.281594;0.4562;;158;Tup
END-TRIAL;2026-09-18 16:10:30.281594;;;The trial ended;
INFO;2026-09-18 16:10:30.281594;82.224931;82.681135;TRIAL-BPOD-TIME;0.4562039999999996
STATE;2026-09-18 16:10:30.287599;0;0.271;CuePeriod;0.271
STATE;2026-09-18 16:10:30.287599;0.271;0.4561;DelayPeriod;0.1851
STATE;2026-09-18 16:10:30.287599;0.4561;0.4562;CueComplete;9.999999999998899e-05
STATE;2026-09-18 16:10:30.287599;nan;nan;WheelAbort;nan
STATE;2026-09-18 16:10:30.287599;nan;nan;AbortITI;nan
VAL;2026-09-18 16:10:30.303228;;;SM_SEND_TIME;73.15125179290771
TRIAL;2026-09-18 16:10:30.303228;;;New trial;
VAL;2026-09-18 16:10:30.303228;;;WHEEL_POS;73.151,0.00
VAL;2026-09-18 16:10:30.334479;;;WHEEL_POS;73.183,0.00
VAL;2026-09-18 16:10:30.363614;;;WHEEL_POS;73.212,0.00
VAL;2026-09-18 16:10:30.379240;;;WHEEL_POS;73.227,0.00
VAL;2026-09-18 16:10:30.407977;;;WHEEL_POS;73.256,0.00
VAL;2026-09-18 16:10:30.435645;;;WHEEL_POS;73.284,0.00
VAL;2026-09-18 16:10:30.451219;;;WHEEL_POS;73.299,0.00
VAL;2026-09-18 16:10:30.487991;;;WHEEL_POS;73.336,0.00
VAL;2026-09-18 16:10:30.503623;;;WHEEL_POS;73.352,0.00
VAL;2026-09-18 16:10:30.519249;;;WHEEL_POS;73.367,0.00
VAL;2026-09-18 16:10:30.550504;;;WHEEL_POS;73.399,0.00
VAL;2026-09-18 16:10:30.581754;;;WHEEL_POS;73.430,0.00
VAL;2026-09-18 16:10:30.619521;;;WHEEL_POS;73.468,0.00
VAL;2026-09-18 16:10:30.635141;;;WHEEL_POS;73.483,0.00
VAL;2026-09-18 16:10:30.683442;;;WHEEL_POS;73.531,0.00
VAL;2026-09-18 16:10:30.704088;;;WHEEL_POS;73.552,0.00
VAL;2026-09-18 16:10:30.750967;;;WHEEL_POS;73.599,0.00
VAL;2026-09-18 16:10:30.766594;;;WHEEL_POS;73.615,0.00
VAL;2026-09-18 16:10:30.819988;;;WHEEL_POS;73.668,0.00
VAL;2026-09-18 16:10:30.835608;;;WHEEL_POS;73.684,0.00
VAL;2026-09-18 16:10:30.853383;;;WHEEL_POS;73.701,0.00
VAL;2026-09-18 16:10:30.888661;;;WHEEL_POS;73.737,0.00
VAL;2026-09-18 16:10:30.904291;;;WHEEL_POS;73.752,0.00
VAL;2026-09-18 16:10:30.951178;;;WHEEL_POS;73.799,0.00
VAL;2026-09-18 16:10:30.966796;;;WHEEL_POS;73.815,0.00
VAL;2026-09-18 16:10:31.009898;;;WHEEL_POS;73.858,0.00
VAL;2026-09-18 16:10:31.041153;;;WHEEL_POS;73.889,0.00
VAL;2026-09-18 16:10:31.086462;;;WHEEL_POS;73.934,0.00
VAL;2026-09-18 16:10:31.104611;;;WHEEL_POS;73.953,0.00
VAL;2026-09-18 16:10:31.120236;;;WHEEL_POS;73.968,0.00
VAL;2026-09-18 16:10:31.151493;;;WHEEL_POS;74.000,0.00
VAL;2026-09-18 16:10:31.182740;;;WHEEL_POS;74.031,0.00
VAL;2026-09-18 16:10:31.220514;;;WHEEL_POS;74.069,0.00
VAL;2026-09-18 16:10:31.236134;;;WHEEL_POS;74.084,0.00
VAL;2026-09-18 16:10:31.289403;;;WHEEL_POS;74.137,0.00
VAL;2026-09-18 16:10:31.305035;;;WHEEL_POS;74.153,0.00
VAL;2026-09-18 16:10:31.336287;;;WHEEL_POS;74.184,0.00
VAL;2026-09-18 16:10:31.351919;;;WHEEL_POS;74.200,0.00
VAL;2026-09-18 16:10:31.383166;;;WHEEL_POS;74.231,0.00
VAL;2026-09-18 16:10:31.409126;;;WHEEL_POS;74.257,0.00
VAL;2026-09-18 16:10:31.435762;;;WHEEL_POS;74.284,0.00
VAL;2026-09-18 16:10:31.472066;;;WHEEL_POS;74.320,0.00
VAL;2026-09-18 16:10:31.505335;;;WHEEL_POS;74.353,0.00
VAL;2026-09-18 16:10:31.520961;;;WHEEL_POS;74.369,0.00
VAL;2026-09-18 16:10:31.552219;;;WHEEL_POS;74.400,0.00
VAL;2026-09-18 16:10:31.583465;;;WHEEL_POS;74.431,0.00
VAL;2026-09-18 16:10:31.605601;;;WHEEL_POS;74.454,0.00
VAL;2026-09-18 16:10:31.636858;;;WHEEL_POS;74.485,0.00
VAL;2026-09-18 16:10:31.672479;;;WHEEL_POS;74.521,0.00
VAL;2026-09-18 16:10:31.690130;;;WHEEL_POS;74.538,0.00
VAL;2026-09-18 16:10:31.721388;;;WHEEL_POS;74.569,0.00
VAL;2026-09-18 16:10:31.737015;;;WHEEL_POS;74.585,0.00
VAL;2026-09-18 16:10:31.765665;;;WHEEL_POS;74.614,0.00
VAL;2026-09-18 16:10:31.821550;;;WHEEL_POS;74.670,0.00
VAL;2026-09-18 16:10:31.837172;;;WHEEL_POS;74.685,0.00
VAL;2026-09-18 16:10:31.873268;;;WHEEL_POS;74.721,0.00
VAL;2026-09-18 16:10:31.906045;;;WHEEL_POS;74.754,0.00
VAL;2026-09-18 16:10:31.937298;;;WHEEL_POS;74.785,0.00
VAL;2026-09-18 16:10:31.952928;;;WHEEL_POS;74.801,0.00
VAL;2026-09-18 16:10:31.984175;;;WHEEL_POS;74.832,0.00
VAL;2026-09-18 16:10:32.011156;;;WHEEL_POS;74.859,0.00
VAL;2026-09-18 16:10:32.042409;;;WHEEL_POS;74.890,0.00
VAL;2026-09-18 16:10:32.058452;;;WHEEL_POS;74.906,0.00
VAL;2026-09-18 16:10:32.074080;;;WHEEL_POS;74.922,0.00
VAL;2026-09-18 16:10:32.106346;;;WHEEL_POS;74.954,0.00
VAL;2026-09-18 16:10:32.121971;;;WHEEL_POS;74.970,0.00
VAL;2026-09-18 16:10:32.153228;;;WHEEL_POS;75.001,0.00
VAL;2026-09-18 16:10:32.184476;;;WHEEL_POS;75.033,0.00
VAL;2026-09-18 16:10:32.206611;;;WHEEL_POS;75.055,0.00
VAL;2026-09-18 16:10:32.222240;;;WHEEL_POS;75.070,0.00
VAL;2026-09-18 16:10:32.257884;;;WHEEL_POS;75.106,0.00
VAL;2026-09-18 16:10:32.274515;;;WHEEL_POS;75.123,0.00
VAL;2026-09-18 16:10:32.291164;;;WHEEL_POS;75.139,0.00
VAL;2026-09-18 16:10:32.322421;;;WHEEL_POS;75.170,0.00
VAL;2026-09-18 16:10:32.338048;;;WHEEL_POS;75.186,0.00
VAL;2026-09-18 16:10:32.369302;;;WHEEL_POS;75.217,0.00
VAL;2026-09-18 16:10:32.420396;;;WHEEL_POS;75.268,0.00
VAL;2026-09-18 16:10:32.451655;;;WHEEL_POS;75.300,0.00
VAL;2026-09-18 16:10:32.491467;;;WHEEL_POS;75.339,0.00
VAL;2026-09-18 16:10:32.507096;;;WHEEL_POS;75.355,0.00
VAL;2026-09-18 16:10:32.543188;;;WHEEL_POS;75.391,0.00
VAL;2026-09-18 16:10:32.558820;;;WHEEL_POS;75.407,0.00
VAL;2026-09-18 16:10:32.591570;;;WHEEL_POS;75.440,0.00
VAL;2026-09-18 16:10:32.622828;;;WHEEL_POS;75.471,0.00
VAL;2026-09-18 16:10:32.638451;;;WHEEL_POS;75.486,0.00
VAL;2026-09-18 16:10:32.659579;;;WHEEL_POS;75.508,0.00
VAL;2026-09-18 16:10:32.676584;;;WHEEL_POS;75.525,0.00
VAL;2026-09-18 16:10:32.707234;;;WHEEL_POS;75.555,0.00
VAL;2026-09-18 16:10:32.738482;;;WHEEL_POS;75.587,0.00
VAL;2026-09-18 16:10:32.754108;;;WHEEL_POS;75.602,0.00
VAL;2026-09-18 16:10:32.785364;;;WHEEL_POS;75.633,0.00
VAL;2026-09-18 16:10:32.807500;;;WHEEL_POS;75.656,0.00
VAL;2026-09-18 16:10:32.838760;;;WHEEL_POS;75.687,0.00
VAL;2026-09-18 16:10:32.854377;;;WHEEL_POS;75.702,0.00
VAL;2026-09-18 16:10:32.891840;;;WHEEL_POS;75.740,0.00
VAL;2026-09-18 16:10:32.907472;;;WHEEL_POS;75.755,0.00
VAL;2026-09-18 16:10:32.923098;;;WHEEL_POS;75.771,0.00
VAL;2026-09-18 16:10:32.954353;;;WHEEL_POS;75.802,0.00
VAL;2026-09-18 16:10:32.985603;;;WHEEL_POS;75.834,0.00
VAL;2026-09-18 16:10:33.012064;;;WHEEL_POS;75.860,0.00
VAL;2026-09-18 16:10:33.043317;;;WHEEL_POS;75.891,0.00
VAL;2026-09-18 16:10:33.062449;;;WHEEL_POS;75.910,0.00
VAL;2026-09-18 16:10:33.078078;;;WHEEL_POS;75.926,0.00
VAL;2026-09-18 16:10:33.107728;;;WHEEL_POS;75.956,0.00
VAL;2026-09-18 16:10:33.138977;;;WHEEL_POS;75.987,0.00
VAL;2026-09-18 16:10:33.170234;;;WHEEL_POS;76.018,0.00
VAL;2026-09-18 16:10:33.223623;;;WHEEL_POS;76.072,0.00
VAL;2026-09-18 16:10:33.239245;;;WHEEL_POS;76.087,0.00
VAL;2026-09-18 16:10:33.278837;;;WHEEL_POS;76.127,0.00
VAL;2026-09-18 16:10:33.307983;;;WHEEL_POS;76.156,0.00
VAL;2026-09-18 16:10:33.339232;;;WHEEL_POS;76.187,0.00
VAL;2026-09-18 16:10:33.370490;;;WHEEL_POS;76.219,0.00
VAL;2026-09-18 16:10:33.420601;;;WHEEL_POS;76.269,0.00
VAL;2026-09-18 16:10:33.451859;;;WHEEL_POS;76.300,0.00
VAL;2026-09-18 16:10:33.492534;;;WHEEL_POS;76.341,0.00
VAL;2026-09-18 16:10:33.508165;;;WHEEL_POS;76.356,0.00
VAL;2026-09-18 16:10:33.555051;;;WHEEL_POS;76.403,0.00
VAL;2026-09-18 16:10:33.570671;;;WHEEL_POS;76.419,0.00
VAL;2026-09-18 16:10:33.624058;;;WHEEL_POS;76.472,0.00
VAL;2026-09-18 16:10:33.639681;;;WHEEL_POS;76.488,0.00
VAL;2026-09-18 16:10:33.692758;;;WHEEL_POS;76.541,0.00
VAL;2026-09-18 16:10:33.708390;;;WHEEL_POS;76.556,0.00
VAL;2026-09-18 16:10:33.724017;;;WHEEL_POS;76.572,0.00
VAL;2026-09-18 16:10:33.755272;;;WHEEL_POS;76.603,0.00
VAL;2026-09-18 16:10:33.786521;;;WHEEL_POS;76.635,0.00
VAL;2026-09-18 16:10:33.808656;;;WHEEL_POS;76.657,0.00
VAL;2026-09-18 16:10:33.839907;;;WHEEL_POS;76.688,0.00
VAL;2026-09-18 16:10:33.893031;;;WHEEL_POS;76.741,0.00
VAL;2026-09-18 16:10:33.908663;;;WHEEL_POS;76.757,0.00
VAL;2026-09-18 16:10:33.939915;;;WHEEL_POS;76.788,0.00
VAL;2026-09-18 16:10:33.971168;;;WHEEL_POS;76.819,0.00
VAL;2026-09-18 16:10:34.012533;;;WHEEL_POS;76.861,0.00
VAL;2026-09-18 16:10:34.029166;;;WHEEL_POS;76.877,0.00
VAL;2026-09-18 16:10:34.065422;;;WHEEL_POS;76.913,0.00
VAL;2026-09-18 16:10:34.109189;;;WHEEL_POS;76.957,0.00
VAL;2026-09-18 16:10:34.140447;;;WHEEL_POS;76.988,0.00
VAL;2026-09-18 16:10:34.171694;;;WHEEL_POS;77.020,0.00
VAL;2026-09-18 16:10:34.209466;;;WHEEL_POS;77.057,0.00
VAL;2026-09-18 16:10:34.240716;;;WHEEL_POS;77.089,0.00
VAL;2026-09-18 16:10:34.282477;;;WHEEL_POS;77.131,0.00
VAL;2026-09-18 16:10:34.325239;;;WHEEL_POS;77.173,0.00
VAL;2026-09-18 16:10:34.340860;;;WHEEL_POS;77.189,0.00
VAL;2026-09-18 16:10:34.363994;;;WHEEL_POS;77.212,0.00
VAL;2026-09-18 16:10:34.397445;;;WHEEL_POS;77.245,0.00
VAL;2026-09-18 16:10:34.413074;;;WHEEL_POS;77.261,0.00
VAL;2026-09-18 16:10:34.436741;;;WHEEL_POS;77.285,0.00
VAL;2026-09-18 16:10:34.483048;;;WHEEL_POS;77.331,0.00
VAL;2026-09-18 16:10:34.509682;;;WHEEL_POS;77.358,0.00
VAL;2026-09-18 16:10:34.540933;;;WHEEL_POS;77.389,0.00
VAL;2026-09-18 16:10:34.572186;;;WHEEL_POS;77.420,0.00
VAL;2026-09-18 16:10:34.609961;;;WHEEL_POS;77.458,0.00
VAL;2026-09-18 16:10:34.641214;;;WHEEL_POS;77.489,0.00
VAL;2026-09-18 16:10:34.684298;;;WHEEL_POS;77.532,0.00
VAL;2026-09-18 16:10:34.709938;;;WHEEL_POS;77.558,0.00
VAL;2026-09-18 16:10:34.741188;;;WHEEL_POS;77.589,0.00
VAL;2026-09-18 16:10:34.788073;;;WHEEL_POS;77.636,0.00
VAL;2026-09-18 16:10:34.810213;;;WHEEL_POS;77.658,0.00
VAL;2026-09-18 16:10:34.857094;;;WHEEL_POS;77.705,0.00
VAL;2026-09-18 16:10:34.885281;;;WHEEL_POS;77.733,0.00
VAL;2026-09-18 16:10:34.910414;;;WHEEL_POS;77.758,0.00
VAL;2026-09-18 16:10:34.926048;;;WHEEL_POS;77.774,0.00
VAL;2026-09-18 16:10:34.957293;;;WHEEL_POS;77.805,0.00
VAL;2026-09-18 16:10:34.972919;;;WHEEL_POS;77.821,0.00
VAL;2026-09-18 16:10:35.015026;;;WHEEL_POS;77.863,0.00
VAL;2026-09-18 16:10:35.030653;;;WHEEL_POS;77.879,0.00
VAL;2026-09-18 16:10:35.046286;;;WHEEL_POS;77.894,0.00
VAL;2026-09-18 16:10:35.086118;;;WHEEL_POS;77.934,0.00
VAL;2026-09-18 16:10:35.110757;;;WHEEL_POS;77.959,0.00
VAL;2026-09-18 16:10:35.142003;;;WHEEL_POS;77.990,0.00
VAL;2026-09-18 16:10:35.173259;;;WHEEL_POS;78.021,0.00
VAL;2026-09-18 16:10:35.211015;;;WHEEL_POS;78.059,0.00
VAL;2026-09-18 16:10:35.242267;;;WHEEL_POS;78.090,0.00
VAL;2026-09-18 16:10:35.286871;;;WHEEL_POS;78.135,0.00
EVENT;2026-09-18 16:10:35.311013;5.0;;158;Tup
TRANSITION;2026-09-18 16:10:35.311013;5.0;;NoResponse;
EVENT;2026-09-18 16:10:35.311013;5.000100000000001;;158;Tup
TRANSITION;2026-09-18 16:10:35.311013;5.000100000000001;;ITI;
VAL;2026-09-18 16:10:35.311013;;;WHEEL_POS;78.159,0.00
VAL;2026-09-18 16:10:35.342261;;;WHEEL_POS;78.190,0.00
VAL;2026-09-18 16:10:35.373519;;;WHEEL_POS;78.222,0.00
VAL;2026-09-18 16:10:35.421773;;;WHEEL_POS;78.270,0.00
VAL;2026-09-18 16:10:35.453029;;;WHEEL_POS;78.301,0.00
VAL;2026-09-18 16:10:35.487833;;;WHEEL_POS;78.336,0.00
VAL;2026-09-18 16:10:35.511469;;;WHEEL_POS;78.359,0.00
VAL;2026-09-18 16:10:35.527095;;;WHEEL_POS;78.375,0.00
VAL;2026-09-18 16:10:35.558347;;;WHEEL_POS;78.406,0.00
VAL;2026-09-18 16:10:35.573973;;;WHEEL_POS;78.422,0.00
VAL;2026-09-18 16:10:35.611743;;;WHEEL_POS;78.460,0.00
VAL;2026-09-18 16:10:35.642992;;;WHEEL_POS;78.491,0.00
VAL;2026-09-18 16:10:35.689236;;;WHEEL_POS;78.537,0.00
VAL;2026-09-18 16:10:35.711870;;;WHEEL_POS;78.560,0.00
VAL;2026-09-18 16:10:35.743122;;;WHEEL_POS;78.591,0.00
VAL;2026-09-18 16:10:35.781402;;;WHEEL_POS;78.629,0.00
VAL;2026-09-18 16:10:35.812041;;;WHEEL_POS;78.660,0.00
VAL;2026-09-18 16:10:35.843298;;;WHEEL_POS;78.691,0.00
VAL;2026-09-18 16:10:35.874766;;;WHEEL_POS;78.723,0.00
VAL;2026-09-18 16:10:35.912034;;;WHEEL_POS;78.760,0.00
VAL;2026-09-18 16:10:35.943283;;;WHEEL_POS;78.791,0.00
VAL;2026-09-18 16:10:35.974538;;;WHEEL_POS;78.823,0.00
VAL;2026-09-18 16:10:35.990166;;;WHEEL_POS;78.838,0.00
VAL;2026-09-18 16:10:36.015309;;;WHEEL_POS;78.863,0.00
VAL;2026-09-18 16:10:36.046563;;;WHEEL_POS;78.895,0.00
VAL;2026-09-18 16:10:36.062190;;;WHEEL_POS;78.910,0.00
VAL;2026-09-18 16:10:36.096966;;;WHEEL_POS;78.945,0.00
VAL;2026-09-18 16:10:36.120601;;;WHEEL_POS;78.969,0.00
VAL;2026-09-18 16:10:36.151852;;;WHEEL_POS;79.000,0.00
VAL;2026-09-18 16:10:36.183105;;;WHEEL_POS;79.031,0.00
VAL;2026-09-18 16:10:36.212741;;;WHEEL_POS;79.061,0.00
VAL;2026-09-18 16:10:36.243996;;;WHEEL_POS;79.092,0.00
VAL;2026-09-18 16:10:36.275244;;;WHEEL_POS;79.123,0.00
VAL;2026-09-18 16:10:36.306218;;;WHEEL_POS;79.154,0.00
VAL;2026-09-18 16:10:36.337473;;;WHEEL_POS;79.185,0.00
VAL;2026-09-18 16:10:36.368729;;;WHEEL_POS;79.217,0.00
VAL;2026-09-18 16:10:36.384351;;;WHEEL_POS;79.232,0.00
VAL;2026-09-18 16:10:36.421037;;;WHEEL_POS;79.264,0.00
VAL;2026-09-18 16:10:36.436672;;;WHEEL_POS;79.285,0.00
VAL;2026-09-18 16:10:36.467920;;;WHEEL_POS;79.316,0.00
VAL;2026-09-18 16:10:36.507078;;;WHEEL_POS;79.355,0.00
VAL;2026-09-18 16:10:36.538332;;;WHEEL_POS;79.386,0.00
VAL;2026-09-18 16:10:36.553959;;;WHEEL_POS;79.402,0.00
VAL;2026-09-18 16:10:36.585213;;;WHEEL_POS;79.433,0.00
VAL;2026-09-18 16:10:36.613349;;;WHEEL_POS;79.461,0.00
VAL;2026-09-18 16:10:36.628975;;;WHEEL_POS;79.477,0.00
VAL;2026-09-18 16:10:36.660227;;;WHEEL_POS;79.508,0.00
VAL;2026-09-18 16:10:36.698005;;;WHEEL_POS;79.546,0.00
VAL;2026-09-18 16:10:36.724193;;;WHEEL_POS;79.572,0.00
VAL;2026-09-18 16:10:36.755445;;;WHEEL_POS;79.603,0.00
VAL;2026-09-18 16:10:36.771072;;;WHEEL_POS;79.619,0.00
EVENT;2026-09-18 16:10:36.798203;6.500100000000001;;158;Tup
END-TRIAL;2026-09-18 16:10:36.798203;;;The trial ended;
INFO;2026-09-18 16:10:36.798203;82.705931;89.206034;TRIAL-BPOD-TIME;6.500102999999996
STATE;2026-09-18 16:10:36.798203;0;5.0;WheelDotPeriod;5.0
STATE;2026-09-18 16:10:36.798203;5.0;5.000100000000001;NoResponse;0.00010000000000065512
STATE;2026-09-18 16:10:36.798203;5.000100000000001;6.500100000000001;ITI;1.5
STATE;2026-09-18 16:10:36.798203;nan;nan;Reward;nan
STATE;2026-09-18 16:10:36.798203;nan;nan;Consumption;nan
STATE;2026-09-18 16:10:36.798203;nan;nan;ErrorConsumption;nan
STATE;2026-09-18 16:10:36.798203;nan;nan;IncorrectITI;nan
VAL;2026-09-18 16:10:36.898494;;;INCLUDED;False
VAL;2026-09-18 16:10:36.898494;;;CONSUMPTION_LICKED;
VAL;2026-09-18 16:10:36.898494;;;LED_ON_TIME;73.15125179290771
VAL;2026-09-18 16:10:36.898494;;;DOT_ONSET_JITTER_S;0.12029667002092173
VAL;2026-09-18 16:10:36.898494;;;DOT_ONSET_TIME;73.27154846292864
VAL;2026-09-18 16:10:36.898494;;;TIMED_OUT;78.15125179290771
stdout;2026-09-18 16:10:36.898494;;;Trial 10 (warmup): side=L, NoResponse;
stdout;2026-09-18 16:10:36.898494;;;|
|;
VAL;2026-09-18 16:10:37.313227;;;TRIAL_INIT_START;80.16125154495239
VAL;2026-09-18 16:10:37.328856;;;WHEEL_POS;80.177,0.00
VAL;2026-09-18 16:10:37.360107;;;WHEEL_POS;80.208,0.00
VAL;2026-09-18 16:10:37.391362;;;WHEEL_POS;80.239,0.00
VAL;2026-09-18 16:10:37.422579;;;WHEEL_POS;80.271,0.00
VAL;2026-09-18 16:10:37.438211;;;WHEEL_POS;80.286,0.00
VAL;2026-09-18 16:10:37.469462;;;WHEEL_POS;80.317,0.00
VAL;2026-09-18 16:10:37.485087;;;TRIAL_START;80.31748557090759
VAL;2026-09-18 16:10:37.485087;;;QUIESCENCE_BREAKS;0
VAL;2026-09-18 16:10:37.485087;;;TRIAL_TYPE;warmup
VAL;2026-09-18 16:10:37.630225;;;TRIAL_SIDE;L
VAL;2026-09-18 16:10:37.630225;;;CLICK_TIMES_L;0.0150,0.1639,0.1789,0.1939
VAL;2026-09-18 16:10:37.630225;;;CLICK_TIMES_R;
VAL;2026-09-18 16:10:37.630225;;;N_CLICKS_L;4
VAL;2026-09-18 16:10:37.630225;;;N_CLICKS_R;0
VAL;2026-09-18 16:10:37.630225;;;STIM_SEED;74081398
VAL;2026-09-18 16:10:37.630225;;;CUE_ABORT_THRESHOLD_DEG;10.0
VAL;2026-09-18 16:10:37.630225;;;RESPONSE_THRESHOLD_DEG;35.0
VAL;2026-09-18 16:10:37.630225;;;QUIESCENCE_DUR_S;0.1
VAL;2026-09-18 16:10:37.630225;;;ITI_S;1.5
VAL;2026-09-18 16:10:37.630225;;;CLICK_LEVEL_ATTENUATED;False
stdout;2026-09-18 16:10:37.630225;;;Trial 11 (warmup): side=L, n_L=4, n_R=0;
stdout;2026-09-18 16:10:37.630225;;;|
|;
VAL;2026-09-18 16:10:37.630225;;;SM_SEND_TIME;80.4782485961914
VAL;2026-09-18 16:10:37.630225;;;CUE_ONSET_TIME;80.4992485961914
TRIAL;2026-09-18 16:10:37.630225;;;New trial;
VAL;2026-09-18 16:10:37.630225;;;WHEEL_POS;80.478,0.00
VAL;2026-09-18 16:10:37.661476;;;WHEEL_POS;80.510,0.00
VAL;2026-09-18 16:10:37.692726;;;WHEEL_POS;80.541,0.00
VAL;2026-09-18 16:10:37.713242;;;WHEEL_POS;80.561,0.00
VAL;2026-09-18 16:10:37.744498;;;WHEEL_POS;80.593,0.00
VAL;2026-09-18 16:10:37.760123;;;WHEEL_POS;80.608,0.00
VAL;2026-09-18 16:10:37.791376;;;WHEEL_POS;80.639,0.00
VAL;2026-09-18 16:10:37.815011;;;WHEEL_POS;80.663,0.00
VAL;2026-09-18 16:10:37.846264;;;WHEEL_POS;80.694,0.00
VAL;2026-09-18 16:10:37.877515;;;WHEEL_POS;80.726,0.00
VAL;2026-09-18 16:10:37.893143;;;WHEEL_POS;80.741,0.00
EVENT;2026-09-18 16:10:37.914972;0.271;;158;Tup
TRANSITION;2026-09-18 16:10:37.914972;0.271;;DelayPeriod;
VAL;2026-09-18 16:10:37.914972;;;WHEEL_POS;80.763,0.00
VAL;2026-09-18 16:10:37.930601;;;WHEEL_POS;80.779,0.00
VAL;2026-09-18 16:10:37.946226;;;WHEEL_POS;80.794,0.00
VAL;2026-09-18 16:10:37.977478;;;WHEEL_POS;80.826,0.00
VAL;2026-09-18 16:10:37.993105;;;WHEEL_POS;80.841,0.00
VAL;2026-09-18 16:10:38.016241;;;WHEEL_POS;80.864,0.00
EVENT;2026-09-18 16:10:38.016241;0.3865;;158;Tup
TRANSITION;2026-09-18 16:10:38.016241;0.3865;;CueComplete;
EVENT;2026-09-18 16:10:38.016241;0.3866;;158;Tup
END-TRIAL;2026-09-18 16:10:38.016241;;;The trial ended;
INFO;2026-09-18 16:10:38.016241;90.038831;90.425434;TRIAL-BPOD-TIME;0.3866029999999938
STATE;2026-09-18 16:10:38.016241;0;0.271;CuePeriod;0.271
STATE;2026-09-18 16:10:38.016241;0.271;0.3865;DelayPeriod;0.11549999999999999
STATE;2026-09-18 16:10:38.016241;0.3865;0.3866;CueComplete;9.999999999998899e-05
STATE;2026-09-18 16:10:38.031869;nan;nan;WheelAbort;nan
STATE;2026-09-18 16:10:38.031869;nan;nan;AbortITI;nan
VAL;2026-09-18 16:10:38.031869;;;WHEEL_POS;80.880,0.00
VAL;2026-09-18 16:10:38.063122;;;SM_SEND_TIME;80.91114616394043
TRIAL;2026-09-18 16:10:38.063122;;;New trial;
VAL;2026-09-18 16:10:38.063122;;;WHEEL_POS;80.911,0.00
VAL;2026-09-18 16:10:38.094373;;;WHEEL_POS;80.942,0.00
VAL;2026-09-18 16:10:38.115976;;;WHEEL_POS;80.964,0.00
VAL;2026-09-18 16:10:38.131604;;;WHEEL_POS;80.980,0.00
VAL;2026-09-18 16:10:38.162857;;;WHEEL_POS;81.011,0.00
VAL;2026-09-18 16:10:38.194109;;;WHEEL_POS;81.042,0.00
VAL;2026-09-18 16:10:38.215749;;;WHEEL_POS;81.064,0.00
VAL;2026-09-18 16:10:38.247005;;;WHEEL_POS;81.095,0.00
VAL;2026-09-18 16:10:38.278254;;;WHEEL_POS;81.126,0.00
VAL;2026-09-18 16:10:38.315401;;;WHEEL_POS;81.163,0.00
VAL;2026-09-18 16:10:38.348665;;;WHEEL_POS;81.197,0.00
VAL;2026-09-18 16:10:38.364293;;;WHEEL_POS;81.212,0.00
VAL;2026-09-18 16:10:38.400616;;;WHEEL_POS;81.249,0.00
VAL;2026-09-18 16:10:38.423529;;;WHEEL_POS;81.272,0.00
VAL;2026-09-18 16:10:38.439157;;;WHEEL_POS;81.287,0.00
VAL;2026-09-18 16:10:38.470411;;;WHEEL_POS;81.318,0.00
VAL;2026-09-18 16:10:38.486035;;;WHEEL_POS;81.334,0.00
VAL;2026-09-18 16:10:38.532581;;;WHEEL_POS;81.381,0.00
VAL;2026-09-18 16:10:38.548195;;;WHEEL_POS;81.396,0.00
VAL;2026-09-18 16:10:38.579448;;;WHEEL_POS;81.427,0.00
VAL;2026-09-18 16:10:38.600599;;;WHEEL_POS;81.449,0.00
VAL;2026-09-18 16:10:38.616233;;;WHEEL_POS;81.464,0.00
VAL;2026-09-18 16:10:38.663121;;;WHEEL_POS;81.511,0.00
VAL;2026-09-18 16:10:38.678737;;;WHEEL_POS;81.527,0.00
VAL;2026-09-18 16:10:38.718284;;;WHEEL_POS;81.566,0.00
VAL;2026-09-18 16:10:38.733917;;;WHEEL_POS;81.582,0.00
VAL;2026-09-18 16:10:38.765163;;;WHEEL_POS;81.613,0.00
VAL;2026-09-18 16:10:38.800930;;;WHEEL_POS;81.649,0.00
VAL;2026-09-18 16:10:38.816559;;;WHEEL_POS;81.665,0.00
VAL;2026-09-18 16:10:38.832185;;;WHEEL_POS;81.680,0.00
VAL;2026-09-18 16:10:38.863440;;;WHEEL_POS;81.711,0.00
VAL;2026-09-18 16:10:38.894689;;;WHEEL_POS;81.743,0.00
VAL;2026-09-18 16:10:38.919136;;;WHEEL_POS;81.767,0.00
VAL;2026-09-18 16:10:38.934770;;;WHEEL_POS;81.783,0.00
VAL;2026-09-18 16:10:38.966017;;;WHEEL_POS;81.814,0.00
VAL;2026-09-18 16:10:39.001299;;;WHEEL_POS;81.849,0.00
VAL;2026-09-18 16:10:39.016302;;;WHEEL_POS;81.864,0.00
VAL;2026-09-18 16:10:39.031931;;;WHEEL_POS;81.880,0.00
VAL;2026-09-18 16:10:39.063189;;;WHEEL_POS;81.911,0.00
VAL;2026-09-18 16:10:39.094435;;;WHEEL_POS;81.942,0.00
VAL;2026-09-18 16:10:39.119876;;;WHEEL_POS;81.968,0.00
VAL;2026-09-18 16:10:39.135508;;;WHEEL_POS;81.984,0.00
VAL;2026-09-18 16:10:39.166756;;;WHEEL_POS;82.015,0.00
VAL;2026-09-18 16:10:39.201521;;;WHEEL_POS;82.050,0.00
VAL;2026-09-18 16:10:39.217154;;;WHEEL_POS;82.065,0.00
VAL;2026-09-18 16:10:39.264035;;;WHEEL_POS;82.112,0.00
VAL;2026-09-18 16:10:39.279655;;;WHEEL_POS;82.128,0.00
VAL;2026-09-18 16:10:39.295281;;;WHEEL_POS;82.143,0.00
VAL;2026-09-18 16:10:39.320252;;;WHEEL_POS;82.168,0.00
VAL;2026-09-18 16:10:39.335888;;;WHEEL_POS;82.184,0.00
VAL;2026-09-18 16:10:39.367134;;;WHEEL_POS;82.215,0.00
VAL;2026-09-18 16:10:39.404017;;;WHEEL_POS;82.252,0.00
VAL;2026-09-18 16:10:39.423976;;;WHEEL_POS;82.272,0.00
VAL;2026-09-18 16:10:39.439605;;;WHEEL_POS;82.288,0.00
VAL;2026-09-18 16:10:39.455233;;;WHEEL_POS;82.303,0.00
VAL;2026-09-18 16:10:39.486482;;;WHEEL_POS;82.335,0.00
VAL;2026-09-18 16:10:39.501988;;;WHEEL_POS;82.350,0.00
VAL;2026-09-18 16:10:39.536855;;;WHEEL_POS;82.385,0.00
VAL;2026-09-18 16:10:39.583739;;;WHEEL_POS;82.432,0.00
VAL;2026-09-18 16:10:39.601863;;;WHEEL_POS;82.450,0.00
VAL;2026-09-18 16:10:39.617493;;;WHEEL_POS;82.466,0.00
VAL;2026-09-18 16:10:39.633117;;;WHEEL_POS;82.481,0.00
VAL;2026-09-18 16:10:39.664370;;;WHEEL_POS;82.512,0.00
VAL;2026-09-18 16:10:39.695622;;;WHEEL_POS;82.544,0.00
VAL;2026-09-18 16:10:39.722095;;;WHEEL_POS;82.570,0.00
VAL;2026-09-18 16:10:39.765877;;;WHEEL_POS;82.614,0.00
VAL;2026-09-18 16:10:39.802138;;;WHEEL_POS;82.650,0.00
VAL;2026-09-18 16:10:39.833394;;;WHEEL_POS;82.681,0.00
VAL;2026-09-18 16:10:39.849019;;;WHEEL_POS;82.697,0.00
VAL;2026-09-18 16:10:39.880276;;;WHEEL_POS;82.728,0.00
VAL;2026-09-18 16:10:39.922875;;;WHEEL_POS;82.771,0.00
VAL;2026-09-18 16:10:39.954129;;;WHEEL_POS;82.802,0.00
VAL;2026-09-18 16:10:39.985382;;;WHEEL_POS;82.833,0.00
VAL;2026-09-18 16:10:40.002534;;;WHEEL_POS;82.851,0.00
VAL;2026-09-18 16:10:40.032791;;;WHEEL_POS;82.881,0.00
VAL;2026-09-18 16:10:40.064043;;;WHEEL_POS;82.912,0.00
VAL;2026-09-18 16:10:40.095297;;;WHEEL_POS;82.943,0.00
VAL;2026-09-18 16:10:40.123745;;;WHEEL_POS;82.972,0.00
VAL;2026-09-18 16:10:40.139373;;;WHEEL_POS;82.987,0.00
VAL;2026-09-18 16:10:40.155004;;;WHEEL_POS;83.003,0.00
VAL;2026-09-18 16:10:40.186252;;;WHEEL_POS;83.034,0.00
VAL;2026-09-18 16:10:40.218516;;;WHEEL_POS;83.067,0.00
VAL;2026-09-18 16:10:40.249762;;;WHEEL_POS;83.098,0.00
VAL;2026-09-18 16:10:40.281020;;;WHEEL_POS;83.129,0.00
VAL;2026-09-18 16:10:40.324628;;;WHEEL_POS;83.173,0.00
VAL;2026-09-18 16:10:40.340261;;;WHEEL_POS;83.188,0.00
VAL;2026-09-18 16:10:40.371508;;;WHEEL_POS;83.220,0.00
VAL;2026-09-18 16:10:40.403895;;;WHEEL_POS;83.252,0.00
VAL;2026-09-18 16:10:40.424030;;;WHEEL_POS;83.272,0.00
VAL;2026-09-18 16:10:40.439659;;;WHEEL_POS;83.288,0.00
VAL;2026-09-18 16:10:40.470913;;;WHEEL_POS;83.319,0.00
VAL;2026-09-18 16:10:40.503171;;;WHEEL_POS;83.351,0.00
VAL;2026-09-18 16:10:40.518799;;;WHEEL_POS;83.367,0.00
VAL;2026-09-18 16:10:40.540434;;;WHEEL_POS;83.388,0.00
VAL;2026-09-18 16:10:40.571682;;;WHEEL_POS;83.420,0.00
VAL;2026-09-18 16:10:40.603449;;;WHEEL_POS;83.451,0.00
VAL;2026-09-18 16:10:40.634702;;;WHEEL_POS;83.483,0.00
VAL;2026-09-18 16:10:40.665961;;;WHEEL_POS;83.514,0.00
VAL;2026-09-18 16:10:40.697207;;;WHEEL_POS;83.545,0.00
VAL;2026-09-18 16:10:40.724675;;;WHEEL_POS;83.573,0.00
VAL;2026-09-18 16:10:40.741308;;;WHEEL_POS;83.589,0.00
VAL;2026-09-18 16:10:40.772559;;;WHEEL_POS;83.621,0.00
VAL;2026-09-18 16:10:40.803697;;;WHEEL_POS;83.652,0.00
VAL;2026-09-18 16:10:40.819334;;;WHEEL_POS;83.667,0.00
VAL;2026-09-18 16:10:40.834959;;;WHEEL_POS;83.683,0.00
VAL;2026-09-18 16:10:40.866217;;;WHEEL_POS;83.714,0.00
VAL;2026-09-18 16:10:40.897463;;;WHEEL_POS;83.745,0.00
VAL;2026-09-18 16:10:40.919597;;;WHEEL_POS;83.768,0.00
VAL;2026-09-18 16:10:40.942101;;;WHEEL_POS;83.790,0.00
VAL;2026-09-18 16:10:40.973346;;;WHEEL_POS;83.821,0.00
VAL;2026-09-18 16:10:41.018189;;;WHEEL_POS;83.866,0.00
VAL;2026-09-18 16:10:41.033818;;;WHEEL_POS;83.882,0.00
VAL;2026-09-18 16:10:41.065070;;;WHEEL_POS;83.913,0.00
VAL;2026-09-18 16:10:41.096322;;;WHEEL_POS;83.944,0.00
VAL;2026-09-18 16:10:41.119458;;;WHEEL_POS;83.967,0.00
VAL;2026-09-18 16:10:41.142092;;;WHEEL_POS;83.990,0.00
VAL;2026-09-18 16:10:41.173344;;;WHEEL_POS;84.021,0.00
VAL;2026-09-18 16:10:41.188969;;;WHEEL_POS;84.037,0.00
VAL;2026-09-18 16:10:41.219604;;;WHEEL_POS;84.068,0.00
VAL;2026-09-18 16:10:41.250857;;;WHEEL_POS;84.099,0.00
VAL;2026-09-18 16:10:41.282108;;;WHEEL_POS;84.130,0.00
VAL;2026-09-18 16:10:41.319869;;;WHEEL_POS;84.168,0.00
VAL;2026-09-18 16:10:41.342872;;;WHEEL_POS;84.191,0.00
VAL;2026-09-18 16:10:41.374125;;;WHEEL_POS;84.222,0.00
VAL;2026-09-18 16:10:41.406815;;;WHEEL_POS;84.255,0.00
VAL;2026-09-18 16:10:41.440076;;;WHEEL_POS;84.288,0.00
VAL;2026-09-18 16:10:41.471328;;;WHEEL_POS;84.319,0.00
VAL;2026-09-18 16:10:41.504084;;;WHEEL_POS;84.352,0.00
VAL;2026-09-18 16:10:41.543634;;;WHEEL_POS;84.392,0.00
VAL;2026-09-18 16:10:41.574886;;;WHEEL_POS;84.423,0.00
VAL;2026-09-18 16:10:41.619646;;;WHEEL_POS;84.468,0.00
VAL;2026-09-18 16:10:41.650898;;;WHEEL_POS;84.499,0.00
VAL;2026-09-18 16:10:41.682150;;;WHEEL_POS;84.530,0.00
VAL;2026-09-18 16:10:41.719911;;;WHEEL_POS;84.568,0.00
VAL;2026-09-18 16:10:41.744403;;;WHEEL_POS;84.592,0.00
VAL;2026-09-18 16:10:41.775656;;;WHEEL_POS;84.624,0.00
VAL;2026-09-18 16:10:41.819915;;;WHEEL_POS;84.668,0.00
VAL;2026-09-18 16:10:41.851168;;;WHEEL_POS;84.699,0.00
VAL;2026-09-18 16:10:41.882419;;;WHEEL_POS;84.730,0.00
VAL;2026-09-18 16:10:41.920178;;;WHEEL_POS;84.768,0.00
VAL;2026-09-18 16:10:41.945136;;;WHEEL_POS;84.793,0.00
VAL;2026-09-18 16:10:41.976389;;;WHEEL_POS;84.824,0.00
VAL;2026-09-18 16:10:42.019150;;;WHEEL_POS;84.867,0.00
VAL;2026-09-18 16:10:42.050404;;;WHEEL_POS;84.898,0.00
VAL;2026-09-18 16:10:42.081656;;;WHEEL_POS;84.930,0.00
VAL;2026-09-18 16:10:42.120417;;;WHEEL_POS;84.968,0.00
VAL;2026-09-18 16:10:42.146379;;;WHEEL_POS;84.994,0.00
VAL;2026-09-18 16:10:42.177631;;;WHEEL_POS;85.026,0.00
VAL;2026-09-18 16:10:42.193257;;;WHEEL_POS;85.041,0.00
VAL;2026-09-18 16:10:42.220393;;;WHEEL_POS;85.068,0.00
VAL;2026-09-18 16:10:42.251646;;;WHEEL_POS;85.100,0.00
VAL;2026-09-18 16:10:42.282897;;;WHEEL_POS;85.131,0.00
VAL;2026-09-18 16:10:42.320654;;;WHEEL_POS;85.169,0.00
VAL;2026-09-18 16:10:42.349150;;;WHEEL_POS;85.197,0.00
VAL;2026-09-18 16:10:42.364779;;;WHEEL_POS;85.213,0.00
VAL;2026-09-18 16:10:42.396031;;;WHEEL_POS;85.244,0.00
VAL;2026-09-18 16:10:42.424679;;;WHEEL_POS;85.273,0.00
VAL;2026-09-18 16:10:42.455934;;;WHEEL_POS;85.304,0.00
VAL;2026-09-18 16:10:42.487187;;;WHEEL_POS;85.335,0.00
VAL;2026-09-18 16:10:42.520946;;;WHEEL_POS;85.369,0.00
VAL;2026-09-18 16:10:42.545504;;;WHEEL_POS;85.394,0.00
VAL;2026-09-18 16:10:42.561134;;;WHEEL_POS;85.409,0.00
VAL;2026-09-18 16:10:42.592385;;;WHEEL_POS;85.440,0.00
VAL;2026-09-18 16:10:42.621021;;;WHEEL_POS;85.469,0.00
VAL;2026-09-18 16:10:42.652273;;;WHEEL_POS;85.500,0.00
VAL;2026-09-18 16:10:42.683525;;;WHEEL_POS;85.532,0.00
VAL;2026-09-18 16:10:42.705659;;;WHEEL_POS;85.554,0.00
VAL;2026-09-18 16:10:42.721288;;;WHEEL_POS;85.569,0.00
VAL;2026-09-18 16:10:42.747423;;;WHEEL_POS;85.595,0.00
VAL;2026-09-18 16:10:42.778676;;;WHEEL_POS;85.627,0.00
VAL;2026-09-18 16:10:42.821442;;;WHEEL_POS;85.669,0.00
VAL;2026-09-18 16:10:42.852690;;;WHEEL_POS;85.701,0.00
VAL;2026-09-18 16:10:42.883941;;;WHEEL_POS;85.732,0.00
VAL;2026-09-18 16:10:42.921705;;;WHEEL_POS;85.770,0.00
VAL;2026-09-18 16:10:42.956337;;;WHEEL_POS;85.804,0.00
VAL;2026-09-18 16:10:42.987589;;;WHEEL_POS;85.836,0.00
VAL;2026-09-18 16:10:43.019229;;;WHEEL_POS;85.867,0.00
VAL;2026-09-18 16:10:43.050486;;;WHEEL_POS;85.899,0.00
EVENT;2026-09-18 16:10:43.066112;5.0;;158;Tup
TRANSITION;2026-09-18 16:10:43.066112;5.0;;NoResponse;
EVENT;2026-09-18 16:10:43.066112;5.000100000000001;;158;Tup
TRANSITION;2026-09-18 16:10:43.066112;5.000100000000001;;ITI;
VAL;2026-09-18 16:10:43.081738;;;WHEEL_POS;85.930,0.00
VAL;2026-09-18 16:10:43.121998;;;WHEEL_POS;85.970,0.00
VAL;2026-09-18 16:10:43.157645;;;WHEEL_POS;86.006,0.00
VAL;2026-09-18 16:10:43.173271;;;WHEEL_POS;86.021,0.00
VAL;2026-09-18 16:10:43.206529;;;WHEEL_POS;86.055,0.00
VAL;2026-09-18 16:10:43.222159;;;WHEEL_POS;86.070,0.00
VAL;2026-09-18 16:10:43.253415;;;WHEEL_POS;86.101,0.00
VAL;2026-09-18 16:10:43.269042;;;WHEEL_POS;86.117,0.00
VAL;2026-09-18 16:10:43.300289;;;WHEEL_POS;86.148,0.00
VAL;2026-09-18 16:10:43.322429;;;WHEEL_POS;86.170,0.00
VAL;2026-09-18 16:10:43.357990;;;WHEEL_POS;86.206,0.00
VAL;2026-09-18 16:10:43.389243;;;WHEEL_POS;86.237,0.00
VAL;2026-09-18 16:10:43.424442;;;WHEEL_POS;86.272,0.00
VAL;2026-09-18 16:10:43.455698;;;WHEEL_POS;86.304,0.00
VAL;2026-09-18 16:10:43.486950;;;WHEEL_POS;86.335,0.00
VAL;2026-09-18 16:10:43.522728;;;WHEEL_POS;86.371,0.00
VAL;2026-09-18 16:10:43.574444;;;WHEEL_POS;86.422,0.00
VAL;2026-09-18 16:10:43.590069;;;WHEEL_POS;86.438,0.00
VAL;2026-09-18 16:10:43.622830;;;WHEEL_POS;86.471,0.00
VAL;2026-09-18 16:10:43.654083;;;WHEEL_POS;86.502,0.00
VAL;2026-09-18 16:10:43.685334;;;WHEEL_POS;86.533,0.00
VAL;2026-09-18 16:10:43.723108;;;WHEEL_POS;86.571,0.00
VAL;2026-09-18 16:10:43.765235;;;WHEEL_POS;86.613,0.00
VAL;2026-09-18 16:10:43.796487;;;WHEEL_POS;86.645,0.00
VAL;2026-09-18 16:10:43.823120;;;WHEEL_POS;86.671,0.00
VAL;2026-09-18 16:10:43.854373;;;WHEEL_POS;86.702,0.00
VAL;2026-09-18 16:10:43.869999;;;WHEEL_POS;86.718,0.00
VAL;2026-09-18 16:10:43.907761;;;WHEEL_POS;86.756,0.00
VAL;2026-09-18 16:10:43.923391;;;WHEEL_POS;86.771,0.00
VAL;2026-09-18 16:10:43.975621;;;WHEEL_POS;86.824,0.00
VAL;2026-09-18 16:10:43.991241;;;WHEEL_POS;86.839,0.00
VAL;2026-09-18 16:10:44.051183;;;WHEEL_POS;86.899,0.00
VAL;2026-09-18 16:10:44.066808;;;WHEEL_POS;86.915,0.00
VAL;2026-09-18 16:10:44.098057;;;WHEEL_POS;86.946,0.00
VAL;2026-09-18 16:10:44.123693;;;WHEEL_POS;86.972,0.00
VAL;2026-09-18 16:10:44.161288;;;WHEEL_POS;87.009,0.00
VAL;2026-09-18 16:10:44.192541;;;WHEEL_POS;87.041,0.00
VAL;2026-09-18 16:10:44.208047;;;WHEEL_POS;87.056,0.00
VAL;2026-09-18 16:10:44.239308;;;WHEEL_POS;87.087,0.00
VAL;2026-09-18 16:10:44.270553;;;WHEEL_POS;87.119,0.00
VAL;2026-09-18 16:10:44.308319;;;WHEEL_POS;87.156,0.00
VAL;2026-09-18 16:10:44.323949;;;WHEEL_POS;87.172,0.00
VAL;2026-09-18 16:10:44.377678;;;WHEEL_POS;87.226,0.00
VAL;2026-09-18 16:10:44.393301;;;WHEEL_POS;87.241,0.00
VAL;2026-09-18 16:10:44.425721;;;WHEEL_POS;87.274,0.00
VAL;2026-09-18 16:10:44.441355;;;WHEEL_POS;87.289,0.00
VAL;2026-09-18 16:10:44.472601;;;WHEEL_POS;87.321,0.00
VAL;2026-09-18 16:10:44.488227;;;WHEEL_POS;87.336,0.00
VAL;2026-09-18 16:10:44.524010;;;WHEEL_POS;87.372,0.00
EVENT;2026-09-18 16:10:44.563123;6.500100000000001;;158;Tup
END-TRIAL;2026-09-18 16:10:44.563123;;;The trial ended;
INFO;2026-09-18 16:10:44.563123;90.464831;96.964934;TRIAL-BPOD-TIME;6.500102999999996
STATE;2026-09-18 16:10:44.563123;0;5.0;WheelDotPeriod;5.0
STATE;2026-09-18 16:10:44.563123;5.0;5.000100000000001;NoResponse;0.00010000000000065512
STATE;2026-09-18 16:10:44.563123;5.000100000000001;6.500100000000001;ITI;1.5
STATE;2026-09-18 16:10:44.563123;nan;nan;Reward;nan
STATE;2026-09-18 16:10:44.563123;nan;nan;Consumption;nan
STATE;2026-09-18 16:10:44.563123;nan;nan;ErrorConsumption;nan
STATE;2026-09-18 16:10:44.563123;nan;nan;IncorrectITI;nan
VAL;2026-09-18 16:10:44.578754;;;WHEEL_POS;87.427,0.00
VAL;2026-09-18 16:10:44.639638;;;INCLUDED;False
VAL;2026-09-18 16:10:44.639638;;;CONSUMPTION_LICKED;
VAL;2026-09-18 16:10:44.639638;;;LED_ON_TIME;80.91114616394043
VAL;2026-09-18 16:10:44.639638;;;DOT_ONSET_JITTER_S;0.14556097480406222
VAL;2026-09-18 16:10:44.639638;;;DOT_ONSET_TIME;81.05670713874449
VAL;2026-09-18 16:10:44.639638;;;TIMED_OUT;85.91114616394043
stdout;2026-09-18 16:10:44.639638;;;Trial 11 (warmup): side=L, NoResponse;
stdout;2026-09-18 16:10:44.639638;;;|
|;
VAL;2026-09-18 16:10:45.074208;;;TRIAL_INIT_START;87.92223238945007
VAL;2026-09-18 16:10:45.109078;;;WHEEL_POS;87.957,0.00
VAL;2026-09-18 16:10:45.124716;;;WHEEL_POS;87.973,0.00
VAL;2026-09-18 16:10:45.166861;;;WHEEL_POS;88.015,0.00
VAL;2026-09-18 16:10:45.198112;;;WHEEL_POS;88.046,0.00
VAL;2026-09-18 16:10:45.224753;;;WHEEL_POS;88.073,0.00
VAL;2026-09-18 16:10:45.256004;;;WHEEL_POS;88.104,0.00
VAL;2026-09-18 16:10:45.271630;;;TRIAL_START;88.10402798652649
VAL;2026-09-18 16:10:45.271630;;;QUIESCENCE_BREAKS;0
VAL;2026-09-18 16:10:45.271630;;;TRIAL_TYPE;warmup
VAL;2026-09-18 16:10:45.457025;;;TRIAL_SIDE;R
VAL;2026-09-18 16:10:45.457025;;;CLICK_TIMES_L;
VAL;2026-09-18 16:10:45.457025;;;CLICK_TIMES_R;0.0223,0.0373,0.0523,0.0673,0.1030,0.2027,0.2177
VAL;2026-09-18 16:10:45.457025;;;N_CLICKS_L;0
VAL;2026-09-18 16:10:45.457025;;;N_CLICKS_R;7
VAL;2026-09-18 16:10:45.457025;;;STIM_SEED;326944541
VAL;2026-09-18 16:10:45.457025;;;CUE_ABORT_THRESHOLD_DEG;10.0
VAL;2026-09-18 16:10:45.457025;;;RESPONSE_THRESHOLD_DEG;35.0
VAL;2026-09-18 16:10:45.457025;;;QUIESCENCE_DUR_S;0.1
VAL;2026-09-18 16:10:45.457025;;;ITI_S;1.5
VAL;2026-09-18 16:10:45.457025;;;CLICK_LEVEL_ATTENUATED;False
stdout;2026-09-18 16:10:45.457025;;;Trial 12 (warmup): side=R, n_L=0, n_R=7;
stdout;2026-09-18 16:10:45.457025;;;|
|;
VAL;2026-09-18 16:10:45.457025;;;SM_SEND_TIME;88.30504941940308
VAL;2026-09-18 16:10:45.457025;;;CUE_ONSET_TIME;88.32604941940308
TRIAL;2026-09-18 16:10:45.457025;;;New trial;
VAL;2026-09-18 16:10:45.457025;;;WHEEL_POS;88.305,0.00
VAL;2026-09-18 16:10:45.488278;;;WHEEL_POS;88.336,0.00
VAL;2026-09-18 16:10:45.525037;;;WHEEL_POS;88.373,0.00
VAL;2026-09-18 16:10:45.568299;;;WHEEL_POS;88.416,0.00
VAL;2026-09-18 16:10:45.599550;;;WHEEL_POS;88.448,0.00
VAL;2026-09-18 16:10:45.625185;;;WHEEL_POS;88.473,0.00
VAL;2026-09-18 16:10:45.656437;;;WHEEL_POS;88.504,0.00
VAL;2026-09-18 16:10:45.672064;;;WHEEL_POS;88.520,0.00
VAL;2026-09-18 16:10:45.703316;;;WHEEL_POS;88.551,0.00
VAL;2026-09-18 16:10:45.725449;;;WHEEL_POS;88.573,0.00
EVENT;2026-09-18 16:10:45.725449;0.271;;158;Tup
TRANSITION;2026-09-18 16:10:45.725449;0.271;;DelayPeriod;
VAL;2026-09-18 16:10:45.741075;;;WHEEL_POS;88.589,0.00
VAL;2026-09-18 16:10:45.769037;;;WHEEL_POS;88.617,0.00
VAL;2026-09-18 16:10:45.800290;;;WHEEL_POS;88.648,0.00
VAL;2026-09-18 16:10:45.825423;;;WHEEL_POS;88.673,0.00
VAL;2026-09-18 16:10:45.841050;;;WHEEL_POS;88.689,0.00
VAL;2026-09-18 16:10:45.872302;;;WHEEL_POS;88.720,0.00
EVENT;2026-09-18 16:10:45.887929;0.43160000000000004;;158;Tup
TRANSITION;2026-09-18 16:10:45.887929;0.43160000000000004;;CueComplete;
EVENT;2026-09-18 16:10:45.887929;0.43170000000000003;;158;Tup
END-TRIAL;2026-09-18 16:10:45.887929;;;The trial ended;
INFO;2026-09-18 16:10:45.887929;97.860731;98.292435;TRIAL-BPOD-TIME;0.4317039999999963
STATE;2026-09-18 16:10:45.887929;0;0.271;CuePeriod;0.271
STATE;2026-09-18 16:10:45.887929;0.271;0.43160000000000004;DelayPeriod;0.16060000000000002
STATE;2026-09-18 16:10:45.887929;0.43160000000000004;0.43170000000000003;CueComplete;9.999999999998899e-05
STATE;2026-09-18 16:10:45.887929;nan;nan;WheelAbort;nan
STATE;2026-09-18 16:10:45.887929;nan;nan;AbortITI;nan
VAL;2026-09-18 16:10:45.903554;;;SM_SEND_TIME;88.7515778541565
TRIAL;2026-09-18 16:10:45.903554;;;New trial;
VAL;2026-09-18 16:10:45.910063;;;WHEEL_POS;88.758,0.00
VAL;2026-09-18 16:10:45.941323;;;WHEEL_POS;88.789,0.00
VAL;2026-09-18 16:10:45.969816;;;WHEEL_POS;88.818,0.00
VAL;2026-09-18 16:10:46.001068;;;WHEEL_POS;88.849,0.00
VAL;2026-09-18 16:10:46.020683;;;WHEEL_POS;88.869,0.00
VAL;2026-09-18 16:10:46.036312;;;WHEEL_POS;88.884,0.00
VAL;2026-09-18 16:10:46.067563;;;WHEEL_POS;88.916,0.00
VAL;2026-09-18 16:10:46.083190;;;WHEEL_POS;88.931,0.00
VAL;2026-09-18 16:10:46.125948;;;WHEEL_POS;88.974,0.00
VAL;2026-09-18 16:10:46.171306;;;WHEEL_POS;89.019,0.00
VAL;2026-09-18 16:10:46.202556;;;WHEEL_POS;89.051,0.00
VAL;2026-09-18 16:10:46.226191;;;WHEEL_POS;89.074,0.00
VAL;2026-09-18 16:10:46.257442;;;WHEEL_POS;89.105,0.00
VAL;2026-09-18 16:10:46.273068;;;WHEEL_POS;89.121,0.00
VAL;2026-09-18 16:10:46.304320;;;WHEEL_POS;89.152,0.00
VAL;2026-09-18 16:10:46.326457;;;WHEEL_POS;89.174,0.00
VAL;2026-09-18 16:10:46.349634;;;WHEEL_POS;89.198,0.00
VAL;2026-09-18 16:10:46.372572;;;WHEEL_POS;89.221,0.00
VAL;2026-09-18 16:10:46.388197;;;WHEEL_POS;89.236,0.00
VAL;2026-09-18 16:10:46.426916;;;WHEEL_POS;89.275,0.00
VAL;2026-09-18 16:10:46.442546;;;WHEEL_POS;89.291,0.00
VAL;2026-09-18 16:10:46.458172;;;WHEEL_POS;89.306,0.00
VAL;2026-09-18 16:10:46.489429;;;WHEEL_POS;89.337,0.00
VAL;2026-09-18 16:10:46.542317;;;WHEEL_POS;89.390,0.00
VAL;2026-09-18 16:10:46.558170;;;WHEEL_POS;89.406,0.00
VAL;2026-09-18 16:10:46.605054;;;WHEEL_POS;89.453,0.00
VAL;2026-09-18 16:10:46.626694;;;WHEEL_POS;89.475,0.00
VAL;2026-09-18 16:10:46.642322;;;WHEEL_POS;89.490,0.00
VAL;2026-09-18 16:10:46.673576;;;WHEEL_POS;89.522,0.00
VAL;2026-09-18 16:10:46.704824;;;WHEEL_POS;89.553,0.00
VAL;2026-09-18 16:10:46.726957;;;WHEEL_POS;89.575,0.00
VAL;2026-09-18 16:10:46.759383;;;WHEEL_POS;89.607,0.00
VAL;2026-09-18 16:10:46.775014;;;WHEEL_POS;89.623,0.00
VAL;2026-09-18 16:10:46.811271;;;WHEEL_POS;89.659,0.00
VAL;2026-09-18 16:10:46.826904;;;WHEEL_POS;89.675,0.00
VAL;2026-09-18 16:10:46.858151;;;WHEEL_POS;89.706,0.00
VAL;2026-09-18 16:10:46.889406;;;WHEEL_POS;89.737,0.00
VAL;2026-09-18 16:10:46.942792;;;WHEEL_POS;89.791,0.00
VAL;2026-09-18 16:10:46.960252;;;WHEEL_POS;89.808,0.00
VAL;2026-09-18 16:10:46.975880;;;WHEEL_POS;89.824,0.00
VAL;2026-09-18 16:10:47.011656;;;WHEEL_POS;89.860,0.00
VAL;2026-09-18 16:10:47.037327;;;WHEEL_POS;89.885,0.00
VAL;2026-09-18 16:10:47.052953;;;WHEEL_POS;89.901,0.00
VAL;2026-09-18 16:10:47.084207;;;WHEEL_POS;89.932,0.00
VAL;2026-09-18 16:10:47.127464;;;WHEEL_POS;89.975,0.00
VAL;2026-09-18 16:10:47.143095;;;WHEEL_POS;89.991,0.00
VAL;2026-09-18 16:10:47.176639;;;WHEEL_POS;90.025,0.00
VAL;2026-09-18 16:10:47.211917;;;WHEEL_POS;90.060,0.00
VAL;2026-09-18 16:10:47.227549;;;WHEEL_POS;90.076,0.00
VAL;2026-09-18 16:10:47.243176;;;WHEEL_POS;90.091,0.00
VAL;2026-09-18 16:10:47.274433;;;WHEEL_POS;90.122,0.00
VAL;2026-09-18 16:10:47.305680;;;WHEEL_POS;90.154,0.00
VAL;2026-09-18 16:10:47.343444;;;WHEEL_POS;90.191,0.00
VAL;2026-09-18 16:10:47.361400;;;WHEEL_POS;90.209,0.00
VAL;2026-09-18 16:10:47.377029;;;WHEEL_POS;90.225,0.00
VAL;2026-09-18 16:10:47.414744;;;WHEEL_POS;90.263,0.00
VAL;2026-09-18 16:10:47.427775;;;WHEEL_POS;90.276,0.00
VAL;2026-09-18 16:10:47.443403;;;WHEEL_POS;90.291,0.00
VAL;2026-09-18 16:10:47.459029;;;WHEEL_POS;90.307,0.00
VAL;2026-09-18 16:10:47.490281;;;WHEEL_POS;90.338,0.00
VAL;2026-09-18 16:10:47.505907;;;WHEEL_POS;90.354,0.00
VAL;2026-09-18 16:10:47.528040;;;WHEEL_POS;90.376,0.00
VAL;2026-09-18 16:10:47.562377;;;WHEEL_POS;90.410,0.00
VAL;2026-09-18 16:10:47.578005;;;WHEEL_POS;90.426,0.00
VAL;2026-09-18 16:10:47.612269;;;WHEEL_POS;90.460,0.00
VAL;2026-09-18 16:10:47.627899;;;WHEEL_POS;90.476,0.00
VAL;2026-09-18 16:10:47.674780;;;WHEEL_POS;90.523,0.00
VAL;2026-09-18 16:10:47.690403;;;WHEEL_POS;90.538,0.00
VAL;2026-09-18 16:10:47.706028;;;WHEEL_POS;90.554,0.00
VAL;2026-09-18 16:10:47.728160;;;WHEEL_POS;90.576,0.00
VAL;2026-09-18 16:10:47.767449;;;WHEEL_POS;90.615,0.00
VAL;2026-09-18 16:10:47.783079;;;WHEEL_POS;90.631,0.00
VAL;2026-09-18 16:10:47.828353;;;WHEEL_POS;90.676,0.00
VAL;2026-09-18 16:10:47.866613;;;WHEEL_POS;90.715,0.00
VAL;2026-09-18 16:10:47.897872;;;WHEEL_POS;90.746,0.00
VAL;2026-09-18 16:10:47.928505;;;WHEEL_POS;90.777,0.00
VAL;2026-09-18 16:10:47.944139;;;WHEEL_POS;90.792,0.00
VAL;2026-09-18 16:10:48.002520;;;WHEEL_POS;90.851,0.00
VAL;2026-09-18 16:10:48.022039;;;WHEEL_POS;90.870,0.00
VAL;2026-09-18 16:10:48.053301;;;WHEEL_POS;90.901,0.00
VAL;2026-09-18 16:10:48.092525;;;WHEEL_POS;90.941,0.00
VAL;2026-09-18 16:10:48.113169;;;WHEEL_POS;90.961,0.00
VAL;2026-09-18 16:10:48.128800;;;WHEEL_POS;90.977,0.00
VAL;2026-09-18 16:10:48.160051;;;WHEEL_POS;91.008,0.00
VAL;2026-09-18 16:10:48.187722;;;WHEEL_POS;91.036,0.00
VAL;2026-09-18 16:10:48.244606;;;WHEEL_POS;91.093,0.00
VAL;2026-09-18 16:10:48.275853;;;WHEEL_POS;91.124,0.00
VAL;2026-09-18 16:10:48.313620;;;WHEEL_POS;91.162,0.00
VAL;2026-09-18 16:10:48.329250;;;WHEEL_POS;91.177,0.00
VAL;2026-09-18 16:10:48.373774;;;WHEEL_POS;91.222,0.00
VAL;2026-09-18 16:10:48.389402;;;WHEEL_POS;91.237,0.00
VAL;2026-09-18 16:10:48.405028;;;WHEEL_POS;91.253,0.00
VAL;2026-09-18 16:10:48.428649;;;WHEEL_POS;91.277,0.00
VAL;2026-09-18 16:10:48.459904;;;WHEEL_POS;91.308,0.00
VAL;2026-09-18 16:10:48.491155;;;WHEEL_POS;91.339,0.00
VAL;2026-09-18 16:10:48.529434;;;WHEEL_POS;91.377,0.00
VAL;2026-09-18 16:10:48.560686;;;WHEEL_POS;91.409,0.00
VAL;2026-09-18 16:10:48.589332;;;WHEEL_POS;91.437,0.00
VAL;2026-09-18 16:10:48.604953;;;WHEEL_POS;91.453,0.00
VAL;2026-09-18 16:10:48.629586;;;WHEEL_POS;91.478,0.00
VAL;2026-09-18 16:10:48.645220;;;WHEEL_POS;91.493,0.00
VAL;2026-09-18 16:10:48.676465;;;WHEEL_POS;91.524,0.00
VAL;2026-09-18 16:10:48.692091;;;WHEEL_POS;91.540,0.00
VAL;2026-09-18 16:10:48.714233;;;WHEEL_POS;91.562,0.00
VAL;2026-09-18 16:10:48.745492;;;WHEEL_POS;91.594,0.00
VAL;2026-09-18 16:10:48.761118;;;WHEEL_POS;91.609,0.00
VAL;2026-09-18 16:10:48.790774;;;WHEEL_POS;91.639,0.00
VAL;2026-09-18 16:10:48.845656;;;WHEEL_POS;91.694,0.00
VAL;2026-09-18 16:10:48.861275;;;WHEEL_POS;91.709,0.00
VAL;2026-09-18 16:10:48.908156;;;WHEEL_POS;91.756,0.00
VAL;2026-09-18 16:10:48.930297;;;WHEEL_POS;91.778,0.00
VAL;2026-09-18 16:10:48.945923;;;WHEEL_POS;91.794,0.00
VAL;2026-09-18 16:10:48.991188;;;WHEEL_POS;91.839,0.00
VAL;2026-09-18 16:10:49.038460;;;WHEEL_POS;91.886,0.00
VAL;2026-09-18 16:10:49.054081;;;WHEEL_POS;91.902,0.00
VAL;2026-09-18 16:10:49.085335;;;WHEEL_POS;91.933,0.00
VAL;2026-09-18 16:10:49.130608;;;WHEEL_POS;91.979,0.00
VAL;2026-09-18 16:10:49.161867;;;WHEEL_POS;92.010,0.00
VAL;2026-09-18 16:10:49.192342;;;WHEEL_POS;92.040,0.00
VAL;2026-09-18 16:10:49.207968;;;WHEEL_POS;92.056,0.00
VAL;2026-09-18 16:10:49.230604;;;WHEEL_POS;92.079,0.00
VAL;2026-09-18 16:10:49.261853;;;WHEEL_POS;92.110,0.00
VAL;2026-09-18 16:10:49.293111;;;WHEEL_POS;92.141,0.00
VAL;2026-09-18 16:10:49.330863;;;WHEEL_POS;92.179,0.00
VAL;2026-09-18 16:10:49.362118;;;WHEEL_POS;92.210,0.00
VAL;2026-09-18 16:10:49.393073;;;WHEEL_POS;92.241,0.00
VAL;2026-09-18 16:10:49.429283;;;WHEEL_POS;92.277,0.00
VAL;2026-09-18 16:10:49.444911;;;WHEEL_POS;92.293,0.00
VAL;2026-09-18 16:10:49.476167;;;WHEEL_POS;92.324,0.00
VAL;2026-09-18 16:10:49.507416;;;WHEEL_POS;92.355,0.00
VAL;2026-09-18 16:10:49.546679;;;WHEEL_POS;92.395,0.00
VAL;2026-09-18 16:10:49.562302;;;WHEEL_POS;92.410,0.00
VAL;2026-09-18 16:10:49.609904;;;WHEEL_POS;92.458,0.00
VAL;2026-09-18 16:10:49.631042;;;WHEEL_POS;92.479,0.00
VAL;2026-09-18 16:10:49.662294;;;WHEEL_POS;92.510,0.00
VAL;2026-09-18 16:10:49.693553;;;WHEEL_POS;92.542,0.00
VAL;2026-09-18 16:10:49.731305;;;WHEEL_POS;92.579,0.00
VAL;2026-09-18 16:10:49.762559;;;WHEEL_POS;92.611,0.00
VAL;2026-09-18 16:10:49.795159;;;WHEEL_POS;92.643,0.00
VAL;2026-09-18 16:10:49.831423;;;WHEEL_POS;92.679,0.00
VAL;2026-09-18 16:10:49.862669;;;WHEEL_POS;92.711,0.00
VAL;2026-09-18 16:10:49.893928;;;WHEEL_POS;92.742,0.00
VAL;2026-09-18 16:10:49.947311;;;WHEEL_POS;92.795,0.00
VAL;2026-09-18 16:10:49.962933;;;WHEEL_POS;92.811,0.00
VAL;2026-09-18 16:10:49.996087;;;WHEEL_POS;92.844,0.00
VAL;2026-09-18 16:10:50.038391;;;WHEEL_POS;92.886,0.00
VAL;2026-09-18 16:10:50.054020;;;WHEEL_POS;92.902,0.00
VAL;2026-09-18 16:10:50.085274;;;WHEEL_POS;92.933,0.00
VAL;2026-09-18 16:10:50.116406;;;WHEEL_POS;92.964,0.00
VAL;2026-09-18 16:10:50.132035;;;WHEEL_POS;92.980,0.00
VAL;2026-09-18 16:10:50.163287;;;WHEEL_POS;93.011,0.00
VAL;2026-09-18 16:10:50.196895;;;WHEEL_POS;93.045,0.00
VAL;2026-09-18 16:10:50.232156;;;WHEEL_POS;93.080,0.00
VAL;2026-09-18 16:10:50.263405;;;WHEEL_POS;93.111,0.00
VAL;2026-09-18 16:10:50.279030;;;WHEEL_POS;93.127,0.00
VAL;2026-09-18 16:10:50.310286;;;WHEEL_POS;93.158,0.00
VAL;2026-09-18 16:10:50.332428;;;WHEEL_POS;93.180,0.00
VAL;2026-09-18 16:10:50.350058;;;WHEEL_POS;93.198,0.00
VAL;2026-09-18 16:10:50.365687;;;WHEEL_POS;93.214,0.00
VAL;2026-09-18 16:10:50.398285;;;WHEEL_POS;93.246,0.00
VAL;2026-09-18 16:10:50.430281;;;WHEEL_POS;93.278,0.00
VAL;2026-09-18 16:10:50.461539;;;WHEEL_POS;93.310,0.00
VAL;2026-09-18 16:10:50.477161;;;WHEEL_POS;93.325,0.00
VAL;2026-09-18 16:10:50.516923;;;WHEEL_POS;93.365,0.00
VAL;2026-09-18 16:10:50.532560;;;WHEEL_POS;93.381,0.00
VAL;2026-09-18 16:10:50.563809;;;WHEEL_POS;93.412,0.00
VAL;2026-09-18 16:10:50.599406;;;WHEEL_POS;93.447,0.00
VAL;2026-09-18 16:10:50.632657;;;WHEEL_POS;93.481,0.00
VAL;2026-09-18 16:10:50.663913;;;WHEEL_POS;93.512,0.00
VAL;2026-09-18 16:10:50.695162;;;WHEEL_POS;93.543,0.00
VAL;2026-09-18 16:10:50.732926;;;WHEEL_POS;93.581,0.00
VAL;2026-09-18 16:10:50.764178;;;WHEEL_POS;93.612,0.00
VAL;2026-09-18 16:10:50.799749;;;WHEEL_POS;93.648,0.00
VAL;2026-09-18 16:10:50.833006;;;WHEEL_POS;93.681,0.00
VAL;2026-09-18 16:10:50.864264;;;WHEEL_POS;93.712,0.00
VAL;2026-09-18 16:10:50.895511;;;WHEEL_POS;93.744,0.00
EVENT;2026-09-18 16:10:50.911138;5.0;;158;Tup
TRANSITION;2026-09-18 16:10:50.911138;5.0;;NoResponse;
EVENT;2026-09-18 16:10:50.911138;5.000100000000001;;158;Tup
TRANSITION;2026-09-18 16:10:50.911138;5.000100000000001;;ITI;
VAL;2026-09-18 16:10:50.911138;;;WHEEL_POS;93.759,0.00
VAL;2026-09-18 16:10:50.933278;;;WHEEL_POS;93.781,0.00
VAL;2026-09-18 16:10:50.964524;;;WHEEL_POS;93.813,0.00
VAL;2026-09-18 16:10:50.984993;;;WHEEL_POS;93.833,0.00
VAL;2026-09-18 16:10:51.000627;;;WHEEL_POS;93.849,0.00
VAL;2026-09-18 16:10:51.057554;;;WHEEL_POS;93.906,0.00
VAL;2026-09-18 16:10:51.073176;;;WHEEL_POS;93.921,0.00
VAL;2026-09-18 16:10:51.117936;;;WHEEL_POS;93.966,0.00
VAL;2026-09-18 16:10:51.139752;;;WHEEL_POS;93.988,0.00
VAL;2026-09-18 16:10:51.156756;;;WHEEL_POS;94.005,0.00
VAL;2026-09-18 16:10:51.177580;;;WHEEL_POS;94.026,0.00
VAL;2026-09-18 16:10:51.195709;;;WHEEL_POS;94.044,0.00
VAL;2026-09-18 16:10:51.218133;;;WHEEL_POS;94.066,0.00
VAL;2026-09-18 16:10:51.249396;;;WHEEL_POS;94.097,0.00
VAL;2026-09-18 16:10:51.280643;;;WHEEL_POS;94.129,0.00
VAL;2026-09-18 16:10:51.296268;;;WHEEL_POS;94.144,0.00
VAL;2026-09-18 16:10:51.334048;;;WHEEL_POS;94.182,0.00
VAL;2026-09-18 16:10:51.365299;;;WHEEL_POS;94.213,0.00
VAL;2026-09-18 16:10:51.401572;;;WHEEL_POS;94.250,0.00
VAL;2026-09-18 16:10:51.445863;;;WHEEL_POS;94.294,0.00
VAL;2026-09-18 16:10:51.477118;;;WHEEL_POS;94.325,0.00
VAL;2026-09-18 16:10:51.508369;;;WHEEL_POS;94.356,0.00
VAL;2026-09-18 16:10:51.534503;;;WHEEL_POS;94.383,0.00
VAL;2026-09-18 16:10:51.565755;;;WHEEL_POS;94.414,0.00
VAL;2026-09-18 16:10:51.618862;;;WHEEL_POS;94.467,0.00
VAL;2026-09-18 16:10:51.634497;;;WHEEL_POS;94.483,0.00
VAL;2026-09-18 16:10:51.650122;;;WHEEL_POS;94.498,0.00
VAL;2026-09-18 16:10:51.681378;;;WHEEL_POS;94.529,0.00
VAL;2026-09-18 16:10:51.712625;;;WHEEL_POS;94.561,0.00
VAL;2026-09-18 16:10:51.734759;;;WHEEL_POS;94.583,0.00
VAL;2026-09-18 16:10:51.766543;;;WHEEL_POS;94.615,0.00
VAL;2026-09-18 16:10:51.782159;;;WHEEL_POS;94.630,0.00
VAL;2026-09-18 16:10:51.819338;;;WHEEL_POS;94.667,0.00
VAL;2026-09-18 16:10:51.834976;;;WHEEL_POS;94.683,0.00
VAL;2026-09-18 16:10:51.881865;;;WHEEL_POS;94.730,0.00
VAL;2026-09-18 16:10:51.897475;;;WHEEL_POS;94.745,0.00
VAL;2026-09-18 16:10:51.935237;;;WHEEL_POS;94.783,0.00
VAL;2026-09-18 16:10:51.966488;;;WHEEL_POS;94.815,0.00
VAL;2026-09-18 16:10:51.982115;;;WHEEL_POS;94.830,0.00
VAL;2026-09-18 16:10:52.019594;;;WHEEL_POS;94.868,0.00
VAL;2026-09-18 16:10:52.042429;;;WHEEL_POS;94.890,0.00
VAL;2026-09-18 16:10:52.058054;;;WHEEL_POS;94.906,0.00
VAL;2026-09-18 16:10:52.089311;;;WHEEL_POS;94.937,0.00
VAL;2026-09-18 16:10:52.135084;;;WHEEL_POS;94.983,0.00
VAL;2026-09-18 16:10:52.166336;;;WHEEL_POS;95.014,0.00
VAL;2026-09-18 16:10:52.191520;;;WHEEL_POS;95.040,0.00
VAL;2026-09-18 16:10:52.208415;;;WHEEL_POS;95.056,0.00
VAL;2026-09-18 16:10:52.224603;;;WHEEL_POS;95.073,0.00
VAL;2026-09-18 16:10:52.249252;;;WHEEL_POS;95.097,0.00
VAL;2026-09-18 16:10:52.280513;;;WHEEL_POS;95.129,0.00
VAL;2026-09-18 16:10:52.311757;;;WHEEL_POS;95.160,0.00
VAL;2026-09-18 16:10:52.334893;;;WHEEL_POS;95.183,0.00
VAL;2026-09-18 16:10:52.366145;;;WHEEL_POS;95.214,0.00
EVENT;2026-09-18 16:10:52.408904;6.500100000000001;;158;Tup
END-TRIAL;2026-09-18 16:10:52.408904;;;The trial ended;
INFO;2026-09-18 16:10:52.408904;98.305731;104.805834;TRIAL-BPOD-TIME;6.50010300000001
STATE;2026-09-18 16:10:52.408904;0;5.0;WheelDotPeriod;5.0
STATE;2026-09-18 16:10:52.408904;5.0;5.000100000000001;NoResponse;0.00010000000000065512
STATE;2026-09-18 16:10:52.408904;5.000100000000001;6.500100000000001;ITI;1.5
STATE;2026-09-18 16:10:52.408904;nan;nan;Reward;nan
STATE;2026-09-18 16:10:52.408904;nan;nan;Consumption;nan
STATE;2026-09-18 16:10:52.408904;nan;nan;ErrorConsumption;nan
STATE;2026-09-18 16:10:52.408904;nan;nan;IncorrectITI;nan
VAL;2026-09-18 16:10:52.421083;;;WHEEL_POS;95.269,0.00
VAL;2026-09-18 16:10:52.493512;;;INCLUDED;False
VAL;2026-09-18 16:10:52.493512;;;CONSUMPTION_LICKED;
VAL;2026-09-18 16:10:52.493512;;;LED_ON_TIME;88.7515778541565
VAL;2026-09-18 16:10:52.493512;;;DOT_ONSET_JITTER_S;0.1942092478506233
VAL;2026-09-18 16:10:52.493512;;;DOT_ONSET_TIME;88.94578710200712
VAL;2026-09-18 16:10:52.493512;;;TIMED_OUT;93.7515778541565
stdout;2026-09-18 16:10:52.493512;;;Trial 12 (warmup): side=R, NoResponse;
stdout;2026-09-18 16:10:52.493512;;;|
|;
VAL;2026-09-18 16:10:52.936084;;;TRIAL_INIT_START;95.78410792350769
VAL;2026-09-18 16:10:52.967337;;;WHEEL_POS;95.815,0.00
VAL;2026-09-18 16:10:53.011421;;;WHEEL_POS;95.859,0.00
VAL;2026-09-18 16:10:53.042614;;;WHEEL_POS;95.891,0.00
VAL;2026-09-18 16:10:53.073866;;;WHEEL_POS;95.922,0.00
VAL;2026-09-18 16:10:53.105119;;;WHEEL_POS;95.953,0.00
VAL;2026-09-18 16:10:53.120627;;;TRIAL_START;95.95314288139343
VAL;2026-09-18 16:10:53.120627;;;QUIESCENCE_BREAKS;0
VAL;2026-09-18 16:10:53.120627;;;TRIAL_TYPE;warmup
VAL;2026-09-18 16:10:53.236241;;;TRIAL_SIDE;L
VAL;2026-09-18 16:10:53.236241;;;CLICK_TIMES_L;0.0150,0.0300,0.0718,0.0868,0.1027,0.1260,0.2482
VAL;2026-09-18 16:10:53.236241;;;CLICK_TIMES_R;
VAL;2026-09-18 16:10:53.236241;;;N_CLICKS_L;7
VAL;2026-09-18 16:10:53.236241;;;N_CLICKS_R;0
VAL;2026-09-18 16:10:53.236241;;;STIM_SEED;6796863
VAL;2026-09-18 16:10:53.236241;;;CUE_ABORT_THRESHOLD_DEG;10.0
VAL;2026-09-18 16:10:53.236241;;;RESPONSE_THRESHOLD_DEG;35.0
VAL;2026-09-18 16:10:53.236241;;;QUIESCENCE_DUR_S;0.1
VAL;2026-09-18 16:10:53.236241;;;ITI_S;1.5
VAL;2026-09-18 16:10:53.236241;;;CLICK_LEVEL_ATTENUATED;False
stdout;2026-09-18 16:10:53.236241;;;Trial 13 (warmup): side=L, n_L=7, n_R=0;
stdout;2026-09-18 16:10:53.236241;;;|
|;
VAL;2026-09-18 16:10:53.236241;;;SM_SEND_TIME;96.0842649936676
VAL;2026-09-18 16:10:53.236241;;;CUE_ONSET_TIME;96.1052649936676
TRIAL;2026-09-18 16:10:53.251867;;;New trial;
VAL;2026-09-18 16:10:53.251867;;;WHEEL_POS;96.100,0.00
VAL;2026-09-18 16:10:53.283119;;;WHEEL_POS;96.131,0.00
VAL;2026-09-18 16:10:53.314371;;;WHEEL_POS;96.162,0.00
VAL;2026-09-18 16:10:53.336511;;;WHEEL_POS;96.185,0.00
VAL;2026-09-18 16:10:53.352137;;;WHEEL_POS;96.200,0.00
VAL;2026-09-18 16:10:53.383389;;;WHEEL_POS;96.231,0.00
VAL;2026-09-18 16:10:53.412851;;;WHEEL_POS;96.261,0.00
VAL;2026-09-18 16:10:53.431765;;;WHEEL_POS;96.280,0.00
VAL;2026-09-18 16:10:53.447394;;;WHEEL_POS;96.295,0.00
VAL;2026-09-18 16:10:53.463019;;;WHEEL_POS;96.311,0.00
VAL;2026-09-18 16:10:53.494271;;;WHEEL_POS;96.342,0.00
EVENT;2026-09-18 16:10:53.520904;0.271;;158;Tup
TRANSITION;2026-09-18 16:10:53.520904;0.271;;DelayPeriod;
VAL;2026-09-18 16:10:53.536534;;;WHEEL_POS;96.385,0.00
VAL;2026-09-18 16:10:53.552160;;;WHEEL_POS;96.400,0.00
VAL;2026-09-18 16:10:53.583413;;;WHEEL_POS;96.431,0.00
VAL;2026-09-18 16:10:53.613868;;;WHEEL_POS;96.462,0.00
VAL;2026-09-18 16:10:53.636509;;;WHEEL_POS;96.485,0.00
VAL;2026-09-18 16:10:53.652137;;;WHEEL_POS;96.500,0.00
VAL;2026-09-18 16:10:53.683388;;;WHEEL_POS;96.531,0.00
EVENT;2026-09-18 16:10:53.699015;0.4441;;158;Tup
TRANSITION;2026-09-18 16:10:53.699015;0.4441;;CueComplete;
EVENT;2026-09-18 16:10:53.699015;0.44420000000000004;;158;Tup
END-TRIAL;2026-09-18 16:10:53.699015;;;The trial ended;
INFO;2026-09-18 16:10:53.699015;105.652631;106.096835;TRIAL-BPOD-TIME;0.44420399999999916
STATE;2026-09-18 16:10:53.699015;0;0.271;CuePeriod;0.271
STATE;2026-09-18 16:10:53.699015;0.271;0.4441;DelayPeriod;0.17309999999999998
STATE;2026-09-18 16:10:53.699015;0.4441;0.44420000000000004;CueComplete;0.0001000000000000445
STATE;2026-09-18 16:10:53.699015;nan;nan;WheelAbort;nan
STATE;2026-09-18 16:10:53.699015;nan;nan;AbortITI;nan
VAL;2026-09-18 16:10:53.699015;;;WHEEL_POS;96.547,0.00
VAL;2026-09-18 16:10:53.736775;;;SM_SEND_TIME;96.58479857444763
TRIAL;2026-09-18 16:10:53.736775;;;New trial;
VAL;2026-09-18 16:10:53.736775;;;WHEEL_POS;96.585,0.00
VAL;2026-09-18 16:10:53.768029;;;WHEEL_POS;96.616,0.00
VAL;2026-09-18 16:10:53.799001;;;WHEEL_POS;96.647,0.00
VAL;2026-09-18 16:10:53.836764;;;WHEEL_POS;96.685,0.00
VAL;2026-09-18 16:10:53.868016;;;WHEEL_POS;96.716,0.00
VAL;2026-09-18 16:10:53.914900;;;WHEEL_POS;96.763,0.00
VAL;2026-09-18 16:10:53.952676;;;WHEEL_POS;96.801,0.00
VAL;2026-09-18 16:10:53.968298;;;WHEEL_POS;96.816,0.00
VAL;2026-09-18 16:10:53.983924;;;WHEEL_POS;96.832,0.00
VAL;2026-09-18 16:10:54.021423;;;WHEEL_POS;96.869,0.00
VAL;2026-09-18 16:10:54.043270;;;WHEEL_POS;96.891,0.00
VAL;2026-09-18 16:10:54.090156;;;WHEEL_POS;96.938,0.00
VAL;2026-09-18 16:10:54.105773;;;WHEEL_POS;96.954,0.00
VAL;2026-09-18 16:10:54.152538;;;WHEEL_POS;97.001,0.00
VAL;2026-09-18 16:10:54.168159;;;WHEEL_POS;97.016,0.00
VAL;2026-09-18 16:10:54.200799;;;WHEEL_POS;97.049,0.00
VAL;2026-09-18 16:10:54.221437;;;WHEEL_POS;97.069,0.00
VAL;2026-09-18 16:10:54.252697;;;WHEEL_POS;97.101,0.00
VAL;2026-09-18 16:10:54.283951;;;WHEEL_POS;97.132,0.00
VAL;2026-09-18 16:10:54.315200;;;WHEEL_POS;97.163,0.00
VAL;2026-09-18 16:10:54.350343;;;WHEEL_POS;97.198,0.00
VAL;2026-09-18 16:10:54.365986;;;WHEEL_POS;97.214,0.00
VAL;2026-09-18 16:10:54.401642;;;WHEEL_POS;97.250,0.00
VAL;2026-09-18 16:10:54.422845;;;WHEEL_POS;97.271,0.00
VAL;2026-09-18 16:10:54.448088;;;WHEEL_POS;97.296,0.00
VAL;2026-09-18 16:10:54.479340;;;WHEEL_POS;97.327,0.00
VAL;2026-09-18 16:10:54.510598;;;WHEEL_POS;97.359,0.00
VAL;2026-09-18 16:10:54.537241;;;WHEEL_POS;97.385,0.00
VAL;2026-09-18 16:10:54.568493;;;WHEEL_POS;97.417,0.00
VAL;2026-09-18 16:10:54.601751;;;WHEEL_POS;97.450,0.00
VAL;2026-09-18 16:10:54.621886;;;WHEEL_POS;97.470,0.00
VAL;2026-09-18 16:10:54.637514;;;WHEEL_POS;97.486,0.00
VAL;2026-09-18 16:10:54.653143;;;WHEEL_POS;97.501,0.00
VAL;2026-09-18 16:10:54.684392;;;WHEEL_POS;97.532,0.00
VAL;2026-09-18 16:10:54.700019;;;WHEEL_POS;97.548,0.00
VAL;2026-09-18 16:10:54.737793;;;WHEEL_POS;97.586,0.00
VAL;2026-09-18 16:10:54.769042;;;WHEEL_POS;97.617,0.00
VAL;2026-09-18 16:10:54.801309;;;WHEEL_POS;97.649,0.00
VAL;2026-09-18 16:10:54.838080;;;WHEEL_POS;97.686,0.00
VAL;2026-09-18 16:10:54.869333;;;WHEEL_POS;97.717,0.00
VAL;2026-09-18 16:10:54.900585;;;WHEEL_POS;97.749,0.00
VAL;2026-09-18 16:10:54.922718;;;WHEEL_POS;97.771,0.00
VAL;2026-09-18 16:10:54.953974;;;WHEEL_POS;97.802,0.00
VAL;2026-09-18 16:10:54.985226;;;WHEEL_POS;97.833,0.00
VAL;2026-09-18 16:10:55.023030;;;WHEEL_POS;97.871,0.00
VAL;2026-09-18 16:10:55.045200;;;WHEEL_POS;97.893,0.00
VAL;2026-09-18 16:10:55.076455;;;WHEEL_POS;97.924,0.00
VAL;2026-09-18 16:10:55.092078;;;WHEEL_POS;97.940,0.00
VAL;2026-09-18 16:10:55.123208;;;WHEEL_POS;97.971,0.00
VAL;2026-09-18 16:10:55.154463;;;WHEEL_POS;98.002,0.00
VAL;2026-09-18 16:10:55.170089;;;WHEEL_POS;98.018,0.00
VAL;2026-09-18 16:10:55.208166;;;WHEEL_POS;98.056,0.00
VAL;2026-09-18 16:10:55.223170;;;WHEEL_POS;98.071,0.00
VAL;2026-09-18 16:10:55.270060;;;WHEEL_POS;98.118,0.00
VAL;2026-09-18 16:10:55.285681;;;WHEEL_POS;98.134,0.00
VAL;2026-09-18 16:10:55.323443;;;WHEEL_POS;98.171,0.00
VAL;2026-09-18 16:10:55.354699;;;WHEEL_POS;98.203,0.00
VAL;2026-09-18 16:10:55.385949;;;WHEEL_POS;98.234,0.00
VAL;2026-09-18 16:10:55.425566;;;WHEEL_POS;98.274,0.00
VAL;2026-09-18 16:10:55.448835;;;WHEEL_POS;98.297,0.00
VAL;2026-09-18 16:10:55.480088;;;WHEEL_POS;98.328,0.00
VAL;2026-09-18 16:10:55.511339;;;WHEEL_POS;98.359,0.00
VAL;2026-09-18 16:10:55.557986;;;WHEEL_POS;98.406,0.00
END-TRIAL;2026-09-18 16:10:55.557986;;;The trial ended;
stdout;2026-09-18 16:10:55.624586;;;Bpod stopped running trials (Stop/Kill) -- ending session early after trial 13.;
stdout;2026-09-18 16:10:55.625586;;;|
|;
stdout;2026-09-18 16:10:55.625586;;;Session ending: Stop/Kill/crash (see log above);
stdout;2026-09-18 16:10:55.625586;;;|
|;
stdout;2026-09-18 16:10:55.625586;;;Session: 0 main trials, accuracy(AOS)=0.0%, abort_rate=0.0%, gates_met=False;
stdout;2026-09-18 16:10:55.625586;;;|
|;
stdout;2026-09-18 16:10:55.626586;;;ADVANCE-READY (3 consecutive qualifying sessions): no;
stdout;2026-09-18 16:10:55.626586;;;|
|;
stdout;2026-09-18 16:10:55.626586;;;  (history so far: [False, False, False]);
stdout;2026-09-18 16:10:55.626586;;;|
|;
VAL;2026-09-18 16:10:55.626586;;;SESSION_WATER_UL;28.0
stdout;2026-09-18 16:10:55.987785;;;CameraRecorder: wrote 2030 frame timestamps to session_video_timestamps.csv;
stdout;2026-09-18 16:10:55.987785;;;|
|;
INFO;2026-09-18 16:10:56.003410;;;SESSION-ENDED;2026-09-18 16:10:56.003410
stdout;2026-09-18 16:10:56.135322;;;Session struct exported: C:\Ugurcan\Experimental-Tasks\_projects\AuditoryEvidenceAccum\experiments\Stage3\setups\Stage3\sessions\20260918-160906\20260918-160906_struct.mat / C:\Ugurcan\Experimental-Tasks\_projects\AuditoryEvidenceAccum\experiments\Stage3\setups\Stage3\sessions\20260918-160906\20260918-160906_struct.json;
stdout;2026-09-18 16:10:56.135322;;;|
|;
stdout;2026-09-18 16:10:56.135322;;;Close the plot window to exit.;
stdout;2026-09-18 16:10:56.135322;;;|
|;
