__UUID4__;da2aa5e3-80f9-4d6e-9f08-c62b0ec11b05
__CREATED-ON__;2026-09-18 17:04:41.642538
__DEF-URL__;http://pybpod-api.readthedocs.org
__DEF-TEXT__;This file contains data recorded during a session from the PyBpod system
__SOFTWARE__;PyBpod API v1.8.2
__HAS-HEADER__
TYPE;PC-TIME;BPOD-INITIAL-TIME;BPOD-FINAL-TIME;MSG;+INFO
INFO;2026-09-18 17:04:41.642538;;;SERIAL-PORT;COM10
INFO;2026-09-18 17:04:41.642538;;;PROTOCOL-NAME;stage3_clicks_direction
INFO;2026-09-18 17:04:41.642538;;;CREATOR-NAME;["UM", "f519825a-ab5d-4fe9-91c0-a52f3d5afee3", "local"]
INFO;2026-09-18 17:04:41.642538;;;PROJECT-NAME;AuditoryEvidenceAccum
INFO;2026-09-18 17:04:41.643207;;;EXPERIMENT-NAME;Stage3
INFO;2026-09-18 17:04:41.643207;;;BOARD-NAME;Box3
INFO;2026-09-18 17:04:41.643207;;;SETUP-NAME;Stage3
INFO;2026-09-18 17:04:41.643207;;;BPOD-GUI-VERSION;
INFO;2026-09-18 17:04:41.643207;;;NET-PORT;36000
INFO;2026-09-18 17:04:41.643207;;;SUBJECT-NAME;['test_stage3', '7ccf4666-0f7e-47ec-b218-76d067d83f69']
INFO;2026-09-18 17:04:42.106641;;;This is a PYBPOD file. Find more info at http://pybpod.readthedocs.io;
INFO;2026-09-18 17:04:42.106641;;;BPOD-API-VERSION;1.8.2
INFO;2026-09-18 17:04:42.106641;;;SESSION-NAME;20260918-170440
INFO;2026-09-18 17:04:42.106641;;;SESSION-STARTED;2026-09-18 17:04:41.641105
stdout;2026-09-18 17:04:42.106641;;;Connected to Bpod on COM10;
stdout;2026-09-18 17:04:42.106641;;;|
|;
stdout;2026-09-18 17:04:42.106641;;;Resolved module 'RotaryEncoder1' on Bpod port 1;
stdout;2026-09-18 17:04:42.106641;;;|
|;
stdout;2026-09-18 17:04:42.133142;;;RotaryEncoderModule.discover: probing ['COM11', 'COM1', 'COM14'] (excluding ['COM10']);
stdout;2026-09-18 17:04:42.133142;;;|
|;
stdout;2026-09-18 17:04:44.157666;;;  COM11: ack=217;
stdout;2026-09-18 17:04:44.157666;;;|
|;
stdout;2026-09-18 17:04:46.181737;;;Connected to rotary encoder on COM11;
stdout;2026-09-18 17:04:46.181737;;;|
|;
stdout;2026-09-18 17:04:46.330895;;;Connected to HiFi module on COM14 (192000Hz sampling);
stdout;2026-09-18 17:04:46.330895;;;|
|;
stdout;2026-09-18 17:04:46.330895;;;Amplitude from calibration: 0.6552 for 70.0dB SPL (L 4000Hz).;
stdout;2026-09-18 17:04:46.330895;;;|
|;
stdout;2026-09-18 17:04:46.330895;;;Amplitude from calibration: 0.4847 for 70.0dB SPL (R 10000Hz).;
stdout;2026-09-18 17:04:46.330895;;;|
|;
VAL;2026-09-18 17:04:46.330895;;;LEFT_THRESHOLD_DEG;-35.0
VAL;2026-09-18 17:04:46.330895;;;RIGHT_THRESHOLD_DEG;35.0
VAL;2026-09-18 17:04:51.343569;;;GIT_COMMIT;unknown
VAL;2026-09-18 17:04:51.343569;;;REWARD_UL;4.0
VAL;2026-09-18 17:04:51.343569;;;TARGET_SPL_DB;70.0
VAL;2026-09-18 17:04:51.343569;;;LEFT_FREQ_HZ;4000
VAL;2026-09-18 17:04:51.343569;;;RIGHT_FREQ_HZ;10000
stdout;2026-09-18 17:04:53.594444;;;CameraRecorder: index 0, 640x480 @ 30.0fps -> session_video.avi;
stdout;2026-09-18 17:04:53.594444;;;|
|;
stdout;2026-09-18 17:04:53.594444;;;DEBUG: camera.start() returned OK;
stdout;2026-09-18 17:04:53.594444;;;|
|;
VAL;2026-09-18 17:04:53.594444;;;CAMERA_START_TIME;2.2508745193481445
VAL;2026-09-18 17:04:53.594444;;;CAMERA_OUTPUT_PATH;session_video.avi
VAL;2026-09-18 17:04:53.594444;;;CAMERA_FPS;30.0
stdout;2026-09-18 17:04:53.594444;;;Dot gain calibrated to -26.33 px/wheel-deg (screen width 2048px, response threshold 35.0deg);
stdout;2026-09-18 17:04:53.594444;;;|
|;
stdout;2026-09-18 17:04:55.254038;;;Starting Stage 3 -- response threshold frozen at 35.0deg, in-trial threshold 10.0deg (PLACEHOLDER -- not yet empirically derived), click level FULL;
stdout;2026-09-18 17:04:55.254038;;;|
|;
VAL;2026-09-18 17:04:55.254038;;;TRIAL_INIT_START;3.910468578338623
VAL;2026-09-18 17:04:55.285803;;;WHEEL_POS;3.942,0.00
VAL;2026-09-18 17:04:55.317058;;;WHEEL_POS;3.973,0.00
VAL;2026-09-18 17:04:55.332685;;;WHEEL_POS;3.989,0.00
VAL;2026-09-18 17:04:55.363938;;;WHEEL_POS;4.020,0.00
VAL;2026-09-18 17:04:55.386079;;;WHEEL_POS;4.043,0.00
VAL;2026-09-18 17:04:55.401704;;;WHEEL_POS;4.058,0.00
VAL;2026-09-18 17:04:55.417087;;;TRIAL_START;4.058135271072388
VAL;2026-09-18 17:04:55.417087;;;QUIESCENCE_BREAKS;0
VAL;2026-09-18 17:04:55.417087;;;TRIAL_TYPE;warmup
VAL;2026-09-18 17:04:55.771133;;;TRIAL_SIDE;R
VAL;2026-09-18 17:04:55.771133;;;CLICK_TIMES_L;
VAL;2026-09-18 17:04:55.771133;;;CLICK_TIMES_R;0.0319,0.0469,0.1950,0.2183,0.2433
VAL;2026-09-18 17:04:55.771133;;;N_CLICKS_L;0
VAL;2026-09-18 17:04:55.771133;;;N_CLICKS_R;5
VAL;2026-09-18 17:04:55.771133;;;STIM_SEED;1574754797
VAL;2026-09-18 17:04:55.771133;;;CUE_ABORT_THRESHOLD_DEG;10.0
VAL;2026-09-18 17:04:55.771133;;;RESPONSE_THRESHOLD_DEG;35.0
VAL;2026-09-18 17:04:55.771133;;;QUIESCENCE_DUR_S;0.1
VAL;2026-09-18 17:04:55.771133;;;ITI_S;1.5
VAL;2026-09-18 17:04:55.771133;;;CLICK_LEVEL_ATTENUATED;False
stdout;2026-09-18 17:04:55.771133;;;Trial 1 (warmup): side=R, n_L=0, n_R=5;
stdout;2026-09-18 17:04:55.771133;;;|
|;
VAL;2026-09-18 17:04:55.771133;;;SM_SEND_TIME;4.427563667297363
VAL;2026-09-18 17:04:55.771133;;;CUE_ONSET_TIME;4.448563667297363
TRIAL;2026-09-18 17:04:55.771133;;;New trial;
VAL;2026-09-18 17:04:55.786764;;;WHEEL_POS;4.443,0.00
VAL;2026-09-18 17:04:55.802389;;;WHEEL_POS;4.459,0.00
VAL;2026-09-18 17:04:55.837149;;;WHEEL_POS;4.494,0.00
VAL;2026-09-18 17:04:55.852775;;;WHEEL_POS;4.509,0.00
VAL;2026-09-18 17:04:55.889400;;;WHEEL_POS;4.546,0.00
VAL;2026-09-18 17:04:55.905028;;;WHEEL_POS;4.561,0.00
VAL;2026-09-18 17:04:55.920654;;;WHEEL_POS;4.577,0.00
VAL;2026-09-18 17:04:55.951908;;;WHEEL_POS;4.608,0.00
VAL;2026-09-18 17:04:55.992004;;;WHEEL_POS;4.648,0.00
VAL;2026-09-18 17:04:56.008635;;;WHEEL_POS;4.665,0.00
VAL;2026-09-18 17:04:56.037827;;;WHEEL_POS;4.694,0.00
EVENT;2026-09-18 17:04:56.053453;0.271;;158;Tup
TRANSITION;2026-09-18 17:04:56.053453;0.271;;DelayPeriod;
VAL;2026-09-18 17:04:56.071581;;;WHEEL_POS;4.728,0.00
VAL;2026-09-18 17:04:56.087210;;;WHEEL_POS;4.744,0.00
VAL;2026-09-18 17:04:56.118462;;;WHEEL_POS;4.775,0.00
VAL;2026-09-18 17:04:56.149714;;;WHEEL_POS;4.806,0.00
VAL;2026-09-18 17:04:56.187474;;;WHEEL_POS;4.844,0.00
VAL;2026-09-18 17:04:56.223066;;;WHEEL_POS;4.879,0.00
EVENT;2026-09-18 17:04:56.223066;0.4354;;158;Tup
TRANSITION;2026-09-18 17:04:56.223066;0.4354;;CueComplete;
EVENT;2026-09-18 17:04:56.223066;0.4355;;158;Tup
END-TRIAL;2026-09-18 17:04:56.223066;;;The trial ended;
INFO;2026-09-18 17:04:56.223066;14.022831;14.458335;TRIAL-BPOD-TIME;0.4355039999999999
STATE;2026-09-18 17:04:56.223066;0;0.271;CuePeriod;0.271
STATE;2026-09-18 17:04:56.223066;0.271;0.4354;DelayPeriod;0.1644
STATE;2026-09-18 17:04:56.223066;0.4354;0.4355;CueComplete;9.999999999998899e-05
STATE;2026-09-18 17:04:56.223066;nan;nan;WheelAbort;nan
STATE;2026-09-18 17:04:56.223066;nan;nan;AbortITI;nan
VAL;2026-09-18 17:04:56.238695;;;SM_SEND_TIME;4.895125389099121
TRIAL;2026-09-18 17:04:56.238695;;;New trial;
VAL;2026-09-18 17:04:56.254200;;;WHEEL_POS;4.911,0.00
VAL;2026-09-18 17:04:56.287468;;;WHEEL_POS;4.944,0.00
VAL;2026-09-18 17:04:56.318721;;;WHEEL_POS;4.975,0.00
VAL;2026-09-18 17:04:56.349973;;;WHEEL_POS;5.006,0.00
VAL;2026-09-18 17:04:56.365598;;;WHEEL_POS;5.022,0.00
VAL;2026-09-18 17:04:56.403364;;;WHEEL_POS;5.060,0.00
VAL;2026-09-18 17:04:56.424327;;;WHEEL_POS;5.081,0.00
VAL;2026-09-18 17:04:56.439955;;;WHEEL_POS;5.096,0.00
VAL;2026-09-18 17:04:56.472217;;;WHEEL_POS;5.129,0.00
VAL;2026-09-18 17:04:56.487846;;;WHEEL_POS;5.144,0.00
VAL;2026-09-18 17:04:56.519103;;;WHEEL_POS;5.176,0.00
VAL;2026-09-18 17:04:56.550350;;;WHEEL_POS;5.207,0.00
VAL;2026-09-18 17:04:56.588115;;;WHEEL_POS;5.245,0.00
VAL;2026-09-18 17:04:56.603741;;;WHEEL_POS;5.260,0.00
VAL;2026-09-18 17:04:56.640425;;;WHEEL_POS;5.297,0.00
VAL;2026-09-18 17:04:56.672685;;;WHEEL_POS;5.329,0.00
VAL;2026-09-18 17:04:56.688314;;;WHEEL_POS;5.345,0.00
VAL;2026-09-18 17:04:56.735197;;;WHEEL_POS;5.392,0.00
VAL;2026-09-18 17:04:56.750818;;;WHEEL_POS;5.407,0.00
VAL;2026-09-18 17:04:56.788541;;;WHEEL_POS;5.445,0.00
VAL;2026-09-18 17:04:56.824868;;;WHEEL_POS;5.481,0.00
VAL;2026-09-18 17:04:56.842500;;;WHEEL_POS;5.499,0.00
VAL;2026-09-18 17:04:56.889273;;;WHEEL_POS;5.546,0.00
VAL;2026-09-18 17:04:56.904902;;;WHEEL_POS;5.561,0.00
VAL;2026-09-18 17:04:56.936158;;;WHEEL_POS;5.593,0.00
VAL;2026-09-18 17:04:56.967407;;;WHEEL_POS;5.624,0.00
VAL;2026-09-18 17:04:56.994451;;;WHEEL_POS;5.651,0.00
VAL;2026-09-18 17:04:57.010081;;;WHEEL_POS;5.667,0.00
VAL;2026-09-18 17:04:57.041259;;;WHEEL_POS;5.698,0.00
VAL;2026-09-18 17:04:57.056885;;;WHEEL_POS;5.713,0.00
VAL;2026-09-18 17:04:57.089155;;;WHEEL_POS;5.746,0.00
VAL;2026-09-18 17:04:57.120406;;;WHEEL_POS;5.777,0.00
VAL;2026-09-18 17:04:57.151664;;;WHEEL_POS;5.808,0.00
VAL;2026-09-18 17:04:57.205048;;;WHEEL_POS;5.861,0.00
VAL;2026-09-18 17:04:57.225491;;;WHEEL_POS;5.882,0.00
VAL;2026-09-18 17:04:57.242122;;;WHEEL_POS;5.899,0.00
VAL;2026-09-18 17:04:57.273899;;;WHEEL_POS;5.930,0.00
VAL;2026-09-18 17:04:57.289528;;;WHEEL_POS;5.946,0.00
VAL;2026-09-18 17:04:57.336412;;;WHEEL_POS;5.993,0.00
VAL;2026-09-18 17:04:57.352037;;;WHEEL_POS;6.008,0.00
VAL;2026-09-18 17:04:57.389793;;;WHEEL_POS;6.046,0.00
VAL;2026-09-18 17:04:57.426049;;;WHEEL_POS;6.082,0.00
VAL;2026-09-18 17:04:57.443197;;;WHEEL_POS;6.100,0.00
VAL;2026-09-18 17:04:57.458830;;;WHEEL_POS;6.115,0.00
VAL;2026-09-18 17:04:57.489970;;;WHEEL_POS;6.146,0.00
VAL;2026-09-18 17:04:57.505595;;;WHEEL_POS;6.162,0.00
VAL;2026-09-18 17:04:57.536848;;;WHEEL_POS;6.193,0.00
VAL;2026-09-18 17:04:57.574607;;;WHEEL_POS;6.231,0.00
VAL;2026-09-18 17:04:57.605864;;;WHEEL_POS;6.262,0.00
VAL;2026-09-18 17:04:57.659553;;;WHEEL_POS;6.316,0.00
VAL;2026-09-18 17:04:57.690187;;;WHEEL_POS;6.347,0.00
VAL;2026-09-18 17:04:57.721444;;;WHEEL_POS;6.378,0.00
VAL;2026-09-18 17:04:57.737067;;;WHEEL_POS;6.393,0.00
VAL;2026-09-18 17:04:57.752692;;;WHEEL_POS;6.409,0.00
VAL;2026-09-18 17:04:57.790275;;;WHEEL_POS;6.447,0.00
VAL;2026-09-18 17:04:57.821528;;;WHEEL_POS;6.478,0.00
VAL;2026-09-18 17:04:57.844161;;;WHEEL_POS;6.501,0.00
VAL;2026-09-18 17:04:57.891775;;;WHEEL_POS;6.548,0.00
VAL;2026-09-18 17:04:57.907403;;;WHEEL_POS;6.564,0.00
VAL;2026-09-18 17:04:57.938655;;;WHEEL_POS;6.595,0.00
VAL;2026-09-18 17:04:57.974912;;;WHEEL_POS;6.631,0.00
VAL;2026-09-18 17:04:58.011845;;;WHEEL_POS;6.668,0.00
VAL;2026-09-18 17:04:58.029511;;;WHEEL_POS;6.686,0.00
VAL;2026-09-18 17:04:58.060767;;;WHEEL_POS;6.717,0.00
VAL;2026-09-18 17:04:58.090404;;;WHEEL_POS;6.747,0.00
VAL;2026-09-18 17:04:58.121660;;;WHEEL_POS;6.778,0.00
VAL;2026-09-18 17:04:58.152908;;;WHEEL_POS;6.809,0.00
VAL;2026-09-18 17:04:58.190675;;;WHEEL_POS;6.847,0.00
VAL;2026-09-18 17:04:58.221926;;;WHEEL_POS;6.878,0.00
VAL;2026-09-18 17:04:58.245883;;;WHEEL_POS;6.902,0.00
VAL;2026-09-18 17:04:58.275063;;;WHEEL_POS;6.931,0.00
VAL;2026-09-18 17:04:58.290692;;;WHEEL_POS;6.947,0.00
VAL;2026-09-18 17:04:58.321944;;;WHEEL_POS;6.978,0.00
VAL;2026-09-18 17:04:58.337571;;;WHEEL_POS;6.994,0.00
VAL;2026-09-18 17:04:58.368821;;;WHEEL_POS;7.025,0.00
VAL;2026-09-18 17:04:58.406584;;;WHEEL_POS;7.063,0.00
VAL;2026-09-18 17:04:58.422205;;;WHEEL_POS;7.079,0.00
VAL;2026-09-18 17:04:58.446332;;;WHEEL_POS;7.103,0.00
VAL;2026-09-18 17:04:58.491103;;;WHEEL_POS;7.148,0.00
VAL;2026-09-18 17:04:58.506729;;;WHEEL_POS;7.163,0.00
VAL;2026-09-18 17:04:58.537984;;;WHEEL_POS;7.194,0.00
VAL;2026-09-18 17:04:58.569234;;;WHEEL_POS;7.226,0.00
VAL;2026-09-18 17:04:58.591368;;;WHEEL_POS;7.248,0.00
VAL;2026-09-18 17:04:58.622620;;;WHEEL_POS;7.279,0.00
VAL;2026-09-18 17:04:58.647000;;;WHEEL_POS;7.303,0.00
VAL;2026-09-18 17:04:58.686655;;;WHEEL_POS;7.343,0.00
VAL;2026-09-18 17:04:58.717917;;;WHEEL_POS;7.374,0.00
VAL;2026-09-18 17:04:58.749166;;;WHEEL_POS;7.406,0.00
VAL;2026-09-18 17:04:58.770196;;;WHEEL_POS;7.427,0.00
VAL;2026-09-18 17:04:58.791366;;;WHEEL_POS;7.448,0.00
VAL;2026-09-18 17:04:58.822618;;;WHEEL_POS;7.479,0.00
VAL;2026-09-18 17:04:58.862888;;;WHEEL_POS;7.519,0.00
VAL;2026-09-18 17:04:58.892033;;;WHEEL_POS;7.548,0.00
VAL;2026-09-18 17:04:58.907662;;;WHEEL_POS;7.564,0.00
VAL;2026-09-18 17:04:58.938914;;;WHEEL_POS;7.595,0.00
VAL;2026-09-18 17:04:58.954539;;;WHEEL_POS;7.611,0.00
VAL;2026-09-18 17:04:59.000169;;;WHEEL_POS;7.657,0.00
VAL;2026-09-18 17:04:59.032507;;;WHEEL_POS;7.689,0.00
VAL;2026-09-18 17:04:59.048135;;;WHEEL_POS;7.705,0.00
VAL;2026-09-18 17:04:59.063764;;;WHEEL_POS;7.720,0.00
VAL;2026-09-18 17:04:59.091900;;;WHEEL_POS;7.748,0.00
VAL;2026-09-18 17:04:59.123155;;;WHEEL_POS;7.780,0.00
VAL;2026-09-18 17:04:59.138779;;;WHEEL_POS;7.795,0.00
VAL;2026-09-18 17:04:59.176538;;;WHEEL_POS;7.833,0.00
VAL;2026-09-18 17:04:59.207797;;;WHEEL_POS;7.864,0.00
VAL;2026-09-18 17:04:59.258560;;;WHEEL_POS;7.915,0.00
VAL;2026-09-18 17:04:59.292320;;;WHEEL_POS;7.949,0.00
VAL;2026-09-18 17:04:59.323573;;;WHEEL_POS;7.980,0.00
VAL;2026-09-18 17:04:59.354825;;;WHEEL_POS;8.011,0.00
VAL;2026-09-18 17:04:59.408218;;;WHEEL_POS;8.065,0.00
VAL;2026-09-18 17:04:59.423842;;;WHEEL_POS;8.080,0.00
VAL;2026-09-18 17:04:59.449824;;;WHEEL_POS;8.106,0.00
VAL;2026-09-18 17:04:59.492591;;;WHEEL_POS;8.149,0.00
VAL;2026-09-18 17:04:59.523843;;;WHEEL_POS;8.180,0.00
VAL;2026-09-18 17:04:59.555096;;;WHEEL_POS;8.212,0.00
VAL;2026-09-18 17:04:59.570724;;;WHEEL_POS;8.227,0.00
VAL;2026-09-18 17:04:59.592856;;;WHEEL_POS;8.249,0.00
VAL;2026-09-18 17:04:59.624109;;;WHEEL_POS;8.281,0.00
VAL;2026-09-18 17:04:59.650582;;;WHEEL_POS;8.307,0.00
VAL;2026-09-18 17:04:59.692851;;;WHEEL_POS;8.349,0.00
VAL;2026-09-18 17:04:59.724108;;;WHEEL_POS;8.381,0.00
VAL;2026-09-18 17:04:59.755353;;;WHEEL_POS;8.412,0.00
VAL;2026-09-18 17:04:59.792974;;;WHEEL_POS;8.449,0.00
VAL;2026-09-18 17:04:59.808600;;;WHEEL_POS;8.465,0.00
VAL;2026-09-18 17:04:59.850860;;;WHEEL_POS;8.507,0.00
VAL;2026-09-18 17:04:59.893042;;;WHEEL_POS;8.549,0.00
VAL;2026-09-18 17:04:59.908671;;;WHEEL_POS;8.565,0.00
VAL;2026-09-18 17:04:59.939924;;;WHEEL_POS;8.596,0.00
VAL;2026-09-18 17:04:59.971175;;;WHEEL_POS;8.628,0.00
VAL;2026-09-18 17:04:59.998239;;;WHEEL_POS;8.655,0.00
VAL;2026-09-18 17:05:00.034542;;;WHEEL_POS;8.691,0.00
VAL;2026-09-18 17:05:00.051173;;;WHEEL_POS;8.708,0.00
VAL;2026-09-18 17:05:00.066802;;;WHEEL_POS;8.723,0.00
VAL;2026-09-18 17:05:00.093441;;;WHEEL_POS;8.750,0.00
VAL;2026-09-18 17:05:00.124692;;;WHEEL_POS;8.781,0.00
VAL;2026-09-18 17:05:00.155944;;;WHEEL_POS;8.812,0.00
VAL;2026-09-18 17:05:00.171569;;;WHEEL_POS;8.828,0.00
VAL;2026-09-18 17:05:00.193702;;;WHEEL_POS;8.850,0.00
VAL;2026-09-18 17:05:00.224955;;;WHEEL_POS;8.881,0.00
VAL;2026-09-18 17:05:00.252292;;;WHEEL_POS;8.909,0.00
VAL;2026-09-18 17:05:00.277985;;;WHEEL_POS;8.934,0.00
VAL;2026-09-18 17:05:00.309244;;;WHEEL_POS;8.966,0.00
VAL;2026-09-18 17:05:00.340502;;;WHEEL_POS;8.997,0.00
VAL;2026-09-18 17:05:00.371748;;;WHEEL_POS;9.028,0.00
VAL;2026-09-18 17:05:00.393880;;;WHEEL_POS;9.050,0.00
VAL;2026-09-18 17:05:00.425133;;;WHEEL_POS;9.082,0.00
VAL;2026-09-18 17:05:00.453990;;;WHEEL_POS;9.110,0.00
VAL;2026-09-18 17:05:00.469618;;;WHEEL_POS;9.126,0.00
VAL;2026-09-18 17:05:00.493755;;;WHEEL_POS;9.150,0.00
VAL;2026-09-18 17:05:00.540636;;;WHEEL_POS;9.197,0.00
VAL;2026-09-18 17:05:00.556261;;;WHEEL_POS;9.213,0.00
VAL;2026-09-18 17:05:00.571886;;;WHEEL_POS;9.228,0.00
VAL;2026-09-18 17:05:00.609650;;;WHEEL_POS;9.266,0.00
VAL;2026-09-18 17:05:00.625273;;;WHEEL_POS;9.282,0.00
VAL;2026-09-18 17:05:00.669043;;;WHEEL_POS;9.325,0.00
VAL;2026-09-18 17:05:00.694179;;;WHEEL_POS;9.351,0.00
VAL;2026-09-18 17:05:00.709805;;;WHEEL_POS;9.366,0.00
VAL;2026-09-18 17:05:00.741060;;;WHEEL_POS;9.397,0.00
VAL;2026-09-18 17:05:00.773099;;;WHEEL_POS;9.430,0.00
VAL;2026-09-18 17:05:00.794230;;;WHEEL_POS;9.451,0.00
VAL;2026-09-18 17:05:00.809860;;;WHEEL_POS;9.466,0.00
VAL;2026-09-18 17:05:00.854250;;;WHEEL_POS;9.511,0.00
VAL;2026-09-18 17:05:00.894544;;;WHEEL_POS;9.551,0.00
VAL;2026-09-18 17:05:00.910173;;;WHEEL_POS;9.567,0.00
VAL;2026-09-18 17:05:00.925798;;;WHEEL_POS;9.582,0.00
VAL;2026-09-18 17:05:00.957054;;;WHEEL_POS;9.613,0.00
VAL;2026-09-18 17:05:00.998738;;;WHEEL_POS;9.655,0.00
VAL;2026-09-18 17:05:01.029992;;;WHEEL_POS;9.686,0.00
VAL;2026-09-18 17:05:01.055271;;;WHEEL_POS;9.712,0.00
VAL;2026-09-18 17:05:01.095045;;;WHEEL_POS;9.751,0.00
VAL;2026-09-18 17:05:01.126297;;;WHEEL_POS;9.783,0.00
VAL;2026-09-18 17:05:01.157554;;;WHEEL_POS;9.814,0.00
VAL;2026-09-18 17:05:01.195309;;;WHEEL_POS;9.852,0.00
VAL;2026-09-18 17:05:01.226562;;;WHEEL_POS;9.883,0.00
EVENT;2026-09-18 17:05:01.256077;5.0;;158;Tup
TRANSITION;2026-09-18 17:05:01.256077;5.0;;NoResponse;
EVENT;2026-09-18 17:05:01.256077;5.000100000000001;;158;Tup
TRANSITION;2026-09-18 17:05:01.256077;5.000100000000001;;ITI;
VAL;2026-09-18 17:05:01.260619;;;WHEEL_POS;9.917,0.00
VAL;2026-09-18 17:05:01.279764;;;WHEEL_POS;9.936,0.00
VAL;2026-09-18 17:05:01.311025;;;WHEEL_POS;9.967,0.00
VAL;2026-09-18 17:05:01.326650;;;WHEEL_POS;9.983,0.00
VAL;2026-09-18 17:05:01.357902;;;WHEEL_POS;10.014,0.00
VAL;2026-09-18 17:05:01.395660;;;WHEEL_POS;10.052,0.00
VAL;2026-09-18 17:05:01.426913;;;WHEEL_POS;10.083,0.00
VAL;2026-09-18 17:05:01.457426;;;WHEEL_POS;10.114,0.00
VAL;2026-09-18 17:05:01.495702;;;WHEEL_POS;10.152,0.00
VAL;2026-09-18 17:05:01.526954;;;WHEEL_POS;10.183,0.00
VAL;2026-09-18 17:05:01.558206;;;WHEEL_POS;10.215,0.00
VAL;2026-09-18 17:05:01.573832;;;WHEEL_POS;10.230,0.00
VAL;2026-09-18 17:05:01.595967;;;WHEEL_POS;10.252,0.00
VAL;2026-09-18 17:05:01.627219;;;WHEEL_POS;10.284,0.00
VAL;2026-09-18 17:05:01.642560;;;WHEEL_POS;10.299,0.00
VAL;2026-09-18 17:05:01.680324;;;WHEEL_POS;10.337,0.00
VAL;2026-09-18 17:05:01.695954;;;WHEEL_POS;10.352,0.00
VAL;2026-09-18 17:05:01.742841;;;WHEEL_POS;10.399,0.00
VAL;2026-09-18 17:05:01.758459;;;WHEEL_POS;10.415,0.00
VAL;2026-09-18 17:05:01.780452;;;WHEEL_POS;10.437,0.00
VAL;2026-09-18 17:05:01.811712;;;WHEEL_POS;10.468,0.00
VAL;2026-09-18 17:05:01.842882;;;WHEEL_POS;10.499,0.00
VAL;2026-09-18 17:05:01.880660;;;WHEEL_POS;10.537,0.00
VAL;2026-09-18 17:05:01.911337;;;WHEEL_POS;10.568,0.00
VAL;2026-09-18 17:05:01.942590;;;WHEEL_POS;10.599,0.00
VAL;2026-09-18 17:05:01.970239;;;WHEEL_POS;10.627,0.00
VAL;2026-09-18 17:05:01.999390;;;WHEEL_POS;10.656,0.00
VAL;2026-09-18 17:05:02.015022;;;WHEEL_POS;10.671,0.00
VAL;2026-09-18 17:05:02.074469;;;WHEEL_POS;10.731,0.00
VAL;2026-09-18 17:05:02.096616;;;WHEEL_POS;10.753,0.00
VAL;2026-09-18 17:05:02.127867;;;WHEEL_POS;10.784,0.00
VAL;2026-09-18 17:05:02.159122;;;WHEEL_POS;10.816,0.00
VAL;2026-09-18 17:05:02.196882;;;WHEEL_POS;10.853,0.00
VAL;2026-09-18 17:05:02.228136;;;WHEEL_POS;10.885,0.00
VAL;2026-09-18 17:05:02.249072;;;WHEEL_POS;10.906,0.00
VAL;2026-09-18 17:05:02.261290;;;WHEEL_POS;10.918,0.00
VAL;2026-09-18 17:05:02.297085;;;WHEEL_POS;10.954,0.00
VAL;2026-09-18 17:05:02.328338;;;WHEEL_POS;10.985,0.00
VAL;2026-09-18 17:05:02.359592;;;WHEEL_POS;11.016,0.00
VAL;2026-09-18 17:05:02.397352;;;WHEEL_POS;11.054,0.00
VAL;2026-09-18 17:05:02.428604;;;WHEEL_POS;11.085,0.00
VAL;2026-09-18 17:05:02.459738;;;WHEEL_POS;11.116,0.00
VAL;2026-09-18 17:05:02.497505;;;WHEEL_POS;11.154,0.00
VAL;2026-09-18 17:05:02.544392;;;WHEEL_POS;11.201,0.00
VAL;2026-09-18 17:05:02.560008;;;WHEEL_POS;11.216,0.00
VAL;2026-09-18 17:05:02.597772;;;WHEEL_POS;11.254,0.00
VAL;2026-09-18 17:05:02.629026;;;WHEEL_POS;11.285,0.00
VAL;2026-09-18 17:05:02.666296;;;WHEEL_POS;11.323,0.00
VAL;2026-09-18 17:05:02.698073;;;WHEEL_POS;11.355,0.00
VAL;2026-09-18 17:05:02.729324;;;WHEEL_POS;11.386,0.00
EVENT;2026-09-18 17:05:02.760578;6.500100000000001;;158;Tup
END-TRIAL;2026-09-18 17:05:02.760578;;;The trial ended;
INFO;2026-09-18 17:05:02.760578;14.488831;20.988934;TRIAL-BPOD-TIME;6.500103000000001
STATE;2026-09-18 17:05:02.760578;0;5.0;WheelDotPeriod;5.0
STATE;2026-09-18 17:05:02.760578;5.0;5.000100000000001;NoResponse;0.00010000000000065512
STATE;2026-09-18 17:05:02.760578;5.000100000000001;6.500100000000001;ITI;1.5
STATE;2026-09-18 17:05:02.760578;nan;nan;Reward;nan
STATE;2026-09-18 17:05:02.760578;nan;nan;Consumption;nan
STATE;2026-09-18 17:05:02.760578;nan;nan;ErrorConsumption;nan
STATE;2026-09-18 17:05:02.760578;nan;nan;IncorrectITI;nan
VAL;2026-09-18 17:05:02.760578;;;WHEEL_POS;11.417,0.00
VAL;2026-09-18 17:05:02.818523;;;INCLUDED;False
VAL;2026-09-18 17:05:02.818523;;;CONSUMPTION_LICKED;
VAL;2026-09-18 17:05:02.818523;;;LED_ON_TIME;4.895125389099121
VAL;2026-09-18 17:05:02.818523;;;DOT_ONSET_JITTER_S;0.110492915768197
VAL;2026-09-18 17:05:02.818523;;;DOT_ONSET_TIME;5.005618304867318
VAL;2026-09-18 17:05:02.818523;;;TIMED_OUT;9.895125389099121
stdout;2026-09-18 17:05:02.818523;;;Trial 1 (warmup): side=R, NoResponse;
stdout;2026-09-18 17:05:02.818523;;;|
|;
VAL;2026-09-18 17:05:03.383059;;;TRIAL_INIT_START;12.039489984512329
VAL;2026-09-18 17:05:03.414314;;;WHEEL_POS;12.071,0.00
VAL;2026-09-18 17:05:03.445567;;;WHEEL_POS;12.102,0.00
VAL;2026-09-18 17:05:03.474053;;;WHEEL_POS;12.130,0.00
VAL;2026-09-18 17:05:03.498692;;;WHEEL_POS;12.155,0.00
VAL;2026-09-18 17:05:03.529944;;;WHEEL_POS;12.186,0.00
VAL;2026-09-18 17:05:03.561196;;;WHEEL_POS;12.218,0.00
VAL;2026-09-18 17:05:03.583329;;;TRIAL_START;12.217627048492432
VAL;2026-09-18 17:05:03.583329;;;QUIESCENCE_BREAKS;0
VAL;2026-09-18 17:05:03.583329;;;TRIAL_TYPE;warmup
VAL;2026-09-18 17:05:03.718576;;;TRIAL_SIDE;R
VAL;2026-09-18 17:05:03.718576;;;CLICK_TIMES_L;
VAL;2026-09-18 17:05:03.718576;;;CLICK_TIMES_R;0.0829,0.0979,0.1342,0.1873
VAL;2026-09-18 17:05:03.718576;;;N_CLICKS_L;0
VAL;2026-09-18 17:05:03.718576;;;N_CLICKS_R;4
VAL;2026-09-18 17:05:03.718576;;;STIM_SEED;2131134352
VAL;2026-09-18 17:05:03.718576;;;CUE_ABORT_THRESHOLD_DEG;10.0
VAL;2026-09-18 17:05:03.718576;;;RESPONSE_THRESHOLD_DEG;35.0
VAL;2026-09-18 17:05:03.718576;;;QUIESCENCE_DUR_S;0.1
VAL;2026-09-18 17:05:03.718576;;;ITI_S;1.5
VAL;2026-09-18 17:05:03.718576;;;CLICK_LEVEL_ATTENUATED;False
stdout;2026-09-18 17:05:03.718576;;;Trial 2 (warmup): side=R, n_L=0, n_R=4;
stdout;2026-09-18 17:05:03.718576;;;|
|;
VAL;2026-09-18 17:05:03.718576;;;SM_SEND_TIME;12.375006675720215
VAL;2026-09-18 17:05:03.718576;;;CUE_ONSET_TIME;12.396006675720216
TRIAL;2026-09-18 17:05:03.718576;;;New trial;
VAL;2026-09-18 17:05:03.718576;;;WHEEL_POS;12.375,0.00
VAL;2026-09-18 17:05:03.749827;;;WHEEL_POS;12.406,0.00
VAL;2026-09-18 17:05:03.783357;;;WHEEL_POS;12.440,0.00
VAL;2026-09-18 17:05:03.814612;;;WHEEL_POS;12.471,0.00
VAL;2026-09-18 17:05:03.845864;;;WHEEL_POS;12.502,0.00
VAL;2026-09-18 17:05:03.874999;;;WHEEL_POS;12.531,0.00
VAL;2026-09-18 17:05:03.897070;;;WHEEL_POS;12.554,0.00
VAL;2026-09-18 17:05:03.912699;;;WHEEL_POS;12.569,0.00
VAL;2026-09-18 17:05:03.943951;;;WHEEL_POS;12.600,0.00
VAL;2026-09-18 17:05:03.975203;;;WHEEL_POS;12.632,0.00
EVENT;2026-09-18 17:05:04.001841;0.271;;158;Tup
TRANSITION;2026-09-18 17:05:04.001841;0.271;;DelayPeriod;
VAL;2026-09-18 17:05:04.001841;;;WHEEL_POS;12.658,0.00
VAL;2026-09-18 17:05:04.017470;;;WHEEL_POS;12.674,0.00
VAL;2026-09-18 17:05:04.048722;;;WHEEL_POS;12.705,0.00
VAL;2026-09-18 17:05:04.075906;;;WHEEL_POS;12.732,0.00
EVENT;2026-09-18 17:05:04.099541;0.3724;;158;Tup
TRANSITION;2026-09-18 17:05:04.099541;0.3724;;CueComplete;
EVENT;2026-09-18 17:05:04.099541;0.3725;;158;Tup
END-TRIAL;2026-09-18 17:05:04.099541;;;The trial ended;
INFO;2026-09-18 17:05:04.099541;21.962731;22.335235;TRIAL-BPOD-TIME;0.3725039999999993
STATE;2026-09-18 17:05:04.099541;0;0.271;CuePeriod;0.271
STATE;2026-09-18 17:05:04.099541;0.271;0.3724;DelayPeriod;0.10139999999999999
STATE;2026-09-18 17:05:04.099541;0.3724;0.3725;CueComplete;9.999999999998899e-05
VAL;2026-09-18 17:05:04.099541;;;WHEEL_POS;12.756,0.00
STATE;2026-09-18 17:05:04.099541;nan;nan;WheelAbort;nan
STATE;2026-09-18 17:05:04.099541;nan;nan;AbortITI;nan
VAL;2026-09-18 17:05:04.130793;;;SM_SEND_TIME;12.787223815917969
TRIAL;2026-09-18 17:05:04.130793;;;New trial;
VAL;2026-09-18 17:05:04.130793;;;WHEEL_POS;12.787,0.00
VAL;2026-09-18 17:05:04.162045;;;WHEEL_POS;12.818,0.00
VAL;2026-09-18 17:05:04.177671;;;WHEEL_POS;12.834,0.00
VAL;2026-09-18 17:05:04.199806;;;WHEEL_POS;12.856,0.00
VAL;2026-09-18 17:05:04.231058;;;WHEEL_POS;12.887,0.00
VAL;2026-09-18 17:05:04.276910;;;WHEEL_POS;12.933,0.00
VAL;2026-09-18 17:05:04.297718;;;WHEEL_POS;12.954,0.00
VAL;2026-09-18 17:05:04.316824;;;WHEEL_POS;12.973,0.00
VAL;2026-09-18 17:05:04.336908;;;WHEEL_POS;12.993,0.00
VAL;2026-09-18 17:05:04.356989;;;WHEEL_POS;13.013,0.00
VAL;2026-09-18 17:05:04.385145;;;WHEEL_POS;13.042,0.00
VAL;2026-09-18 17:05:04.417531;;;WHEEL_POS;13.074,0.00
VAL;2026-09-18 17:05:04.437616;;;WHEEL_POS;13.094,0.00
VAL;2026-09-18 17:05:04.465765;;;WHEEL_POS;13.122,0.00
VAL;2026-09-18 17:05:04.498151;;;WHEEL_POS;13.155,0.00
VAL;2026-09-18 17:05:04.518213;;;WHEEL_POS;13.175,-0.40
VAL;2026-09-18 17:05:04.536234;;;WHEEL_POS;13.193,-0.70
VAL;2026-09-18 17:05:04.567492;;;WHEEL_POS;13.224,-0.70
VAL;2026-09-18 17:05:04.598749;;;WHEEL_POS;13.255,-1.10
VAL;2026-09-18 17:05:04.629996;;;WHEEL_POS;13.286,-1.10
VAL;2026-09-18 17:05:04.652131;;;WHEEL_POS;13.309,-0.70
VAL;2026-09-18 17:05:04.682284;;;WHEEL_POS;13.339,0.00
VAL;2026-09-18 17:05:04.713535;;;WHEEL_POS;13.370,1.80
VAL;2026-09-18 17:05:04.748774;;;WHEEL_POS;13.405,3.50
EVENT;2026-09-18 17:05:04.748774;0.6132000000000001;;1;RotaryEncoder1_2
VAL;2026-09-18 17:05:04.768867;;;WHEEL_POS;13.425,5.60
VAL;2026-09-18 17:05:04.788838;;;WHEEL_POS;13.445,7.40
VAL;2026-09-18 17:05:04.817117;;;WHEEL_POS;13.474,9.50
EVENT;2026-09-18 17:05:04.819139;0.6816;;5;RotaryEncoder1_6
VAL;2026-09-18 17:05:04.849460;;;WHEEL_POS;13.506,12.30
VAL;2026-09-18 17:05:04.869529;;;WHEEL_POS;13.526,13.40
VAL;2026-09-18 17:05:04.889631;;;WHEEL_POS;13.546,15.10
VAL;2026-09-18 17:05:04.909797;;;WHEEL_POS;13.566,16.20
VAL;2026-09-18 17:05:04.929909;;;WHEEL_POS;13.586,17.60
VAL;2026-09-18 17:05:04.949951;;;WHEEL_POS;13.606,18.60
VAL;2026-09-18 17:05:04.967974;;;WHEEL_POS;13.624,19.70
VAL;2026-09-18 17:05:05.004237;;;WHEEL_POS;13.661,21.10
VAL;2026-09-18 17:05:05.035496;;;WHEEL_POS;13.692,22.90
VAL;2026-09-18 17:05:05.051120;;;WHEEL_POS;13.708,23.60
VAL;2026-09-18 17:05:05.068260;;;WHEEL_POS;13.725,24.30
VAL;2026-09-18 17:05:05.099516;;;WHEEL_POS;13.756,25.30
VAL;2026-09-18 17:05:05.115141;;;WHEEL_POS;13.772,26.40
VAL;2026-09-18 17:05:05.130767;;;WHEEL_POS;13.787,26.70
VAL;2026-09-18 17:05:05.168529;;;WHEEL_POS;13.825,27.80
VAL;2026-09-18 17:05:05.184159;;;WHEEL_POS;13.841,28.50
VAL;2026-09-18 17:05:05.199786;;;WHEEL_POS;13.856,28.80
VAL;2026-09-18 17:05:05.231045;;;WHEEL_POS;13.887,28.80
VAL;2026-09-18 17:05:05.267302;;;WHEEL_POS;13.924,29.20
VAL;2026-09-18 17:05:05.284435;;;WHEEL_POS;13.941,29.20
VAL;2026-09-18 17:05:05.313580;;;WHEEL_POS;13.970,29.90
VAL;2026-09-18 17:05:05.344832;;;WHEEL_POS;14.001,30.60
VAL;2026-09-18 17:05:05.384613;;;WHEEL_POS;14.041,31.30
VAL;2026-09-18 17:05:05.415865;;;WHEEL_POS;14.072,32.00
VAL;2026-09-18 17:05:05.447117;;;WHEEL_POS;14.104,33.00
VAL;2026-09-18 17:05:05.468252;;;WHEEL_POS;14.125,33.40
VAL;2026-09-18 17:05:05.486830;;;WHEEL_POS;14.143,33.80
VAL;2026-09-18 17:05:05.518084;;;WHEEL_POS;14.175,34.50
VAL;2026-09-18 17:05:05.533710;;;WHEEL_POS;14.190,34.80
EVENT;2026-09-18 17:05:05.533710;1.4026;;3;RotaryEncoder1_4
TRANSITION;2026-09-18 17:05:05.533710;1.4026;;Reward;
VAL;2026-09-18 17:05:05.569469;;;WHEEL_POS;14.226,35.90
VAL;2026-09-18 17:05:05.585098;;;WHEEL_POS;14.242,36.20
EVENT;2026-09-18 17:05:05.585098;1.4514;;158;Tup
TRANSITION;2026-09-18 17:05:05.585098;1.4514;;Consumption;
VAL;2026-09-18 17:05:05.600726;;;WHEEL_POS;14.257,36.90
VAL;2026-09-18 17:05:05.631978;;;WHEEL_POS;14.288,37.60
VAL;2026-09-18 17:05:05.647603;;;WHEEL_POS;14.304,37.60
VAL;2026-09-18 17:05:05.687723;;;WHEEL_POS;14.344,38.00
VAL;2026-09-18 17:05:05.718976;;;WHEEL_POS;14.375,38.00
VAL;2026-09-18 17:05:05.750229;;;WHEEL_POS;14.407,38.00
VAL;2026-09-18 17:05:05.769868;;;WHEEL_POS;14.426,38.00
VAL;2026-09-18 17:05:05.791347;;;WHEEL_POS;14.448,38.00
VAL;2026-09-18 17:05:05.822599;;;WHEEL_POS;14.479,38.30
VAL;2026-09-18 17:05:05.853852;;;WHEEL_POS;14.510,38.30
VAL;2026-09-18 17:05:05.888658;;;WHEEL_POS;14.545,38.00
VAL;2026-09-18 17:05:05.927419;;;WHEEL_POS;14.584,37.60
VAL;2026-09-18 17:05:05.958671;;;WHEEL_POS;14.615,37.30
VAL;2026-09-18 17:05:05.985803;;;WHEEL_POS;14.642,37.30
VAL;2026-09-18 17:05:06.031431;;;WHEEL_POS;14.688,37.30
VAL;2026-09-18 17:05:06.062683;;;WHEEL_POS;14.719,37.30
VAL;2026-09-18 17:05:06.088826;;;WHEEL_POS;14.745,37.30
VAL;2026-09-18 17:05:06.120078;;;WHEEL_POS;14.777,37.30
VAL;2026-09-18 17:05:06.151332;;;WHEEL_POS;14.808,37.30
VAL;2026-09-18 17:05:06.186091;;;WHEEL_POS;14.843,37.30
VAL;2026-09-18 17:05:06.201721;;;WHEEL_POS;14.858,37.30
VAL;2026-09-18 17:05:06.232968;;;WHEEL_POS;14.889,37.30
VAL;2026-09-18 17:05:06.264222;;;WHEEL_POS;14.921,37.30
VAL;2026-09-18 17:05:06.289779;;;WHEEL_POS;14.946,37.30
VAL;2026-09-18 17:05:06.314953;;;WHEEL_POS;14.971,37.30
VAL;2026-09-18 17:05:06.346206;;;WHEEL_POS;15.003,37.30
VAL;2026-09-18 17:05:06.361831;;;WHEEL_POS;15.018,37.30
VAL;2026-09-18 17:05:06.402097;;;WHEEL_POS;15.059,37.30
VAL;2026-09-18 17:05:06.417721;;;WHEEL_POS;15.074,37.30
VAL;2026-09-18 17:05:06.448972;;;WHEEL_POS;15.105,37.30
VAL;2026-09-18 17:05:06.473627;;;WHEEL_POS;15.130,37.30
VAL;2026-09-18 17:05:06.490260;;;WHEEL_POS;15.147,37.30
VAL;2026-09-18 17:05:06.537144;;;WHEEL_POS;15.194,37.30
VAL;2026-09-18 17:05:06.552766;;;WHEEL_POS;15.209,37.30
VAL;2026-09-18 17:05:06.602650;;;WHEEL_POS;15.259,37.30
VAL;2026-09-18 17:05:06.618277;;;WHEEL_POS;15.275,37.30
VAL;2026-09-18 17:05:06.663035;;;WHEEL_POS;15.319,37.30
VAL;2026-09-18 17:05:06.691056;;;WHEEL_POS;15.347,37.30
VAL;2026-09-18 17:05:06.722307;;;WHEEL_POS;15.379,37.30
VAL;2026-09-18 17:05:06.753562;;;WHEEL_POS;15.410,37.30
VAL;2026-09-18 17:05:06.791709;;;WHEEL_POS;15.448,37.30
VAL;2026-09-18 17:05:06.822961;;;WHEEL_POS;15.479,37.30
VAL;2026-09-18 17:05:06.869847;;;WHEEL_POS;15.526,37.30
VAL;2026-09-18 17:05:06.891004;;;WHEEL_POS;15.547,37.30
VAL;2026-09-18 17:05:06.906629;;;WHEEL_POS;15.563,37.30
VAL;2026-09-18 17:05:06.944893;;;WHEEL_POS;15.601,37.30
VAL;2026-09-18 17:05:06.960516;;;WHEEL_POS;15.617,37.30
VAL;2026-09-18 17:05:06.987650;;;WHEEL_POS;15.644,37.30
VAL;2026-09-18 17:05:07.033771;;;WHEEL_POS;15.690,37.30
VAL;2026-09-18 17:05:07.065024;;;WHEEL_POS;15.721,37.30
VAL;2026-09-18 17:05:07.093255;;;WHEEL_POS;15.750,37.30
VAL;2026-09-18 17:05:07.124505;;;WHEEL_POS;15.781,37.30
VAL;2026-09-18 17:05:07.155760;;;WHEEL_POS;15.812,37.30
VAL;2026-09-18 17:05:07.187516;;;WHEEL_POS;15.844,37.30
VAL;2026-09-18 17:05:07.218771;;;WHEEL_POS;15.875,37.30
VAL;2026-09-18 17:05:07.250022;;;WHEEL_POS;15.906,37.30
VAL;2026-09-18 17:05:07.277170;;;WHEEL_POS;15.934,37.30
VAL;2026-09-18 17:05:07.292802;;;WHEEL_POS;15.949,37.30
VAL;2026-09-18 17:05:07.316437;;;WHEEL_POS;15.973,37.30
VAL;2026-09-18 17:05:07.347689;;;WHEEL_POS;16.004,37.30
VAL;2026-09-18 17:05:07.387950;;;WHEEL_POS;16.044,37.30
VAL;2026-09-18 17:05:07.403579;;;WHEEL_POS;16.060,37.30
VAL;2026-09-18 17:05:07.434827;;;WHEEL_POS;16.091,37.30
VAL;2026-09-18 17:05:07.472600;;;WHEEL_POS;16.129,37.30
VAL;2026-09-18 17:05:07.496584;;;WHEEL_POS;16.153,37.30
VAL;2026-09-18 17:05:07.527838;;;WHEEL_POS;16.184,37.30
VAL;2026-09-18 17:05:07.559088;;;WHEEL_POS;16.216,37.30
VAL;2026-09-18 17:05:07.588222;;;WHEEL_POS;16.245,37.30
VAL;2026-09-18 17:05:07.619474;;;WHEEL_POS;16.276,37.30
VAL;2026-09-18 17:05:07.666353;;;WHEEL_POS;16.323,37.30
VAL;2026-09-18 17:05:07.681794;;;WHEEL_POS;16.338,37.30
VAL;2026-09-18 17:05:07.713050;;;WHEEL_POS;16.369,37.30
VAL;2026-09-18 17:05:07.728677;;;WHEEL_POS;16.385,37.30
VAL;2026-09-18 17:05:07.759927;;;WHEEL_POS;16.416,37.30
VAL;2026-09-18 17:05:07.791719;;;WHEEL_POS;16.448,37.30
VAL;2026-09-18 17:05:07.822973;;;WHEEL_POS;16.479,37.30
VAL;2026-09-18 17:05:07.838603;;;WHEEL_POS;16.495,37.30
VAL;2026-09-18 17:05:07.872866;;;WHEEL_POS;16.529,37.30
VAL;2026-09-18 17:05:07.900574;;;WHEEL_POS;16.557,37.30
VAL;2026-09-18 17:05:07.945882;;;WHEEL_POS;16.602,37.30
VAL;2026-09-18 17:05:07.961502;;;WHEEL_POS;16.618,37.30
VAL;2026-09-18 17:05:07.988636;;;WHEEL_POS;16.645,37.30
VAL;2026-09-18 17:05:08.034412;;;WHEEL_POS;16.691,37.30
VAL;2026-09-18 17:05:08.073195;;;WHEEL_POS;16.730,37.30
VAL;2026-09-18 17:05:08.100337;;;WHEEL_POS;16.757,37.30
VAL;2026-09-18 17:05:08.131589;;;WHEEL_POS;16.788,37.30
VAL;2026-09-18 17:05:08.162841;;;WHEEL_POS;16.819,37.30
VAL;2026-09-18 17:05:08.188978;;;WHEEL_POS;16.845,37.30
VAL;2026-09-18 17:05:08.220232;;;WHEEL_POS;16.877,37.30
VAL;2026-09-18 17:05:08.251482;;;WHEEL_POS;16.908,37.30
VAL;2026-09-18 17:05:08.283634;;;WHEEL_POS;16.940,37.30
VAL;2026-09-18 17:05:08.317901;;;WHEEL_POS;16.974,37.30
VAL;2026-09-18 17:05:08.349155;;;WHEEL_POS;17.006,37.30
VAL;2026-09-18 17:05:08.405042;;;WHEEL_POS;17.061,37.30
VAL;2026-09-18 17:05:08.420666;;;WHEEL_POS;17.077,37.30
VAL;2026-09-18 17:05:08.467546;;;WHEEL_POS;17.124,37.30
VAL;2026-09-18 17:05:08.490594;;;WHEEL_POS;17.147,37.30
VAL;2026-09-18 17:05:08.506223;;;WHEEL_POS;17.163,37.30
VAL;2026-09-18 17:05:08.537481;;;WHEEL_POS;17.194,37.30
VAL;2026-09-18 17:05:08.574232;;;WHEEL_POS;17.231,37.30
EVENT;2026-09-18 17:05:08.589862;4.4514000000000005;;158;Tup
TRANSITION;2026-09-18 17:05:08.589862;4.4514000000000005;;ITI;
VAL;2026-09-18 17:05:08.589862;;;WHEEL_POS;17.246,37.30
VAL;2026-09-18 17:05:08.621115;;;WHEEL_POS;17.278,37.30
VAL;2026-09-18 17:05:08.636741;;;WHEEL_POS;17.293,37.30
VAL;2026-09-18 17:05:08.674513;;;WHEEL_POS;17.331,37.30
VAL;2026-09-18 17:05:08.691534;;;WHEEL_POS;17.348,37.30
VAL;2026-09-18 17:05:08.708166;;;WHEEL_POS;17.365,37.30
VAL;2026-09-18 17:05:08.723793;;;WHEEL_POS;17.380,37.30
VAL;2026-09-18 17:05:08.755048;;;WHEEL_POS;17.411,37.30
VAL;2026-09-18 17:05:08.775739;;;WHEEL_POS;17.432,37.30
VAL;2026-09-18 17:05:08.792371;;;WHEEL_POS;17.449,37.30
VAL;2026-09-18 17:05:08.829127;;;WHEEL_POS;17.486,37.30
VAL;2026-09-18 17:05:08.860384;;;WHEEL_POS;17.517,37.30
VAL;2026-09-18 17:05:08.893559;;;WHEEL_POS;17.550,37.30
VAL;2026-09-18 17:05:08.909189;;;WHEEL_POS;17.566,37.30
VAL;2026-09-18 17:05:08.931379;;;WHEEL_POS;17.588,37.30
VAL;2026-09-18 17:05:08.962630;;;WHEEL_POS;17.619,37.30
VAL;2026-09-18 17:05:09.006393;;;WHEEL_POS;17.663,37.30
VAL;2026-09-18 17:05:09.035821;;;WHEEL_POS;17.692,37.30
VAL;2026-09-18 17:05:09.067076;;;WHEEL_POS;17.724,37.30
VAL;2026-09-18 17:05:09.093718;;;WHEEL_POS;17.750,37.30
VAL;2026-09-18 17:05:09.109346;;;WHEEL_POS;17.766,37.30
VAL;2026-09-18 17:05:09.140599;;;WHEEL_POS;17.797,37.30
VAL;2026-09-18 17:05:09.175354;;;WHEEL_POS;17.832,37.30
VAL;2026-09-18 17:05:09.190984;;;WHEEL_POS;17.847,37.30
VAL;2026-09-18 17:05:09.222234;;;WHEEL_POS;17.879,37.30
VAL;2026-09-18 17:05:09.237860;;;WHEEL_POS;17.894,37.30
VAL;2026-09-18 17:05:09.269113;;;WHEEL_POS;17.926,37.30
VAL;2026-09-18 17:05:09.294622;;;WHEEL_POS;17.951,37.30
VAL;2026-09-18 17:05:09.318256;;;WHEEL_POS;17.975,37.30
VAL;2026-09-18 17:05:09.349508;;;WHEEL_POS;18.006,37.30
VAL;2026-09-18 17:05:09.391278;;;WHEEL_POS;18.048,37.30
VAL;2026-09-18 17:05:09.438158;;;WHEEL_POS;18.095,37.30
VAL;2026-09-18 17:05:09.453787;;;WHEEL_POS;18.110,37.30
VAL;2026-09-18 17:05:09.495891;;;WHEEL_POS;18.152,37.30
VAL;2026-09-18 17:05:09.527146;;;WHEEL_POS;18.184,37.30
VAL;2026-09-18 17:05:09.542771;;;WHEEL_POS;18.199,37.30
VAL;2026-09-18 17:05:09.576039;;;WHEEL_POS;18.232,37.30
VAL;2026-09-18 17:05:09.591672;;;WHEEL_POS;18.248,37.30
VAL;2026-09-18 17:05:09.622923;;;WHEEL_POS;18.279,37.30
VAL;2026-09-18 17:05:09.638552;;;WHEEL_POS;18.295,37.30
VAL;2026-09-18 17:05:09.669801;;;WHEEL_POS;18.326,37.30
VAL;2026-09-18 17:05:09.696287;;;WHEEL_POS;18.353,37.30
VAL;2026-09-18 17:05:09.711917;;;WHEEL_POS;18.368,37.30
VAL;2026-09-18 17:05:09.743168;;;WHEEL_POS;18.400,37.30
VAL;2026-09-18 17:05:09.775434;;;WHEEL_POS;18.432,37.30
VAL;2026-09-18 17:05:09.793633;;;WHEEL_POS;18.450,37.30
VAL;2026-09-18 17:05:09.824886;;;WHEEL_POS;18.481,37.30
VAL;2026-09-18 17:05:09.856138;;;WHEEL_POS;18.513,37.30
VAL;2026-09-18 17:05:09.876268;;;WHEEL_POS;18.533,37.30
VAL;2026-09-18 17:05:09.896401;;;WHEEL_POS;18.553,37.30
VAL;2026-09-18 17:05:09.915541;;;WHEEL_POS;18.572,37.30
VAL;2026-09-18 17:05:09.931175;;;WHEEL_POS;18.588,37.30
VAL;2026-09-18 17:05:09.946800;;;WHEEL_POS;18.603,37.30
VAL;2026-09-18 17:05:09.992066;;;WHEEL_POS;18.648,37.30
VAL;2026-09-18 17:05:10.007692;;;WHEEL_POS;18.664,37.30
VAL;2026-09-18 17:05:10.038946;;;WHEEL_POS;18.695,37.30
VAL;2026-09-18 17:05:10.070197;;;WHEEL_POS;18.727,37.30
EVENT;2026-09-18 17:05:10.076701;5.9514000000000005;;158;Tup
END-TRIAL;2026-09-18 17:05:10.076701;;;The trial ended;
INFO;2026-09-18 17:05:10.076701;22.369731;28.321134;TRIAL-BPOD-TIME;5.951402999999999
STATE;2026-09-18 17:05:10.076701;0;1.4026;WheelDotPeriod;1.4026
STATE;2026-09-18 17:05:10.076701;1.4026;1.4514;Reward;0.048799999999999955
STATE;2026-09-18 17:05:10.076701;1.4514;4.4514000000000005;Consumption;3.0000000000000004
STATE;2026-09-18 17:05:10.076701;4.4514000000000005;5.9514000000000005;ITI;1.5
STATE;2026-09-18 17:05:10.076701;nan;nan;ErrorConsumption;nan
STATE;2026-09-18 17:05:10.076701;nan;nan;IncorrectITI;nan
STATE;2026-09-18 17:05:10.076701;nan;nan;NoResponse;nan
VAL;2026-09-18 17:05:10.176856;;;INCLUDED;True
VAL;2026-09-18 17:05:10.176856;;;CONSUMPTION_LICKED;False
VAL;2026-09-18 17:05:10.176856;;;LED_ON_TIME;12.787223815917969
VAL;2026-09-18 17:05:10.176856;;;DOT_ONSET_JITTER_S;0.12498636883616436
VAL;2026-09-18 17:05:10.176856;;;DOT_ONSET_TIME;12.912210184754134
VAL;2026-09-18 17:05:10.176856;;;THRESHOLD_CROSSING_TIME;14.189823815917968
VAL;2026-09-18 17:05:10.176856;;;DOT_DISAPPEAR_JITTER_S;0.5796266618813851
VAL;2026-09-18 17:05:10.176856;;;DOT_DISAPPEAR_TIME;14.769450477799353
VAL;2026-09-18 17:05:10.176856;;;CORRECT;True
stdout;2026-09-18 17:05:10.176856;;;Trial 2 (warmup): side=R, Reward -> reward;
stdout;2026-09-18 17:05:10.176856;;;|
|;
VAL;2026-09-18 17:05:10.753632;;;TRIAL_INIT_START;19.41006302833557
VAL;2026-09-18 17:05:10.794932;;;WHEEL_POS;19.451,37.30
VAL;2026-09-18 17:05:10.826185;;;WHEEL_POS;19.483,37.30
VAL;2026-09-18 17:05:10.841812;;;WHEEL_POS;19.498,37.30
VAL;2026-09-18 17:05:10.877573;;;WHEEL_POS;19.534,37.30
VAL;2026-09-18 17:05:10.893204;;;WHEEL_POS;19.550,37.30
VAL;2026-09-18 17:05:10.918290;;;WHEEL_POS;19.575,37.30
VAL;2026-09-18 17:05:10.933923;;;WHEEL_POS;19.590,37.30
VAL;2026-09-18 17:05:10.949550;;;TRIAL_START;19.59035348892212
VAL;2026-09-18 17:05:10.949550;;;QUIESCENCE_BREAKS;0
VAL;2026-09-18 17:05:10.949550;;;TRIAL_TYPE;warmup
VAL;2026-09-18 17:05:11.120606;;;TRIAL_SIDE;R
VAL;2026-09-18 17:05:11.120606;;;CLICK_TIMES_L;
VAL;2026-09-18 17:05:11.120606;;;CLICK_TIMES_R;0.0205,0.1062,0.1257,0.1581
VAL;2026-09-18 17:05:11.120606;;;N_CLICKS_L;0
VAL;2026-09-18 17:05:11.120606;;;N_CLICKS_R;4
VAL;2026-09-18 17:05:11.120606;;;STIM_SEED;1085129193
VAL;2026-09-18 17:05:11.120606;;;CUE_ABORT_THRESHOLD_DEG;10.0
VAL;2026-09-18 17:05:11.120606;;;RESPONSE_THRESHOLD_DEG;35.0
VAL;2026-09-18 17:05:11.120606;;;QUIESCENCE_DUR_S;0.1
VAL;2026-09-18 17:05:11.120606;;;ITI_S;1.5
VAL;2026-09-18 17:05:11.120606;;;CLICK_LEVEL_ATTENUATED;False
stdout;2026-09-18 17:05:11.120606;;;Trial 3 (warmup): side=R, n_L=0, n_R=4;
stdout;2026-09-18 17:05:11.120606;;;|
|;
VAL;2026-09-18 17:05:11.120606;;;SM_SEND_TIME;19.777037143707275
VAL;2026-09-18 17:05:11.120606;;;CUE_ONSET_TIME;19.798037143707276
TRIAL;2026-09-18 17:05:11.136231;;;New trial;
VAL;2026-09-18 17:05:11.136231;;;WHEEL_POS;19.793,0.00
VAL;2026-09-18 17:05:11.167482;;;WHEEL_POS;19.824,0.00
VAL;2026-09-18 17:05:11.193618;;;WHEEL_POS;19.850,0.00
VAL;2026-09-18 17:05:11.224869;;;WHEEL_POS;19.881,0.00
VAL;2026-09-18 17:05:11.256122;;;WHEEL_POS;19.913,0.00
VAL;2026-09-18 17:05:11.271748;;;WHEEL_POS;19.928,0.00
VAL;2026-09-18 17:05:11.293881;;;WHEEL_POS;19.950,0.00
VAL;2026-09-18 17:05:11.322895;;;WHEEL_POS;19.979,0.00
VAL;2026-09-18 17:05:11.354148;;;WHEEL_POS;20.011,0.00
VAL;2026-09-18 17:05:11.369773;;;WHEEL_POS;20.026,0.00
VAL;2026-09-18 17:05:11.393907;;;WHEEL_POS;20.050,0.00
EVENT;2026-09-18 17:05:11.409533;0.271;;158;Tup
TRANSITION;2026-09-18 17:05:11.409533;0.271;;DelayPeriod;
VAL;2026-09-18 17:05:11.425160;;;WHEEL_POS;20.082,0.00
VAL;2026-09-18 17:05:11.440784;;;WHEEL_POS;20.097,0.00
VAL;2026-09-18 17:05:11.472038;;;WHEEL_POS;20.128,0.00
VAL;2026-09-18 17:05:11.494168;;;WHEEL_POS;20.151,0.00
VAL;2026-09-18 17:05:11.522661;;;WHEEL_POS;20.179,0.00
VAL;2026-09-18 17:05:11.553914;;;WHEEL_POS;20.210,0.00
VAL;2026-09-18 17:05:11.569542;;;WHEEL_POS;20.226,0.00
VAL;2026-09-18 17:05:11.594176;;;WHEEL_POS;20.251,0.00
EVENT;2026-09-18 17:05:11.609802;0.46890000000000004;;158;Tup
TRANSITION;2026-09-18 17:05:11.609802;0.46890000000000004;;CueComplete;
EVENT;2026-09-18 17:05:11.609802;0.46900000000000003;;158;Tup
END-TRIAL;2026-09-18 17:05:11.609802;;;The trial ended;
INFO;2026-09-18 17:05:11.609802;29.374631;29.843635;TRIAL-BPOD-TIME;0.4690039999999982
STATE;2026-09-18 17:05:11.609802;0;0.271;CuePeriod;0.271
STATE;2026-09-18 17:05:11.609802;0.271;0.46890000000000004;DelayPeriod;0.19790000000000002
STATE;2026-09-18 17:05:11.609802;0.46890000000000004;0.46900000000000003;CueComplete;9.999999999998899e-05
STATE;2026-09-18 17:05:11.609802;nan;nan;WheelAbort;nan
STATE;2026-09-18 17:05:11.609802;nan;nan;AbortITI;nan
VAL;2026-09-18 17:05:11.609802;;;WHEEL_POS;20.266,0.00
VAL;2026-09-18 17:05:11.625429;;;SM_SEND_TIME;20.281859397888184
TRIAL;2026-09-18 17:05:11.625429;;;New trial;
VAL;2026-09-18 17:05:11.625429;;;WHEEL_POS;20.282,0.00
VAL;2026-09-18 17:05:11.656681;;;WHEEL_POS;20.313,0.00
VAL;2026-09-18 17:05:11.694441;;;WHEEL_POS;20.351,0.00
VAL;2026-09-18 17:05:11.723416;;;WHEEL_POS;20.380,0.00
VAL;2026-09-18 17:05:11.754669;;;WHEEL_POS;20.411,0.00
VAL;2026-09-18 17:05:11.795455;;;WHEEL_POS;20.452,0.00
VAL;2026-09-18 17:05:11.826706;;;WHEEL_POS;20.483,0.00
VAL;2026-09-18 17:05:11.857959;;;WHEEL_POS;20.514,0.00
VAL;2026-09-18 17:05:11.894718;;;WHEEL_POS;20.551,0.00
VAL;2026-09-18 17:05:11.918943;;;WHEEL_POS;20.575,0.00
VAL;2026-09-18 17:05:11.950198;;;WHEEL_POS;20.607,0.00
VAL;2026-09-18 17:05:11.965825;;;WHEEL_POS;20.622,0.00
VAL;2026-09-18 17:05:11.994966;;;WHEEL_POS;20.651,0.00
VAL;2026-09-18 17:05:12.027893;;;WHEEL_POS;20.684,0.00
VAL;2026-09-18 17:05:12.043522;;;WHEEL_POS;20.700,0.00
VAL;2026-09-18 17:05:12.079279;;;WHEEL_POS;20.736,0.00
VAL;2026-09-18 17:05:12.094908;;;WHEEL_POS;20.751,0.00
VAL;2026-09-18 17:05:12.126092;;;WHEEL_POS;20.783,0.00
VAL;2026-09-18 17:05:12.157340;;;WHEEL_POS;20.814,0.00
VAL;2026-09-18 17:05:12.195104;;;WHEEL_POS;20.852,0.00
VAL;2026-09-18 17:05:12.226356;;;WHEEL_POS;20.883,0.00
VAL;2026-09-18 17:05:12.257610;;;WHEEL_POS;20.914,0.00
VAL;2026-09-18 17:05:12.306804;;;WHEEL_POS;20.963,0.00
VAL;2026-09-18 17:05:12.326182;;;WHEEL_POS;20.983,0.00
VAL;2026-09-18 17:05:12.341809;;;WHEEL_POS;20.998,0.00
VAL;2026-09-18 17:05:12.379572;;;WHEEL_POS;21.036,0.00
VAL;2026-09-18 17:05:12.395204;;;WHEEL_POS;21.052,0.00
VAL;2026-09-18 17:05:12.410830;;;WHEEL_POS;21.067,0.00
VAL;2026-09-18 17:05:12.442085;;;WHEEL_POS;21.099,0.00
VAL;2026-09-18 17:05:12.473334;;;WHEEL_POS;21.130,0.00
VAL;2026-09-18 17:05:12.495469;;;WHEEL_POS;21.152,0.00
VAL;2026-09-18 17:05:12.527612;;;WHEEL_POS;21.184,0.00
VAL;2026-09-18 17:05:12.558862;;;WHEEL_POS;21.215,0.00
VAL;2026-09-18 17:05:12.595640;;;WHEEL_POS;21.252,0.00
VAL;2026-09-18 17:05:12.626892;;;WHEEL_POS;21.283,0.00
VAL;2026-09-18 17:05:12.658144;;;WHEEL_POS;21.315,0.00
VAL;2026-09-18 17:05:12.673770;;;WHEEL_POS;21.330,0.00
VAL;2026-09-18 17:05:12.695900;;;WHEEL_POS;21.352,0.00
VAL;2026-09-18 17:05:12.729504;;;WHEEL_POS;21.386,0.00
VAL;2026-09-18 17:05:12.760757;;;WHEEL_POS;21.417,0.00
VAL;2026-09-18 17:05:12.795718;;;WHEEL_POS;21.452,0.70
VAL;2026-09-18 17:05:12.828976;;;WHEEL_POS;21.485,1.80
VAL;2026-09-18 17:05:12.844608;;;WHEEL_POS;21.501,3.20
EVENT;2026-09-18 17:05:12.860233;1.23;;1;RotaryEncoder1_2
VAL;2026-09-18 17:05:12.880365;;;WHEEL_POS;21.537,4.90
VAL;2026-09-18 17:05:12.895994;;;WHEEL_POS;21.552,6.30
VAL;2026-09-18 17:05:12.934990;;;WHEEL_POS;21.591,8.80
EVENT;2026-09-18 17:05:12.950616;1.3231000000000002;;5;RotaryEncoder1_6
VAL;2026-09-18 17:05:12.966241;;;WHEEL_POS;21.623,10.50
VAL;2026-09-18 17:05:12.995878;;;WHEEL_POS;21.652,11.20
VAL;2026-09-18 17:05:13.028589;;;WHEEL_POS;21.685,12.00
VAL;2026-09-18 17:05:13.044220;;;WHEEL_POS;21.701,12.70
VAL;2026-09-18 17:05:13.080473;;;WHEEL_POS;21.737,13.40
VAL;2026-09-18 17:05:13.111734;;;WHEEL_POS;21.768,14.10
VAL;2026-09-18 17:05:13.131467;;;WHEEL_POS;21.788,15.10
VAL;2026-09-18 17:05:13.178347;;;WHEEL_POS;21.835,16.20
VAL;2026-09-18 17:05:13.195985;;;WHEEL_POS;21.852,16.90
VAL;2026-09-18 17:05:13.211611;;;WHEEL_POS;21.868,17.60
VAL;2026-09-18 17:05:13.242865;;;WHEEL_POS;21.899,18.60
VAL;2026-09-18 17:05:13.274115;;;WHEEL_POS;21.931,19.70
VAL;2026-09-18 17:05:13.296250;;;WHEEL_POS;21.953,20.40
VAL;2026-09-18 17:05:13.316614;;;WHEEL_POS;21.973,21.10
VAL;2026-09-18 17:05:13.332242;;;WHEEL_POS;21.989,21.40
VAL;2026-09-18 17:05:13.347869;;;WHEEL_POS;22.004,22.10
VAL;2026-09-18 17:05:13.380635;;;WHEEL_POS;22.037,23.60
VAL;2026-09-18 17:05:13.411891;;;WHEEL_POS;22.068,25.00
VAL;2026-09-18 17:05:13.427516;;;WHEEL_POS;22.084,25.70
VAL;2026-09-18 17:05:13.458768;;;WHEEL_POS;22.115,26.70
VAL;2026-09-18 17:05:13.496527;;;WHEEL_POS;22.153,28.50
VAL;2026-09-18 17:05:13.533777;;;WHEEL_POS;22.190,29.50
VAL;2026-09-18 17:05:13.565029;;;WHEEL_POS;22.221,30.60
VAL;2026-09-18 17:05:13.581169;;;WHEEL_POS;22.238,31.30
VAL;2026-09-18 17:05:13.612427;;;WHEEL_POS;22.269,32.30
VAL;2026-09-18 17:05:13.643678;;;WHEEL_POS;22.300,33.80
VAL;2026-09-18 17:05:13.674928;;;WHEEL_POS;22.331,34.80
EVENT;2026-09-18 17:05:13.681442;2.0557000000000003;;3;RotaryEncoder1_4
TRANSITION;2026-09-18 17:05:13.681442;2.0557000000000003;;Reward;
VAL;2026-09-18 17:05:13.707598;;;WHEEL_POS;22.364,35.50
EVENT;2026-09-18 17:05:13.733732;2.1045000000000003;;158;Tup
TRANSITION;2026-09-18 17:05:13.733732;2.1045000000000003;;Consumption;
VAL;2026-09-18 17:05:13.733732;;;WHEEL_POS;22.390,36.20
VAL;2026-09-18 17:05:13.764983;;;WHEEL_POS;22.421,36.90
VAL;2026-09-18 17:05:13.781568;;;WHEEL_POS;22.438,37.60
VAL;2026-09-18 17:05:13.812823;;;WHEEL_POS;22.469,37.60
VAL;2026-09-18 17:05:13.844075;;;WHEEL_POS;22.501,37.60
VAL;2026-09-18 17:05:13.859701;;;WHEEL_POS;22.516,37.60
VAL;2026-09-18 17:05:13.897459;;;WHEEL_POS;22.554,37.30
VAL;2026-09-18 17:05:13.935634;;;WHEEL_POS;22.592,37.30
VAL;2026-09-18 17:05:13.966886;;;WHEEL_POS;22.623,37.30
VAL;2026-09-18 17:05:13.997522;;;WHEEL_POS;22.654,37.30
VAL;2026-09-18 17:05:14.039654;;;WHEEL_POS;22.696,37.30
VAL;2026-09-18 17:05:14.070906;;;WHEEL_POS;22.727,37.30
VAL;2026-09-18 17:05:14.097540;;;WHEEL_POS;22.754,37.30
VAL;2026-09-18 17:05:14.134852;;;WHEEL_POS;22.791,37.30
VAL;2026-09-18 17:05:14.166105;;;WHEEL_POS;22.823,37.30
VAL;2026-09-18 17:05:14.181732;;;WHEEL_POS;22.838,37.30
VAL;2026-09-18 17:05:14.212989;;;WHEEL_POS;22.869,37.30
VAL;2026-09-18 17:05:14.244238;;;WHEEL_POS;22.901,37.30
VAL;2026-09-18 17:05:14.281998;;;WHEEL_POS;22.938,37.30
VAL;2026-09-18 17:05:14.297629;;;WHEEL_POS;22.954,37.30
VAL;2026-09-18 17:05:14.335058;;;WHEEL_POS;22.991,37.30
VAL;2026-09-18 17:05:14.350689;;;WHEEL_POS;23.007,37.30
VAL;2026-09-18 17:05:14.381936;;;WHEEL_POS;23.038,37.30
VAL;2026-09-18 17:05:14.413193;;;WHEEL_POS;23.070,37.30
VAL;2026-09-18 17:05:14.428814;;;WHEEL_POS;23.085,37.30
VAL;2026-09-18 17:05:14.460066;;;WHEEL_POS;23.116,37.30
VAL;2026-09-18 17:05:14.482206;;;WHEEL_POS;23.139,37.30
VAL;2026-09-18 17:05:14.497839;;;WHEEL_POS;23.154,37.30
VAL;2026-09-18 17:05:14.551629;;;WHEEL_POS;23.208,37.30
VAL;2026-09-18 17:05:14.567253;;;WHEEL_POS;23.224,37.30
VAL;2026-09-18 17:05:14.597888;;;WHEEL_POS;23.254,37.30
VAL;2026-09-18 17:05:14.629140;;;WHEEL_POS;23.286,37.30
VAL;2026-09-18 17:05:14.648272;;;WHEEL_POS;23.305,37.30
VAL;2026-09-18 17:05:14.679529;;;WHEEL_POS;23.336,37.30
VAL;2026-09-18 17:05:14.698166;;;WHEEL_POS;23.355,37.30
VAL;2026-09-18 17:05:14.713791;;;WHEEL_POS;23.370,37.30
VAL;2026-09-18 17:05:14.752412;;;WHEEL_POS;23.409,37.30
VAL;2026-09-18 17:05:14.768032;;;WHEEL_POS;23.424,37.30
VAL;2026-09-18 17:05:14.798233;;;WHEEL_POS;23.455,37.30
VAL;2026-09-18 17:05:14.813861;;;WHEEL_POS;23.470,37.30
VAL;2026-09-18 17:05:14.845116;;;WHEEL_POS;23.502,37.30
VAL;2026-09-18 17:05:14.876365;;;WHEEL_POS;23.533,37.30
VAL;2026-09-18 17:05:14.898511;;;WHEEL_POS;23.555,37.30
VAL;2026-09-18 17:05:14.936631;;;WHEEL_POS;23.593,37.30
VAL;2026-09-18 17:05:14.967884;;;WHEEL_POS;23.624,37.30
VAL;2026-09-18 17:05:14.998518;;;WHEEL_POS;23.655,37.30
VAL;2026-09-18 17:05:15.039303;;;WHEEL_POS;23.696,37.30
VAL;2026-09-18 17:05:15.083060;;;WHEEL_POS;23.739,37.30
VAL;2026-09-18 17:05:15.114316;;;WHEEL_POS;23.771,37.30
VAL;2026-09-18 17:05:15.149076;;;WHEEL_POS;23.806,37.30
VAL;2026-09-18 17:05:15.164703;;;WHEEL_POS;23.821,37.30
VAL;2026-09-18 17:05:15.198964;;;WHEEL_POS;23.855,37.30
VAL;2026-09-18 17:05:15.214592;;;WHEEL_POS;23.871,37.30
VAL;2026-09-18 17:05:15.245844;;;WHEEL_POS;23.902,37.30
VAL;2026-09-18 17:05:15.283608;;;WHEEL_POS;23.940,37.30
VAL;2026-09-18 17:05:15.299238;;;WHEEL_POS;23.956,37.30
VAL;2026-09-18 17:05:15.317580;;;WHEEL_POS;23.974,37.30
VAL;2026-09-18 17:05:15.333651;;;WHEEL_POS;23.990,37.30
VAL;2026-09-18 17:05:15.349282;;;WHEEL_POS;24.006,37.30
VAL;2026-09-18 17:05:15.383535;;;WHEEL_POS;24.040,37.30
VAL;2026-09-18 17:05:15.399164;;;WHEEL_POS;24.056,37.30
VAL;2026-09-18 17:05:15.414792;;;WHEEL_POS;24.071,37.30
VAL;2026-09-18 17:05:15.446042;;;WHEEL_POS;24.102,37.30
VAL;2026-09-18 17:05:15.483805;;;WHEEL_POS;24.140,37.30
VAL;2026-09-18 17:05:15.499437;;;WHEEL_POS;24.156,37.30
VAL;2026-09-18 17:05:15.534544;;;WHEEL_POS;24.191,37.30
VAL;2026-09-18 17:05:15.565799;;;WHEEL_POS;24.222,37.30
VAL;2026-09-18 17:05:15.583932;;;WHEEL_POS;24.240,37.30
VAL;2026-09-18 17:05:15.615188;;;WHEEL_POS;24.272,37.30
VAL;2026-09-18 17:05:15.630812;;;WHEEL_POS;24.287,37.30
VAL;2026-09-18 17:05:15.677692;;;WHEEL_POS;24.334,37.30
VAL;2026-09-18 17:05:15.699830;;;WHEEL_POS;24.356,37.30
VAL;2026-09-18 17:05:15.734966;;;WHEEL_POS;24.391,37.30
VAL;2026-09-18 17:05:15.766221;;;WHEEL_POS;24.423,37.30
VAL;2026-09-18 17:05:15.784295;;;WHEEL_POS;24.441,37.30
VAL;2026-09-18 17:05:15.815551;;;WHEEL_POS;24.472,37.30
VAL;2026-09-18 17:05:15.831176;;;WHEEL_POS;24.488,37.30
VAL;2026-09-18 17:05:15.846803;;;WHEEL_POS;24.503,37.30
VAL;2026-09-18 17:05:15.884570;;;WHEEL_POS;24.541,37.30
VAL;2026-09-18 17:05:15.900200;;;WHEEL_POS;24.557,37.30
VAL;2026-09-18 17:05:15.920718;;;WHEEL_POS;24.577,37.30
VAL;2026-09-18 17:05:15.935983;;;WHEEL_POS;24.592,37.30
VAL;2026-09-18 17:05:15.951614;;;WHEEL_POS;24.608,37.30
VAL;2026-09-18 17:05:15.984869;;;WHEEL_POS;24.641,37.30
VAL;2026-09-18 17:05:16.000497;;;WHEEL_POS;24.657,37.30
VAL;2026-09-18 17:05:16.041705;;;WHEEL_POS;24.698,37.30
VAL;2026-09-18 17:05:16.084966;;;WHEEL_POS;24.741,37.30
VAL;2026-09-18 17:05:16.116223;;;WHEEL_POS;24.773,37.30
VAL;2026-09-18 17:05:16.136730;;;WHEEL_POS;24.793,37.30
VAL;2026-09-18 17:05:16.152359;;;WHEEL_POS;24.809,37.30
VAL;2026-09-18 17:05:16.185114;;;WHEEL_POS;24.842,37.30
VAL;2026-09-18 17:05:16.200743;;;WHEEL_POS;24.857,37.30
VAL;2026-09-18 17:05:16.231994;;;WHEEL_POS;24.888,37.30
VAL;2026-09-18 17:05:16.263247;;;WHEEL_POS;24.920,37.30
VAL;2026-09-18 17:05:16.285390;;;WHEEL_POS;24.942,37.30
VAL;2026-09-18 17:05:16.301023;;;WHEEL_POS;24.957,37.30
VAL;2026-09-18 17:05:16.317159;;;WHEEL_POS;24.974,37.30
VAL;2026-09-18 17:05:16.336830;;;WHEEL_POS;24.993,37.30
VAL;2026-09-18 17:05:16.352465;;;WHEEL_POS;25.009,37.30
VAL;2026-09-18 17:05:16.385715;;;WHEEL_POS;25.042,37.30
VAL;2026-09-18 17:05:16.401342;;;WHEEL_POS;25.058,37.30
VAL;2026-09-18 17:05:16.432596;;;WHEEL_POS;25.089,37.30
VAL;2026-09-18 17:05:16.463849;;;WHEEL_POS;25.120,37.30
VAL;2026-09-18 17:05:16.501628;;;WHEEL_POS;25.158,37.30
VAL;2026-09-18 17:05:16.537263;;;WHEEL_POS;25.194,37.30
VAL;2026-09-18 17:05:16.552893;;;WHEEL_POS;25.209,37.30
VAL;2026-09-18 17:05:16.586147;;;WHEEL_POS;25.243,37.30
VAL;2026-09-18 17:05:16.617403;;;WHEEL_POS;25.274,37.30
VAL;2026-09-18 17:05:16.633028;;;WHEEL_POS;25.289,37.30
VAL;2026-09-18 17:05:16.648653;;;WHEEL_POS;25.305,37.30
VAL;2026-09-18 17:05:16.686415;;;WHEEL_POS;25.343,37.30
VAL;2026-09-18 17:05:16.702050;;;WHEEL_POS;25.358,37.30
VAL;2026-09-18 17:05:16.717674;;;WHEEL_POS;25.374,37.30
EVENT;2026-09-18 17:05:16.736638;5.1045;;158;Tup
TRANSITION;2026-09-18 17:05:16.736638;5.1045;;ITI;
VAL;2026-09-18 17:05:16.753269;;;WHEEL_POS;25.410,37.30
VAL;2026-09-18 17:05:16.786491;;;WHEEL_POS;25.443,37.30
VAL;2026-09-18 17:05:16.817747;;;WHEEL_POS;25.474,37.30
VAL;2026-09-18 17:05:16.844888;;;WHEEL_POS;25.501,37.30
VAL;2026-09-18 17:05:16.876143;;;WHEEL_POS;25.533,37.30
VAL;2026-09-18 17:05:16.902283;;;WHEEL_POS;25.559,37.30
VAL;2026-09-18 17:05:16.938396;;;WHEEL_POS;25.595,37.30
VAL;2026-09-18 17:05:16.969650;;;WHEEL_POS;25.626,37.30
VAL;2026-09-18 17:05:17.002411;;;WHEEL_POS;25.659,37.30
VAL;2026-09-18 17:05:17.038536;;;WHEEL_POS;25.695,37.30
VAL;2026-09-18 17:05:17.069793;;;WHEEL_POS;25.726,37.30
VAL;2026-09-18 17:05:17.086938;;;WHEEL_POS;25.743,37.30
VAL;2026-09-18 17:05:17.102572;;;WHEEL_POS;25.759,37.30
VAL;2026-09-18 17:05:17.137839;;;WHEEL_POS;25.794,37.30
VAL;2026-09-18 17:05:17.153473;;;WHEEL_POS;25.810,37.30
VAL;2026-09-18 17:05:17.202863;;;WHEEL_POS;25.859,37.30
VAL;2026-09-18 17:05:17.218484;;;WHEEL_POS;25.875,37.30
VAL;2026-09-18 17:05:17.249734;;;WHEEL_POS;25.906,37.30
VAL;2026-09-18 17:05:17.280988;;;WHEEL_POS;25.937,37.30
VAL;2026-09-18 17:05:17.319759;;;WHEEL_POS;25.976,37.30
VAL;2026-09-18 17:05:17.339438;;;WHEEL_POS;25.996,37.30
VAL;2026-09-18 17:05:17.355067;;;WHEEL_POS;26.011,37.30
VAL;2026-09-18 17:05:17.370694;;;WHEEL_POS;26.027,37.30
VAL;2026-09-18 17:05:17.402955;;;WHEEL_POS;26.059,37.30
VAL;2026-09-18 17:05:17.418580;;;WHEEL_POS;26.075,37.30
VAL;2026-09-18 17:05:17.449833;;;WHEEL_POS;26.106,37.30
VAL;2026-09-18 17:05:17.487592;;;WHEEL_POS;26.144,37.30
VAL;2026-09-18 17:05:17.518849;;;WHEEL_POS;26.175,37.30
VAL;2026-09-18 17:05:17.555472;;;WHEEL_POS;26.212,37.30
VAL;2026-09-18 17:05:17.587731;;;WHEEL_POS;26.244,37.30
VAL;2026-09-18 17:05:17.603360;;;WHEEL_POS;26.260,37.30
VAL;2026-09-18 17:05:17.634613;;;WHEEL_POS;26.291,37.30
VAL;2026-09-18 17:05:17.665865;;;WHEEL_POS;26.322,37.30
VAL;2026-09-18 17:05:17.703630;;;WHEEL_POS;26.360,37.30
VAL;2026-09-18 17:05:17.740229;;;WHEEL_POS;26.397,37.30
VAL;2026-09-18 17:05:17.755856;;;WHEEL_POS;26.412,37.30
VAL;2026-09-18 17:05:17.788149;;;WHEEL_POS;26.445,37.30
VAL;2026-09-18 17:05:17.803779;;;WHEEL_POS;26.460,37.30
VAL;2026-09-18 17:05:17.835035;;;WHEEL_POS;26.491,37.30
VAL;2026-09-18 17:05:17.866282;;;WHEEL_POS;26.523,37.30
VAL;2026-09-18 17:05:17.881908;;;WHEEL_POS;26.538,37.30
VAL;2026-09-18 17:05:17.904047;;;WHEEL_POS;26.560,37.30
VAL;2026-09-18 17:05:17.940699;;;WHEEL_POS;26.597,37.30
VAL;2026-09-18 17:05:17.956329;;;WHEEL_POS;26.613,37.30
VAL;2026-09-18 17:05:17.988582;;;WHEEL_POS;26.645,37.30
VAL;2026-09-18 17:05:18.019839;;;WHEEL_POS;26.676,37.30
VAL;2026-09-18 17:05:18.035464;;;WHEEL_POS;26.692,37.30
VAL;2026-09-18 17:05:18.075567;;;WHEEL_POS;26.732,37.30
VAL;2026-09-18 17:05:18.104206;;;WHEEL_POS;26.761,37.30
VAL;2026-09-18 17:05:18.119831;;;WHEEL_POS;26.776,37.30
VAL;2026-09-18 17:05:18.157203;;;WHEEL_POS;26.814,37.30
VAL;2026-09-18 17:05:18.172832;;;WHEEL_POS;26.829,37.30
VAL;2026-09-18 17:05:18.204084;;;WHEEL_POS;26.861,37.30
EVENT;2026-09-18 17:05:18.235333;6.604500000000001;;158;Tup
END-TRIAL;2026-09-18 17:05:18.235333;;;The trial ended;
INFO;2026-09-18 17:05:18.235333;29.863631;36.468134;TRIAL-BPOD-TIME;6.604502999999998
STATE;2026-09-18 17:05:18.235333;0;2.0557000000000003;WheelDotPeriod;2.0557000000000003
STATE;2026-09-18 17:05:18.235333;2.0557000000000003;2.1045000000000003;Reward;0.048799999999999955
STATE;2026-09-18 17:05:18.235333;2.1045000000000003;5.1045;Consumption;2.9999999999999996
STATE;2026-09-18 17:05:18.235333;5.1045;6.604500000000001;ITI;1.5000000000000009
STATE;2026-09-18 17:05:18.235333;nan;nan;ErrorConsumption;nan
STATE;2026-09-18 17:05:18.235333;nan;nan;IncorrectITI;nan
STATE;2026-09-18 17:05:18.235333;nan;nan;NoResponse;nan
VAL;2026-09-18 17:05:18.235333;;;WHEEL_POS;26.892,37.30
VAL;2026-09-18 17:05:18.337483;;;INCLUDED;True
VAL;2026-09-18 17:05:18.337483;;;CONSUMPTION_LICKED;False
VAL;2026-09-18 17:05:18.337483;;;LED_ON_TIME;20.281859397888184
VAL;2026-09-18 17:05:18.337483;;;DOT_ONSET_JITTER_S;0.12442348920975577
VAL;2026-09-18 17:05:18.337483;;;DOT_ONSET_TIME;20.40628288709794
VAL;2026-09-18 17:05:18.337483;;;THRESHOLD_CROSSING_TIME;22.337559397888185
VAL;2026-09-18 17:05:18.337483;;;DOT_DISAPPEAR_JITTER_S;0.4348941582055232
VAL;2026-09-18 17:05:18.337483;;;DOT_DISAPPEAR_TIME;22.77245355609371
VAL;2026-09-18 17:05:18.337483;;;CORRECT;True
stdout;2026-09-18 17:05:18.337483;;;Trial 3 (warmup): side=R, Reward -> reward;
stdout;2026-09-18 17:05:18.337483;;;|
|;
VAL;2026-09-18 17:05:18.889351;;;TRIAL_INIT_START;27.54578137397766
VAL;2026-09-18 17:05:18.920606;;;WHEEL_POS;27.577,37.30
VAL;2026-09-18 17:05:18.958769;;;WHEEL_POS;27.615,37.30
VAL;2026-09-18 17:05:19.005030;;;WHEEL_POS;27.661,37.30
VAL;2026-09-18 17:05:19.036281;;;WHEEL_POS;27.693,37.30
VAL;2026-09-18 17:05:19.062427;;;WHEEL_POS;27.719,37.30
VAL;2026-09-18 17:05:19.078053;;;TRIAL_START;27.718858242034912
VAL;2026-09-18 17:05:19.078053;;;QUIESCENCE_BREAKS;0
VAL;2026-09-18 17:05:19.078053;;;TRIAL_TYPE;warmup
VAL;2026-09-18 17:05:19.236674;;;TRIAL_SIDE;L
VAL;2026-09-18 17:05:19.236674;;;CLICK_TIMES_L;0.0274,0.0455,0.0605,0.0782,0.2237
VAL;2026-09-18 17:05:19.236674;;;CLICK_TIMES_R;
VAL;2026-09-18 17:05:19.236674;;;N_CLICKS_L;5
VAL;2026-09-18 17:05:19.236674;;;N_CLICKS_R;0
VAL;2026-09-18 17:05:19.236674;;;STIM_SEED;1408129739
VAL;2026-09-18 17:05:19.236674;;;CUE_ABORT_THRESHOLD_DEG;10.0
VAL;2026-09-18 17:05:19.236674;;;RESPONSE_THRESHOLD_DEG;35.0
VAL;2026-09-18 17:05:19.236674;;;QUIESCENCE_DUR_S;0.1
VAL;2026-09-18 17:05:19.236674;;;ITI_S;1.5
VAL;2026-09-18 17:05:19.236674;;;CLICK_LEVEL_ATTENUATED;False
stdout;2026-09-18 17:05:19.236674;;;Trial 4 (warmup): side=L, n_L=5, n_R=0;
stdout;2026-09-18 17:05:19.236674;;;|
|;
VAL;2026-09-18 17:05:19.236674;;;SM_SEND_TIME;27.893104791641235
VAL;2026-09-18 17:05:19.236674;;;CUE_ONSET_TIME;27.914104791641236
TRIAL;2026-09-18 17:05:19.236674;;;New trial;
VAL;2026-09-18 17:05:19.236674;;;WHEEL_POS;27.893,0.00
VAL;2026-09-18 17:05:19.267926;;;WHEEL_POS;27.924,0.00
VAL;2026-09-18 17:05:19.305687;;;WHEEL_POS;27.962,0.00
VAL;2026-09-18 17:05:19.338947;;;WHEEL_POS;27.995,0.00
VAL;2026-09-18 17:05:19.364620;;;WHEEL_POS;28.021,0.00
VAL;2026-09-18 17:05:19.405884;;;WHEEL_POS;28.062,0.00
VAL;2026-09-18 17:05:19.437136;;;WHEEL_POS;28.094,0.00
VAL;2026-09-18 17:05:19.468386;;;WHEEL_POS;28.125,0.00
VAL;2026-09-18 17:05:19.506143;;;WHEEL_POS;28.163,0.00
EVENT;2026-09-18 17:05:19.506143;0.271;;158;Tup
TRANSITION;2026-09-18 17:05:19.506143;0.271;;DelayPeriod;
VAL;2026-09-18 17:05:19.521769;;;WHEEL_POS;28.178,0.00
VAL;2026-09-18 17:05:19.565412;;;WHEEL_POS;28.222,0.00
VAL;2026-09-18 17:05:19.606166;;;WHEEL_POS;28.263,0.00
VAL;2026-09-18 17:05:19.621794;;;WHEEL_POS;28.278,0.00
VAL;2026-09-18 17:05:19.653047;;;WHEEL_POS;28.309,0.00
EVENT;2026-09-18 17:05:19.653047;0.41290000000000004;;158;Tup
TRANSITION;2026-09-18 17:05:19.653047;0.41290000000000004;;CueComplete;
EVENT;2026-09-18 17:05:19.653047;0.41300000000000003;;158;Tup
END-TRIAL;2026-09-18 17:05:19.653047;;;The trial ended;
INFO;2026-09-18 17:05:19.653047;37.480531;37.893535;TRIAL-BPOD-TIME;0.4130040000000008
STATE;2026-09-18 17:05:19.653047;0;0.271;CuePeriod;0.271
STATE;2026-09-18 17:05:19.653047;0.271;0.41290000000000004;DelayPeriod;0.14190000000000003
STATE;2026-09-18 17:05:19.653047;0.41290000000000004;0.41300000000000003;CueComplete;9.999999999998899e-05
STATE;2026-09-18 17:05:19.653047;nan;nan;WheelAbort;nan
STATE;2026-09-18 17:05:19.653047;nan;nan;AbortITI;nan
VAL;2026-09-18 17:05:19.668671;;;SM_SEND_TIME;28.32510232925415
TRIAL;2026-09-18 17:05:19.668671;;;New trial;
VAL;2026-09-18 17:05:19.668671;;;WHEEL_POS;28.325,0.00
VAL;2026-09-18 17:05:19.706430;;;WHEEL_POS;28.363,0.00
VAL;2026-09-18 17:05:19.737684;;;WHEEL_POS;28.394,0.00
VAL;2026-09-18 17:05:19.766251;;;WHEEL_POS;28.423,0.00
VAL;2026-09-18 17:05:19.781819;;;WHEEL_POS;28.438,0.00
VAL;2026-09-18 17:05:19.806452;;;WHEEL_POS;28.463,0.00
VAL;2026-09-18 17:05:19.837705;;;WHEEL_POS;28.494,0.00
VAL;2026-09-18 17:05:19.868962;;;WHEEL_POS;28.525,0.00
VAL;2026-09-18 17:05:19.884583;;;WHEEL_POS;28.541,0.00
VAL;2026-09-18 17:05:19.906718;;;WHEEL_POS;28.563,0.00
VAL;2026-09-18 17:05:19.943317;;;WHEEL_POS;28.600,0.00
VAL;2026-09-18 17:05:19.967213;;;WHEEL_POS;28.624,0.00
VAL;2026-09-18 17:05:19.991356;;;WHEEL_POS;28.648,0.00
VAL;2026-09-18 17:05:20.006988;;;WHEEL_POS;28.663,0.00
VAL;2026-09-18 17:05:20.022613;;;WHEEL_POS;28.679,0.00
VAL;2026-09-18 17:05:20.063882;;;WHEEL_POS;28.720,0.00
VAL;2026-09-18 17:05:20.107141;;;WHEEL_POS;28.764,0.00
VAL;2026-09-18 17:05:20.122771;;;WHEEL_POS;28.779,0.00
VAL;2026-09-18 17:05:20.168031;;;WHEEL_POS;28.824,0.00
VAL;2026-09-18 17:05:20.207297;;;WHEEL_POS;28.864,0.00
VAL;2026-09-18 17:05:20.238550;;;WHEEL_POS;28.895,0.00
VAL;2026-09-18 17:05:20.269807;;;WHEEL_POS;28.926,0.00
VAL;2026-09-18 17:05:20.307560;;;WHEEL_POS;28.964,0.00
VAL;2026-09-18 17:05:20.339828;;;WHEEL_POS;28.996,0.00
VAL;2026-09-18 17:05:20.367970;;;WHEEL_POS;29.024,0.00
VAL;2026-09-18 17:05:20.407759;;;WHEEL_POS;29.064,-0.40
VAL;2026-09-18 17:05:20.439010;;;WHEEL_POS;29.095,-0.70
VAL;2026-09-18 17:05:20.470263;;;WHEEL_POS;29.127,-1.10
VAL;2026-09-18 17:05:20.485891;;;WHEEL_POS;29.142,-1.40
VAL;2026-09-18 17:05:20.508024;;;WHEEL_POS;29.164,-2.10
VAL;2026-09-18 17:05:20.539279;;;WHEEL_POS;29.196,-3.50
EVENT;2026-09-18 17:05:20.539279;0.8728;;0;RotaryEncoder1_1
VAL;2026-09-18 17:05:20.584923;;;WHEEL_POS;29.241,-5.30
VAL;2026-09-18 17:05:20.608063;;;WHEEL_POS;29.264,-7.40
VAL;2026-09-18 17:05:20.623690;;;WHEEL_POS;29.280,-8.10
EVENT;2026-09-18 17:05:20.654954;0.9820000000000001;;4;RotaryEncoder1_5
VAL;2026-09-18 17:05:20.654954;;;WHEEL_POS;29.311,-9.80
VAL;2026-09-18 17:05:20.686194;;;WHEEL_POS;29.343,-11.60
VAL;2026-09-18 17:05:20.708329;;;WHEEL_POS;29.365,-13.40
VAL;2026-09-18 17:05:20.739582;;;WHEEL_POS;29.396,-17.20
VAL;2026-09-18 17:05:20.770188;;;WHEEL_POS;29.427,-21.40
VAL;2026-09-18 17:05:20.792570;;;WHEEL_POS;29.449,-24.60
VAL;2026-09-18 17:05:20.829333;;;WHEEL_POS;29.486,-27.40
VAL;2026-09-18 17:05:20.844966;;;WHEEL_POS;29.501,-29.50
VAL;2026-09-18 17:05:20.876214;;;WHEEL_POS;29.533,-32.00
VAL;2026-09-18 17:05:20.892845;;;WHEEL_POS;29.549,-33.00
VAL;2026-09-18 17:05:20.924101;;;WHEEL_POS;29.581,-34.80
EVENT;2026-09-18 17:05:20.924101;1.247;;2;RotaryEncoder1_3
TRANSITION;2026-09-18 17:05:20.924101;1.247;;Reward;
VAL;2026-09-18 17:05:20.944730;;;WHEEL_POS;29.601,-36.60
EVENT;2026-09-18 17:05:20.970405;1.2958;;158;Tup
TRANSITION;2026-09-18 17:05:20.970405;1.2958;;Consumption;
VAL;2026-09-18 17:05:20.970405;;;WHEEL_POS;29.627,-38.70
VAL;2026-09-18 17:05:21.008664;;;WHEEL_POS;29.665,-41.10
VAL;2026-09-18 17:05:21.039916;;;WHEEL_POS;29.696,-41.80
VAL;2026-09-18 17:05:21.063553;;;WHEEL_POS;29.720,-41.80
VAL;2026-09-18 17:05:21.108812;;;WHEEL_POS;29.765,-41.10
VAL;2026-09-18 17:05:21.140064;;;WHEEL_POS;29.796,-40.40
VAL;2026-09-18 17:05:21.170697;;;WHEEL_POS;29.827,-39.40
VAL;2026-09-18 17:05:21.208958;;;WHEEL_POS;29.865,-38.00
VAL;2026-09-18 17:05:21.240211;;;WHEEL_POS;29.897,-36.60
VAL;2026-09-18 17:05:21.255838;;;WHEEL_POS;29.912,-35.90
VAL;2026-09-18 17:05:21.287090;;;WHEEL_POS;29.944,-34.50
VAL;2026-09-18 17:05:21.309229;;;WHEEL_POS;29.966,-33.80
VAL;2026-09-18 17:05:21.326109;;;WHEEL_POS;29.983,-33.40
VAL;2026-09-18 17:05:21.341737;;;WHEEL_POS;29.998,-33.00
VAL;2026-09-18 17:05:21.371413;;;WHEEL_POS;30.028,-32.30
VAL;2026-09-18 17:05:21.409174;;;WHEEL_POS;30.066,-31.60
VAL;2026-09-18 17:05:21.440426;;;WHEEL_POS;30.097,-31.60
VAL;2026-09-18 17:05:21.471680;;;WHEEL_POS;30.128,-31.60
VAL;2026-09-18 17:05:21.509437;;;WHEEL_POS;30.166,-31.60
VAL;2026-09-18 17:05:21.540690;;;WHEEL_POS;30.197,-31.60
VAL;2026-09-18 17:05:21.556580;;;WHEEL_POS;30.213,-31.60
VAL;2026-09-18 17:05:21.587835;;;WHEEL_POS;30.244,-31.60
VAL;2026-09-18 17:05:21.609468;;;WHEEL_POS;30.266,-31.60
VAL;2026-09-18 17:05:21.640720;;;WHEEL_POS;30.297,-31.60
VAL;2026-09-18 17:05:21.671973;;;WHEEL_POS;30.328,-31.60
VAL;2026-09-18 17:05:21.709746;;;WHEEL_POS;30.366,-31.60
VAL;2026-09-18 17:05:21.741000;;;WHEEL_POS;30.397,-31.60
VAL;2026-09-18 17:05:21.758369;;;WHEEL_POS;30.415,-31.60
VAL;2026-09-18 17:05:21.794087;;;WHEEL_POS;30.451,-31.60
VAL;2026-09-18 17:05:21.809719;;;WHEEL_POS;30.466,-31.60
VAL;2026-09-18 17:05:21.840968;;;WHEEL_POS;30.497,-31.60
VAL;2026-09-18 17:05:21.856595;;;WHEEL_POS;30.513,-31.60
VAL;2026-09-18 17:05:21.894361;;;WHEEL_POS;30.551,-31.60
VAL;2026-09-18 17:05:21.909990;;;WHEEL_POS;30.566,-31.60
VAL;2026-09-18 17:05:21.925616;;;WHEEL_POS;30.582,-31.60
VAL;2026-09-18 17:05:21.962041;;;WHEEL_POS;30.618,-31.60
VAL;2026-09-18 17:05:21.977670;;;WHEEL_POS;30.634,-31.60
VAL;2026-09-18 17:05:21.994300;;;WHEEL_POS;30.651,-31.60
VAL;2026-09-18 17:05:22.009929;;;WHEEL_POS;30.666,-31.60
VAL;2026-09-18 17:05:22.041181;;;WHEEL_POS;30.698,-31.60
VAL;2026-09-18 17:05:22.060638;;;WHEEL_POS;30.717,-31.60
VAL;2026-09-18 17:05:22.076267;;;WHEEL_POS;30.733,-31.60
VAL;2026-09-18 17:05:22.094415;;;WHEEL_POS;30.751,-31.60
VAL;2026-09-18 17:05:22.125678;;;WHEEL_POS;30.782,-31.60
VAL;2026-09-18 17:05:22.161938;;;WHEEL_POS;30.818,-31.60
VAL;2026-09-18 17:05:22.177571;;;WHEEL_POS;30.834,-31.60
VAL;2026-09-18 17:05:22.210329;;;WHEEL_POS;30.867,-31.60
VAL;2026-09-18 17:05:22.241582;;;WHEEL_POS;30.898,-31.60
VAL;2026-09-18 17:05:22.288464;;;WHEEL_POS;30.945,-31.60
VAL;2026-09-18 17:05:22.310606;;;WHEEL_POS;30.967,-31.60
VAL;2026-09-18 17:05:22.342866;;;WHEEL_POS;30.999,-31.60
VAL;2026-09-18 17:05:22.379742;;;WHEEL_POS;31.036,-31.60
VAL;2026-09-18 17:05:22.426506;;;WHEEL_POS;31.083,-31.60
VAL;2026-09-18 17:05:22.442127;;;WHEEL_POS;31.099,-31.60
VAL;2026-09-18 17:05:22.457753;;;WHEEL_POS;31.114,-31.60
VAL;2026-09-18 17:05:22.495523;;;WHEEL_POS;31.152,-31.60
VAL;2026-09-18 17:05:22.511155;;;WHEEL_POS;31.168,-31.60
VAL;2026-09-18 17:05:22.526781;;;WHEEL_POS;31.183,-31.60
VAL;2026-09-18 17:05:22.565393;;;WHEEL_POS;31.222,-31.60
VAL;2026-09-18 17:05:22.581021;;;WHEEL_POS;31.237,-31.60
VAL;2026-09-18 17:05:22.611155;;;WHEEL_POS;31.268,-31.60
VAL;2026-09-18 17:05:22.626783;;;WHEEL_POS;31.283,-31.60
VAL;2026-09-18 17:05:22.664540;;;WHEEL_POS;31.321,-31.60
VAL;2026-09-18 17:05:22.695675;;;WHEEL_POS;31.352,-31.60
VAL;2026-09-18 17:05:22.726931;;;WHEEL_POS;31.383,-31.60
VAL;2026-09-18 17:05:22.742556;;;WHEEL_POS;31.399,-31.60
VAL;2026-09-18 17:05:22.784077;;;WHEEL_POS;31.441,-31.60
VAL;2026-09-18 17:05:22.811211;;;WHEEL_POS;31.468,-31.60
VAL;2026-09-18 17:05:22.826838;;;WHEEL_POS;31.483,-31.60
VAL;2026-09-18 17:05:22.858089;;;WHEEL_POS;31.515,-31.60
VAL;2026-09-18 17:05:22.873715;;;WHEEL_POS;31.530,-31.60
VAL;2026-09-18 17:05:22.911480;;;WHEEL_POS;31.568,-31.60
VAL;2026-09-18 17:05:22.946584;;;WHEEL_POS;31.603,-31.60
VAL;2026-09-18 17:05:22.967218;;;WHEEL_POS;31.624,-31.60
VAL;2026-09-18 17:05:22.982848;;;WHEEL_POS;31.639,-31.60
VAL;2026-09-18 17:05:23.011485;;;WHEEL_POS;31.668,-31.60
VAL;2026-09-18 17:05:23.042739;;;WHEEL_POS;31.699,-31.60
VAL;2026-09-18 17:05:23.065376;;;WHEEL_POS;31.722,-31.60
VAL;2026-09-18 17:05:23.096007;;;WHEEL_POS;31.752,-31.60
VAL;2026-09-18 17:05:23.111639;;;WHEEL_POS;31.768,-31.60
VAL;2026-09-18 17:05:23.142889;;;WHEEL_POS;31.799,-31.60
VAL;2026-09-18 17:05:23.183167;;;WHEEL_POS;31.840,-31.60
VAL;2026-09-18 17:05:23.211802;;;WHEEL_POS;31.868,-31.60
VAL;2026-09-18 17:05:23.243054;;;WHEEL_POS;31.899,-31.60
VAL;2026-09-18 17:05:23.274307;;;WHEEL_POS;31.931,-31.60
VAL;2026-09-18 17:05:23.312070;;;WHEEL_POS;31.969,-31.60
VAL;2026-09-18 17:05:23.329200;;;WHEEL_POS;31.986,-31.60
VAL;2026-09-18 17:05:23.360459;;;WHEEL_POS;32.017,-31.60
VAL;2026-09-18 17:05:23.384101;;;WHEEL_POS;32.041,-31.60
VAL;2026-09-18 17:05:23.412236;;;WHEEL_POS;32.069,-31.60
VAL;2026-09-18 17:05:23.427865;;;WHEEL_POS;32.084,-31.60
VAL;2026-09-18 17:05:23.459116;;;WHEEL_POS;32.116,-31.60
VAL;2026-09-18 17:05:23.474741;;;WHEEL_POS;32.131,-31.60
VAL;2026-09-18 17:05:23.512509;;;WHEEL_POS;32.169,-31.60
VAL;2026-09-18 17:05:23.543761;;;WHEEL_POS;32.200,-31.60
VAL;2026-09-18 17:05:23.583540;;;WHEEL_POS;32.240,-31.60
VAL;2026-09-18 17:05:23.612677;;;WHEEL_POS;32.269,-31.60
VAL;2026-09-18 17:05:23.643932;;;WHEEL_POS;32.300,-31.60
VAL;2026-09-18 17:05:23.675180;;;WHEEL_POS;32.332,-31.60
VAL;2026-09-18 17:05:23.697334;;;WHEEL_POS;32.354,-31.60
VAL;2026-09-18 17:05:23.728591;;;WHEEL_POS;32.385,-31.60
VAL;2026-09-18 17:05:23.759843;;;WHEEL_POS;32.416,-31.60
VAL;2026-09-18 17:05:23.784480;;;WHEEL_POS;32.441,-31.60
VAL;2026-09-18 17:05:23.813113;;;WHEEL_POS;32.470,-31.60
VAL;2026-09-18 17:05:23.844370;;;WHEEL_POS;32.501,-31.60
VAL;2026-09-18 17:05:23.875618;;;WHEEL_POS;32.532,-31.60
VAL;2026-09-18 17:05:23.913393;;;WHEEL_POS;32.570,-31.60
VAL;2026-09-18 17:05:23.946648;;;WHEEL_POS;32.603,-31.60
EVENT;2026-09-18 17:05:23.969786;4.2958;;158;Tup
TRANSITION;2026-09-18 17:05:23.969786;4.2958;;ITI;
VAL;2026-09-18 17:05:23.969786;;;WHEEL_POS;32.626,-31.60
VAL;2026-09-18 17:05:23.985420;;;WHEEL_POS;32.642,-31.60
VAL;2026-09-18 17:05:24.013558;;;WHEEL_POS;32.670,-31.60
VAL;2026-09-18 17:05:24.050823;;;WHEEL_POS;32.707,-31.60
VAL;2026-09-18 17:05:24.066456;;;WHEEL_POS;32.723,-31.60
VAL;2026-09-18 17:05:24.113844;;;WHEEL_POS;32.770,-31.60
VAL;2026-09-18 17:05:24.129467;;;WHEEL_POS;32.786,-31.60
VAL;2026-09-18 17:05:24.170725;;;WHEEL_POS;32.827,-31.60
VAL;2026-09-18 17:05:24.229627;;;WHEEL_POS;32.886,-31.60
VAL;2026-09-18 17:05:24.245248;;;WHEEL_POS;32.902,-31.60
VAL;2026-09-18 17:05:24.276501;;;WHEEL_POS;32.933,-31.60
VAL;2026-09-18 17:05:24.314283;;;WHEEL_POS;32.971,-31.60
VAL;2026-09-18 17:05:24.329909;;;WHEEL_POS;32.986,-31.60
VAL;2026-09-18 17:05:24.370688;;;WHEEL_POS;33.018,-31.60
VAL;2026-09-18 17:05:24.386323;;;WHEEL_POS;33.043,-31.60
VAL;2026-09-18 17:05:24.414464;;;WHEEL_POS;33.071,-31.60
VAL;2026-09-18 17:05:24.445719;;;WHEEL_POS;33.102,-31.60
VAL;2026-09-18 17:05:24.476969;;;WHEEL_POS;33.133,-31.60
VAL;2026-09-18 17:05:24.514737;;;WHEEL_POS;33.171,-31.60
VAL;2026-09-18 17:05:24.545987;;;WHEEL_POS;33.202,-31.60
VAL;2026-09-18 17:05:24.561612;;;WHEEL_POS;33.218,-31.60
VAL;2026-09-18 17:05:24.590426;;;WHEEL_POS;33.247,-31.60
VAL;2026-09-18 17:05:24.614560;;;WHEEL_POS;33.271,-31.60
VAL;2026-09-18 17:05:24.645814;;;WHEEL_POS;33.302,-31.60
VAL;2026-09-18 17:05:24.677064;;;WHEEL_POS;33.333,-31.60
VAL;2026-09-18 17:05:24.699198;;;WHEEL_POS;33.356,-31.60
VAL;2026-09-18 17:05:24.730455;;;WHEEL_POS;33.387,-31.60
VAL;2026-09-18 17:05:24.761707;;;WHEEL_POS;33.418,-31.60
VAL;2026-09-18 17:05:24.784842;;;WHEEL_POS;33.441,-31.60
VAL;2026-09-18 17:05:24.814976;;;WHEEL_POS;33.471,-31.60
VAL;2026-09-18 17:05:24.844612;;;WHEEL_POS;33.501,-31.60
VAL;2026-09-18 17:05:24.875868;;;WHEEL_POS;33.532,-31.60
VAL;2026-09-18 17:05:24.915125;;;WHEEL_POS;33.572,-31.60
VAL;2026-09-18 17:05:24.930754;;;WHEEL_POS;33.587,-31.60
VAL;2026-09-18 17:05:24.962003;;;WHEEL_POS;33.618,-31.60
VAL;2026-09-18 17:05:24.992179;;;WHEEL_POS;33.649,-31.60
VAL;2026-09-18 17:05:25.015316;;;WHEEL_POS;33.672,-31.60
VAL;2026-09-18 17:05:25.051422;;;WHEEL_POS;33.708,-31.60
VAL;2026-09-18 17:05:25.067051;;;WHEEL_POS;33.723,-31.60
VAL;2026-09-18 17:05:25.082682;;;WHEEL_POS;33.739,-31.60
VAL;2026-09-18 17:05:25.115435;;;WHEEL_POS;33.772,-31.60
VAL;2026-09-18 17:05:25.146689;;;WHEEL_POS;33.803,-31.60
VAL;2026-09-18 17:05:25.199831;;;WHEEL_POS;33.856,-31.60
VAL;2026-09-18 17:05:25.231087;;;WHEEL_POS;33.888,-31.60
VAL;2026-09-18 17:05:25.246714;;;WHEEL_POS;33.903,-31.60
VAL;2026-09-18 17:05:25.277971;;;WHEEL_POS;33.934,-31.60
VAL;2026-09-18 17:05:25.331353;;;WHEEL_POS;33.988,-31.60
VAL;2026-09-18 17:05:25.349991;;;WHEEL_POS;34.006,-31.60
VAL;2026-09-18 17:05:25.365618;;;WHEEL_POS;34.022,-31.60
VAL;2026-09-18 17:05:25.393293;;;WHEEL_POS;34.050,-31.60
VAL;2026-09-18 17:05:25.415934;;;WHEEL_POS;34.072,-31.60
VAL;2026-09-18 17:05:25.447179;;;WHEEL_POS;34.104,-31.60
VAL;2026-09-18 17:05:25.462805;;;WHEEL_POS;34.119,-31.60
EVENT;2026-09-18 17:05:25.462805;5.7958;;158;Tup
END-TRIAL;2026-09-18 17:05:25.462805;;;The trial ended;
INFO;2026-09-18 17:05:25.462805;37.906531;43.702334;TRIAL-BPOD-TIME;5.795802999999999
STATE;2026-09-18 17:05:25.462805;0;1.247;WheelDotPeriod;1.247
STATE;2026-09-18 17:05:25.462805;1.247;1.2958;Reward;0.048799999999999955
STATE;2026-09-18 17:05:25.462805;1.2958;4.2958;Consumption;3.0
STATE;2026-09-18 17:05:25.462805;4.2958;5.7958;ITI;1.5
STATE;2026-09-18 17:05:25.462805;nan;nan;ErrorConsumption;nan
STATE;2026-09-18 17:05:25.462805;nan;nan;IncorrectITI;nan
STATE;2026-09-18 17:05:25.462805;nan;nan;NoResponse;nan
VAL;2026-09-18 17:05:25.531823;;;INCLUDED;True
VAL;2026-09-18 17:05:25.531823;;;CONSUMPTION_LICKED;False
VAL;2026-09-18 17:05:25.531823;;;LED_ON_TIME;28.32510232925415
VAL;2026-09-18 17:05:25.531823;;;DOT_ONSET_JITTER_S;0.1916875191387151
VAL;2026-09-18 17:05:25.531823;;;DOT_ONSET_TIME;28.516789848392865
VAL;2026-09-18 17:05:25.531823;;;THRESHOLD_CROSSING_TIME;29.57210232925415
VAL;2026-09-18 17:05:25.531823;;;DOT_DISAPPEAR_JITTER_S;0.6357547299943583
VAL;2026-09-18 17:05:25.531823;;;DOT_DISAPPEAR_TIME;30.207857059248507
VAL;2026-09-18 17:05:25.531823;;;CORRECT;True
stdout;2026-09-18 17:05:25.531823;;;Trial 4 (warmup): side=L, Reward -> reward;
stdout;2026-09-18 17:05:25.531823;;;|
|;
VAL;2026-09-18 17:05:26.101965;;;TRIAL_INIT_START;34.75839638710022
VAL;2026-09-18 17:05:26.133221;;;WHEEL_POS;34.790,-31.60
VAL;2026-09-18 17:05:26.148847;;;WHEEL_POS;34.805,-31.60
VAL;2026-09-18 17:05:26.181605;;;WHEEL_POS;34.838,-31.60
VAL;2026-09-18 17:05:26.202245;;;WHEEL_POS;34.859,-31.60
VAL;2026-09-18 17:05:26.217878;;;WHEEL_POS;34.874,-31.60
VAL;2026-09-18 17:05:26.249129;;;WHEEL_POS;34.906,-31.60
VAL;2026-09-18 17:05:26.264756;;;WHEEL_POS;34.921,-31.60
VAL;2026-09-18 17:05:26.280382;;;TRIAL_START;34.921186685562134
VAL;2026-09-18 17:05:26.280382;;;QUIESCENCE_BREAKS;0
VAL;2026-09-18 17:05:26.280382;;;TRIAL_TYPE;warmup
VAL;2026-09-18 17:05:26.450067;;;TRIAL_SIDE;R
VAL;2026-09-18 17:05:26.450067;;;CLICK_TIMES_L;
VAL;2026-09-18 17:05:26.450067;;;CLICK_TIMES_R;0.0692,0.1249,0.1466
VAL;2026-09-18 17:05:26.450067;;;N_CLICKS_L;0
VAL;2026-09-18 17:05:26.450067;;;N_CLICKS_R;3
VAL;2026-09-18 17:05:26.450067;;;STIM_SEED;358622675
VAL;2026-09-18 17:05:26.450067;;;CUE_ABORT_THRESHOLD_DEG;10.0
VAL;2026-09-18 17:05:26.450067;;;RESPONSE_THRESHOLD_DEG;35.0
VAL;2026-09-18 17:05:26.450067;;;QUIESCENCE_DUR_S;0.1
VAL;2026-09-18 17:05:26.450067;;;ITI_S;1.5
VAL;2026-09-18 17:05:26.450067;;;CLICK_LEVEL_ATTENUATED;False
stdout;2026-09-18 17:05:26.450067;;;Trial 5 (warmup): side=R, n_L=0, n_R=3;
stdout;2026-09-18 17:05:26.450067;;;|
|;
VAL;2026-09-18 17:05:26.450067;;;SM_SEND_TIME;35.1064977645874
VAL;2026-09-18 17:05:26.450067;;;CUE_ONSET_TIME;35.1274977645874
TRIAL;2026-09-18 17:05:26.450067;;;New trial;
VAL;2026-09-18 17:05:26.450067;;;WHEEL_POS;35.106,0.00
VAL;2026-09-18 17:05:26.481318;;;WHEEL_POS;35.138,0.00
VAL;2026-09-18 17:05:26.496944;;;WHEEL_POS;35.153,0.00
VAL;2026-09-18 17:05:26.519080;;;WHEEL_POS;35.176,0.00
VAL;2026-09-18 17:05:26.534706;;;WHEEL_POS;35.191,0.00
VAL;2026-09-18 17:05:26.565958;;;WHEEL_POS;35.222,0.00
VAL;2026-09-18 17:05:26.597961;;;WHEEL_POS;35.254,0.00
VAL;2026-09-18 17:05:26.619094;;;WHEEL_POS;35.276,0.00
VAL;2026-09-18 17:05:26.634720;;;WHEEL_POS;35.291,0.00
VAL;2026-09-18 17:05:26.664853;;;WHEEL_POS;35.321,0.00
VAL;2026-09-18 17:05:26.696106;;;WHEEL_POS;35.353,0.00
VAL;2026-09-18 17:05:26.719242;;;WHEEL_POS;35.376,0.00
EVENT;2026-09-18 17:05:26.734867;0.271;;158;Tup
TRANSITION;2026-09-18 17:05:26.734867;0.271;;DelayPeriod;
VAL;2026-09-18 17:05:26.734867;;;WHEEL_POS;35.391,0.00
VAL;2026-09-18 17:05:26.766119;;;WHEEL_POS;35.423,0.00
VAL;2026-09-18 17:05:26.785605;;;WHEEL_POS;35.442,0.00
VAL;2026-09-18 17:05:26.803737;;;WHEEL_POS;35.460,0.00
VAL;2026-09-18 17:05:26.819365;;;WHEEL_POS;35.476,0.00
VAL;2026-09-18 17:05:26.850618;;;WHEEL_POS;35.507,0.00
VAL;2026-09-18 17:05:26.881871;;;WHEEL_POS;35.538,0.00
EVENT;2026-09-18 17:05:26.904001;0.44570000000000004;;158;Tup
TRANSITION;2026-09-18 17:05:26.904001;0.44570000000000004;;CueComplete;
EVENT;2026-09-18 17:05:26.904001;0.44580000000000003;;158;Tup
END-TRIAL;2026-09-18 17:05:26.904001;;;The trial ended;
INFO;2026-09-18 17:05:26.904001;44.696431;45.142234;TRIAL-BPOD-TIME;0.44580300000000506
STATE;2026-09-18 17:05:26.904001;0;0.271;CuePeriod;0.271
STATE;2026-09-18 17:05:26.904001;0.271;0.44570000000000004;DelayPeriod;0.17470000000000002
STATE;2026-09-18 17:05:26.904001;0.44570000000000004;0.44580000000000003;CueComplete;9.999999999998899e-05
STATE;2026-09-18 17:05:26.904001;nan;nan;WheelAbort;nan
STATE;2026-09-18 17:05:26.904001;nan;nan;AbortITI;nan
VAL;2026-09-18 17:05:26.919630;;;SM_SEND_TIME;35.57606101036072
TRIAL;2026-09-18 17:05:26.919630;;;New trial;
VAL;2026-09-18 17:05:26.919630;;;WHEEL_POS;35.576,0.00
VAL;2026-09-18 17:05:26.964751;;;WHEEL_POS;35.621,0.00
VAL;2026-09-18 17:05:27.004051;;;WHEEL_POS;35.660,0.00
VAL;2026-09-18 17:05:27.019681;;;WHEEL_POS;35.676,0.00
VAL;2026-09-18 17:05:27.052437;;;WHEEL_POS;35.709,0.00
VAL;2026-09-18 17:05:27.068073;;;WHEEL_POS;35.725,0.00
VAL;2026-09-18 17:05:27.104323;;;WHEEL_POS;35.761,0.00
VAL;2026-09-18 17:05:27.135583;;;WHEEL_POS;35.792,0.00
VAL;2026-09-18 17:05:27.151206;;;WHEEL_POS;35.808,0.00
VAL;2026-09-18 17:05:27.166831;;;WHEEL_POS;35.823,0.00
VAL;2026-09-18 17:05:27.204600;;;WHEEL_POS;35.861,0.00
VAL;2026-09-18 17:05:27.220231;;;WHEEL_POS;35.877,0.40
VAL;2026-09-18 17:05:27.267114;;;WHEEL_POS;35.924,1.10
VAL;2026-09-18 17:05:27.282736;;;WHEEL_POS;35.939,1.80
EVENT;2026-09-18 17:05:27.304866;0.3911;;1;RotaryEncoder1_2
VAL;2026-09-18 17:05:27.336127;;;WHEEL_POS;35.993,4.60
VAL;2026-09-18 17:05:27.354281;;;WHEEL_POS;36.011,6.30
VAL;2026-09-18 17:05:27.369906;;;WHEEL_POS;36.026,7.40
VAL;2026-09-18 17:05:27.404714;;;WHEEL_POS;36.061,8.80
EVENT;2026-09-18 17:05:27.435970;0.5134000000000001;;5;RotaryEncoder1_6
VAL;2026-09-18 17:05:27.435970;;;WHEEL_POS;36.092,9.80
VAL;2026-09-18 17:05:27.467226;;;WHEEL_POS;36.124,10.50
VAL;2026-09-18 17:05:27.482848;;;WHEEL_POS;36.139,10.90
VAL;2026-09-18 17:05:27.520633;;;WHEEL_POS;36.177,11.60
VAL;2026-09-18 17:05:27.551892;;;WHEEL_POS;36.208,12.00
VAL;2026-09-18 17:05:27.583137;;;WHEEL_POS;36.240,13.00
VAL;2026-09-18 17:05:27.605011;;;WHEEL_POS;36.261,13.70
VAL;2026-09-18 17:05:27.620644;;;WHEEL_POS;36.277,14.40
VAL;2026-09-18 17:05:27.651893;;;WHEEL_POS;36.308,15.50
VAL;2026-09-18 17:05:27.683149;;;WHEEL_POS;36.340,16.90
VAL;2026-09-18 17:05:27.720904;;;WHEEL_POS;36.377,18.30
VAL;2026-09-18 17:05:27.752162;;;WHEEL_POS;36.409,19.30
VAL;2026-09-18 17:05:27.791757;;;WHEEL_POS;36.448,21.10
VAL;2026-09-18 17:05:27.820900;;;WHEEL_POS;36.477,22.90
VAL;2026-09-18 17:05:27.852147;;;WHEEL_POS;36.509,24.60
VAL;2026-09-18 17:05:27.867780;;;WHEEL_POS;36.524,25.70
VAL;2026-09-18 17:05:27.899026;;;WHEEL_POS;36.555,27.10
VAL;2026-09-18 17:05:27.936793;;;WHEEL_POS;36.593,28.50
VAL;2026-09-18 17:05:27.964938;;;WHEEL_POS;36.621,30.20
VAL;2026-09-18 17:05:28.005722;;;WHEEL_POS;36.662,31.60
VAL;2026-09-18 17:05:28.036977;;;WHEEL_POS;36.693,32.00
VAL;2026-09-18 17:05:28.057124;;;WHEEL_POS;36.714,32.30
VAL;2026-09-18 17:05:28.072756;;;WHEEL_POS;36.729,32.70
VAL;2026-09-18 17:05:28.106013;;;WHEEL_POS;36.762,33.00
VAL;2026-09-18 17:05:28.121647;;;WHEEL_POS;36.778,33.00
VAL;2026-09-18 17:05:28.152896;;;WHEEL_POS;36.809,33.80
VAL;2026-09-18 17:05:28.184146;;;WHEEL_POS;36.841,34.50
VAL;2026-09-18 17:05:28.206166;;;WHEEL_POS;36.863,34.80
VAL;2026-09-18 17:05:28.221802;;;WHEEL_POS;36.878,34.80
EVENT;2026-09-18 17:05:28.221802;1.3018;;3;RotaryEncoder1_4
TRANSITION;2026-09-18 17:05:28.221802;1.3018;;Reward;
VAL;2026-09-18 17:05:28.253054;;;WHEEL_POS;36.909,35.50
EVENT;2026-09-18 17:05:28.268679;1.3506;;158;Tup
TRANSITION;2026-09-18 17:05:28.268679;1.3506;;Consumption;
VAL;2026-09-18 17:05:28.284304;;;WHEEL_POS;36.941,35.50
VAL;2026-09-18 17:05:28.322065;;;WHEEL_POS;36.978,36.20
VAL;2026-09-18 17:05:28.342622;;;WHEEL_POS;36.999,36.20
VAL;2026-09-18 17:05:28.358252;;;WHEEL_POS;37.015,36.20
VAL;2026-09-18 17:05:28.373877;;;WHEEL_POS;37.030,36.20
VAL;2026-09-18 17:05:28.406553;;;WHEEL_POS;37.063,36.20
VAL;2026-09-18 17:05:28.437808;;;WHEEL_POS;37.094,36.20
VAL;2026-09-18 17:05:28.469060;;;WHEEL_POS;37.125,36.20
VAL;2026-09-18 17:05:28.484685;;;WHEEL_POS;37.141,36.20
VAL;2026-09-18 17:05:28.522446;;;WHEEL_POS;37.179,36.20
VAL;2026-09-18 17:05:28.553699;;;WHEEL_POS;37.210,36.20
VAL;2026-09-18 17:05:28.584951;;;WHEEL_POS;37.241,36.20
VAL;2026-09-18 17:05:28.609984;;;WHEEL_POS;37.266,36.20
VAL;2026-09-18 17:05:28.641238;;;WHEEL_POS;37.298,36.20
VAL;2026-09-18 17:05:28.656865;;;WHEEL_POS;37.313,36.20
VAL;2026-09-18 17:05:28.693159;;;WHEEL_POS;37.350,36.20
VAL;2026-09-18 17:05:28.707170;;;WHEEL_POS;37.364,36.20
VAL;2026-09-18 17:05:28.738423;;;WHEEL_POS;37.395,36.20
VAL;2026-09-18 17:05:28.769676;;;WHEEL_POS;37.426,36.20
VAL;2026-09-18 17:05:28.807490;;;WHEEL_POS;37.464,36.20
VAL;2026-09-18 17:05:28.829627;;;WHEEL_POS;37.486,36.20
VAL;2026-09-18 17:05:28.845257;;;WHEEL_POS;37.502,36.20
VAL;2026-09-18 17:05:28.860886;;;WHEEL_POS;37.517,36.20
VAL;2026-09-18 17:05:28.892136;;;WHEEL_POS;37.549,36.20
VAL;2026-09-18 17:05:28.907648;;;WHEEL_POS;37.564,36.20
VAL;2026-09-18 17:05:28.938909;;;WHEEL_POS;37.595,36.20
VAL;2026-09-18 17:05:28.981810;;;WHEEL_POS;37.638,36.20
VAL;2026-09-18 17:05:28.997428;;;WHEEL_POS;37.654,36.20
VAL;2026-09-18 17:05:29.026073;;;WHEEL_POS;37.683,36.20
VAL;2026-09-18 17:05:29.041703;;;WHEEL_POS;37.698,36.20
VAL;2026-09-18 17:05:29.070354;;;WHEEL_POS;37.727,36.20
VAL;2026-09-18 17:05:29.101606;;;WHEEL_POS;37.758,36.20
VAL;2026-09-18 17:05:29.123742;;;WHEEL_POS;37.780,36.20
VAL;2026-09-18 17:05:29.154991;;;WHEEL_POS;37.811,36.20
VAL;2026-09-18 17:05:29.170618;;;WHEEL_POS;37.827,36.20
VAL;2026-09-18 17:05:29.201879;;;WHEEL_POS;37.858,36.20
VAL;2026-09-18 17:05:29.242159;;;WHEEL_POS;37.899,36.20
VAL;2026-09-18 17:05:29.257781;;;WHEEL_POS;37.914,36.20
VAL;2026-09-18 17:05:29.289033;;;WHEEL_POS;37.945,36.20
VAL;2026-09-18 17:05:29.308676;;;WHEEL_POS;37.965,36.20
VAL;2026-09-18 17:05:29.324309;;;WHEEL_POS;37.981,36.20
VAL;2026-09-18 17:05:29.375107;;;WHEEL_POS;38.032,36.20
VAL;2026-09-18 17:05:29.390730;;;WHEEL_POS;38.047,36.20
VAL;2026-09-18 17:05:29.442664;;;WHEEL_POS;38.099,36.20
VAL;2026-09-18 17:05:29.458285;;;WHEEL_POS;38.115,36.20
VAL;2026-09-18 17:05:29.489536;;;WHEEL_POS;38.146,36.20
VAL;2026-09-18 17:05:29.524313;;;WHEEL_POS;38.181,36.20
VAL;2026-09-18 17:05:29.539940;;;WHEEL_POS;38.196,36.20
VAL;2026-09-18 17:05:29.555566;;;WHEEL_POS;38.212,36.20
VAL;2026-09-18 17:05:29.586819;;;WHEEL_POS;38.243,36.20
VAL;2026-09-18 17:05:29.643069;;;WHEEL_POS;38.299,36.20
VAL;2026-09-18 17:05:29.658689;;;WHEEL_POS;38.315,36.20
VAL;2026-09-18 17:05:29.705571;;;WHEEL_POS;38.362,36.20
VAL;2026-09-18 17:05:29.724711;;;WHEEL_POS;38.381,36.20
VAL;2026-09-18 17:05:29.755961;;;WHEEL_POS;38.412,36.20
VAL;2026-09-18 17:05:29.788062;;;WHEEL_POS;38.444,36.20
VAL;2026-09-18 17:05:29.809201;;;WHEEL_POS;38.466,36.20
VAL;2026-09-18 17:05:29.827866;;;WHEEL_POS;38.484,36.20
VAL;2026-09-18 17:05:29.859118;;;WHEEL_POS;38.516,36.20
VAL;2026-09-18 17:05:29.874746;;;WHEEL_POS;38.531,36.20
VAL;2026-09-18 17:05:29.909029;;;WHEEL_POS;38.565,36.20
VAL;2026-09-18 17:05:29.940287;;;WHEEL_POS;38.597,36.20
VAL;2026-09-18 17:05:29.967274;;;WHEEL_POS;38.624,36.20
VAL;2026-09-18 17:05:29.998575;;;WHEEL_POS;38.655,36.20
VAL;2026-09-18 17:05:30.043849;;;WHEEL_POS;38.700,36.20
VAL;2026-09-18 17:05:30.071839;;;WHEEL_POS;38.728,36.20
VAL;2026-09-18 17:05:30.109103;;;WHEEL_POS;38.766,36.20
VAL;2026-09-18 17:05:30.124736;;;WHEEL_POS;38.781,36.20
VAL;2026-09-18 17:05:30.171616;;;WHEEL_POS;38.828,36.20
VAL;2026-09-18 17:05:30.187238;;;WHEEL_POS;38.844,36.20
VAL;2026-09-18 17:05:30.202863;;;WHEEL_POS;38.859,36.20
VAL;2026-09-18 17:05:30.229381;;;WHEEL_POS;38.886,36.20
VAL;2026-09-18 17:05:30.260634;;;WHEEL_POS;38.917,36.20
VAL;2026-09-18 17:05:30.291886;;;WHEEL_POS;38.948,36.20
VAL;2026-09-18 17:05:30.325155;;;WHEEL_POS;38.982,36.20
VAL;2026-09-18 17:05:30.344287;;;WHEEL_POS;39.001,36.20
VAL;2026-09-18 17:05:30.359915;;;WHEEL_POS;39.016,36.20
VAL;2026-09-18 17:05:30.391168;;;WHEEL_POS;39.048,36.20
VAL;2026-09-18 17:05:30.409804;;;WHEEL_POS;39.066,36.20
VAL;2026-09-18 17:05:30.445105;;;WHEEL_POS;39.102,36.20
VAL;2026-09-18 17:05:30.460728;;;WHEEL_POS;39.117,36.20
VAL;2026-09-18 17:05:30.507606;;;WHEEL_POS;39.164,36.20
VAL;2026-09-18 17:05:30.525251;;;WHEEL_POS;39.182,36.20
VAL;2026-09-18 17:05:30.556499;;;WHEEL_POS;39.213,36.20
VAL;2026-09-18 17:05:30.587755;;;WHEEL_POS;39.244,36.20
VAL;2026-09-18 17:05:30.629961;;;WHEEL_POS;39.286,36.20
VAL;2026-09-18 17:05:30.665228;;;WHEEL_POS;39.322,36.20
VAL;2026-09-18 17:05:30.709992;;;WHEEL_POS;39.366,36.20
VAL;2026-09-18 17:05:30.725623;;;WHEEL_POS;39.382,36.20
VAL;2026-09-18 17:05:30.756875;;;WHEEL_POS;39.413,36.20
VAL;2026-09-18 17:05:30.789206;;;WHEEL_POS;39.446,36.20
VAL;2026-09-18 17:05:30.809845;;;WHEEL_POS;39.466,36.20
VAL;2026-09-18 17:05:30.829978;;;WHEEL_POS;39.486,36.20
VAL;2026-09-18 17:05:30.861231;;;WHEEL_POS;39.518,36.20
VAL;2026-09-18 17:05:30.892482;;;WHEEL_POS;39.549,36.20
VAL;2026-09-18 17:05:30.925771;;;WHEEL_POS;39.582,36.20
VAL;2026-09-18 17:05:30.983162;;;WHEEL_POS;39.640,36.20
VAL;2026-09-18 17:05:30.998784;;;WHEEL_POS;39.655,36.20
VAL;2026-09-18 17:05:31.029930;;;WHEEL_POS;39.686,36.20
VAL;2026-09-18 17:05:31.072039;;;WHEEL_POS;39.728,36.20
VAL;2026-09-18 17:05:31.103303;;;WHEEL_POS;39.760,36.20
VAL;2026-09-18 17:05:31.125948;;;WHEEL_POS;39.782,36.20
VAL;2026-09-18 17:05:31.141575;;;WHEEL_POS;39.798,36.20
VAL;2026-09-18 17:05:31.172831;;;WHEEL_POS;39.829,36.20
VAL;2026-09-18 17:05:31.204079;;;WHEEL_POS;39.861,36.20
VAL;2026-09-18 17:05:31.245853;;;WHEEL_POS;39.902,36.20
VAL;2026-09-18 17:05:31.261474;;;WHEEL_POS;39.918,36.20
EVENT;2026-09-18 17:05:31.277102;4.3506;;158;Tup
TRANSITION;2026-09-18 17:05:31.277102;4.3506;;ITI;
VAL;2026-09-18 17:05:31.308359;;;WHEEL_POS;39.965,36.20
VAL;2026-09-18 17:05:31.326508;;;WHEEL_POS;39.983,36.20
VAL;2026-09-18 17:05:31.360768;;;WHEEL_POS;40.017,36.20
VAL;2026-09-18 17:05:31.392024;;;WHEEL_POS;40.048,36.20
VAL;2026-09-18 17:05:31.411162;;;WHEEL_POS;40.068,36.20
VAL;2026-09-18 17:05:31.430345;;;WHEEL_POS;40.087,36.20
VAL;2026-09-18 17:05:31.461598;;;WHEEL_POS;40.118,36.20
VAL;2026-09-18 17:05:31.492849;;;WHEEL_POS;40.149,36.20
VAL;2026-09-18 17:05:31.526626;;;WHEEL_POS;40.183,36.20
VAL;2026-09-18 17:05:31.557880;;;WHEEL_POS;40.214,36.20
VAL;2026-09-18 17:05:31.589132;;;WHEEL_POS;40.246,36.20
VAL;2026-09-18 17:05:31.604757;;;WHEEL_POS;40.261,36.20
VAL;2026-09-18 17:05:31.647099;;;WHEEL_POS;40.304,36.20
VAL;2026-09-18 17:05:31.662718;;;WHEEL_POS;40.319,36.20
VAL;2026-09-18 17:05:31.711120;;;WHEEL_POS;40.368,36.20
VAL;2026-09-18 17:05:31.726753;;;WHEEL_POS;40.383,36.20
VAL;2026-09-18 17:05:31.758005;;;WHEEL_POS;40.414,36.20
VAL;2026-09-18 17:05:31.773638;;;WHEEL_POS;40.430,36.20
VAL;2026-09-18 17:05:31.811194;;;WHEEL_POS;40.468,36.20
VAL;2026-09-18 17:05:31.831909;;;WHEEL_POS;40.488,36.20
VAL;2026-09-18 17:05:31.863161;;;WHEEL_POS;40.520,36.20
VAL;2026-09-18 17:05:31.894413;;;WHEEL_POS;40.551,36.20
VAL;2026-09-18 17:05:31.911063;;;WHEEL_POS;40.567,36.20
VAL;2026-09-18 17:05:31.942322;;;WHEEL_POS;40.599,36.20
VAL;2026-09-18 17:05:31.972468;;;WHEEL_POS;40.629,36.20
VAL;2026-09-18 17:05:32.003721;;;WHEEL_POS;40.660,36.20
VAL;2026-09-18 17:05:32.048579;;;WHEEL_POS;40.705,36.20
VAL;2026-09-18 17:05:32.073232;;;WHEEL_POS;40.730,36.20
VAL;2026-09-18 17:05:32.088859;;;WHEEL_POS;40.745,36.20
VAL;2026-09-18 17:05:32.127127;;;WHEEL_POS;40.784,36.20
VAL;2026-09-18 17:05:32.142754;;;WHEEL_POS;40.799,36.20
VAL;2026-09-18 17:05:32.174010;;;WHEEL_POS;40.830,36.20
VAL;2026-09-18 17:05:32.205258;;;WHEEL_POS;40.862,36.20
VAL;2026-09-18 17:05:32.249377;;;WHEEL_POS;40.906,36.20
VAL;2026-09-18 17:05:32.264998;;;WHEEL_POS;40.921,36.20
VAL;2026-09-18 17:05:32.311760;;;WHEEL_POS;40.968,36.20
VAL;2026-09-18 17:05:32.327392;;;WHEEL_POS;40.984,36.20
VAL;2026-09-18 17:05:32.362501;;;WHEEL_POS;41.019,36.20
VAL;2026-09-18 17:05:32.393756;;;WHEEL_POS;41.050,36.20
VAL;2026-09-18 17:05:32.434058;;;WHEEL_POS;41.090,36.20
VAL;2026-09-18 17:05:32.449687;;;WHEEL_POS;41.106,36.20
VAL;2026-09-18 17:05:32.480937;;;WHEEL_POS;41.137,36.20
VAL;2026-09-18 17:05:32.496564;;;WHEEL_POS;41.153,36.20
VAL;2026-09-18 17:05:32.527711;;;WHEEL_POS;41.184,36.20
VAL;2026-09-18 17:05:32.558963;;;WHEEL_POS;41.215,36.20
VAL;2026-09-18 17:05:32.574597;;;WHEEL_POS;41.231,36.20
VAL;2026-09-18 17:05:32.605845;;;WHEEL_POS;41.262,36.20
VAL;2026-09-18 17:05:32.634856;;;WHEEL_POS;41.291,36.20
VAL;2026-09-18 17:05:32.666109;;;WHEEL_POS;41.323,36.20
VAL;2026-09-18 17:05:32.681735;;;WHEEL_POS;41.338,36.20
VAL;2026-09-18 17:05:32.728003;;;WHEEL_POS;41.384,36.20
VAL;2026-09-18 17:05:32.743628;;;WHEEL_POS;41.400,36.20
EVENT;2026-09-18 17:05:32.774884;5.8506;;158;Tup
END-TRIAL;2026-09-18 17:05:32.774884;;;The trial ended;
INFO;2026-09-18 17:05:32.774884;45.157431;51.008034;TRIAL-BPOD-TIME;5.8506029999999996
STATE;2026-09-18 17:05:32.774884;0;1.3018;WheelDotPeriod;1.3018
STATE;2026-09-18 17:05:32.774884;1.3018;1.3506;Reward;0.048799999999999955
STATE;2026-09-18 17:05:32.774884;1.3506;4.3506;Consumption;3.0
STATE;2026-09-18 17:05:32.774884;4.3506;5.8506;ITI;1.5
STATE;2026-09-18 17:05:32.774884;nan;nan;ErrorConsumption;nan
STATE;2026-09-18 17:05:32.774884;nan;nan;IncorrectITI;nan
STATE;2026-09-18 17:05:32.774884;nan;nan;NoResponse;nan
VAL;2026-09-18 17:05:32.774884;;;WHEEL_POS;41.431,36.20
VAL;2026-09-18 17:05:32.845914;;;INCLUDED;True
VAL;2026-09-18 17:05:32.845914;;;CONSUMPTION_LICKED;False
VAL;2026-09-18 17:05:32.845914;;;LED_ON_TIME;35.57606101036072
VAL;2026-09-18 17:05:32.845914;;;DOT_ONSET_JITTER_S;0.11093943029574133
VAL;2026-09-18 17:05:32.845914;;;DOT_ONSET_TIME;35.68700044065646
VAL;2026-09-18 17:05:32.845914;;;THRESHOLD_CROSSING_TIME;36.87786101036072
VAL;2026-09-18 17:05:32.845914;;;DOT_DISAPPEAR_JITTER_S;0.6381261989363705
VAL;2026-09-18 17:05:32.845914;;;DOT_DISAPPEAR_TIME;37.51598720929709
VAL;2026-09-18 17:05:32.845914;;;CORRECT;True
stdout;2026-09-18 17:05:32.845914;;;Trial 5 (warmup): side=R, Reward -> reward;
stdout;2026-09-18 17:05:32.845914;;;|
|;
VAL;2026-09-18 17:05:33.421216;;;TRIAL_INIT_START;42.07764720916748
VAL;2026-09-18 17:05:33.452475;;;WHEEL_POS;42.109,36.20
VAL;2026-09-18 17:05:33.483725;;;WHEEL_POS;42.140,36.20
VAL;2026-09-18 17:05:33.529489;;;WHEEL_POS;42.186,36.20
VAL;2026-09-18 17:05:33.560741;;;WHEEL_POS;42.217,36.20
VAL;2026-09-18 17:05:33.591993;;;WHEEL_POS;42.248,36.20
VAL;2026-09-18 17:05:33.614128;;;TRIAL_START;42.24842405319214
VAL;2026-09-18 17:05:33.614128;;;QUIESCENCE_BREAKS;0
VAL;2026-09-18 17:05:33.614128;;;TRIAL_TYPE;warmup
VAL;2026-09-18 17:05:33.761315;;;TRIAL_SIDE;L
VAL;2026-09-18 17:05:33.761315;;;CLICK_TIMES_L;0.0150,0.0604,0.1845,0.2354
VAL;2026-09-18 17:05:33.761315;;;CLICK_TIMES_R;
VAL;2026-09-18 17:05:33.761315;;;N_CLICKS_L;4
VAL;2026-09-18 17:05:33.761315;;;N_CLICKS_R;0
VAL;2026-09-18 17:05:33.761315;;;STIM_SEED;90161369
VAL;2026-09-18 17:05:33.761315;;;CUE_ABORT_THRESHOLD_DEG;10.0
VAL;2026-09-18 17:05:33.761315;;;RESPONSE_THRESHOLD_DEG;35.0
VAL;2026-09-18 17:05:33.761315;;;QUIESCENCE_DUR_S;0.1
VAL;2026-09-18 17:05:33.761315;;;ITI_S;1.5
VAL;2026-09-18 17:05:33.761315;;;CLICK_LEVEL_ATTENUATED;False
stdout;2026-09-18 17:05:33.761315;;;Trial 6 (warmup): side=L, n_L=4, n_R=0;
stdout;2026-09-18 17:05:33.761315;;;|
|;
VAL;2026-09-18 17:05:33.761315;;;SM_SEND_TIME;42.41774582862854
VAL;2026-09-18 17:05:33.761315;;;CUE_ONSET_TIME;42.43874582862854
TRIAL;2026-09-18 17:05:33.761315;;;New trial;
VAL;2026-09-18 17:05:33.761315;;;WHEEL_POS;42.418,0.00
VAL;2026-09-18 17:05:33.806611;;;WHEEL_POS;42.463,0.00
VAL;2026-09-18 17:05:33.837756;;;WHEEL_POS;42.494,0.00
VAL;2026-09-18 17:05:33.869008;;;WHEEL_POS;42.525,0.00
VAL;2026-09-18 17:05:33.884637;;;WHEEL_POS;42.541,0.00
VAL;2026-09-18 17:05:33.930396;;;WHEEL_POS;42.587,0.00
VAL;2026-09-18 17:05:33.970523;;;WHEEL_POS;42.627,0.00
VAL;2026-09-18 17:05:34.001773;;;WHEEL_POS;42.658,0.00
VAL;2026-09-18 17:05:34.022842;;;WHEEL_POS;42.679,0.00
VAL;2026-09-18 17:05:34.038470;;;WHEEL_POS;42.695,0.00
EVENT;2026-09-18 17:05:34.038470;0.271;;158;Tup
TRANSITION;2026-09-18 17:05:34.038470;0.271;;DelayPeriod;
VAL;2026-09-18 17:05:34.060942;;;WHEEL_POS;42.717,0.00
VAL;2026-09-18 17:05:34.076569;;;WHEEL_POS;42.733,0.00
VAL;2026-09-18 17:05:34.107823;;;WHEEL_POS;42.764,0.00
VAL;2026-09-18 17:05:34.130458;;;WHEEL_POS;42.787,0.00
VAL;2026-09-18 17:05:34.161710;;;WHEEL_POS;42.818,0.00
EVENT;2026-09-18 17:05:34.177335;0.4151;;158;Tup
TRANSITION;2026-09-18 17:05:34.177335;0.4151;;CueComplete;
EVENT;2026-09-18 17:05:34.177335;0.4152;;158;Tup
END-TRIAL;2026-09-18 17:05:34.177335;;;The trial ended;
INFO;2026-09-18 17:05:34.177335;52.005331;52.420535;TRIAL-BPOD-TIME;0.4152040000000028
STATE;2026-09-18 17:05:34.177335;0;0.271;CuePeriod;0.271
STATE;2026-09-18 17:05:34.177335;0.271;0.4151;DelayPeriod;0.1441
STATE;2026-09-18 17:05:34.177335;0.4151;0.4152;CueComplete;9.999999999998899e-05
STATE;2026-09-18 17:05:34.177335;nan;nan;WheelAbort;nan
STATE;2026-09-18 17:05:34.177335;nan;nan;AbortITI;nan
VAL;2026-09-18 17:05:34.192962;;;SM_SEND_TIME;42.849393129348755
TRIAL;2026-09-18 17:05:34.192962;;;New trial;
VAL;2026-09-18 17:05:34.192962;;;WHEEL_POS;42.849,0.00
VAL;2026-09-18 17:05:34.224192;;;WHEEL_POS;42.881,0.00
VAL;2026-09-18 17:05:34.239819;;;WHEEL_POS;42.896,0.00
VAL;2026-09-18 17:05:34.271072;;;WHEEL_POS;42.928,0.00
VAL;2026-09-18 17:05:34.286699;;;WHEEL_POS;42.943,0.00
VAL;2026-09-18 17:05:34.330961;;;WHEEL_POS;42.987,0.00
VAL;2026-09-18 17:05:34.348592;;;WHEEL_POS;43.005,0.00
VAL;2026-09-18 17:05:34.364221;;;WHEEL_POS;43.021,0.00
VAL;2026-09-18 17:05:34.379847;;;WHEEL_POS;43.036,0.00
VAL;2026-09-18 17:05:34.415612;;;WHEEL_POS;43.072,0.00
VAL;2026-09-18 17:05:34.440282;;;WHEEL_POS;43.097,0.00
VAL;2026-09-18 17:05:34.455915;;;WHEEL_POS;43.112,0.00
VAL;2026-09-18 17:05:34.487162;;;WHEEL_POS;43.144,0.00
VAL;2026-09-18 17:05:34.547053;;;WHEEL_POS;43.203,0.00
VAL;2026-09-18 17:05:34.562674;;;WHEEL_POS;43.219,0.00
VAL;2026-09-18 17:05:34.593926;;;WHEEL_POS;43.250,0.00
VAL;2026-09-18 17:05:34.627379;;;WHEEL_POS;43.284,0.00
VAL;2026-09-18 17:05:34.643007;;;WHEEL_POS;43.299,0.40
VAL;2026-09-18 17:05:34.681271;;;WHEEL_POS;43.338,0.70
VAL;2026-09-18 17:05:34.696893;;;WHEEL_POS;43.353,1.10
VAL;2026-09-18 17:05:34.747284;;;WHEEL_POS;43.404,2.10
VAL;2026-09-18 17:05:34.762906;;;WHEEL_POS;43.419,2.50
EVENT;2026-09-18 17:05:34.807276;0.6112000000000001;;1;RotaryEncoder1_2
VAL;2026-09-18 17:05:34.816310;;;WHEEL_POS;43.473,3.90
VAL;2026-09-18 17:05:34.843680;;;WHEEL_POS;43.500,4.60
VAL;2026-09-18 17:05:34.890564;;;WHEEL_POS;43.547,5.60
VAL;2026-09-18 17:05:34.906185;;;WHEEL_POS;43.563,7.40
VAL;2026-09-18 17:05:34.931820;;;WHEEL_POS;43.588,9.50
EVENT;2026-09-18 17:05:34.931820;0.7398;;5;RotaryEncoder1_6
VAL;2026-09-18 17:05:34.972170;;;WHEEL_POS;43.629,12.30
VAL;2026-09-18 17:05:34.987796;;;WHEEL_POS;43.644,13.40
VAL;2026-09-18 17:05:35.029324;;;WHEEL_POS;43.686,16.20
VAL;2026-09-18 17:05:35.044953;;;WHEEL_POS;43.701,17.20
VAL;2026-09-18 17:05:35.060579;;;WHEEL_POS;43.717,17.90
VAL;2026-09-18 17:05:35.102201;;;WHEEL_POS;43.759,19.00
VAL;2026-09-18 17:05:35.132340;;;WHEEL_POS;43.789,20.40
VAL;2026-09-18 17:05:35.163597;;;WHEEL_POS;43.820,21.80
VAL;2026-09-18 17:05:35.194844;;;WHEEL_POS;43.851,22.90
VAL;2026-09-18 17:05:35.229492;;;WHEEL_POS;43.886,23.60
VAL;2026-09-18 17:05:35.260751;;;WHEEL_POS;43.917,24.30
VAL;2026-09-18 17:05:35.292008;;;WHEEL_POS;43.948,25.30
VAL;2026-09-18 17:05:35.332762;;;WHEEL_POS;43.989,26.00
VAL;2026-09-18 17:05:35.366544;;;WHEEL_POS;44.023,27.40
VAL;2026-09-18 17:05:35.413427;;;WHEEL_POS;44.070,28.80
VAL;2026-09-18 17:05:35.433521;;;WHEEL_POS;44.090,29.90
VAL;2026-09-18 17:05:35.449150;;;WHEEL_POS;44.106,30.60
VAL;2026-09-18 17:05:35.464776;;;WHEEL_POS;44.121,31.30
VAL;2026-09-18 17:05:35.496027;;;WHEEL_POS;44.152,32.70
VAL;2026-09-18 17:05:35.533289;;;WHEEL_POS;44.190,33.80
VAL;2026-09-18 17:05:35.564539;;;WHEEL_POS;44.221,34.50
EVENT;2026-09-18 17:05:35.580165;1.3822;;3;RotaryEncoder1_4
TRANSITION;2026-09-18 17:05:35.580165;1.3822;;ErrorConsumption;
VAL;2026-09-18 17:05:35.595791;;;WHEEL_POS;44.252,35.20
VAL;2026-09-18 17:05:35.634716;;;WHEEL_POS;44.291,36.20
VAL;2026-09-18 17:05:35.665971;;;WHEEL_POS;44.322,36.60
VAL;2026-09-18 17:05:35.681596;;;WHEEL_POS;44.338,36.60
VAL;2026-09-18 17:05:35.717852;;;WHEEL_POS;44.374,37.30
VAL;2026-09-18 17:05:35.733482;;;WHEEL_POS;44.390,37.30
VAL;2026-09-18 17:05:35.764735;;;WHEEL_POS;44.421,38.00
VAL;2026-09-18 17:05:35.808278;;;WHEEL_POS;44.465,38.30
VAL;2026-09-18 17:05:35.834914;;;WHEEL_POS;44.491,38.70
VAL;2026-09-18 17:05:35.866167;;;WHEEL_POS;44.523,39.00
VAL;2026-09-18 17:05:35.881795;;;WHEEL_POS;44.538,39.00
VAL;2026-09-18 17:05:35.918052;;;WHEEL_POS;44.574,39.00
VAL;2026-09-18 17:05:35.933682;;;WHEEL_POS;44.590,39.00
VAL;2026-09-18 17:05:35.974359;;;WHEEL_POS;44.631,38.70
VAL;2026-09-18 17:05:36.005612;;;WHEEL_POS;44.662,38.70
VAL;2026-09-18 17:05:36.035789;;;WHEEL_POS;44.692,38.30
EVENT;2026-09-18 17:05:36.079121;1.8822;;158;Tup
TRANSITION;2026-09-18 17:05:36.079121;1.8822;;IncorrectITI;
VAL;2026-09-18 17:05:36.079121;;;WHEEL_POS;44.736,38.30
VAL;2026-09-18 17:05:36.110375;;;WHEEL_POS;44.767,38.30
VAL;2026-09-18 17:05:36.134010;;;WHEEL_POS;44.790,38.30
VAL;2026-09-18 17:05:36.165263;;;WHEEL_POS;44.822,38.30
VAL;2026-09-18 17:05:36.196515;;;WHEEL_POS;44.853,38.30
VAL;2026-09-18 17:05:36.235778;;;WHEEL_POS;44.892,38.30
VAL;2026-09-18 17:05:36.267032;;;WHEEL_POS;44.923,38.30
VAL;2026-09-18 17:05:36.298284;;;WHEEL_POS;44.955,38.30
VAL;2026-09-18 17:05:36.318933;;;WHEEL_POS;44.975,38.30
VAL;2026-09-18 17:05:36.334568;;;WHEEL_POS;44.991,38.30
VAL;2026-09-18 17:05:36.383956;;;WHEEL_POS;45.040,38.30
VAL;2026-09-18 17:05:36.399577;;;WHEEL_POS;45.056,38.30
VAL;2026-09-18 17:05:36.419208;;;WHEEL_POS;45.076,38.30
VAL;2026-09-18 17:05:36.452477;;;WHEEL_POS;45.109,38.30
VAL;2026-09-18 17:05:36.483728;;;WHEEL_POS;45.140,38.30
VAL;2026-09-18 17:05:36.519487;;;WHEEL_POS;45.176,38.30
VAL;2026-09-18 17:05:36.550748;;;WHEEL_POS;45.207,38.30
VAL;2026-09-18 17:05:36.566370;;;WHEEL_POS;45.223,38.30
VAL;2026-09-18 17:05:36.597621;;;WHEEL_POS;45.254,38.30
VAL;2026-09-18 17:05:36.641259;;;WHEEL_POS;45.298,38.30
VAL;2026-09-18 17:05:36.656887;;;WHEEL_POS;45.313,38.30
VAL;2026-09-18 17:05:36.688139;;;WHEEL_POS;45.345,38.30
VAL;2026-09-18 17:05:36.703768;;;WHEEL_POS;45.360,38.30
VAL;2026-09-18 17:05:36.735527;;;WHEEL_POS;45.392,38.30
VAL;2026-09-18 17:05:36.766777;;;WHEEL_POS;45.423,38.30
VAL;2026-09-18 17:05:36.810140;;;WHEEL_POS;45.467,38.30
VAL;2026-09-18 17:05:36.829716;;;WHEEL_POS;45.486,38.30
VAL;2026-09-18 17:05:36.857384;;;WHEEL_POS;45.514,38.30
VAL;2026-09-18 17:05:36.888635;;;WHEEL_POS;45.545,38.30
VAL;2026-09-18 17:05:36.920403;;;WHEEL_POS;45.577,38.30
VAL;2026-09-18 17:05:36.951661;;;WHEEL_POS;45.608,38.30
VAL;2026-09-18 17:05:36.990763;;;WHEEL_POS;45.647,38.30
VAL;2026-09-18 17:05:37.006385;;;WHEEL_POS;45.663,38.30
VAL;2026-09-18 17:05:37.036019;;;WHEEL_POS;45.692,38.30
VAL;2026-09-18 17:05:37.063969;;;WHEEL_POS;45.720,38.30
VAL;2026-09-18 17:05:37.079597;;;WHEEL_POS;45.736,38.30
VAL;2026-09-18 17:05:37.120358;;;WHEEL_POS;45.777,38.30
VAL;2026-09-18 17:05:37.151617;;;WHEEL_POS;45.808,38.30
VAL;2026-09-18 17:05:37.182874;;;WHEEL_POS;45.839,38.30
VAL;2026-09-18 17:05:37.214121;;;WHEEL_POS;45.871,38.30
VAL;2026-09-18 17:05:37.241260;;;WHEEL_POS;45.898,38.30
VAL;2026-09-18 17:05:37.258294;;;WHEEL_POS;45.915,38.30
VAL;2026-09-18 17:05:37.289544;;;WHEEL_POS;45.946,38.30
VAL;2026-09-18 17:05:37.320680;;;WHEEL_POS;45.977,38.30
VAL;2026-09-18 17:05:37.354280;;;WHEEL_POS;46.011,38.30
VAL;2026-09-18 17:05:37.369910;;;WHEEL_POS;46.026,38.30
VAL;2026-09-18 17:05:37.401161;;;WHEEL_POS;46.058,38.30
VAL;2026-09-18 17:05:37.420792;;;WHEEL_POS;46.077,38.30
VAL;2026-09-18 17:05:37.442985;;;WHEEL_POS;46.099,38.30
VAL;2026-09-18 17:05:37.458619;;;WHEEL_POS;46.115,38.30
VAL;2026-09-18 17:05:37.489865;;;WHEEL_POS;46.146,38.30
VAL;2026-09-18 17:05:37.521000;;;WHEEL_POS;46.177,38.30
VAL;2026-09-18 17:05:37.552260;;;WHEEL_POS;46.209,38.30
VAL;2026-09-18 17:05:37.583515;;;WHEEL_POS;46.240,38.30
VAL;2026-09-18 17:05:37.614763;;;WHEEL_POS;46.271,38.30
VAL;2026-09-18 17:05:37.642398;;;WHEEL_POS;46.299,38.30
VAL;2026-09-18 17:05:37.659421;;;WHEEL_POS;46.316,38.30
VAL;2026-09-18 17:05:37.690672;;;WHEEL_POS;46.347,38.30
VAL;2026-09-18 17:05:37.736939;;;WHEEL_POS;46.393,38.30
VAL;2026-09-18 17:05:37.768191;;;WHEEL_POS;46.425,38.30
VAL;2026-09-18 17:05:37.810786;;;WHEEL_POS;46.467,38.30
VAL;2026-09-18 17:05:37.836921;;;WHEEL_POS;46.493,38.30
VAL;2026-09-18 17:05:37.860100;;;WHEEL_POS;46.517,38.30
VAL;2026-09-18 17:05:37.891350;;;WHEEL_POS;46.548,38.30
VAL;2026-09-18 17:05:37.937119;;;WHEEL_POS;46.594,38.30
VAL;2026-09-18 17:05:37.975377;;;WHEEL_POS;46.632,38.30
VAL;2026-09-18 17:05:38.006629;;;WHEEL_POS;46.663,38.30
VAL;2026-09-18 17:05:38.037263;;;WHEEL_POS;46.694,38.30
VAL;2026-09-18 17:05:38.062914;;;WHEEL_POS;46.719,38.30
VAL;2026-09-18 17:05:38.078544;;;WHEEL_POS;46.735,38.30
VAL;2026-09-18 17:05:38.109795;;;WHEEL_POS;46.766,38.30
VAL;2026-09-18 17:05:38.137438;;;WHEEL_POS;46.794,38.30
VAL;2026-09-18 17:05:38.168689;;;WHEEL_POS;46.825,38.30
VAL;2026-09-18 17:05:38.199945;;;WHEEL_POS;46.856,38.30
VAL;2026-09-18 17:05:38.237702;;;WHEEL_POS;46.894,38.30
VAL;2026-09-18 17:05:38.261842;;;WHEEL_POS;46.918,38.30
VAL;2026-09-18 17:05:38.293090;;;WHEEL_POS;46.950,38.30
VAL;2026-09-18 17:05:38.308717;;;WHEEL_POS;46.965,38.30
VAL;2026-09-18 17:05:38.337864;;;WHEEL_POS;46.994,38.30
VAL;2026-09-18 17:05:38.370629;;;WHEEL_POS;47.027,38.30
VAL;2026-09-18 17:05:38.401884;;;WHEEL_POS;47.058,38.30
VAL;2026-09-18 17:05:38.438140;;;WHEEL_POS;47.095,38.30
VAL;2026-09-18 17:05:38.462333;;;WHEEL_POS;47.119,38.30
VAL;2026-09-18 17:05:38.493583;;;WHEEL_POS;47.150,38.30
VAL;2026-09-18 17:05:38.538353;;;WHEEL_POS;47.195,38.30
VAL;2026-09-18 17:05:38.585233;;;WHEEL_POS;47.242,38.30
VAL;2026-09-18 17:05:38.600857;;;WHEEL_POS;47.257,38.30
VAL;2026-09-18 17:05:38.650131;;;WHEEL_POS;47.307,38.30
VAL;2026-09-18 17:05:38.681386;;;WHEEL_POS;47.338,38.30
VAL;2026-09-18 17:05:38.723080;;;WHEEL_POS;47.367,38.30
VAL;2026-09-18 17:05:38.738719;;;WHEEL_POS;47.395,38.30
VAL;2026-09-18 17:05:38.769972;;;WHEEL_POS;47.426,38.30
VAL;2026-09-18 17:05:38.793618;;;WHEEL_POS;47.450,38.30
VAL;2026-09-18 17:05:38.812415;;;WHEEL_POS;47.469,38.30
VAL;2026-09-18 17:05:38.848059;;;WHEEL_POS;47.504,38.30
VAL;2026-09-18 17:05:38.863692;;;WHEEL_POS;47.520,38.30
VAL;2026-09-18 17:05:38.894945;;;WHEEL_POS;47.551,38.30
VAL;2026-09-18 17:05:38.910577;;;WHEEL_POS;47.567,38.30
VAL;2026-09-18 17:05:38.939223;;;WHEEL_POS;47.596,38.30
VAL;2026-09-18 17:05:38.959853;;;WHEEL_POS;47.616,38.30
VAL;2026-09-18 17:05:38.991115;;;WHEEL_POS;47.648,38.30
VAL;2026-09-18 17:05:39.006733;;;WHEEL_POS;47.663,38.30
VAL;2026-09-18 17:05:39.039491;;;WHEEL_POS;47.696,38.30
VAL;2026-09-18 17:05:39.084342;;;WHEEL_POS;47.741,38.30
VAL;2026-09-18 17:05:39.124104;;;WHEEL_POS;47.781,38.30
VAL;2026-09-18 17:05:39.155366;;;WHEEL_POS;47.812,38.30
VAL;2026-09-18 17:05:39.186619;;;WHEEL_POS;47.843,38.30
VAL;2026-09-18 17:05:39.217870;;;WHEEL_POS;47.874,38.30
VAL;2026-09-18 17:05:39.240002;;;WHEEL_POS;47.896,38.30
VAL;2026-09-18 17:05:39.282777;;;WHEEL_POS;47.939,38.30
VAL;2026-09-18 17:05:39.324539;;;WHEEL_POS;47.981,38.30
VAL;2026-09-18 17:05:39.356301;;;WHEEL_POS;48.013,38.30
VAL;2026-09-18 17:05:39.371929;;;WHEEL_POS;48.028,38.30
VAL;2026-09-18 17:05:39.403185;;;WHEEL_POS;48.060,38.30
VAL;2026-09-18 17:05:39.418808;;;WHEEL_POS;48.075,38.30
VAL;2026-09-18 17:05:39.440444;;;WHEEL_POS;48.097,38.30
VAL;2026-09-18 17:05:39.483473;;;WHEEL_POS;48.140,38.30
VAL;2026-09-18 17:05:39.514724;;;WHEEL_POS;48.171,38.30
VAL;2026-09-18 17:05:39.540360;;;WHEEL_POS;48.197,38.30
VAL;2026-09-18 17:05:39.571609;;;WHEEL_POS;48.228,38.30
VAL;2026-09-18 17:05:39.602865;;;WHEEL_POS;48.259,38.30
VAL;2026-09-18 17:05:39.640623;;;WHEEL_POS;48.297,38.30
VAL;2026-09-18 17:05:39.684240;;;WHEEL_POS;48.341,38.30
VAL;2026-09-18 17:05:39.699866;;;WHEEL_POS;48.356,38.30
VAL;2026-09-18 17:05:39.740641;;;WHEEL_POS;48.397,38.30
VAL;2026-09-18 17:05:39.771894;;;WHEEL_POS;48.428,38.30
VAL;2026-09-18 17:05:39.811691;;;WHEEL_POS;48.468,38.30
VAL;2026-09-18 17:05:39.840826;;;WHEEL_POS;48.497,38.30
VAL;2026-09-18 17:05:39.885232;;;WHEEL_POS;48.542,38.30
VAL;2026-09-18 17:05:39.916485;;;WHEEL_POS;48.573,38.30
VAL;2026-09-18 17:05:39.941129;;;WHEEL_POS;48.598,38.30
VAL;2026-09-18 17:05:39.976760;;;WHEEL_POS;48.633,38.30
VAL;2026-09-18 17:05:40.008012;;;WHEEL_POS;48.664,38.30
VAL;2026-09-18 17:05:40.025646;;;WHEEL_POS;48.682,38.30
VAL;2026-09-18 17:05:40.041275;;;WHEEL_POS;48.698,38.30
VAL;2026-09-18 17:05:40.056902;;;WHEEL_POS;48.713,38.30
EVENT;2026-09-18 17:05:40.069956;5.8822;;158;Tup
END-TRIAL;2026-09-18 17:05:40.069956;;;The trial ended;
INFO;2026-09-18 17:05:40.069956;52.431331;58.313534;TRIAL-BPOD-TIME;5.882202999999997
STATE;2026-09-18 17:05:40.069956;0;1.3822;WheelDotPeriod;1.3822
STATE;2026-09-18 17:05:40.069956;1.3822;1.8822;ErrorConsumption;0.5
STATE;2026-09-18 17:05:40.069956;1.8822;5.8822;IncorrectITI;4.0
STATE;2026-09-18 17:05:40.069956;nan;nan;Reward;nan
STATE;2026-09-18 17:05:40.069956;nan;nan;Consumption;nan
STATE;2026-09-18 17:05:40.069956;nan;nan;NoResponse;nan
STATE;2026-09-18 17:05:40.069956;nan;nan;ITI;nan
VAL;2026-09-18 17:05:40.157107;;;INCLUDED;True
VAL;2026-09-18 17:05:40.157107;;;CONSUMPTION_LICKED;False
VAL;2026-09-18 17:05:40.157107;;;LED_ON_TIME;42.849393129348755
VAL;2026-09-18 17:05:40.157107;;;DOT_ONSET_JITTER_S;0.18810129165108228
VAL;2026-09-18 17:05:40.157107;;;DOT_ONSET_TIME;43.037494420999835
VAL;2026-09-18 17:05:40.157107;;;THRESHOLD_CROSSING_TIME;44.23159312934875
VAL;2026-09-18 17:05:40.157107;;;DOT_DISAPPEAR_JITTER_S;0.5571253987340055
VAL;2026-09-18 17:05:40.157107;;;DOT_DISAPPEAR_TIME;44.78871852808276
VAL;2026-09-18 17:05:40.157107;;;CORRECT;False
stdout;2026-09-18 17:05:40.157107;;;Trial 6 (warmup): side=L, NoReward;
stdout;2026-09-18 17:05:40.157107;;;|
|;
VAL;2026-09-18 17:05:40.767769;;;TRIAL_INIT_START;49.42419958114624
VAL;2026-09-18 17:05:40.799817;;;WHEEL_POS;49.456,38.30
VAL;2026-09-18 17:05:40.815446;;;WHEEL_POS;49.472,38.30
VAL;2026-09-18 17:05:40.845593;;;WHEEL_POS;49.502,38.30
VAL;2026-09-18 17:05:40.887856;;;WHEEL_POS;49.544,38.30
VAL;2026-09-18 17:05:40.919109;;;WHEEL_POS;49.576,38.30
VAL;2026-09-18 17:05:40.942750;;;WHEEL_POS;49.599,38.30
VAL;2026-09-18 17:05:40.962106;;;TRIAL_START;49.599180698394775
VAL;2026-09-18 17:05:40.962106;;;QUIESCENCE_BREAKS;0
VAL;2026-09-18 17:05:40.962106;;;TRIAL_TYPE;warmup
VAL;2026-09-18 17:05:41.119202;;;TRIAL_SIDE;L
VAL;2026-09-18 17:05:41.119202;;;CLICK_TIMES_L;0.0150,0.0300,0.0450,0.0600,0.1078,0.1228,0.2133
VAL;2026-09-18 17:05:41.119202;;;CLICK_TIMES_R;
VAL;2026-09-18 17:05:41.119202;;;N_CLICKS_L;7
VAL;2026-09-18 17:05:41.119202;;;N_CLICKS_R;0
VAL;2026-09-18 17:05:41.119202;;;STIM_SEED;1601316334
VAL;2026-09-18 17:05:41.119202;;;CUE_ABORT_THRESHOLD_DEG;10.0
VAL;2026-09-18 17:05:41.119202;;;RESPONSE_THRESHOLD_DEG;35.0
VAL;2026-09-18 17:05:41.119202;;;QUIESCENCE_DUR_S;0.1
VAL;2026-09-18 17:05:41.119202;;;ITI_S;1.5
VAL;2026-09-18 17:05:41.119202;;;CLICK_LEVEL_ATTENUATED;False
stdout;2026-09-18 17:05:41.119202;;;Trial 7 (warmup): side=L, n_L=7, n_R=0;
stdout;2026-09-18 17:05:41.119202;;;|
|;
VAL;2026-09-18 17:05:41.119202;;;SM_SEND_TIME;49.775633096694946
VAL;2026-09-18 17:05:41.119202;;;CUE_ONSET_TIME;49.79663309669495
TRIAL;2026-09-18 17:05:41.127212;;;New trial;
VAL;2026-09-18 17:05:41.127212;;;WHEEL_POS;49.784,0.00
VAL;2026-09-18 17:05:41.158470;;;WHEEL_POS;49.815,0.00
VAL;2026-09-18 17:05:41.189721;;;WHEEL_POS;49.846,0.00
VAL;2026-09-18 17:05:41.220975;;;WHEEL_POS;49.877,0.00
VAL;2026-09-18 17:05:41.243109;;;WHEEL_POS;49.900,0.00
VAL;2026-09-18 17:05:41.258735;;;WHEEL_POS;49.915,0.00
VAL;2026-09-18 17:05:41.288732;;;WHEEL_POS;49.945,0.00
VAL;2026-09-18 17:05:41.319984;;;WHEEL_POS;49.976,0.00
VAL;2026-09-18 17:05:41.343119;;;WHEEL_POS;50.000,0.00
VAL;2026-09-18 17:05:41.372256;;;WHEEL_POS;50.029,0.00
VAL;2026-09-18 17:05:41.387881;;;WHEEL_POS;50.044,0.00
EVENT;2026-09-18 17:05:41.403508;0.271;;158;Tup
TRANSITION;2026-09-18 17:05:41.403508;0.271;;DelayPeriod;
VAL;2026-09-18 17:05:41.419134;;;WHEEL_POS;50.076,0.00
VAL;2026-09-18 17:05:41.443268;;;WHEEL_POS;50.100,0.00
VAL;2026-09-18 17:05:41.458895;;;WHEEL_POS;50.115,0.00
VAL;2026-09-18 17:05:41.489030;;;WHEEL_POS;50.145,0.00
VAL;2026-09-18 17:05:41.504656;;;WHEEL_POS;50.161,0.00
VAL;2026-09-18 17:05:41.543415;;;WHEEL_POS;50.200,0.00
VAL;2026-09-18 17:05:41.574668;;;WHEEL_POS;50.231,0.00
EVENT;2026-09-18 17:05:41.590294;0.4554;;158;Tup
TRANSITION;2026-09-18 17:05:41.590294;0.4554;;CueComplete;
EVENT;2026-09-18 17:05:41.590294;0.4555;;158;Tup
END-TRIAL;2026-09-18 17:05:41.590294;;;The trial ended;
INFO;2026-09-18 17:05:41.590294;59.366231;59.821735;TRIAL-BPOD-TIME;0.4555039999999977
STATE;2026-09-18 17:05:41.590294;0;0.271;CuePeriod;0.271
STATE;2026-09-18 17:05:41.590294;0.271;0.4554;DelayPeriod;0.1844
STATE;2026-09-18 17:05:41.590294;0.4554;0.4555;CueComplete;9.999999999998899e-05
STATE;2026-09-18 17:05:41.590294;nan;nan;WheelAbort;nan
STATE;2026-09-18 17:05:41.590294;nan;nan;AbortITI;nan
VAL;2026-09-18 17:05:41.605920;;;SM_SEND_TIME;50.262351274490356
TRIAL;2026-09-18 17:05:41.605920;;;New trial;
VAL;2026-09-18 17:05:41.605920;;;WHEEL_POS;50.262,0.00
VAL;2026-09-18 17:05:41.643678;;;WHEEL_POS;50.300,0.00
VAL;2026-09-18 17:05:41.689799;;;WHEEL_POS;50.346,0.00
VAL;2026-09-18 17:05:41.721052;;;WHEEL_POS;50.377,0.00
VAL;2026-09-18 17:05:41.743685;;;WHEEL_POS;50.400,0.00
VAL;2026-09-18 17:05:41.774938;;;WHEEL_POS;50.431,0.00
VAL;2026-09-18 17:05:41.790565;;;WHEEL_POS;50.447,0.00
VAL;2026-09-18 17:05:41.815596;;;WHEEL_POS;50.472,0.00
VAL;2026-09-18 17:05:41.843730;;;WHEEL_POS;50.500,0.00
VAL;2026-09-18 17:05:41.889999;;;WHEEL_POS;50.546,0.00
VAL;2026-09-18 17:05:41.905625;;;WHEEL_POS;50.562,0.00
VAL;2026-09-18 17:05:41.943907;;;WHEEL_POS;50.600,0.00
VAL;2026-09-18 17:05:41.979012;;;WHEEL_POS;50.635,0.00
VAL;2026-09-18 17:05:41.994646;;;WHEEL_POS;50.651,-0.40
VAL;2026-09-18 17:05:42.028396;;;WHEEL_POS;50.685,-0.70
VAL;2026-09-18 17:05:42.044025;;;WHEEL_POS;50.700,-1.10
VAL;2026-09-18 17:05:42.059652;;;WHEEL_POS;50.716,-1.80
VAL;2026-09-18 17:05:42.090899;;;WHEEL_POS;50.747,-3.20
EVENT;2026-09-18 17:05:42.090899;0.4912;;0;RotaryEncoder1_1
VAL;2026-09-18 17:05:42.128659;;;WHEEL_POS;50.785,-6.00
VAL;2026-09-18 17:05:42.159918;;;WHEEL_POS;50.816,-9.50
EVENT;2026-09-18 17:05:42.159918;0.5524;;4;RotaryEncoder1_5
VAL;2026-09-18 17:05:42.191170;;;WHEEL_POS;50.848,-14.10
VAL;2026-09-18 17:05:42.206800;;;WHEEL_POS;50.863,-16.20
VAL;2026-09-18 17:05:42.260189;;;WHEEL_POS;50.917,-22.10
VAL;2026-09-18 17:05:42.275480;;;WHEEL_POS;50.932,-26.00
VAL;2026-09-18 17:05:42.306736;;;WHEEL_POS;50.963,-31.60
EVENT;2026-09-18 17:05:42.328869;0.7185;;2;RotaryEncoder1_3
TRANSITION;2026-09-18 17:05:42.328869;0.7185;;Reward;
VAL;2026-09-18 17:05:42.344507;;;WHEEL_POS;51.001,-37.60
VAL;2026-09-18 17:05:42.373647;;;WHEEL_POS;51.030,-41.50
EVENT;2026-09-18 17:05:42.373647;0.7673;;158;Tup
TRANSITION;2026-09-18 17:05:42.373647;0.7673;;Consumption;
VAL;2026-09-18 17:05:42.404899;;;WHEEL_POS;51.061,-43.60
VAL;2026-09-18 17:05:42.444667;;;WHEEL_POS;51.101,-44.60
VAL;2026-09-18 17:05:42.475801;;;WHEEL_POS;51.132,-45.00
VAL;2026-09-18 17:05:42.507056;;;WHEEL_POS;51.163,-45.00
VAL;2026-09-18 17:05:42.522682;;;WHEEL_POS;51.179,-45.00
VAL;2026-09-18 17:05:42.544816;;;WHEEL_POS;51.201,-45.00
VAL;2026-09-18 17:05:42.576069;;;WHEEL_POS;51.233,-45.00
VAL;2026-09-18 17:05:42.591695;;;WHEEL_POS;51.248,-45.00
VAL;2026-09-18 17:05:42.622946;;;WHEEL_POS;51.279,-44.60
VAL;2026-09-18 17:05:42.650585;;;WHEEL_POS;51.307,-44.30
VAL;2026-09-18 17:05:42.692218;;;WHEEL_POS;51.349,-43.60
VAL;2026-09-18 17:05:42.723471;;;WHEEL_POS;51.380,-43.20
VAL;2026-09-18 17:05:42.745105;;;WHEEL_POS;51.402,-43.20
VAL;2026-09-18 17:05:42.760730;;;WHEEL_POS;51.417,-43.20
VAL;2026-09-18 17:05:42.791982;;;WHEEL_POS;51.448,-43.20
VAL;2026-09-18 17:05:42.816348;;;WHEEL_POS;51.473,-43.20
VAL;2026-09-18 17:05:42.844986;;;WHEEL_POS;51.501,-43.20
VAL;2026-09-18 17:05:42.860619;;;WHEEL_POS;51.517,-43.20
VAL;2026-09-18 17:05:42.892811;;;WHEEL_POS;51.549,-43.20
VAL;2026-09-18 17:05:42.924059;;;WHEEL_POS;51.580,-43.20
VAL;2026-09-18 17:05:42.945192;;;WHEEL_POS;51.602,-43.20
VAL;2026-09-18 17:05:42.965318;;;WHEEL_POS;51.622,-43.20
VAL;2026-09-18 17:05:42.980947;;;WHEEL_POS;51.637,-43.20
VAL;2026-09-18 17:05:43.027828;;;WHEEL_POS;51.684,-43.20
VAL;2026-09-18 17:05:43.045471;;;WHEEL_POS;51.702,-43.20
VAL;2026-09-18 17:05:43.079039;;;WHEEL_POS;51.735,-43.20
VAL;2026-09-18 17:05:43.094671;;;WHEEL_POS;51.751,-43.20
VAL;2026-09-18 17:05:43.129925;;;WHEEL_POS;51.786,-43.20
VAL;2026-09-18 17:05:43.161185;;;WHEEL_POS;51.818,-43.20
VAL;2026-09-18 17:05:43.176807;;;WHEEL_POS;51.833,-43.20
VAL;2026-09-18 17:05:43.223688;;;WHEEL_POS;51.880,-43.20
VAL;2026-09-18 17:05:43.245829;;;WHEEL_POS;51.902,-43.20
VAL;2026-09-18 17:05:43.279424;;;WHEEL_POS;51.936,-43.20
VAL;2026-09-18 17:05:43.295059;;;WHEEL_POS;51.951,-43.20
VAL;2026-09-18 17:05:43.330309;;;WHEEL_POS;51.987,-43.20
VAL;2026-09-18 17:05:43.345939;;;WHEEL_POS;52.002,-43.20
VAL;2026-09-18 17:05:43.374725;;;WHEEL_POS;52.031,-43.20
VAL;2026-09-18 17:05:43.405977;;;WHEEL_POS;52.062,-43.20
VAL;2026-09-18 17:05:43.430613;;;WHEEL_POS;52.087,-43.20
VAL;2026-09-18 17:05:43.461873;;;WHEEL_POS;52.118,-43.20
VAL;2026-09-18 17:05:43.495951;;;WHEEL_POS;52.152,-43.20
VAL;2026-09-18 17:05:43.530707;;;WHEEL_POS;52.187,-43.20
VAL;2026-09-18 17:05:43.546336;;;WHEEL_POS;52.203,-43.20
VAL;2026-09-18 17:05:43.577588;;;WHEEL_POS;52.234,-43.20
VAL;2026-09-18 17:05:43.624471;;;WHEEL_POS;52.281,-43.20
VAL;2026-09-18 17:05:43.646608;;;WHEEL_POS;52.303,-43.20
VAL;2026-09-18 17:05:43.694941;;;WHEEL_POS;52.351,-43.20
VAL;2026-09-18 17:05:43.711580;;;WHEEL_POS;52.368,-43.20
VAL;2026-09-18 17:05:43.746838;;;WHEEL_POS;52.403,-43.20
VAL;2026-09-18 17:05:43.778091;;;WHEEL_POS;52.435,-43.20
VAL;2026-09-18 17:05:43.793716;;;WHEEL_POS;52.450,-43.20
VAL;2026-09-18 17:05:43.816719;;;WHEEL_POS;52.473,-43.20
VAL;2026-09-18 17:05:43.846864;;;WHEEL_POS;52.503,-43.20
VAL;2026-09-18 17:05:43.881153;;;WHEEL_POS;52.538,-43.20
VAL;2026-09-18 17:05:43.896782;;;WHEEL_POS;52.553,-43.20
VAL;2026-09-18 17:05:43.931539;;;WHEEL_POS;52.588,-43.20
VAL;2026-09-18 17:05:43.962800;;;WHEEL_POS;52.619,-43.20
VAL;2026-09-18 17:05:43.981942;;;WHEEL_POS;52.638,-43.20
VAL;2026-09-18 17:05:44.013194;;;WHEEL_POS;52.670,-43.20
VAL;2026-09-18 17:05:44.031835;;;WHEEL_POS;52.688,-43.20
VAL;2026-09-18 17:05:44.047465;;;WHEEL_POS;52.704,-43.20
VAL;2026-09-18 17:05:44.097215;;;WHEEL_POS;52.754,-43.20
VAL;2026-09-18 17:05:44.112836;;;WHEEL_POS;52.769,-43.20
VAL;2026-09-18 17:05:44.163225;;;WHEEL_POS;52.820,-43.20
VAL;2026-09-18 17:05:44.178847;;;WHEEL_POS;52.835,-43.20
VAL;2026-09-18 17:05:44.225730;;;WHEEL_POS;52.882,-43.20
VAL;2026-09-18 17:05:44.247870;;;WHEEL_POS;52.904,-43.20
VAL;2026-09-18 17:05:44.282489;;;WHEEL_POS;52.939,-43.20
VAL;2026-09-18 17:05:44.313746;;;WHEEL_POS;52.970,-43.20
VAL;2026-09-18 17:05:44.348001;;;WHEEL_POS;53.004,-43.20
VAL;2026-09-18 17:05:44.375642;;;WHEEL_POS;53.032,-43.20
VAL;2026-09-18 17:05:44.406891;;;WHEEL_POS;53.063,-43.20
VAL;2026-09-18 17:05:44.448165;;;WHEEL_POS;53.105,-43.20
VAL;2026-09-18 17:05:44.483295;;;WHEEL_POS;53.140,-43.20
VAL;2026-09-18 17:05:44.498932;;;WHEEL_POS;53.155,-43.20
VAL;2026-09-18 17:05:44.532678;;;WHEEL_POS;53.189,-43.20
VAL;2026-09-18 17:05:44.548307;;;WHEEL_POS;53.205,-43.20
VAL;2026-09-18 17:05:44.579560;;;WHEEL_POS;53.236,-43.20
VAL;2026-09-18 17:05:44.626442;;;WHEEL_POS;53.283,-43.20
VAL;2026-09-18 17:05:44.648582;;;WHEEL_POS;53.305,-43.20
VAL;2026-09-18 17:05:44.683684;;;WHEEL_POS;53.340,-43.20
VAL;2026-09-18 17:05:44.699318;;;WHEEL_POS;53.356,-43.20
VAL;2026-09-18 17:05:44.733070;;;WHEEL_POS;53.390,-43.20
VAL;2026-09-18 17:05:44.748702;;;WHEEL_POS;53.405,-43.20
VAL;2026-09-18 17:05:44.779951;;;WHEEL_POS;53.436,-43.20
VAL;2026-09-18 17:05:44.833076;;;WHEEL_POS;53.490,-43.20
VAL;2026-09-18 17:05:44.848705;;;WHEEL_POS;53.505,-43.20
VAL;2026-09-18 17:05:44.884015;;;WHEEL_POS;53.540,-43.20
VAL;2026-09-18 17:05:44.915271;;;WHEEL_POS;53.572,-43.20
VAL;2026-09-18 17:05:44.966171;;;WHEEL_POS;53.623,-43.20
VAL;2026-09-18 17:05:44.981805;;;WHEEL_POS;53.638,-43.20
VAL;2026-09-18 17:05:45.028688;;;WHEEL_POS;53.685,-43.20
VAL;2026-09-18 17:05:45.049325;;;WHEEL_POS;53.706,-43.20
VAL;2026-09-18 17:05:45.100055;;;WHEEL_POS;53.756,-43.20
VAL;2026-09-18 17:05:45.115673;;;WHEEL_POS;53.772,-43.20
VAL;2026-09-18 17:05:45.165065;;;WHEEL_POS;53.821,-43.20
VAL;2026-09-18 17:05:45.180687;;;WHEEL_POS;53.837,-43.20
VAL;2026-09-18 17:05:45.211938;;;WHEEL_POS;53.868,-43.20
VAL;2026-09-18 17:05:45.249713;;;WHEEL_POS;53.906,-43.20
VAL;2026-09-18 17:05:45.286847;;;WHEEL_POS;53.943,-43.20
VAL;2026-09-18 17:05:45.318102;;;WHEEL_POS;53.975,-43.20
VAL;2026-09-18 17:05:45.334230;;;WHEEL_POS;53.991,-43.20
VAL;2026-09-18 17:05:45.349859;;;WHEEL_POS;54.006,-43.20
EVENT;2026-09-18 17:05:45.377037;3.7673;;158;Tup
TRANSITION;2026-09-18 17:05:45.377037;3.7673;;ITI;
VAL;2026-09-18 17:05:45.377037;;;WHEEL_POS;54.033,-43.20
VAL;2026-09-18 17:05:45.392659;;;WHEEL_POS;54.049,-43.20
VAL;2026-09-18 17:05:45.434427;;;WHEEL_POS;54.091,-43.20
VAL;2026-09-18 17:05:45.465686;;;WHEEL_POS;54.122,-43.20
VAL;2026-09-18 17:05:45.504201;;;WHEEL_POS;54.161,-43.20
VAL;2026-09-18 17:05:45.519830;;;WHEEL_POS;54.176,-43.20
VAL;2026-09-18 17:05:45.565597;;;WHEEL_POS;54.222,-43.20
VAL;2026-09-18 17:05:45.581220;;;WHEEL_POS;54.238,-43.20
VAL;2026-09-18 17:05:45.596845;;;WHEEL_POS;54.253,-43.20
VAL;2026-09-18 17:05:45.628101;;;WHEEL_POS;54.285,-43.20
VAL;2026-09-18 17:05:45.650241;;;WHEEL_POS;54.307,-43.20
VAL;2026-09-18 17:05:45.665865;;;WHEEL_POS;54.322,-43.20
VAL;2026-09-18 17:05:45.705495;;;WHEEL_POS;54.362,-43.20
VAL;2026-09-18 17:05:45.750258;;;WHEEL_POS;54.407,-43.20
VAL;2026-09-18 17:05:45.781510;;;WHEEL_POS;54.438,-43.20
VAL;2026-09-18 17:05:45.817133;;;WHEEL_POS;54.474,-43.20
VAL;2026-09-18 17:05:45.834776;;;WHEEL_POS;54.491,-43.20
VAL;2026-09-18 17:05:45.866034;;;WHEEL_POS;54.522,-43.20
VAL;2026-09-18 17:05:45.890784;;;WHEEL_POS;54.547,-43.20
VAL;2026-09-18 17:05:45.922039;;;WHEEL_POS;54.578,-43.20
VAL;2026-09-18 17:05:45.950675;;;WHEEL_POS;54.607,-43.20
VAL;2026-09-18 17:05:45.981829;;;WHEEL_POS;54.638,-43.20
VAL;2026-09-18 17:05:46.013075;;;WHEEL_POS;54.670,-43.20
VAL;2026-09-18 17:05:46.028701;;;WHEEL_POS;54.685,-43.20
VAL;2026-09-18 17:05:46.050840;;;WHEEL_POS;54.707,-43.20
VAL;2026-09-18 17:05:46.086175;;;WHEEL_POS;54.743,-43.20
VAL;2026-09-18 17:05:46.122440;;;WHEEL_POS;54.779,-43.20
VAL;2026-09-18 17:05:46.151087;;;WHEEL_POS;54.808,-43.20
VAL;2026-09-18 17:05:46.182343;;;WHEEL_POS;54.839,-43.20
VAL;2026-09-18 17:05:46.213590;;;WHEEL_POS;54.870,-43.20
VAL;2026-09-18 17:05:46.251356;;;WHEEL_POS;54.908,-43.20
VAL;2026-09-18 17:05:46.282609;;;WHEEL_POS;54.939,-43.20
VAL;2026-09-18 17:05:46.307586;;;WHEEL_POS;54.964,-43.20
VAL;2026-09-18 17:05:46.351368;;;WHEEL_POS;55.008,-43.20
VAL;2026-09-18 17:05:46.393690;;;WHEEL_POS;55.050,-43.20
VAL;2026-09-18 17:05:46.409311;;;WHEEL_POS;55.066,-43.20
VAL;2026-09-18 17:05:46.424938;;;WHEEL_POS;55.081,-43.20
VAL;2026-09-18 17:05:46.451572;;;WHEEL_POS;55.108,-43.20
VAL;2026-09-18 17:05:46.482825;;;WHEEL_POS;55.139,-43.20
VAL;2026-09-18 17:05:46.523444;;;WHEEL_POS;55.180,-43.20
VAL;2026-09-18 17:05:46.551586;;;WHEEL_POS;55.208,-43.20
VAL;2026-09-18 17:05:46.582846;;;WHEEL_POS;55.239,-43.20
VAL;2026-09-18 17:05:46.614090;;;WHEEL_POS;55.271,-43.20
VAL;2026-09-18 17:05:46.629718;;;WHEEL_POS;55.286,-43.20
VAL;2026-09-18 17:05:46.650737;;;WHEEL_POS;55.307,-43.20
VAL;2026-09-18 17:05:46.681995;;;WHEEL_POS;55.338,-43.20
VAL;2026-09-18 17:05:46.708471;;;WHEEL_POS;55.365,-43.20
VAL;2026-09-18 17:05:46.751754;;;WHEEL_POS;55.408,-43.20
VAL;2026-09-18 17:05:46.783006;;;WHEEL_POS;55.439,-43.20
VAL;2026-09-18 17:05:46.802022;;;WHEEL_POS;55.458,-43.20
VAL;2026-09-18 17:05:46.817652;;;WHEEL_POS;55.474,-43.20
VAL;2026-09-18 17:05:46.851910;;;WHEEL_POS;55.508,-43.20
EVENT;2026-09-18 17:05:46.867556;5.2673000000000005;;158;Tup
END-TRIAL;2026-09-18 17:05:46.867556;;;The trial ended;
INFO;2026-09-18 17:05:46.867556;59.844231;65.111534;TRIAL-BPOD-TIME;5.267303000000005
STATE;2026-09-18 17:05:46.867556;0;0.7185;WheelDotPeriod;0.7185
STATE;2026-09-18 17:05:46.867556;0.7185;0.7673;Reward;0.048799999999999955
STATE;2026-09-18 17:05:46.867556;0.7673;3.7673;Consumption;3.0
STATE;2026-09-18 17:05:46.867556;3.7673;5.2673000000000005;ITI;1.5000000000000004
STATE;2026-09-18 17:05:46.867556;nan;nan;ErrorConsumption;nan
STATE;2026-09-18 17:05:46.867556;nan;nan;IncorrectITI;nan
STATE;2026-09-18 17:05:46.867556;nan;nan;NoResponse;nan
VAL;2026-09-18 17:05:46.924475;;;INCLUDED;True
VAL;2026-09-18 17:05:46.924475;;;CONSUMPTION_LICKED;False
VAL;2026-09-18 17:05:46.924475;;;LED_ON_TIME;50.262351274490356
VAL;2026-09-18 17:05:46.924475;;;DOT_ONSET_JITTER_S;0.18324622748370545
VAL;2026-09-18 17:05:46.924475;;;DOT_ONSET_TIME;50.44559750197406
VAL;2026-09-18 17:05:46.924475;;;THRESHOLD_CROSSING_TIME;50.980851274490355
VAL;2026-09-18 17:05:46.924475;;;DOT_DISAPPEAR_JITTER_S;0.5251605869334388
VAL;2026-09-18 17:05:46.924475;;;DOT_DISAPPEAR_TIME;51.506011861423794
VAL;2026-09-18 17:05:46.924475;;;CORRECT;True
stdout;2026-09-18 17:05:46.924475;;;Trial 7 (warmup): side=L, Reward -> reward;
stdout;2026-09-18 17:05:46.924475;;;|
|;
VAL;2026-09-18 17:05:47.553182;;;TRIAL_INIT_START;56.20961284637451
VAL;2026-09-18 17:05:47.584434;;;WHEEL_POS;56.241,-43.20
VAL;2026-09-18 17:05:47.615685;;;WHEEL_POS;56.272,-43.20
VAL;2026-09-18 17:05:47.652443;;;WHEEL_POS;56.309,-43.20
VAL;2026-09-18 17:05:47.683697;;;WHEEL_POS;56.340,-43.20
VAL;2026-09-18 17:05:47.710183;;;WHEEL_POS;56.367,-43.20
VAL;2026-09-18 17:05:47.725809;;;WHEEL_POS;56.382,-43.20
VAL;2026-09-18 17:05:47.736818;;;TRIAL_START;56.38224005699158
VAL;2026-09-18 17:05:47.736818;;;QUIESCENCE_BREAKS;0
VAL;2026-09-18 17:05:47.736818;;;TRIAL_TYPE;warmup
VAL;2026-09-18 17:05:47.895184;;;TRIAL_SIDE;R
VAL;2026-09-18 17:05:47.895184;;;CLICK_TIMES_L;
VAL;2026-09-18 17:05:47.895184;;;CLICK_TIMES_R;0.0932,0.1765,0.2151
VAL;2026-09-18 17:05:47.895184;;;N_CLICKS_L;0
VAL;2026-09-18 17:05:47.895184;;;N_CLICKS_R;3
VAL;2026-09-18 17:05:47.895184;;;STIM_SEED;1531240961
VAL;2026-09-18 17:05:47.895184;;;CUE_ABORT_THRESHOLD_DEG;10.0
VAL;2026-09-18 17:05:47.895184;;;RESPONSE_THRESHOLD_DEG;35.0
VAL;2026-09-18 17:05:47.895184;;;QUIESCENCE_DUR_S;0.1
VAL;2026-09-18 17:05:47.895184;;;ITI_S;1.5
VAL;2026-09-18 17:05:47.895184;;;CLICK_LEVEL_ATTENUATED;False
stdout;2026-09-18 17:05:47.895184;;;Trial 8 (warmup): side=R, n_L=0, n_R=3;
stdout;2026-09-18 17:05:47.895184;;;|
|;
VAL;2026-09-18 17:05:47.895184;;;SM_SEND_TIME;56.55161476135254
VAL;2026-09-18 17:05:47.895184;;;CUE_ONSET_TIME;56.57261476135254
TRIAL;2026-09-18 17:05:47.895184;;;New trial;
VAL;2026-09-18 17:05:47.895184;;;WHEEL_POS;56.552,0.00
VAL;2026-09-18 17:05:47.926440;;;WHEEL_POS;56.583,0.00
VAL;2026-09-18 17:05:47.952577;;;WHEEL_POS;56.609,0.00
VAL;2026-09-18 17:05:47.982213;;;WHEEL_POS;56.639,0.00
VAL;2026-09-18 17:05:47.997840;;;WHEEL_POS;56.654,0.00
VAL;2026-09-18 17:05:48.029093;;;WHEEL_POS;56.686,0.00
VAL;2026-09-18 17:05:48.052727;;;WHEEL_POS;56.709,0.00
VAL;2026-09-18 17:05:48.087322;;;WHEEL_POS;56.744,0.00
VAL;2026-09-18 17:05:48.111513;;;WHEEL_POS;56.768,0.00
VAL;2026-09-18 17:05:48.152772;;;WHEEL_POS;56.809,0.00
EVENT;2026-09-18 17:05:48.168399;0.271;;158;Tup
TRANSITION;2026-09-18 17:05:48.168399;0.271;;DelayPeriod;
VAL;2026-09-18 17:05:48.184025;;;WHEEL_POS;56.840,0.00
VAL;2026-09-18 17:05:48.215276;;;WHEEL_POS;56.872,0.00
VAL;2026-09-18 17:05:48.230902;;;WHEEL_POS;56.887,0.00
VAL;2026-09-18 17:05:48.253037;;;WHEEL_POS;56.909,0.00
VAL;2026-09-18 17:05:48.268666;;;WHEEL_POS;56.925,0.00
EVENT;2026-09-18 17:05:48.295293;0.38730000000000003;;158;Tup
TRANSITION;2026-09-18 17:05:48.295293;0.38730000000000003;;CueComplete;
EVENT;2026-09-18 17:05:48.295698;0.3874;;158;Tup
END-TRIAL;2026-09-18 17:05:48.295698;;;The trial ended;
INFO;2026-09-18 17:05:48.295698;66.138131;66.525535;TRIAL-BPOD-TIME;0.38740400000000363
STATE;2026-09-18 17:05:48.295698;0;0.271;CuePeriod;0.271
STATE;2026-09-18 17:05:48.295698;0.271;0.38730000000000003;DelayPeriod;0.11630000000000001
STATE;2026-09-18 17:05:48.295698;0.38730000000000003;0.3874;CueComplete;9.999999999998899e-05
STATE;2026-09-18 17:05:48.295698;nan;nan;WheelAbort;nan
STATE;2026-09-18 17:05:48.295698;nan;nan;AbortITI;nan
VAL;2026-09-18 17:05:48.312330;;;SM_SEND_TIME;56.96876120567322
TRIAL;2026-09-18 17:05:48.312330;;;New trial;
VAL;2026-09-18 17:05:48.312330;;;WHEEL_POS;56.969,0.00
VAL;2026-09-18 17:05:48.353090;;;WHEEL_POS;57.010,0.00
VAL;2026-09-18 17:05:48.379766;;;WHEEL_POS;57.036,0.00
VAL;2026-09-18 17:05:48.411018;;;WHEEL_POS;57.067,0.40
VAL;2026-09-18 17:05:48.453278;;;WHEEL_POS;57.110,0.40
VAL;2026-09-18 17:05:48.484531;;;WHEEL_POS;57.141,0.40
VAL;2026-09-18 17:05:48.513557;;;WHEEL_POS;57.170,0.70
VAL;2026-09-18 17:05:48.553338;;;WHEEL_POS;57.210,0.70
VAL;2026-09-18 17:05:48.568965;;;WHEEL_POS;57.225,1.10
VAL;2026-09-18 17:05:48.600220;;;WHEEL_POS;57.257,1.40
VAL;2026-09-18 17:05:48.631468;;;WHEEL_POS;57.288,2.50
EVENT;2026-09-18 17:05:48.653602;0.33680000000000004;;1;RotaryEncoder1_2
VAL;2026-09-18 17:05:48.653602;;;WHEEL_POS;57.310,3.90
VAL;2026-09-18 17:05:48.684855;;;WHEEL_POS;57.341,6.70
VAL;2026-09-18 17:05:48.715416;;;WHEEL_POS;57.372,9.50
EVENT;2026-09-18 17:05:48.715416;0.40190000000000003;;5;RotaryEncoder1_6
VAL;2026-09-18 17:05:48.753680;;;WHEEL_POS;57.410,11.60
VAL;2026-09-18 17:05:48.784932;;;WHEEL_POS;57.441,13.00
VAL;2026-09-18 17:05:48.819231;;;WHEEL_POS;57.476,15.10
VAL;2026-09-18 17:05:48.838250;;;WHEEL_POS;57.495,15.80
VAL;2026-09-18 17:05:48.853878;;;WHEEL_POS;57.510,16.90
VAL;2026-09-18 17:05:48.885132;;;WHEEL_POS;57.542,18.30
VAL;2026-09-18 17:05:48.914766;;;WHEEL_POS;57.571,19.70
VAL;2026-09-18 17:05:48.954037;;;WHEEL_POS;57.610,21.80
VAL;2026-09-18 17:05:48.999152;;;WHEEL_POS;57.656,23.60
VAL;2026-09-18 17:05:49.014776;;;WHEEL_POS;57.671,25.30
VAL;2026-09-18 17:05:49.069675;;;WHEEL_POS;57.726,27.40
VAL;2026-09-18 17:05:49.089321;;;WHEEL_POS;57.746,29.20
VAL;2026-09-18 17:05:49.115455;;;WHEEL_POS;57.772,30.20
VAL;2026-09-18 17:05:49.154235;;;WHEEL_POS;57.811,31.60
VAL;2026-09-18 17:05:49.169863;;;WHEEL_POS;57.826,32.30
VAL;2026-09-18 17:05:49.201119;;;WHEEL_POS;57.858,33.80
VAL;2026-09-18 17:05:49.232367;;;WHEEL_POS;57.889,34.50
EVENT;2026-09-18 17:05:49.254501;0.9346000000000001;;3;RotaryEncoder1_4
TRANSITION;2026-09-18 17:05:49.254501;0.9346000000000001;;Reward;
VAL;2026-09-18 17:05:49.254501;;;WHEEL_POS;57.911,35.20
VAL;2026-09-18 17:05:49.285753;;;WHEEL_POS;57.942,35.90
EVENT;2026-09-18 17:05:49.300592;0.9834;;158;Tup
TRANSITION;2026-09-18 17:05:49.300592;0.9834;;Consumption;
VAL;2026-09-18 17:05:49.316221;;;WHEEL_POS;57.973,36.90
VAL;2026-09-18 17:05:49.366025;;;WHEEL_POS;58.022,38.00
VAL;2026-09-18 17:05:49.382657;;;WHEEL_POS;58.039,38.30
VAL;2026-09-18 17:05:49.413908;;;WHEEL_POS;58.070,38.70
VAL;2026-09-18 17:05:49.454669;;;WHEEL_POS;58.111,38.70
VAL;2026-09-18 17:05:49.485922;;;WHEEL_POS;58.142,38.30
VAL;2026-09-18 17:05:49.516068;;;WHEEL_POS;58.172,38.30
VAL;2026-09-18 17:05:49.531694;;;WHEEL_POS;58.188,38.00
VAL;2026-09-18 17:05:49.554828;;;WHEEL_POS;58.211,38.00
VAL;2026-09-18 17:05:49.586080;;;WHEEL_POS;58.243,38.00
VAL;2026-09-18 17:05:49.601708;;;WHEEL_POS;58.258,38.00
VAL;2026-09-18 17:05:49.632959;;;WHEEL_POS;58.289,38.00
VAL;2026-09-18 17:05:49.655093;;;WHEEL_POS;58.312,38.00
VAL;2026-09-18 17:05:49.670718;;;WHEEL_POS;58.327,38.00
VAL;2026-09-18 17:05:49.719433;;;WHEEL_POS;58.376,38.00
VAL;2026-09-18 17:05:49.739565;;;WHEEL_POS;58.396,38.00
VAL;2026-09-18 17:05:49.755193;;;WHEEL_POS;58.412,38.00
VAL;2026-09-18 17:05:49.786446;;;WHEEL_POS;58.443,38.00
VAL;2026-09-18 17:05:49.822282;;;WHEEL_POS;58.479,38.00
VAL;2026-09-18 17:05:49.839412;;;WHEEL_POS;58.496,38.00
VAL;2026-09-18 17:05:49.855041;;;WHEEL_POS;58.511,38.00
VAL;2026-09-18 17:05:49.886292;;;WHEEL_POS;58.543,38.00
EVENT;2026-09-18 17:05:49.901920;1.5858;;94;Port1In
TRANSITION;2026-09-18 17:05:49.901920;1.5858;;ITI;
VAL;2026-09-18 17:05:49.901920;;;WHEEL_POS;58.558,38.00
VAL;2026-09-18 17:05:49.939542;;;WHEEL_POS;58.596,38.00
VAL;2026-09-18 17:05:49.999981;;;WHEEL_POS;58.656,38.00
VAL;2026-09-18 17:05:50.015603;;;WHEEL_POS;58.672,38.00
VAL;2026-09-18 17:05:50.055364;;;WHEEL_POS;58.712,38.00
VAL;2026-09-18 17:05:50.087139;;;WHEEL_POS;58.744,38.00
EVENT;2026-09-18 17:05:50.087139;1.7776;;95;Port1Out
VAL;2026-09-18 17:05:50.102760;;;WHEEL_POS;58.759,38.00
VAL;2026-09-18 17:05:50.140023;;;WHEEL_POS;58.796,38.00
VAL;2026-09-18 17:05:50.155655;;;WHEEL_POS;58.812,38.00
VAL;2026-09-18 17:05:50.186903;;;WHEEL_POS;58.843,38.00
VAL;2026-09-18 17:05:50.218159;;;WHEEL_POS;58.875,38.00
VAL;2026-09-18 17:05:50.271552;;;WHEEL_POS;58.928,38.00
VAL;2026-09-18 17:05:50.287172;;;WHEEL_POS;58.944,38.00
VAL;2026-09-18 17:05:50.302800;;;WHEEL_POS;58.959,38.00
VAL;2026-09-18 17:05:50.340401;;;WHEEL_POS;58.997,38.00
VAL;2026-09-18 17:05:50.356032;;;WHEEL_POS;59.012,38.00
VAL;2026-09-18 17:05:50.399336;;;WHEEL_POS;59.056,38.00
VAL;2026-09-18 17:05:50.414959;;;WHEEL_POS;59.071,38.00
VAL;2026-09-18 17:05:50.471849;;;WHEEL_POS;59.128,38.00
VAL;2026-09-18 17:05:50.487471;;;WHEEL_POS;59.144,38.00
VAL;2026-09-18 17:05:50.523061;;;WHEEL_POS;59.179,38.00
VAL;2026-09-18 17:05:50.556333;;;WHEEL_POS;59.213,38.00
VAL;2026-09-18 17:05:50.603213;;;WHEEL_POS;59.260,38.00
VAL;2026-09-18 17:05:50.618839;;;WHEEL_POS;59.275,38.00
VAL;2026-09-18 17:05:50.650981;;;WHEEL_POS;59.307,38.00
VAL;2026-09-18 17:05:50.666614;;;WHEEL_POS;59.323,38.00
VAL;2026-09-18 17:05:50.697861;;;WHEEL_POS;59.354,38.00
VAL;2026-09-18 17:05:50.741111;;;WHEEL_POS;59.398,38.00
VAL;2026-09-18 17:05:50.756740;;;WHEEL_POS;59.413,38.00
VAL;2026-09-18 17:05:50.787996;;;WHEEL_POS;59.444,38.00
VAL;2026-09-18 17:05:50.837936;;;WHEEL_POS;59.494,38.00
VAL;2026-09-18 17:05:50.856581;;;WHEEL_POS;59.513,38.00
VAL;2026-09-18 17:05:50.887833;;;WHEEL_POS;59.544,38.00
VAL;2026-09-18 17:05:50.924443;;;WHEEL_POS;59.581,38.00
VAL;2026-09-18 17:05:50.940960;;;WHEEL_POS;59.597,38.00
VAL;2026-09-18 17:05:50.985417;;;WHEEL_POS;59.642,38.00
VAL;2026-09-18 17:05:51.032295;;;WHEEL_POS;59.689,38.00
VAL;2026-09-18 17:05:51.056434;;;WHEEL_POS;59.713,38.00
VAL;2026-09-18 17:05:51.092034;;;WHEEL_POS;59.748,38.00
VAL;2026-09-18 17:05:51.107662;;;WHEEL_POS;59.764,38.00
VAL;2026-09-18 17:05:51.140802;;;WHEEL_POS;59.797,38.00
VAL;2026-09-18 17:05:51.172060;;;WHEEL_POS;59.828,38.00
VAL;2026-09-18 17:05:51.203307;;;WHEEL_POS;59.860,38.00
VAL;2026-09-18 17:05:51.218935;;;WHEEL_POS;59.875,38.00
VAL;2026-09-18 17:05:51.256708;;;WHEEL_POS;59.913,38.00
VAL;2026-09-18 17:05:51.303589;;;WHEEL_POS;59.960,38.00
VAL;2026-09-18 17:05:51.325217;;;WHEEL_POS;59.982,38.00
VAL;2026-09-18 17:05:51.341129;;;WHEEL_POS;59.998,38.00
VAL;2026-09-18 17:05:51.356763;;;WHEEL_POS;60.013,38.00
VAL;2026-09-18 17:05:51.383401;;;WHEEL_POS;60.040,38.00
EVENT;2026-09-18 17:05:51.399026;3.0858000000000003;;158;Tup
END-TRIAL;2026-09-18 17:05:51.399026;;;The trial ended;
INFO;2026-09-18 17:05:51.399026;66.550131;69.635934;TRIAL-BPOD-TIME;3.0858030000000127
STATE;2026-09-18 17:05:51.399026;0;0.9346000000000001;WheelDotPeriod;0.9346000000000001
STATE;2026-09-18 17:05:51.399026;0.9346000000000001;0.9834;Reward;0.048799999999999955
STATE;2026-09-18 17:05:51.399026;0.9834;1.5858;Consumption;0.6024
STATE;2026-09-18 17:05:51.399026;1.5858;3.0858000000000003;ITI;1.5000000000000002
STATE;2026-09-18 17:05:51.399026;nan;nan;ErrorConsumption;nan
STATE;2026-09-18 17:05:51.399026;nan;nan;IncorrectITI;nan
STATE;2026-09-18 17:05:51.399026;nan;nan;NoResponse;nan
VAL;2026-09-18 17:05:51.488179;;;INCLUDED;True
VAL;2026-09-18 17:05:51.488179;;;CONSUMPTION_LICKED;True
VAL;2026-09-18 17:05:51.488179;;;LED_ON_TIME;56.96876120567322
VAL;2026-09-18 17:05:51.488179;;;DOT_ONSET_JITTER_S;0.19894073793766204
VAL;2026-09-18 17:05:51.488179;;;DOT_ONSET_TIME;57.16770194361088
VAL;2026-09-18 17:05:51.488179;;;THRESHOLD_CROSSING_TIME;57.90336120567322
VAL;2026-09-18 17:05:51.488179;;;DOT_DISAPPEAR_JITTER_S;0.7292563083099752
VAL;2026-09-18 17:05:51.488179;;;DOT_DISAPPEAR_TIME;58.6326175139832
VAL;2026-09-18 17:05:51.488179;;;CORRECT;True
stdout;2026-09-18 17:05:51.488179;;;Trial 8 (warmup): side=R, Reward -> reward;
stdout;2026-09-18 17:05:51.488179;;;|
|;
VAL;2026-09-18 17:05:52.099325;;;TRIAL_INIT_START;60.75575637817383
VAL;2026-09-18 17:05:52.143012;;;WHEEL_POS;60.799,38.00
VAL;2026-09-18 17:05:52.174268;;;WHEEL_POS;60.831,38.00
VAL;2026-09-18 17:05:52.189894;;;WHEEL_POS;60.846,38.00
VAL;2026-09-18 17:05:52.221147;;;WHEEL_POS;60.878,38.00
VAL;2026-09-18 17:05:52.236773;;;WHEEL_POS;60.893,38.00
VAL;2026-09-18 17:05:52.258913;;;WHEEL_POS;60.915,38.00
VAL;2026-09-18 17:05:52.290162;;;WHEEL_POS;60.947,38.00
VAL;2026-09-18 17:05:52.305788;;;TRIAL_START;60.946593284606934
VAL;2026-09-18 17:05:52.305788;;;QUIESCENCE_BREAKS;0
VAL;2026-09-18 17:05:52.305788;;;TRIAL_TYPE;warmup
VAL;2026-09-18 17:05:52.474833;;;TRIAL_SIDE;L
VAL;2026-09-18 17:05:52.474833;;;CLICK_TIMES_L;0.0159,0.0309,0.1614,0.1931
VAL;2026-09-18 17:05:52.474833;;;CLICK_TIMES_R;
VAL;2026-09-18 17:05:52.474833;;;N_CLICKS_L;4
VAL;2026-09-18 17:05:52.474833;;;N_CLICKS_R;0
VAL;2026-09-18 17:05:52.474833;;;STIM_SEED;485034252
VAL;2026-09-18 17:05:52.474833;;;CUE_ABORT_THRESHOLD_DEG;10.0
VAL;2026-09-18 17:05:52.474833;;;RESPONSE_THRESHOLD_DEG;35.0
VAL;2026-09-18 17:05:52.474833;;;QUIESCENCE_DUR_S;0.1
VAL;2026-09-18 17:05:52.474833;;;ITI_S;1.5
VAL;2026-09-18 17:05:52.474833;;;CLICK_LEVEL_ATTENUATED;False
stdout;2026-09-18 17:05:52.474833;;;Trial 9 (warmup): side=L, n_L=4, n_R=0;
stdout;2026-09-18 17:05:52.474833;;;|
|;
VAL;2026-09-18 17:05:52.474833;;;SM_SEND_TIME;61.131264448165894
VAL;2026-09-18 17:05:52.474833;;;CUE_ONSET_TIME;61.152264448165894
TRIAL;2026-09-18 17:05:52.474833;;;New trial;
VAL;2026-09-18 17:05:52.474833;;;WHEEL_POS;61.131,0.00
VAL;2026-09-18 17:05:52.506089;;;WHEEL_POS;61.163,0.00
VAL;2026-09-18 17:05:52.521710;;;WHEEL_POS;61.178,0.00
VAL;2026-09-18 17:05:52.543578;;;WHEEL_POS;61.200,0.00
VAL;2026-09-18 17:05:52.574833;;;WHEEL_POS;61.231,0.00
VAL;2026-09-18 17:05:52.606085;;;WHEEL_POS;61.263,0.00
VAL;2026-09-18 17:05:52.621712;;;WHEEL_POS;61.278,0.00
VAL;2026-09-18 17:05:52.659468;;;WHEEL_POS;61.316,0.00
VAL;2026-09-18 17:05:52.690720;;;WHEEL_POS;61.347,0.00
VAL;2026-09-18 17:05:52.721973;;;WHEEL_POS;61.378,0.00
VAL;2026-09-18 17:05:52.743833;;;WHEEL_POS;61.400,0.00
EVENT;2026-09-18 17:05:52.743833;0.271;;158;Tup
TRANSITION;2026-09-18 17:05:52.743833;0.271;;DelayPeriod;
VAL;2026-09-18 17:05:52.775087;;;WHEEL_POS;61.432,0.00
VAL;2026-09-18 17:05:52.790714;;;WHEEL_POS;61.447,0.00
VAL;2026-09-18 17:05:52.807849;;;WHEEL_POS;61.464,0.00
VAL;2026-09-18 17:05:52.823476;;;WHEEL_POS;61.480,0.00
VAL;2026-09-18 17:05:52.843987;;;WHEEL_POS;61.500,0.00
VAL;2026-09-18 17:05:52.859614;;;WHEEL_POS;61.516,0.00
EVENT;2026-09-18 17:05:52.875241;0.3935;;158;Tup
TRANSITION;2026-09-18 17:05:52.875241;0.3935;;CueComplete;
EVENT;2026-09-18 17:05:52.875241;0.3936;;158;Tup
END-TRIAL;2026-09-18 17:05:52.875241;;;The trial ended;
INFO;2026-09-18 17:05:52.875241;70.716131;71.109735;TRIAL-BPOD-TIME;0.3936039999999963
STATE;2026-09-18 17:05:52.875241;0;0.271;CuePeriod;0.271
STATE;2026-09-18 17:05:52.875241;0.271;0.3935;DelayPeriod;0.1225
STATE;2026-09-18 17:05:52.875241;0.3935;0.3936;CueComplete;9.999999999998899e-05
STATE;2026-09-18 17:05:52.875241;nan;nan;WheelAbort;nan
STATE;2026-09-18 17:05:52.875241;nan;nan;AbortITI;nan
VAL;2026-09-18 17:05:52.890867;;;SM_SEND_TIME;61.547297954559326
TRIAL;2026-09-18 17:05:52.890867;;;New trial;
VAL;2026-09-18 17:05:52.890867;;;WHEEL_POS;61.547,0.00
VAL;2026-09-18 17:05:52.922120;;;WHEEL_POS;61.579,0.00
VAL;2026-09-18 17:05:52.944138;;;WHEEL_POS;61.601,0.00
VAL;2026-09-18 17:05:52.959767;;;WHEEL_POS;61.616,0.00
VAL;2026-09-18 17:05:52.986901;;;WHEEL_POS;61.643,0.00
VAL;2026-09-18 17:05:53.018153;;;WHEEL_POS;61.675,0.00
VAL;2026-09-18 17:05:53.033779;;;WHEEL_POS;61.690,0.00
VAL;2026-09-18 17:05:53.059917;;;WHEEL_POS;61.716,0.00
VAL;2026-09-18 17:05:53.090899;;;WHEEL_POS;61.747,0.00
VAL;2026-09-18 17:05:53.131668;;;WHEEL_POS;61.788,0.00
VAL;2026-09-18 17:05:53.144173;;;WHEEL_POS;61.801,0.00
VAL;2026-09-18 17:05:53.159802;;;WHEEL_POS;61.816,0.00
VAL;2026-09-18 17:05:53.191055;;;WHEEL_POS;61.847,0.00
VAL;2026-09-18 17:05:53.222306;;;WHEEL_POS;61.879,0.00
VAL;2026-09-18 17:05:53.237933;;;WHEEL_POS;61.894,0.00
VAL;2026-09-18 17:05:53.275693;;;WHEEL_POS;61.932,0.00
VAL;2026-09-18 17:05:53.291318;;;WHEEL_POS;61.948,0.00
VAL;2026-09-18 17:05:53.306944;;;WHEEL_POS;61.963,0.00
VAL;2026-09-18 17:05:53.322570;;;WHEEL_POS;61.979,0.00
VAL;2026-09-18 17:05:53.344412;;;WHEEL_POS;62.001,0.00
VAL;2026-09-18 17:05:53.387366;;;WHEEL_POS;62.044,0.00
VAL;2026-09-18 17:05:53.418620;;;WHEEL_POS;62.075,0.00
VAL;2026-09-18 17:05:53.475505;;;WHEEL_POS;62.132,0.00
VAL;2026-09-18 17:05:53.491130;;;WHEEL_POS;62.148,0.00
VAL;2026-09-18 17:05:53.506756;;;WHEEL_POS;62.163,0.00
VAL;2026-09-18 17:05:53.544431;;;WHEEL_POS;62.201,0.00
VAL;2026-09-18 17:05:53.575689;;;WHEEL_POS;62.232,0.00
VAL;2026-09-18 17:05:53.606946;;;WHEEL_POS;62.263,0.00
VAL;2026-09-18 17:05:53.638194;;;WHEEL_POS;62.295,0.00
VAL;2026-09-18 17:05:53.660326;;;WHEEL_POS;62.317,0.00
VAL;2026-09-18 17:05:53.675955;;;WHEEL_POS;62.332,0.00
VAL;2026-09-18 17:05:53.719717;;;WHEEL_POS;62.376,0.00
VAL;2026-09-18 17:05:53.744848;;;WHEEL_POS;62.401,0.00
VAL;2026-09-18 17:05:53.776104;;;WHEEL_POS;62.433,0.00
VAL;2026-09-18 17:05:53.791731;;;WHEEL_POS;62.448,0.00
VAL;2026-09-18 17:05:53.825023;;;WHEEL_POS;62.481,0.00
VAL;2026-09-18 17:05:53.845151;;;WHEEL_POS;62.502,0.00
VAL;2026-09-18 17:05:53.860781;;;WHEEL_POS;62.517,0.00
VAL;2026-09-18 17:05:53.892033;;;WHEEL_POS;62.548,0.00
VAL;2026-09-18 17:05:53.907659;;;WHEEL_POS;62.564,0.00
VAL;2026-09-18 17:05:53.945309;;;WHEEL_POS;62.602,0.00
VAL;2026-09-18 17:05:53.988572;;;WHEEL_POS;62.645,0.70
VAL;2026-09-18 17:05:54.019827;;;WHEEL_POS;62.676,2.50
EVENT;2026-09-18 17:05:54.045458;1.1465;;1;RotaryEncoder1_2
VAL;2026-09-18 17:05:54.061088;;;WHEEL_POS;62.718,3.90
VAL;2026-09-18 17:05:54.093733;;;WHEEL_POS;62.750,3.50
VAL;2026-09-18 17:05:54.124987;;;WHEEL_POS;62.781,1.80
VAL;2026-09-18 17:05:54.145556;;;WHEEL_POS;62.802,-0.70
EVENT;2026-09-18 17:05:54.161186;1.2722;;0;RotaryEncoder1_1
VAL;2026-09-18 17:05:54.176812;;;WHEEL_POS;62.833,-5.30
EVENT;2026-09-18 17:05:54.208067;1.314;;4;RotaryEncoder1_5
VAL;2026-09-18 17:05:54.208067;;;WHEEL_POS;62.864,-9.80
VAL;2026-09-18 17:05:54.239316;;;WHEEL_POS;62.896,-14.10
VAL;2026-09-18 17:05:54.261448;;;WHEEL_POS;62.918,-17.60
VAL;2026-09-18 17:05:54.292702;;;WHEEL_POS;62.949,-20.00
VAL;2026-09-18 17:05:54.323953;;;WHEEL_POS;62.980,-23.90
VAL;2026-09-18 17:05:54.361659;;;WHEEL_POS;63.018,-27.40
VAL;2026-09-18 17:05:54.387794;;;WHEEL_POS;63.044,-31.60
VAL;2026-09-18 17:05:54.419049;;;WHEEL_POS;63.075,-34.50
EVENT;2026-09-18 17:05:54.419049;1.5282;;2;RotaryEncoder1_3
TRANSITION;2026-09-18 17:05:54.419049;1.5282;;Reward;
VAL;2026-09-18 17:05:54.434673;;;WHEEL_POS;63.091,-36.20
VAL;2026-09-18 17:05:54.461808;;;WHEEL_POS;63.118,-38.70
EVENT;2026-09-18 17:05:54.461808;1.5770000000000002;;158;Tup
TRANSITION;2026-09-18 17:05:54.461808;1.5770000000000002;;Consumption;
VAL;2026-09-18 17:05:54.493061;;;WHEEL_POS;63.149,-41.80
VAL;2026-09-18 17:05:54.508685;;;WHEEL_POS;63.165,-42.90
VAL;2026-09-18 17:05:54.540184;;;WHEEL_POS;63.197,-45.40
VAL;2026-09-18 17:05:54.561817;;;WHEEL_POS;63.218,-46.80
VAL;2026-09-18 17:05:54.593069;;;WHEEL_POS;63.249,-47.80
VAL;2026-09-18 17:05:54.608695;;;WHEEL_POS;63.265,-48.50
VAL;2026-09-18 17:05:54.639948;;;WHEEL_POS;63.296,-48.90
VAL;2026-09-18 17:05:54.667090;;;WHEEL_POS;63.324,-48.20
VAL;2026-09-18 17:05:54.698342;;;WHEEL_POS;63.355,-47.10
VAL;2026-09-18 17:05:54.713969;;;WHEEL_POS;63.370,-46.80
VAL;2026-09-18 17:05:54.746481;;;WHEEL_POS;63.403,-46.10
VAL;2026-09-18 17:05:54.777735;;;WHEEL_POS;63.434,-45.70
VAL;2026-09-18 17:05:54.809426;;;WHEEL_POS;63.466,-45.40
VAL;2026-09-18 17:05:54.840680;;;WHEEL_POS;63.497,-45.40
VAL;2026-09-18 17:05:54.862314;;;WHEEL_POS;63.519,-45.40
VAL;2026-09-18 17:05:54.893565;;;WHEEL_POS;63.550,-45.40
VAL;2026-09-18 17:05:54.924816;;;WHEEL_POS;63.581,-45.40
VAL;2026-09-18 17:05:54.973620;;;WHEEL_POS;63.630,-45.40
VAL;2026-09-18 17:05:54.989250;;;WHEEL_POS;63.646,-45.40
VAL;2026-09-18 17:05:55.004876;;;WHEEL_POS;63.661,-45.40
VAL;2026-09-18 17:05:55.036128;;;WHEEL_POS;63.693,-45.40
VAL;2026-09-18 17:05:55.062762;;;WHEEL_POS;63.719,-45.40
VAL;2026-09-18 17:05:55.094264;;;WHEEL_POS;63.751,-45.40
VAL;2026-09-18 17:05:55.109890;;;WHEEL_POS;63.766,-45.40
VAL;2026-09-18 17:05:55.143199;;;WHEEL_POS;63.800,-45.40
VAL;2026-09-18 17:05:55.162832;;;WHEEL_POS;63.819,-45.40
VAL;2026-09-18 17:05:55.194083;;;WHEEL_POS;63.851,-45.40
VAL;2026-09-18 17:05:55.209710;;;WHEEL_POS;63.866,-45.40
VAL;2026-09-18 17:05:55.240962;;;WHEEL_POS;63.897,-45.40
VAL;2026-09-18 17:05:55.263096;;;WHEEL_POS;63.920,-45.40
VAL;2026-09-18 17:05:55.278721;;;WHEEL_POS;63.935,-45.40
VAL;2026-09-18 17:05:55.325602;;;WHEEL_POS;63.982,-45.40
VAL;2026-09-18 17:05:55.344090;;;WHEEL_POS;64.001,-45.40
VAL;2026-09-18 17:05:55.363222;;;WHEEL_POS;64.020,-45.40
VAL;2026-09-18 17:05:55.388915;;;WHEEL_POS;64.045,-45.40
VAL;2026-09-18 17:05:55.420164;;;WHEEL_POS;64.077,-45.40
VAL;2026-09-18 17:05:55.447797;;;WHEEL_POS;64.104,-45.40
VAL;2026-09-18 17:05:55.463427;;;WHEEL_POS;64.120,-45.40
VAL;2026-09-18 17:05:55.494678;;;WHEEL_POS;64.151,-45.40
VAL;2026-09-18 17:05:55.525931;;;WHEEL_POS;64.182,-45.40
VAL;2026-09-18 17:05:55.579144;;;WHEEL_POS;64.236,-45.40
VAL;2026-09-18 17:05:55.594768;;;WHEEL_POS;64.251,-45.40
VAL;2026-09-18 17:05:55.626020;;;WHEEL_POS;64.282,-45.40
VAL;2026-09-18 17:05:55.663814;;;WHEEL_POS;64.320,-45.40
VAL;2026-09-18 17:05:55.710700;;;WHEEL_POS;64.367,-45.40
VAL;2026-09-18 17:05:55.726318;;;WHEEL_POS;64.383,-45.40
VAL;2026-09-18 17:05:55.745812;;;WHEEL_POS;64.402,-45.40
VAL;2026-09-18 17:05:55.763944;;;WHEEL_POS;64.420,-45.40
VAL;2026-09-18 17:05:55.795197;;;WHEEL_POS;64.452,-45.40
VAL;2026-09-18 17:05:55.840694;;;WHEEL_POS;64.497,-45.40
VAL;2026-09-18 17:05:55.863840;;;WHEEL_POS;64.520,-45.40
VAL;2026-09-18 17:05:55.895092;;;WHEEL_POS;64.552,-45.40
VAL;2026-09-18 17:05:55.926345;;;WHEEL_POS;64.583,-45.40
VAL;2026-09-18 17:05:55.974103;;;WHEEL_POS;64.631,-45.40
VAL;2026-09-18 17:05:56.005358;;;WHEEL_POS;64.662,-45.40
VAL;2026-09-18 17:05:56.036613;;;WHEEL_POS;64.693,-45.40
VAL;2026-09-18 17:05:56.063756;;;WHEEL_POS;64.720,-45.40
VAL;2026-09-18 17:05:56.101886;;;WHEEL_POS;64.758,-45.40
VAL;2026-09-18 17:05:56.133138;;;WHEEL_POS;64.790,-45.40
VAL;2026-09-18 17:05:56.164009;;;WHEEL_POS;64.820,-45.40
VAL;2026-09-18 17:05:56.195261;;;WHEEL_POS;64.852,-45.40
VAL;2026-09-18 17:05:56.210888;;;WHEEL_POS;64.867,-45.40
VAL;2026-09-18 17:05:56.248655;;;WHEEL_POS;64.905,-45.40
VAL;2026-09-18 17:05:56.264286;;;WHEEL_POS;64.921,-45.40
VAL;2026-09-18 17:05:56.295538;;;WHEEL_POS;64.952,-45.40
VAL;2026-09-18 17:05:56.326790;;;WHEEL_POS;64.983,-45.40
VAL;2026-09-18 17:05:56.374170;;;WHEEL_POS;65.031,-45.40
VAL;2026-09-18 17:05:56.405426;;;WHEEL_POS;65.062,-45.40
VAL;2026-09-18 17:05:56.436678;;;WHEEL_POS;65.093,-45.40
VAL;2026-09-18 17:05:56.464827;;;WHEEL_POS;65.121,-45.40
VAL;2026-09-18 17:05:56.496078;;;WHEEL_POS;65.153,-45.40
VAL;2026-09-18 17:05:56.527331;;;WHEEL_POS;65.184,-45.40
VAL;2026-09-18 17:05:56.565607;;;WHEEL_POS;65.222,-45.40
VAL;2026-09-18 17:05:56.596859;;;WHEEL_POS;65.253,-45.40
VAL;2026-09-18 17:05:56.628111;;;WHEEL_POS;65.285,-45.40
VAL;2026-09-18 17:05:56.665377;;;WHEEL_POS;65.322,-45.40
VAL;2026-09-18 17:05:56.696630;;;WHEEL_POS;65.353,-45.40
VAL;2026-09-18 17:05:56.727882;;;WHEEL_POS;65.384,-45.40
VAL;2026-09-18 17:05:56.766984;;;WHEEL_POS;65.423,-45.40
VAL;2026-09-18 17:05:56.782612;;;WHEEL_POS;65.439,-45.40
VAL;2026-09-18 17:05:56.830929;;;WHEEL_POS;65.487,-45.40
VAL;2026-09-18 17:05:56.850088;;;WHEEL_POS;65.507,-45.40
VAL;2026-09-18 17:05:56.881347;;;WHEEL_POS;65.538,-45.40
VAL;2026-09-18 17:05:56.912605;;;WHEEL_POS;65.569,-45.40
VAL;2026-09-18 17:05:56.943851;;;WHEEL_POS;65.600,-45.40
VAL;2026-09-18 17:05:56.968341;;;WHEEL_POS;65.625,-45.40
VAL;2026-09-18 17:05:56.990551;;;WHEEL_POS;65.647,-45.40
VAL;2026-09-18 17:05:57.021803;;;WHEEL_POS;65.678,-45.40
VAL;2026-09-18 17:05:57.066071;;;WHEEL_POS;65.723,-45.40
VAL;2026-09-18 17:05:57.110183;;;WHEEL_POS;65.767,-45.40
VAL;2026-09-18 17:05:57.125809;;;WHEEL_POS;65.782,-45.40
VAL;2026-09-18 17:05:57.169141;;;WHEEL_POS;65.826,-45.40
VAL;2026-09-18 17:05:57.184772;;;WHEEL_POS;65.841,-45.40
VAL;2026-09-18 17:05:57.216021;;;WHEEL_POS;65.872,-45.40
VAL;2026-09-18 17:05:57.231647;;;WHEEL_POS;65.888,-45.40
VAL;2026-09-18 17:05:57.265907;;;WHEEL_POS;65.922,-45.40
VAL;2026-09-18 17:05:57.297159;;;WHEEL_POS;65.954,-45.40
VAL;2026-09-18 17:05:57.312785;;;WHEEL_POS;65.969,-45.40
VAL;2026-09-18 17:05:57.344038;;;WHEEL_POS;66.000,-45.40
VAL;2026-09-18 17:05:57.370361;;;WHEEL_POS;66.027,-45.40
VAL;2026-09-18 17:05:57.393538;;;WHEEL_POS;66.050,-45.40
VAL;2026-09-18 17:05:57.424789;;;WHEEL_POS;66.081,-45.40
VAL;2026-09-18 17:05:57.466062;;;WHEEL_POS;66.122,-45.40
EVENT;2026-09-18 17:05:57.466062;4.577;;158;Tup
TRANSITION;2026-09-18 17:05:57.466062;4.577;;ITI;
VAL;2026-09-18 17:05:57.497311;;;WHEEL_POS;66.154,-45.40
VAL;2026-09-18 17:05:57.512936;;;WHEEL_POS;66.169,-45.40
VAL;2026-09-18 17:05:57.544189;;;WHEEL_POS;66.201,-45.40
VAL;2026-09-18 17:05:57.571914;;;WHEEL_POS;66.228,-45.40
VAL;2026-09-18 17:05:57.603168;;;WHEEL_POS;66.260,-45.40
VAL;2026-09-18 17:05:57.618795;;;WHEEL_POS;66.275,-45.40
VAL;2026-09-18 17:05:57.650562;;;WHEEL_POS;66.307,-45.40
VAL;2026-09-18 17:05:57.681819;;;WHEEL_POS;66.338,-45.40
VAL;2026-09-18 17:05:57.713077;;;WHEEL_POS;66.370,-45.40
VAL;2026-09-18 17:05:57.744323;;;WHEEL_POS;66.401,-45.40
VAL;2026-09-18 17:05:57.787949;;;WHEEL_POS;66.444,-45.40
VAL;2026-09-18 17:05:57.809121;;;WHEEL_POS;66.466,-45.40
VAL;2026-09-18 17:05:57.825753;;;WHEEL_POS;66.482,-45.40
VAL;2026-09-18 17:05:57.866525;;;WHEEL_POS;66.523,-45.40
VAL;2026-09-18 17:05:57.897777;;;WHEEL_POS;66.554,-45.40
VAL;2026-09-18 17:05:57.929030;;;WHEEL_POS;66.585,-45.40
VAL;2026-09-18 17:05:57.944655;;;WHEEL_POS;66.601,-45.40
VAL;2026-09-18 17:05:57.975696;;;WHEEL_POS;66.632,-45.40
VAL;2026-09-18 17:05:58.006950;;;WHEEL_POS;66.663,-45.40
VAL;2026-09-18 17:05:58.038202;;;WHEEL_POS;66.695,-45.40
VAL;2026-09-18 17:05:58.066842;;;WHEEL_POS;66.723,-45.40
VAL;2026-09-18 17:05:58.096137;;;WHEEL_POS;66.753,-45.40
VAL;2026-09-18 17:05:58.127395;;;WHEEL_POS;66.784,-45.40
VAL;2026-09-18 17:05:58.143016;;;WHEEL_POS;66.799,-45.40
VAL;2026-09-18 17:05:58.189741;;;WHEEL_POS;66.846,-45.40
VAL;2026-09-18 17:05:58.205365;;;WHEEL_POS;66.862,-45.40
VAL;2026-09-18 17:05:58.251630;;;WHEEL_POS;66.908,-45.40
VAL;2026-09-18 17:05:58.282893;;;WHEEL_POS;66.939,-45.40
VAL;2026-09-18 17:05:58.314147;;;WHEEL_POS;66.971,-45.40
VAL;2026-09-18 17:05:58.345396;;;WHEEL_POS;67.002,-45.40
VAL;2026-09-18 17:05:58.378967;;;WHEEL_POS;67.035,-45.40
VAL;2026-09-18 17:05:58.394596;;;WHEEL_POS;67.051,-45.40
VAL;2026-09-18 17:05:58.425847;;;WHEEL_POS;67.082,-45.40
VAL;2026-09-18 17:05:58.467620;;;WHEEL_POS;67.124,-45.40
VAL;2026-09-18 17:05:58.498873;;;WHEEL_POS;67.155,-45.40
VAL;2026-09-18 17:05:58.530131;;;WHEEL_POS;67.187,-45.40
VAL;2026-09-18 17:05:58.561766;;;WHEEL_POS;67.218,-45.40
VAL;2026-09-18 17:05:58.593029;;;WHEEL_POS;67.249,-45.40
VAL;2026-09-18 17:05:58.624275;;;WHEEL_POS;67.281,-45.40
VAL;2026-09-18 17:05:58.639900;;;WHEEL_POS;67.296,-45.40
VAL;2026-09-18 17:05:58.668065;;;WHEEL_POS;67.324,-45.40
VAL;2026-09-18 17:05:58.683687;;;WHEEL_POS;67.340,-45.40
VAL;2026-09-18 17:05:58.736074;;;WHEEL_POS;67.393,-45.40
VAL;2026-09-18 17:05:58.752711;;;WHEEL_POS;67.409,-45.40
VAL;2026-09-18 17:05:58.794005;;;WHEEL_POS;67.450,-45.40
VAL;2026-09-18 17:05:58.811374;;;WHEEL_POS;67.468,-45.40
VAL;2026-09-18 17:05:58.827003;;;WHEEL_POS;67.483,-45.40
VAL;2026-09-18 17:05:58.868269;;;WHEEL_POS;67.525,-45.40
VAL;2026-09-18 17:05:58.899520;;;WHEEL_POS;67.556,-45.40
VAL;2026-09-18 17:05:58.930773;;;WHEEL_POS;67.587,-45.40
VAL;2026-09-18 17:05:58.963015;;;WHEEL_POS;67.619,-45.40
EVENT;2026-09-18 17:05:58.976049;6.077;;158;Tup
END-TRIAL;2026-09-18 17:05:58.976049;;;The trial ended;
INFO;2026-09-18 17:05:58.976049;71.129131;77.206134;TRIAL-BPOD-TIME;6.077003000000005
STATE;2026-09-18 17:05:58.976049;0;1.5282;WheelDotPeriod;1.5282
STATE;2026-09-18 17:05:58.976049;1.5282;1.5770000000000002;Reward;0.04880000000000018
STATE;2026-09-18 17:05:58.976049;1.5770000000000002;4.577;Consumption;3.0
STATE;2026-09-18 17:05:58.976049;4.577;6.077;ITI;1.5
STATE;2026-09-18 17:05:58.976049;nan;nan;ErrorConsumption;nan
STATE;2026-09-18 17:05:58.976049;nan;nan;IncorrectITI;nan
STATE;2026-09-18 17:05:58.976049;nan;nan;NoResponse;nan
VAL;2026-09-18 17:05:59.096553;;;INCLUDED;True
VAL;2026-09-18 17:05:59.096553;;;CONSUMPTION_LICKED;False
VAL;2026-09-18 17:05:59.096553;;;LED_ON_TIME;61.547297954559326
VAL;2026-09-18 17:05:59.096553;;;DOT_ONSET_JITTER_S;0.13003146014140218
VAL;2026-09-18 17:05:59.096553;;;DOT_ONSET_TIME;61.67732941470073
VAL;2026-09-18 17:05:59.096553;;;THRESHOLD_CROSSING_TIME;63.075497954559324
VAL;2026-09-18 17:05:59.096553;;;DOT_DISAPPEAR_JITTER_S;0.8076687198425627
VAL;2026-09-18 17:05:59.096553;;;DOT_DISAPPEAR_TIME;63.883166674401885
VAL;2026-09-18 17:05:59.096553;;;CORRECT;True
stdout;2026-09-18 17:05:59.096553;;;Trial 9 (warmup): side=L, Reward -> reward;
stdout;2026-09-18 17:05:59.096553;;;|
|;
VAL;2026-09-18 17:05:59.695485;;;TRIAL_INIT_START;68.35191583633423
VAL;2026-09-18 17:05:59.726736;;;WHEEL_POS;68.383,-45.40
VAL;2026-09-18 17:05:59.766375;;;WHEEL_POS;68.423,-45.40
VAL;2026-09-18 17:05:59.797633;;;WHEEL_POS;68.454,-45.40
VAL;2026-09-18 17:05:59.828850;;;WHEEL_POS;68.485,-45.40
VAL;2026-09-18 17:05:59.869120;;;WHEEL_POS;68.526,-45.40
VAL;2026-09-18 17:05:59.884744;;;TRIAL_START;68.52555131912231
VAL;2026-09-18 17:05:59.884744;;;QUIESCENCE_BREAKS;0
VAL;2026-09-18 17:05:59.884744;;;TRIAL_TYPE;warmup
VAL;2026-09-18 17:06:00.038976;;;TRIAL_SIDE;L
VAL;2026-09-18 17:06:00.038976;;;CLICK_TIMES_L;0.0890,0.1484,0.2194,0.2357
VAL;2026-09-18 17:06:00.038976;;;CLICK_TIMES_R;
VAL;2026-09-18 17:06:00.038976;;;N_CLICKS_L;4
VAL;2026-09-18 17:06:00.038976;;;N_CLICKS_R;0
VAL;2026-09-18 17:06:00.038976;;;STIM_SEED;1271198432
VAL;2026-09-18 17:06:00.038976;;;CUE_ABORT_THRESHOLD_DEG;10.0
VAL;2026-09-18 17:06:00.038976;;;RESPONSE_THRESHOLD_DEG;35.0
VAL;2026-09-18 17:06:00.038976;;;QUIESCENCE_DUR_S;0.1
VAL;2026-09-18 17:06:00.038976;;;ITI_S;1.5
VAL;2026-09-18 17:06:00.038976;;;CLICK_LEVEL_ATTENUATED;False
stdout;2026-09-18 17:06:00.038976;;;Trial 10 (warmup): side=L, n_L=4, n_R=0;
stdout;2026-09-18 17:06:00.038976;;;|
|;
VAL;2026-09-18 17:06:00.038976;;;SM_SEND_TIME;68.6954071521759
VAL;2026-09-18 17:06:00.038976;;;CUE_ONSET_TIME;68.7164071521759
TRIAL;2026-09-18 17:06:00.038976;;;New trial;
VAL;2026-09-18 17:06:00.053982;;;WHEEL_POS;68.710,0.00
VAL;2026-09-18 17:06:00.069610;;;WHEEL_POS;68.726,0.00
VAL;2026-09-18 17:06:00.096081;;;WHEEL_POS;68.753,0.00
VAL;2026-09-18 17:06:00.111706;;;WHEEL_POS;68.768,0.00
VAL;2026-09-18 17:06:00.142958;;;WHEEL_POS;68.799,0.00
VAL;2026-09-18 17:06:00.168032;;;WHEEL_POS;68.824,0.00
VAL;2026-09-18 17:06:00.183660;;;WHEEL_POS;68.840,0.00
VAL;2026-09-18 17:06:00.214913;;;WHEEL_POS;68.871,0.00
VAL;2026-09-18 17:06:00.246164;;;WHEEL_POS;68.903,0.00
VAL;2026-09-18 17:06:00.269796;;;WHEEL_POS;68.926,0.00
VAL;2026-09-18 17:06:00.301049;;;WHEEL_POS;68.957,0.00
VAL;2026-09-18 17:06:00.316675;;;WHEEL_POS;68.973,0.00
EVENT;2026-09-18 17:06:00.316675;0.271;;158;Tup
TRANSITION;2026-09-18 17:06:00.316675;0.271;;DelayPeriod;
VAL;2026-09-18 17:06:00.347926;;;WHEEL_POS;69.004,0.00
VAL;2026-09-18 17:06:00.369345;;;WHEEL_POS;69.026,0.00
VAL;2026-09-18 17:06:00.396993;;;WHEEL_POS;69.053,0.00
VAL;2026-09-18 17:06:00.428244;;;WHEEL_POS;69.085,0.00
EVENT;2026-09-18 17:06:00.443870;0.38720000000000004;;158;Tup
TRANSITION;2026-09-18 17:06:00.443870;0.38720000000000004;;CueComplete;
EVENT;2026-09-18 17:06:00.443870;0.38730000000000003;;158;Tup
END-TRIAL;2026-09-18 17:06:00.443870;;;The trial ended;
INFO;2026-09-18 17:06:00.443870;78.289031;78.676335;TRIAL-BPOD-TIME;0.3873040000000003
STATE;2026-09-18 17:06:00.443870;0;0.271;CuePeriod;0.271
STATE;2026-09-18 17:06:00.443870;0.271;0.38720000000000004;DelayPeriod;0.11620000000000003
STATE;2026-09-18 17:06:00.443870;0.38720000000000004;0.38730000000000003;CueComplete;9.999999999998899e-05
STATE;2026-09-18 17:06:00.443870;nan;nan;WheelAbort;nan
STATE;2026-09-18 17:06:00.443870;nan;nan;AbortITI;nan
VAL;2026-09-18 17:06:00.443870;;;WHEEL_POS;69.100,0.00
VAL;2026-09-18 17:06:00.470003;;;SM_SEND_TIME;69.12643361091614
TRIAL;2026-09-18 17:06:00.470003;;;New trial;
VAL;2026-09-18 17:06:00.485633;;;WHEEL_POS;69.142,0.00
VAL;2026-09-18 17:06:00.501256;;;WHEEL_POS;69.158,0.00
VAL;2026-09-18 17:06:00.516880;;;WHEEL_POS;69.173,0.00
VAL;2026-09-18 17:06:00.548132;;;WHEEL_POS;69.205,0.00
VAL;2026-09-18 17:06:00.570039;;;WHEEL_POS;69.226,0.00
VAL;2026-09-18 17:06:00.585668;;;WHEEL_POS;69.242,0.00
VAL;2026-09-18 17:06:00.616920;;;WHEEL_POS;69.273,0.00
VAL;2026-09-18 17:06:00.648172;;;WHEEL_POS;69.305,0.00
VAL;2026-09-18 17:06:00.670306;;;WHEEL_POS;69.327,0.00
VAL;2026-09-18 17:06:00.701560;;;WHEEL_POS;69.358,0.00
VAL;2026-09-18 17:06:00.732814;;;WHEEL_POS;69.389,0.00
VAL;2026-09-18 17:06:00.770861;;;WHEEL_POS;69.427,0.00
VAL;2026-09-18 17:06:00.786489;;;WHEEL_POS;69.443,0.00
VAL;2026-09-18 17:06:00.831325;;;WHEEL_POS;69.488,0.00
VAL;2026-09-18 17:06:00.854959;;;WHEEL_POS;69.511,0.00
VAL;2026-09-18 17:06:00.870587;;;WHEEL_POS;69.527,0.00
VAL;2026-09-18 17:06:00.901839;;;WHEEL_POS;69.558,0.00
VAL;2026-09-18 17:06:00.933092;;;WHEEL_POS;69.590,0.00
VAL;2026-09-18 17:06:00.976495;;;WHEEL_POS;69.633,0.00
VAL;2026-09-18 17:06:00.992124;;;WHEEL_POS;69.649,0.00
VAL;2026-09-18 17:06:01.023377;;;WHEEL_POS;69.680,0.00
VAL;2026-09-18 17:06:01.055138;;;WHEEL_POS;69.712,0.00
VAL;2026-09-18 17:06:01.070769;;;WHEEL_POS;69.727,0.00
VAL;2026-09-18 17:06:01.096231;;;WHEEL_POS;69.753,0.00
VAL;2026-09-18 17:06:01.127483;;;WHEEL_POS;69.784,0.00
VAL;2026-09-18 17:06:01.171786;;;WHEEL_POS;69.828,0.00
VAL;2026-09-18 17:06:01.187414;;;WHEEL_POS;69.844,0.00
VAL;2026-09-18 17:06:01.218667;;;WHEEL_POS;69.875,0.00
VAL;2026-09-18 17:06:01.255423;;;WHEEL_POS;69.912,0.00
VAL;2026-09-18 17:06:01.271052;;;WHEEL_POS;69.927,0.00
VAL;2026-09-18 17:06:01.286678;;;WHEEL_POS;69.943,0.00
VAL;2026-09-18 17:06:01.317930;;;WHEEL_POS;69.974,0.00
VAL;2026-09-18 17:06:01.349182;;;WHEEL_POS;70.006,0.00
VAL;2026-09-18 17:06:01.375348;;;WHEEL_POS;70.032,0.00
VAL;2026-09-18 17:06:01.398004;;;WHEEL_POS;70.054,0.00
VAL;2026-09-18 17:06:01.429256;;;WHEEL_POS;70.086,0.00
VAL;2026-09-18 17:06:01.471516;;;WHEEL_POS;70.128,0.00
VAL;2026-09-18 17:06:01.502769;;;WHEEL_POS;70.159,0.00
VAL;2026-09-18 17:06:01.534021;;;WHEEL_POS;70.190,0.00
VAL;2026-09-18 17:06:01.549646;;;WHEEL_POS;70.206,0.00
VAL;2026-09-18 17:06:01.576161;;;WHEEL_POS;70.233,0.00
VAL;2026-09-18 17:06:01.591790;;;WHEEL_POS;70.248,0.00
VAL;2026-09-18 17:06:01.623041;;;WHEEL_POS;70.279,0.00
VAL;2026-09-18 17:06:01.671928;;;WHEEL_POS;70.328,0.00
VAL;2026-09-18 17:06:01.687555;;;WHEEL_POS;70.344,0.00
VAL;2026-09-18 17:06:01.734430;;;WHEEL_POS;70.391,0.00
VAL;2026-09-18 17:06:01.750055;;;WHEEL_POS;70.406,0.00
VAL;2026-09-18 17:06:01.775196;;;WHEEL_POS;70.432,0.00
VAL;2026-09-18 17:06:01.790829;;;WHEEL_POS;70.447,0.00
VAL;2026-09-18 17:06:01.815056;;;WHEEL_POS;70.471,0.00
VAL;2026-09-18 17:06:01.830683;;;WHEEL_POS;70.487,0.00
VAL;2026-09-18 17:06:01.872457;;;WHEEL_POS;70.529,0.00
VAL;2026-09-18 17:06:01.919338;;;WHEEL_POS;70.576,0.00
VAL;2026-09-18 17:06:01.934961;;;WHEEL_POS;70.591,0.00
VAL;2026-09-18 17:06:01.956098;;;WHEEL_POS;70.613,0.00
VAL;2026-09-18 17:06:01.976776;;;WHEEL_POS;70.633,0.00
VAL;2026-09-18 17:06:02.018538;;;WHEEL_POS;70.675,0.00
VAL;2026-09-18 17:06:02.057309;;;WHEEL_POS;70.714,0.00
VAL;2026-09-18 17:06:02.072938;;;WHEEL_POS;70.729,0.00
VAL;2026-09-18 17:06:02.096073;;;WHEEL_POS;70.753,0.00
VAL;2026-09-18 17:06:02.111707;;;WHEEL_POS;70.768,0.00
VAL;2026-09-18 17:06:02.142953;;;WHEEL_POS;70.799,0.00
VAL;2026-09-18 17:06:02.173089;;;WHEEL_POS;70.830,0.00
VAL;2026-09-18 17:06:02.188716;;;WHEEL_POS;70.845,0.00
VAL;2026-09-18 17:06:02.218861;;;WHEEL_POS;70.875,0.00
VAL;2026-09-18 17:06:02.257621;;;WHEEL_POS;70.914,0.00
VAL;2026-09-18 17:06:02.288880;;;WHEEL_POS;70.945,0.00
VAL;2026-09-18 17:06:02.335767;;;WHEEL_POS;70.992,0.00
VAL;2026-09-18 17:06:02.351386;;;WHEEL_POS;71.008,0.00
VAL;2026-09-18 17:06:02.383036;;;WHEEL_POS;71.039,0.00
VAL;2026-09-18 17:06:02.403742;;;WHEEL_POS;71.060,0.00
VAL;2026-09-18 17:06:02.420373;;;WHEEL_POS;71.077,0.00
VAL;2026-09-18 17:06:02.458136;;;WHEEL_POS;71.115,0.00
VAL;2026-09-18 17:06:02.473764;;;WHEEL_POS;71.130,0.00
VAL;2026-09-18 17:06:02.505016;;;WHEEL_POS;71.161,0.00
VAL;2026-09-18 17:06:02.536272;;;WHEEL_POS;71.193,0.00
VAL;2026-09-18 17:06:02.589660;;;WHEEL_POS;71.246,0.00
VAL;2026-09-18 17:06:02.606249;;;WHEEL_POS;71.263,0.00
VAL;2026-09-18 17:06:02.621877;;;WHEEL_POS;71.278,0.00
VAL;2026-09-18 17:06:02.658541;;;WHEEL_POS;71.315,0.00
VAL;2026-09-18 17:06:02.674173;;;WHEEL_POS;71.331,0.00
VAL;2026-09-18 17:06:02.689798;;;WHEEL_POS;71.346,0.00
VAL;2026-09-18 17:06:02.721057;;;WHEEL_POS;71.377,0.00
VAL;2026-09-18 17:06:02.752304;;;WHEEL_POS;71.409,0.00
VAL;2026-09-18 17:06:02.774439;;;WHEEL_POS;71.431,0.00
VAL;2026-09-18 17:06:02.807571;;;WHEEL_POS;71.464,0.00
VAL;2026-09-18 17:06:02.831238;;;WHEEL_POS;71.488,0.00
VAL;2026-09-18 17:06:02.846869;;;WHEEL_POS;71.503,0.00
VAL;2026-09-18 17:06:02.874513;;;WHEEL_POS;71.531,0.00
VAL;2026-09-18 17:06:02.921396;;;WHEEL_POS;71.578,0.00
VAL;2026-09-18 17:06:02.937021;;;WHEEL_POS;71.593,0.00
VAL;2026-09-18 17:06:02.976783;;;WHEEL_POS;71.633,0.00
VAL;2026-09-18 17:06:02.992415;;;WHEEL_POS;71.649,0.00
VAL;2026-09-18 17:06:03.023553;;;WHEEL_POS;71.680,0.00
VAL;2026-09-18 17:06:03.059317;;;WHEEL_POS;71.716,0.00
VAL;2026-09-18 17:06:03.079809;;;WHEEL_POS;71.736,0.00
VAL;2026-09-18 17:06:03.096439;;;WHEEL_POS;71.753,0.00
VAL;2026-09-18 17:06:03.127696;;;WHEEL_POS;71.784,0.00
VAL;2026-09-18 17:06:03.159448;;;WHEEL_POS;71.816,0.00
VAL;2026-09-18 17:06:03.175077;;;WHEEL_POS;71.832,0.00
VAL;2026-09-18 17:06:03.208334;;;WHEEL_POS;71.865,0.00
VAL;2026-09-18 17:06:03.223963;;;WHEEL_POS;71.880,0.00
VAL;2026-09-18 17:06:03.239588;;;WHEEL_POS;71.896,0.00
VAL;2026-09-18 17:06:03.275358;;;WHEEL_POS;71.932,0.00
VAL;2026-09-18 17:06:03.322241;;;WHEEL_POS;71.979,0.00
VAL;2026-09-18 17:06:03.337861;;;WHEEL_POS;71.994,0.00
VAL;2026-09-18 17:06:03.389132;;;WHEEL_POS;72.046,0.00
VAL;2026-09-18 17:06:03.408770;;;WHEEL_POS;72.065,0.00
VAL;2026-09-18 17:06:03.440030;;;WHEEL_POS;72.096,0.00
VAL;2026-09-18 17:06:03.460164;;;WHEEL_POS;72.117,0.00
VAL;2026-09-18 17:06:03.475792;;;WHEEL_POS;72.132,0.00
VAL;2026-09-18 17:06:03.507045;;;WHEEL_POS;72.163,0.00
VAL;2026-09-18 17:06:03.522671;;;WHEEL_POS;72.179,0.00
VAL;2026-09-18 17:06:03.560440;;;WHEEL_POS;72.217,0.00
VAL;2026-09-18 17:06:03.576071;;;WHEEL_POS;72.233,0.00
VAL;2026-09-18 17:06:03.607826;;;WHEEL_POS;72.264,0.00
VAL;2026-09-18 17:06:03.623457;;;WHEEL_POS;72.280,0.00
VAL;2026-09-18 17:06:03.654709;;;WHEEL_POS;72.311,0.00
VAL;2026-09-18 17:06:03.676344;;;WHEEL_POS;72.333,0.00
VAL;2026-09-18 17:06:03.721118;;;WHEEL_POS;72.378,0.00
VAL;2026-09-18 17:06:03.736742;;;WHEEL_POS;72.393,0.00
VAL;2026-09-18 17:06:03.776509;;;WHEEL_POS;72.433,0.00
VAL;2026-09-18 17:06:03.810169;;;WHEEL_POS;72.467,0.00
VAL;2026-09-18 17:06:03.831846;;;WHEEL_POS;72.488,0.00
VAL;2026-09-18 17:06:03.876601;;;WHEEL_POS;72.533,0.00
VAL;2026-09-18 17:06:03.907855;;;WHEEL_POS;72.564,0.00
VAL;2026-09-18 17:06:03.939106;;;WHEEL_POS;72.596,0.00
VAL;2026-09-18 17:06:03.961265;;;WHEEL_POS;72.618,0.00
VAL;2026-09-18 17:06:03.978140;;;WHEEL_POS;72.635,0.00
VAL;2026-09-18 17:06:03.993769;;;WHEEL_POS;72.650,0.00
VAL;2026-09-18 17:06:04.026107;;;WHEEL_POS;72.683,0.00
VAL;2026-09-18 17:06:04.061361;;;WHEEL_POS;72.718,0.00
VAL;2026-09-18 17:06:04.076993;;;WHEEL_POS;72.733,0.00
VAL;2026-09-18 17:06:04.100997;;;WHEEL_POS;72.757,0.00
VAL;2026-09-18 17:06:04.132245;;;WHEEL_POS;72.789,0.00
VAL;2026-09-18 17:06:04.147871;;;WHEEL_POS;72.804,0.00
VAL;2026-09-18 17:06:04.177013;;;WHEEL_POS;72.833,0.00
VAL;2026-09-18 17:06:04.192640;;;WHEEL_POS;72.849,0.00
VAL;2026-09-18 17:06:04.226406;;;WHEEL_POS;72.883,0.00
VAL;2026-09-18 17:06:04.261657;;;WHEEL_POS;72.918,0.00
VAL;2026-09-18 17:06:04.277284;;;WHEEL_POS;72.934,0.00
VAL;2026-09-18 17:06:04.308536;;;WHEEL_POS;72.965,0.00
VAL;2026-09-18 17:06:04.339789;;;WHEEL_POS;72.996,0.00
VAL;2026-09-18 17:06:04.377562;;;WHEEL_POS;73.034,0.00
VAL;2026-09-18 17:06:04.411228;;;WHEEL_POS;73.068,0.00
VAL;2026-09-18 17:06:04.426859;;;WHEEL_POS;73.083,0.00
VAL;2026-09-18 17:06:04.462113;;;WHEEL_POS;73.119,0.00
VAL;2026-09-18 17:06:04.477740;;;WHEEL_POS;73.134,0.00
VAL;2026-09-18 17:06:04.508993;;;WHEEL_POS;73.165,0.00
VAL;2026-09-18 17:06:04.524619;;;WHEEL_POS;73.181,0.00
VAL;2026-09-18 17:06:04.562388;;;WHEEL_POS;73.219,0.00
VAL;2026-09-18 17:06:04.578023;;;WHEEL_POS;73.234,0.00
VAL;2026-09-18 17:06:04.593649;;;WHEEL_POS;73.250,0.00
VAL;2026-09-18 17:06:04.627250;;;WHEEL_POS;73.284,0.00
VAL;2026-09-18 17:06:04.662503;;;WHEEL_POS;73.319,0.00
VAL;2026-09-18 17:06:04.678132;;;WHEEL_POS;73.335,0.00
VAL;2026-09-18 17:06:04.693762;;;WHEEL_POS;73.350,0.00
VAL;2026-09-18 17:06:04.725010;;;WHEEL_POS;73.381,0.00
VAL;2026-09-18 17:06:04.740636;;;WHEEL_POS;73.397,0.00
VAL;2026-09-18 17:06:04.778403;;;WHEEL_POS;73.435,0.00
VAL;2026-09-18 17:06:04.815059;;;WHEEL_POS;73.471,0.00
VAL;2026-09-18 17:06:04.831103;;;WHEEL_POS;73.488,0.00
VAL;2026-09-18 17:06:04.862867;;;WHEEL_POS;73.519,0.00
VAL;2026-09-18 17:06:04.894127;;;WHEEL_POS;73.551,0.00
VAL;2026-09-18 17:06:04.925375;;;WHEEL_POS;73.582,0.00
VAL;2026-09-18 17:06:04.963158;;;WHEEL_POS;73.620,0.00
VAL;2026-09-18 17:06:04.978661;;;WHEEL_POS;73.635,0.00
VAL;2026-09-18 17:06:05.028553;;;WHEEL_POS;73.685,0.00
VAL;2026-09-18 17:06:05.044173;;;WHEEL_POS;73.701,0.00
VAL;2026-09-18 17:06:05.063304;;;WHEEL_POS;73.720,0.00
VAL;2026-09-18 17:06:05.083438;;;WHEEL_POS;73.740,0.00
VAL;2026-09-18 17:06:05.114695;;;WHEEL_POS;73.771,0.00
VAL;2026-09-18 17:06:05.145945;;;WHEEL_POS;73.802,0.00
VAL;2026-09-18 17:06:05.179216;;;WHEEL_POS;73.836,0.00
VAL;2026-09-18 17:06:05.194843;;;WHEEL_POS;73.851,0.00
VAL;2026-09-18 17:06:05.228929;;;WHEEL_POS;73.885,0.00
VAL;2026-09-18 17:06:05.263686;;;WHEEL_POS;73.920,0.00
VAL;2026-09-18 17:06:05.279314;;;WHEEL_POS;73.936,0.00
VAL;2026-09-18 17:06:05.294945;;;WHEEL_POS;73.951,0.00
VAL;2026-09-18 17:06:05.326193;;;WHEEL_POS;73.983,0.00
VAL;2026-09-18 17:06:05.341819;;;WHEEL_POS;73.998,0.00
VAL;2026-09-18 17:06:05.379597;;;WHEEL_POS;74.036,0.00
VAL;2026-09-18 17:06:05.413098;;;WHEEL_POS;74.070,0.00
VAL;2026-09-18 17:06:05.429731;;;WHEEL_POS;74.086,0.00
VAL;2026-09-18 17:06:05.463985;;;WHEEL_POS;74.120,0.00
EVENT;2026-09-18 17:06:05.463985;5.0;;158;Tup
TRANSITION;2026-09-18 17:06:05.463985;5.0;;NoResponse;
EVENT;2026-09-18 17:06:05.463985;5.000100000000001;;158;Tup
TRANSITION;2026-09-18 17:06:05.463985;5.000100000000001;;ITI;
VAL;2026-09-18 17:06:05.479613;;;WHEEL_POS;74.136,0.00
VAL;2026-09-18 17:06:05.510865;;;WHEEL_POS;74.167,0.00
VAL;2026-09-18 17:06:05.542117;;;WHEEL_POS;74.199,0.00
VAL;2026-09-18 17:06:05.564271;;;WHEEL_POS;74.221,0.00
VAL;2026-09-18 17:06:05.579904;;;WHEEL_POS;74.236,0.00
VAL;2026-09-18 17:06:05.614558;;;WHEEL_POS;74.271,0.00
VAL;2026-09-18 17:06:05.645813;;;WHEEL_POS;74.302,0.00
VAL;2026-09-18 17:06:05.680076;;;WHEEL_POS;74.337,0.00
VAL;2026-09-18 17:06:05.711328;;;WHEEL_POS;74.368,0.00
VAL;2026-09-18 17:06:05.726955;;;WHEEL_POS;74.383,0.00
VAL;2026-09-18 17:06:05.764726;;;WHEEL_POS;74.421,0.00
VAL;2026-09-18 17:06:05.780357;;;WHEEL_POS;74.437,0.00
VAL;2026-09-18 17:06:05.795984;;;WHEEL_POS;74.452,0.00
VAL;2026-09-18 17:06:05.817014;;;WHEEL_POS;74.473,0.00
VAL;2026-09-18 17:06:05.833646;;;WHEEL_POS;74.490,0.00
VAL;2026-09-18 17:06:05.864775;;;WHEEL_POS;74.521,0.00
VAL;2026-09-18 17:06:05.896035;;;WHEEL_POS;74.552,0.00
VAL;2026-09-18 17:06:05.927281;;;WHEEL_POS;74.584,0.00
VAL;2026-09-18 17:06:05.942908;;;WHEEL_POS;74.599,0.00
VAL;2026-09-18 17:06:05.965046;;;WHEEL_POS;74.621,0.00
VAL;2026-09-18 17:06:05.996303;;;WHEEL_POS;74.653,0.00
VAL;2026-09-18 17:06:06.015744;;;WHEEL_POS;74.672,0.00
VAL;2026-09-18 17:06:06.031377;;;WHEEL_POS;74.688,0.00
VAL;2026-09-18 17:06:06.065130;;;WHEEL_POS;74.722,0.00
VAL;2026-09-18 17:06:06.096388;;;WHEEL_POS;74.753,0.00
VAL;2026-09-18 17:06:06.112010;;;WHEEL_POS;74.768,0.00
VAL;2026-09-18 17:06:06.143262;;;WHEEL_POS;74.800,0.00
VAL;2026-09-18 17:06:06.165403;;;WHEEL_POS;74.822,0.00
VAL;2026-09-18 17:06:06.181033;;;WHEEL_POS;74.837,0.00
VAL;2026-09-18 17:06:06.196661;;;WHEEL_POS;74.853,0.00
VAL;2026-09-18 17:06:06.231769;;;WHEEL_POS;74.888,0.00
VAL;2026-09-18 17:06:06.265521;;;WHEEL_POS;74.922,0.00
VAL;2026-09-18 17:06:06.296781;;;WHEEL_POS;74.953,0.00
VAL;2026-09-18 17:06:06.312402;;;WHEEL_POS;74.969,0.00
VAL;2026-09-18 17:06:06.343653;;;WHEEL_POS;75.000,0.00
VAL;2026-09-18 17:06:06.381432;;;WHEEL_POS;75.038,0.00
VAL;2026-09-18 17:06:06.416428;;;WHEEL_POS;75.073,0.00
VAL;2026-09-18 17:06:06.447688;;;WHEEL_POS;75.104,0.00
VAL;2026-09-18 17:06:06.481946;;;WHEEL_POS;75.138,0.00
VAL;2026-09-18 17:06:06.513200;;;WHEEL_POS;75.170,0.00
VAL;2026-09-18 17:06:06.528825;;;WHEEL_POS;75.185,0.00
VAL;2026-09-18 17:06:06.566602;;;WHEEL_POS;75.223,0.00
VAL;2026-09-18 17:06:06.582232;;;WHEEL_POS;75.239,0.00
VAL;2026-09-18 17:06:06.597859;;;WHEEL_POS;75.254,0.00
VAL;2026-09-18 17:06:06.632981;;;WHEEL_POS;75.289,0.00
VAL;2026-09-18 17:06:06.666626;;;WHEEL_POS;75.323,0.00
VAL;2026-09-18 17:06:06.697889;;;WHEEL_POS;75.354,0.00
VAL;2026-09-18 17:06:06.729133;;;WHEEL_POS;75.386,0.00
VAL;2026-09-18 17:06:06.744760;;;WHEEL_POS;75.401,0.00
VAL;2026-09-18 17:06:06.782553;;;WHEEL_POS;75.439,0.00
VAL;2026-09-18 17:06:06.819185;;;WHEEL_POS;75.476,0.00
VAL;2026-09-18 17:06:06.834817;;;WHEEL_POS;75.491,0.00
VAL;2026-09-18 17:06:06.867070;;;WHEEL_POS;75.524,0.00
VAL;2026-09-18 17:06:06.882697;;;WHEEL_POS;75.539,0.00
VAL;2026-09-18 17:06:06.913951;;;WHEEL_POS;75.570,0.00
VAL;2026-09-18 17:06:06.960830;;;WHEEL_POS;75.617,0.00
EVENT;2026-09-18 17:06:06.967336;6.500100000000001;;158;Tup
END-TRIAL;2026-09-18 17:06:06.967336;;;The trial ended;
INFO;2026-09-18 17:06:06.967336;78.708031;85.208134;TRIAL-BPOD-TIME;6.500102999999996
STATE;2026-09-18 17:06:06.967336;0;5.0;WheelDotPeriod;5.0
STATE;2026-09-18 17:06:06.967336;5.0;5.000100000000001;NoResponse;0.00010000000000065512
STATE;2026-09-18 17:06:06.967336;5.000100000000001;6.500100000000001;ITI;1.5
STATE;2026-09-18 17:06:06.967336;nan;nan;Reward;nan
STATE;2026-09-18 17:06:06.967336;nan;nan;Consumption;nan
STATE;2026-09-18 17:06:06.967336;nan;nan;ErrorConsumption;nan
STATE;2026-09-18 17:06:06.967336;nan;nan;IncorrectITI;nan
VAL;2026-09-18 17:06:07.034836;;;INCLUDED;False
VAL;2026-09-18 17:06:07.034836;;;CONSUMPTION_LICKED;
VAL;2026-09-18 17:06:07.034836;;;LED_ON_TIME;69.12643361091614
VAL;2026-09-18 17:06:07.034836;;;DOT_ONSET_JITTER_S;0.17768972617660161
VAL;2026-09-18 17:06:07.034836;;;DOT_ONSET_TIME;69.30412333709273
VAL;2026-09-18 17:06:07.034836;;;TIMED_OUT;74.12643361091614
stdout;2026-09-18 17:06:07.034836;;;Trial 10 (warmup): side=L, NoResponse;
stdout;2026-09-18 17:06:07.034836;;;|
|;
VAL;2026-09-18 17:06:07.637687;;;TRIAL_INIT_START;76.29411768913269
VAL;2026-09-18 17:06:07.683446;;;WHEEL_POS;76.340,0.00
VAL;2026-09-18 17:06:07.714698;;;WHEEL_POS;76.371,0.00
VAL;2026-09-18 17:06:07.745951;;;WHEEL_POS;76.402,0.00
VAL;2026-09-18 17:06:07.783716;;;WHEEL_POS;76.440,0.00
VAL;2026-09-18 17:06:07.820047;;;WHEEL_POS;76.476,0.00
VAL;2026-09-18 17:06:07.836683;;;TRIAL_START;76.47647762298584
VAL;2026-09-18 17:06:07.836683;;;QUIESCENCE_BREAKS;0
VAL;2026-09-18 17:06:07.836683;;;TRIAL_TYPE;warmup
VAL;2026-09-18 17:06:07.983826;;;TRIAL_SIDE;R
VAL;2026-09-18 17:06:07.983826;;;CLICK_TIMES_L;
VAL;2026-09-18 17:06:07.983826;;;CLICK_TIMES_R;0.0243,0.0462,0.0612,0.1005,0.1780,0.1930,0.2421
VAL;2026-09-18 17:06:07.983826;;;N_CLICKS_L;0
VAL;2026-09-18 17:06:07.983826;;;N_CLICKS_R;7
VAL;2026-09-18 17:06:07.983826;;;STIM_SEED;17528962
VAL;2026-09-18 17:06:07.983826;;;CUE_ABORT_THRESHOLD_DEG;10.0
VAL;2026-09-18 17:06:07.983826;;;RESPONSE_THRESHOLD_DEG;35.0
VAL;2026-09-18 17:06:07.983826;;;QUIESCENCE_DUR_S;0.1
VAL;2026-09-18 17:06:07.983826;;;ITI_S;1.5
VAL;2026-09-18 17:06:07.983826;;;CLICK_LEVEL_ATTENUATED;False
stdout;2026-09-18 17:06:07.983826;;;Trial 11 (warmup): side=R, n_L=0, n_R=7;
stdout;2026-09-18 17:06:07.983826;;;|
|;
VAL;2026-09-18 17:06:07.983826;;;SM_SEND_TIME;76.64025712013245
VAL;2026-09-18 17:06:07.983826;;;CUE_ONSET_TIME;76.66125712013245
TRIAL;2026-09-18 17:06:07.999453;;;New trial;
VAL;2026-09-18 17:06:07.999453;;;WHEEL_POS;76.656,0.00
VAL;2026-09-18 17:06:08.037676;;;WHEEL_POS;76.694,0.00
VAL;2026-09-18 17:06:08.083940;;;WHEEL_POS;76.740,0.00
VAL;2026-09-18 17:06:08.115191;;;WHEEL_POS;76.772,0.00
VAL;2026-09-18 17:06:08.130817;;;WHEEL_POS;76.787,0.00
VAL;2026-09-18 17:06:08.162068;;;WHEEL_POS;76.818,0.00
VAL;2026-09-18 17:06:08.184202;;;WHEEL_POS;76.841,0.00
VAL;2026-09-18 17:06:08.199828;;;WHEEL_POS;76.856,0.00
VAL;2026-09-18 17:06:08.238428;;;WHEEL_POS;76.895,0.00
EVENT;2026-09-18 17:06:08.268559;0.271;;158;Tup
TRANSITION;2026-09-18 17:06:08.268559;0.271;;DelayPeriod;
VAL;2026-09-18 17:06:08.284189;;;WHEEL_POS;76.941,0.00
VAL;2026-09-18 17:06:08.299816;;;WHEEL_POS;76.956,0.00
VAL;2026-09-18 17:06:08.331067;;;WHEEL_POS;76.987,0.00
VAL;2026-09-18 17:06:08.346694;;;WHEEL_POS;77.003,0.00
VAL;2026-09-18 17:06:08.384450;;;WHEEL_POS;77.041,0.00
VAL;2026-09-18 17:06:08.411916;;;WHEEL_POS;77.068,0.00
VAL;2026-09-18 17:06:08.438587;;;WHEEL_POS;77.095,0.00
EVENT;2026-09-18 17:06:08.468719;0.46990000000000004;;158;Tup
TRANSITION;2026-09-18 17:06:08.468719;0.46990000000000004;;CueComplete;
EVENT;2026-09-18 17:06:08.468719;0.47000000000000003;;158;Tup
END-TRIAL;2026-09-18 17:06:08.468719;;;The trial ended;
INFO;2026-09-18 17:06:08.468719;86.237931;86.707935;TRIAL-BPOD-TIME;0.470004000000003
STATE;2026-09-18 17:06:08.468719;0;0.271;CuePeriod;0.271
STATE;2026-09-18 17:06:08.468719;0.271;0.46990000000000004;DelayPeriod;0.19890000000000002
STATE;2026-09-18 17:06:08.468719;0.46990000000000004;0.47000000000000003;CueComplete;9.999999999998899e-05
STATE;2026-09-18 17:06:08.468719;nan;nan;WheelAbort;nan
STATE;2026-09-18 17:06:08.468719;nan;nan;AbortITI;nan
VAL;2026-09-18 17:06:08.484348;;;SM_SEND_TIME;77.14077854156494
TRIAL;2026-09-18 17:06:08.484348;;;New trial;
VAL;2026-09-18 17:06:08.484348;;;WHEEL_POS;77.141,0.00
VAL;2026-09-18 17:06:08.515600;;;WHEEL_POS;77.172,0.00
VAL;2026-09-18 17:06:08.546853;;;WHEEL_POS;77.203,0.00
VAL;2026-09-18 17:06:08.584613;;;WHEEL_POS;77.241,0.00
VAL;2026-09-18 17:06:08.615865;;;WHEEL_POS;77.272,0.00
VAL;2026-09-18 17:06:08.639331;;;WHEEL_POS;77.296,0.00
VAL;2026-09-18 17:06:08.654961;;;WHEEL_POS;77.311,0.00
VAL;2026-09-18 17:06:08.684604;;;WHEEL_POS;77.341,0.00
VAL;2026-09-18 17:06:08.722164;;;WHEEL_POS;77.379,0.00
VAL;2026-09-18 17:06:08.737789;;;WHEEL_POS;77.394,0.00
VAL;2026-09-18 17:06:08.768923;;;WHEEL_POS;77.425,0.00
VAL;2026-09-18 17:06:08.800180;;;WHEEL_POS;77.457,0.00
VAL;2026-09-18 17:06:08.831407;;;WHEEL_POS;77.488,0.00
VAL;2026-09-18 17:06:08.847039;;;WHEEL_POS;77.503,0.00
VAL;2026-09-18 17:06:08.862664;;;WHEEL_POS;77.519,0.00
VAL;2026-09-18 17:06:08.884799;;;WHEEL_POS;77.541,0.00
VAL;2026-09-18 17:06:08.916051;;;WHEEL_POS;77.572,0.00
VAL;2026-09-18 17:06:08.931677;;;WHEEL_POS;77.588,0.00
VAL;2026-09-18 17:06:08.969434;;;WHEEL_POS;77.626,0.00
VAL;2026-09-18 17:06:09.000694;;;WHEEL_POS;77.657,0.00
VAL;2026-09-18 17:06:09.037945;;;WHEEL_POS;77.694,0.00
VAL;2026-09-18 17:06:09.056950;;;WHEEL_POS;77.713,0.00
VAL;2026-09-18 17:06:09.072953;;;WHEEL_POS;77.729,0.00
VAL;2026-09-18 17:06:09.088956;;;WHEEL_POS;77.745,0.00
VAL;2026-09-18 17:06:09.116964;;;WHEEL_POS;77.773,0.00
VAL;2026-09-18 17:06:09.132966;;;WHEEL_POS;77.789,0.00
VAL;2026-09-18 17:06:09.148971;;;WHEEL_POS;77.805,0.00
VAL;2026-09-18 17:06:09.164973;;;WHEEL_POS;77.821,0.00
VAL;2026-09-18 17:06:09.186980;;;WHEEL_POS;77.843,0.00
VAL;2026-09-18 17:06:09.202983;;;WHEEL_POS;77.859,0.00
VAL;2026-09-18 17:06:09.218986;;;WHEEL_POS;77.875,0.00
VAL;2026-09-18 17:06:09.245996;;;WHEEL_POS;77.902,0.00
VAL;2026-09-18 17:06:09.262996;;;WHEEL_POS;77.919,0.00
VAL;2026-09-18 17:06:09.279000;;;WHEEL_POS;77.935,0.00
VAL;2026-09-18 17:06:09.294821;;;WHEEL_POS;77.951,0.00
VAL;2026-09-18 17:06:09.310455;;;WHEEL_POS;77.967,0.00
VAL;2026-09-18 17:06:09.341699;;;WHEEL_POS;77.998,0.00
VAL;2026-09-18 17:06:09.385468;;;WHEEL_POS;78.042,0.00
VAL;2026-09-18 17:06:09.413437;;;WHEEL_POS;78.070,0.00
VAL;2026-09-18 17:06:09.443168;;;WHEEL_POS;78.100,0.00
VAL;2026-09-18 17:06:09.458795;;;WHEEL_POS;78.115,0.00
VAL;2026-09-18 17:06:09.485428;;;WHEEL_POS;78.142,0.00
VAL;2026-09-18 17:06:09.516679;;;WHEEL_POS;78.173,0.00
VAL;2026-09-18 17:06:09.563562;;;WHEEL_POS;78.220,0.00
VAL;2026-09-18 17:06:09.591185;;;WHEEL_POS;78.248,0.00
VAL;2026-09-18 17:06:09.607189;;;WHEEL_POS;78.264,0.00
VAL;2026-09-18 17:06:09.626193;;;WHEEL_POS;78.283,0.00
VAL;2026-09-18 17:06:09.642196;;;WHEEL_POS;78.299,0.00
VAL;2026-09-18 17:06:09.658200;;;WHEEL_POS;78.315,0.00
VAL;2026-09-18 17:06:09.677206;;;WHEEL_POS;78.334,0.00
VAL;2026-09-18 17:06:09.702210;;;WHEEL_POS;78.359,0.00
VAL;2026-09-18 17:06:09.718213;;;WHEEL_POS;78.375,0.00
VAL;2026-09-18 17:06:09.737218;;;WHEEL_POS;78.394,0.00
VAL;2026-09-18 17:06:09.761223;;;WHEEL_POS;78.418,0.00
VAL;2026-09-18 17:06:09.777227;;;WHEEL_POS;78.434,0.00
VAL;2026-09-18 17:06:09.803233;;;WHEEL_POS;78.460,0.00
VAL;2026-09-18 17:06:09.819237;;;WHEEL_POS;78.476,0.00
VAL;2026-09-18 17:06:09.835240;;;WHEEL_POS;78.492,0.00
VAL;2026-09-18 17:06:09.854244;;;WHEEL_POS;78.511,0.00
VAL;2026-09-18 17:06:09.878250;;;WHEEL_POS;78.535,0.00
VAL;2026-09-18 17:06:09.894253;;;WHEEL_POS;78.551,0.00
VAL;2026-09-18 17:06:09.913258;;;WHEEL_POS;78.570,0.00
VAL;2026-09-18 17:06:09.929262;;;WHEEL_POS;78.586,0.00
VAL;2026-09-18 17:06:09.945265;;;WHEEL_POS;78.602,0.00
VAL;2026-09-18 17:06:09.961268;;;WHEEL_POS;78.618,0.00
VAL;2026-09-18 17:06:09.979273;;;WHEEL_POS;78.636,0.00
VAL;2026-09-18 17:06:09.996276;;;WHEEL_POS;78.653,0.00
VAL;2026-09-18 17:06:10.012280;;;WHEEL_POS;78.669,0.00
VAL;2026-09-18 17:06:10.039286;;;WHEEL_POS;78.696,0.00
VAL;2026-09-18 17:06:10.055290;;;WHEEL_POS;78.712,0.00
VAL;2026-09-18 17:06:10.071293;;;WHEEL_POS;78.728,0.00
VAL;2026-09-18 17:06:10.090298;;;WHEEL_POS;78.747,0.00
VAL;2026-09-18 17:06:10.113303;;;WHEEL_POS;78.770,0.00
VAL;2026-09-18 17:06:10.129306;;;WHEEL_POS;78.786,0.00
VAL;2026-09-18 17:06:10.146436;;;WHEEL_POS;78.803,0.00
VAL;2026-09-18 17:06:10.186203;;;WHEEL_POS;78.843,0.00
VAL;2026-09-18 17:06:10.217454;;;WHEEL_POS;78.874,0.00
VAL;2026-09-18 17:06:10.235740;;;WHEEL_POS;78.892,0.00
VAL;2026-09-18 17:06:10.270502;;;WHEEL_POS;78.927,0.00
VAL;2026-09-18 17:06:10.286132;;;WHEEL_POS;78.943,0.00
VAL;2026-09-18 17:06:10.301760;;;WHEEL_POS;78.958,0.00
VAL;2026-09-18 17:06:10.333008;;;WHEEL_POS;78.989,0.00
VAL;2026-09-18 17:06:10.364265;;;WHEEL_POS;79.021,0.00
VAL;2026-09-18 17:06:10.386409;;;WHEEL_POS;79.043,0.00
VAL;2026-09-18 17:06:10.429673;;;WHEEL_POS;79.086,0.00
VAL;2026-09-18 17:06:10.451892;;;WHEEL_POS;79.108,0.00
VAL;2026-09-18 17:06:10.486648;;;WHEEL_POS;79.143,0.00
VAL;2026-09-18 17:06:10.517901;;;WHEEL_POS;79.174,0.00
VAL;2026-09-18 17:06:10.564785;;;WHEEL_POS;79.221,0.00
VAL;2026-09-18 17:06:10.586927;;;WHEEL_POS;79.243,0.00
VAL;2026-09-18 17:06:10.635316;;;WHEEL_POS;79.292,0.00
VAL;2026-09-18 17:06:10.653954;;;WHEEL_POS;79.310,0.00
VAL;2026-09-18 17:06:10.671593;;;WHEEL_POS;79.328,0.00
VAL;2026-09-18 17:06:10.687228;;;WHEEL_POS;79.344,0.00
VAL;2026-09-18 17:06:10.718475;;;WHEEL_POS;79.375,0.00
VAL;2026-09-18 17:06:10.749730;;;WHEEL_POS;79.406,0.00
VAL;2026-09-18 17:06:10.803115;;;WHEEL_POS;79.460,0.00
VAL;2026-09-18 17:06:10.821250;;;WHEEL_POS;79.478,0.00
VAL;2026-09-18 17:06:10.838379;;;WHEEL_POS;79.495,0.00
VAL;2026-09-18 17:06:10.854007;;;WHEEL_POS;79.510,0.00
VAL;2026-09-18 17:06:10.887780;;;WHEEL_POS;79.544,0.00
VAL;2026-09-18 17:06:10.934664;;;WHEEL_POS;79.591,0.00
VAL;2026-09-18 17:06:10.950285;;;WHEEL_POS;79.607,0.00
VAL;2026-09-18 17:06:10.965912;;;WHEEL_POS;79.622,0.00
VAL;2026-09-18 17:06:11.003676;;;WHEEL_POS;79.660,0.00
VAL;2026-09-18 17:06:11.019299;;;WHEEL_POS;79.676,0.00
VAL;2026-09-18 17:06:11.054893;;;WHEEL_POS;79.711,0.00
VAL;2026-09-18 17:06:11.088168;;;WHEEL_POS;79.745,0.00
VAL;2026-09-18 17:06:11.135045;;;WHEEL_POS;79.791,0.00
VAL;2026-09-18 17:06:11.150668;;;WHEEL_POS;79.807,0.00
VAL;2026-09-18 17:06:11.172047;;;WHEEL_POS;79.828,0.00
VAL;2026-09-18 17:06:11.193054;;;WHEEL_POS;79.849,0.00
VAL;2026-09-18 17:06:11.210056;;;WHEEL_POS;79.866,0.00
VAL;2026-09-18 17:06:11.226060;;;WHEEL_POS;79.882,0.00
VAL;2026-09-18 17:06:11.250066;;;WHEEL_POS;79.906,0.00
VAL;2026-09-18 17:06:11.266069;;;WHEEL_POS;79.922,0.00
VAL;2026-09-18 17:06:11.282072;;;WHEEL_POS;79.939,0.00
VAL;2026-09-18 17:06:11.302077;;;WHEEL_POS;79.959,0.00
VAL;2026-09-18 17:06:11.325082;;;WHEEL_POS;79.982,0.00
VAL;2026-09-18 17:06:11.341086;;;WHEEL_POS;79.998,0.00
VAL;2026-09-18 17:06:11.360091;;;WHEEL_POS;80.017,0.00
VAL;2026-09-18 17:06:11.377094;;;WHEEL_POS;80.034,0.00
VAL;2026-09-18 17:06:11.393098;;;WHEEL_POS;80.050,0.00
VAL;2026-09-18 17:06:11.409101;;;WHEEL_POS;80.066,0.00
VAL;2026-09-18 17:06:11.429106;;;WHEEL_POS;80.086,0.00
VAL;2026-09-18 17:06:11.446110;;;WHEEL_POS;80.103,0.00
VAL;2026-09-18 17:06:11.462113;;;WHEEL_POS;80.119,0.00
VAL;2026-09-18 17:06:11.488120;;;WHEEL_POS;80.145,0.00
VAL;2026-09-18 17:06:11.505123;;;WHEEL_POS;80.162,0.00
VAL;2026-09-18 17:06:11.521126;;;WHEEL_POS;80.178,0.00
VAL;2026-09-18 17:06:11.547133;;;WHEEL_POS;80.204,0.00
VAL;2026-09-18 17:06:11.563136;;;WHEEL_POS;80.220,0.00
VAL;2026-09-18 17:06:11.579140;;;WHEEL_POS;80.236,0.00
VAL;2026-09-18 17:06:11.598145;;;WHEEL_POS;80.255,0.00
VAL;2026-09-18 17:06:11.614148;;;WHEEL_POS;80.271,0.00
VAL;2026-09-18 17:06:11.630151;;;WHEEL_POS;80.287,0.00
VAL;2026-09-18 17:06:11.646155;;;WHEEL_POS;80.303,0.00
VAL;2026-09-18 17:06:11.672163;;;WHEEL_POS;80.329,0.00
VAL;2026-09-18 17:06:11.688165;;;WHEEL_POS;80.345,0.00
VAL;2026-09-18 17:06:11.712095;;;WHEEL_POS;80.369,0.00
VAL;2026-09-18 17:06:11.743348;;;WHEEL_POS;80.400,0.00
VAL;2026-09-18 17:06:11.758974;;;WHEEL_POS;80.415,0.00
VAL;2026-09-18 17:06:11.789110;;;WHEEL_POS;80.446,0.00
VAL;2026-09-18 17:06:11.804740;;;WHEEL_POS;80.461,0.00
VAL;2026-09-18 17:06:11.843431;;;WHEEL_POS;80.500,0.00
VAL;2026-09-18 17:06:11.863436;;;WHEEL_POS;80.520,0.00
VAL;2026-09-18 17:06:11.881440;;;WHEEL_POS;80.538,0.00
VAL;2026-09-18 17:06:11.898444;;;WHEEL_POS;80.555,0.00
VAL;2026-09-18 17:06:11.923452;;;WHEEL_POS;80.580,0.00
VAL;2026-09-18 17:06:11.940454;;;WHEEL_POS;80.597,0.00
VAL;2026-09-18 17:06:11.957457;;;WHEEL_POS;80.614,0.00
VAL;2026-09-18 17:06:11.982465;;;WHEEL_POS;80.639,0.00
VAL;2026-09-18 17:06:12.000467;;;WHEEL_POS;80.657,0.00
VAL;2026-09-18 17:06:12.017470;;;WHEEL_POS;80.674,0.00
VAL;2026-09-18 17:06:12.035475;;;WHEEL_POS;80.692,0.00
VAL;2026-09-18 17:06:12.052479;;;WHEEL_POS;80.709,0.00
VAL;2026-09-18 17:06:12.069483;;;WHEEL_POS;80.726,0.00
VAL;2026-09-18 17:06:12.086487;;;WHEEL_POS;80.743,0.00
VAL;2026-09-18 17:06:12.108492;;;WHEEL_POS;80.765,0.00
VAL;2026-09-18 17:06:12.125496;;;WHEEL_POS;80.782,0.00
VAL;2026-09-18 17:06:12.142499;;;WHEEL_POS;80.799,0.00
VAL;2026-09-18 17:06:12.160504;;;WHEEL_POS;80.817,0.00
VAL;2026-09-18 17:06:12.177507;;;WHEEL_POS;80.834,0.00
VAL;2026-09-18 17:06:12.194511;;;WHEEL_POS;80.851,0.00
VAL;2026-09-18 17:06:12.211515;;;WHEEL_POS;80.868,0.00
VAL;2026-09-18 17:06:12.233521;;;WHEEL_POS;80.890,0.00
VAL;2026-09-18 17:06:12.250524;;;WHEEL_POS;80.906,0.00
VAL;2026-09-18 17:06:12.266527;;;WHEEL_POS;80.923,0.00
VAL;2026-09-18 17:06:12.292533;;;WHEEL_POS;80.949,0.00
VAL;2026-09-18 17:06:12.309537;;;WHEEL_POS;80.965,0.00
VAL;2026-09-18 17:06:12.325540;;;WHEEL_POS;80.982,0.00
VAL;2026-09-18 17:06:12.345545;;;WHEEL_POS;81.002,0.00
VAL;2026-09-18 17:06:12.361548;;;WHEEL_POS;81.018,0.00
VAL;2026-09-18 17:06:12.378553;;;WHEEL_POS;81.035,0.00
VAL;2026-09-18 17:06:12.395556;;;WHEEL_POS;81.052,0.00
VAL;2026-09-18 17:06:12.414561;;;WHEEL_POS;81.071,0.00
VAL;2026-09-18 17:06:12.432565;;;WHEEL_POS;81.088,0.00
VAL;2026-09-18 17:06:12.449072;;;WHEEL_POS;81.106,0.00
VAL;2026-09-18 17:06:12.467078;;;WHEEL_POS;81.124,0.00
VAL;2026-09-18 17:06:12.479489;;;WHEEL_POS;81.136,0.00
VAL;2026-09-18 17:06:12.495114;;;WHEEL_POS;81.152,0.00
VAL;2026-09-18 17:06:12.510739;;;WHEEL_POS;81.167,0.00
VAL;2026-09-18 17:06:12.541996;;;WHEEL_POS;81.198,0.00
VAL;2026-09-18 17:06:12.574250;;;WHEEL_POS;81.231,0.00
VAL;2026-09-18 17:06:12.589882;;;WHEEL_POS;81.246,0.00
VAL;2026-09-18 17:06:12.621135;;;WHEEL_POS;81.278,0.00
VAL;2026-09-18 17:06:12.636760;;;WHEEL_POS;81.293,0.00
VAL;2026-09-18 17:06:12.662320;;;WHEEL_POS;81.319,0.00
VAL;2026-09-18 17:06:12.689962;;;WHEEL_POS;81.346,0.00
VAL;2026-09-18 17:06:12.721212;;;WHEEL_POS;81.378,0.00
VAL;2026-09-18 17:06:12.736839;;;WHEEL_POS;81.393,0.00
END-TRIAL;2026-09-18 17:06:12.752473;;;The trial ended;
stdout;2026-09-18 17:06:12.827136;;;Bpod stopped running trials (Stop/Kill) -- ending session early after trial 11.;
stdout;2026-09-18 17:06:12.827136;;;|
|;
stdout;2026-09-18 17:06:12.827136;;;Session ending: Stop/Kill/crash (see log above);
stdout;2026-09-18 17:06:12.827136;;;|
|;
stdout;2026-09-18 17:06:12.828135;;;Session: 0 main trials, accuracy(AOS)=0.0%, abort_rate=0.0%, gates_met=False;
stdout;2026-09-18 17:06:12.828135;;;|
|;
stdout;2026-09-18 17:06:12.828135;;;ADVANCE-READY (3 consecutive qualifying sessions): no;
stdout;2026-09-18 17:06:12.828135;;;|
|;
stdout;2026-09-18 17:06:12.828135;;;  (history so far: [False, False, False, False]);
stdout;2026-09-18 17:06:12.828135;;;|
|;
VAL;2026-09-18 17:06:12.828135;;;SESSION_WATER_UL;28.0
stdout;2026-09-18 17:06:13.189786;;;CameraRecorder: wrote 1679 frame timestamps to session_video_timestamps.csv;
stdout;2026-09-18 17:06:13.189786;;;|
|;
INFO;2026-09-18 17:06:13.205411;;;SESSION-ENDED;2026-09-18 17:06:13.205411
stdout;2026-09-18 17:06:13.305404;;;Session struct exported: C:\Ugurcan\Experimental-Tasks\_projects\AuditoryEvidenceAccum\experiments\Stage3\setups\Stage3\sessions\20260918-170440\20260918-170440_struct.mat / C:\Ugurcan\Experimental-Tasks\_projects\AuditoryEvidenceAccum\experiments\Stage3\setups\Stage3\sessions\20260918-170440\20260918-170440_struct.json;
stdout;2026-09-18 17:06:13.305404;;;|
|;
stdout;2026-09-18 17:06:13.305404;;;Close the plot window to exit.;
stdout;2026-09-18 17:06:13.305404;;;|
|;
