__UUID4__;62247b31-5afb-4bae-8842-16a294dbfcf4
__CREATED-ON__;2026-09-18 16:38:36.224620
__DEF-URL__;http://pybpod-api.readthedocs.org
__DEF-TEXT__;This file contains data recorded during a session from the PyBpod system
__SOFTWARE__;PyBpod API v1.8.2
__HAS-HEADER__
TYPE;PC-TIME;BPOD-INITIAL-TIME;BPOD-FINAL-TIME;MSG;+INFO
INFO;2026-09-18 16:38:36.224620;;;SERIAL-PORT;COM10
INFO;2026-09-18 16:38:36.224620;;;PROTOCOL-NAME;stage3_clicks_direction
INFO;2026-09-18 16:38:36.224620;;;CREATOR-NAME;["UM", "f519825a-ab5d-4fe9-91c0-a52f3d5afee3", "local"]
INFO;2026-09-18 16:38:36.224620;;;PROJECT-NAME;AuditoryEvidenceAccum
INFO;2026-09-18 16:38:36.224620;;;EXPERIMENT-NAME;Stage3
INFO;2026-09-18 16:38:36.224620;;;BOARD-NAME;Box3
INFO;2026-09-18 16:38:36.224620;;;SETUP-NAME;Stage3
INFO;2026-09-18 16:38:36.224620;;;BPOD-GUI-VERSION;
INFO;2026-09-18 16:38:36.224620;;;NET-PORT;36000
INFO;2026-09-18 16:38:36.224620;;;SUBJECT-NAME;['test_stage3', '7ccf4666-0f7e-47ec-b218-76d067d83f69']
INFO;2026-09-18 16:38:36.688611;;;This is a PYBPOD file. Find more info at http://pybpod.readthedocs.io;
INFO;2026-09-18 16:38:36.688611;;;BPOD-API-VERSION;1.8.2
INFO;2026-09-18 16:38:36.688611;;;SESSION-NAME;20260918-163835
INFO;2026-09-18 16:38:36.688611;;;SESSION-STARTED;2026-09-18 16:38:36.208995
stdout;2026-09-18 16:38:36.688611;;;Connected to Bpod on COM10;
stdout;2026-09-18 16:38:36.688611;;;|
|;
stdout;2026-09-18 16:38:36.688611;;;Resolved module 'RotaryEncoder1' on Bpod port 1;
stdout;2026-09-18 16:38:36.688611;;;|
|;
stdout;2026-09-18 16:38:36.719861;;;RotaryEncoderModule.discover: probing ['COM11', 'COM1', 'COM14'] (excluding ['COM10']);
stdout;2026-09-18 16:38:36.719861;;;|
|;
stdout;2026-09-18 16:38:38.745605;;;  COM11: ack=217;
stdout;2026-09-18 16:38:38.745605;;;|
|;
stdout;2026-09-18 16:38:40.763164;;;Connected to rotary encoder on COM11;
stdout;2026-09-18 16:38:40.763164;;;|
|;
stdout;2026-09-18 16:38:40.898048;;;Connected to HiFi module on COM14 (192000Hz sampling);
stdout;2026-09-18 16:38:40.898048;;;|
|;
stdout;2026-09-18 16:38:40.913674;;;Amplitude from calibration: 0.6552 for 70.0dB SPL (L 4000Hz).;
stdout;2026-09-18 16:38:40.913674;;;|
|;
stdout;2026-09-18 16:38:40.913674;;;WARNING: sound calibration unavailable (R 10000Hz has no calibration fit yet -- run calibrate_sound.py and fit it before requesting an amplitude.) -- using hardcoded fallback amplitude=1.0.;
stdout;2026-09-18 16:38:40.913674;;;|
|;
VAL;2026-09-18 16:38:40.913674;;;LEFT_THRESHOLD_DEG;-35.0
VAL;2026-09-18 16:38:40.913674;;;RIGHT_THRESHOLD_DEG;35.0
VAL;2026-09-18 16:38:45.915861;;;GIT_COMMIT;unknown
VAL;2026-09-18 16:38:45.915861;;;TARGET_SPL_DB;70.0
VAL;2026-09-18 16:38:45.915861;;;LEFT_FREQ_HZ;4000
VAL;2026-09-18 16:38:45.915861;;;RIGHT_FREQ_HZ;10000
stdout;2026-09-18 16:38:48.207844;;;CameraRecorder: index 0, 640x480 @ 30.0fps -> session_video.avi;
stdout;2026-09-18 16:38:48.207844;;;|
|;
stdout;2026-09-18 16:38:48.207844;;;DEBUG: camera.start() returned OK;
stdout;2026-09-18 16:38:48.207844;;;|
|;
VAL;2026-09-18 16:38:48.207844;;;CAMERA_START_TIME;2.291982412338257
VAL;2026-09-18 16:38:48.207844;;;CAMERA_OUTPUT_PATH;session_video.avi
VAL;2026-09-18 16:38:48.207844;;;CAMERA_FPS;30.0
stdout;2026-09-18 16:38:48.207844;;;Dot gain calibrated to -26.33 px/wheel-deg (screen width 2048px, response threshold 35.0deg);
stdout;2026-09-18 16:38:48.207844;;;|
|;
stdout;2026-09-18 16:38:49.142537;;;Starting Stage 3 -- response threshold frozen at 35.0deg, in-trial threshold 10.0deg (PLACEHOLDER -- not yet empirically derived), click level FULL;
stdout;2026-09-18 16:38:49.142537;;;|
|;
VAL;2026-09-18 16:38:49.158159;;;TRIAL_INIT_START;3.242297649383545
VAL;2026-09-18 16:38:49.173786;;;WHEEL_POS;3.258,0.00
VAL;2026-09-18 16:38:49.208543;;;WHEEL_POS;3.293,0.00
VAL;2026-09-18 16:38:49.224170;;;WHEEL_POS;3.308,0.00
VAL;2026-09-18 16:38:49.239798;;;WHEEL_POS;3.324,0.00
VAL;2026-09-18 16:38:49.266382;;;WHEEL_POS;3.351,0.00
VAL;2026-09-18 16:38:49.297636;;;WHEEL_POS;3.382,0.00
VAL;2026-09-18 16:38:49.318163;;;WHEEL_POS;3.402,0.00
VAL;2026-09-18 16:38:49.333795;;;TRIAL_START;3.40230131149292
VAL;2026-09-18 16:38:49.333795;;;QUIESCENCE_BREAKS;0
VAL;2026-09-18 16:38:49.333795;;;TRIAL_TYPE;warmup
VAL;2026-09-18 16:38:49.683936;;;TRIAL_SIDE;L
VAL;2026-09-18 16:38:49.683936;;;CLICK_TIMES_L;0.0150,0.0327,0.1286,0.1641,0.1803,0.1953,0.2446
VAL;2026-09-18 16:38:49.683936;;;CLICK_TIMES_R;
VAL;2026-09-18 16:38:49.683936;;;N_CLICKS_L;7
VAL;2026-09-18 16:38:49.683936;;;N_CLICKS_R;0
VAL;2026-09-18 16:38:49.683936;;;STIM_SEED;369191187
VAL;2026-09-18 16:38:49.683936;;;CUE_ABORT_THRESHOLD_DEG;10.0
VAL;2026-09-18 16:38:49.683936;;;RESPONSE_THRESHOLD_DEG;35.0
VAL;2026-09-18 16:38:49.683936;;;QUIESCENCE_DUR_S;0.1
VAL;2026-09-18 16:38:49.683936;;;ITI_S;1.5
VAL;2026-09-18 16:38:49.683936;;;CLICK_LEVEL_ATTENUATED;False
stdout;2026-09-18 16:38:49.683936;;;Trial 1 (warmup): side=L, n_L=7, n_R=0;
stdout;2026-09-18 16:38:49.683936;;;|
|;
VAL;2026-09-18 16:38:49.683936;;;SM_SEND_TIME;3.7680745124816895
VAL;2026-09-18 16:38:49.683936;;;CUE_ONSET_TIME;3.7890745124816894
TRIAL;2026-09-18 16:38:49.699562;;;New trial;
VAL;2026-09-18 16:38:49.699562;;;WHEEL_POS;3.784,0.00
VAL;2026-09-18 16:38:49.724703;;;WHEEL_POS;3.809,0.00
VAL;2026-09-18 16:38:49.755955;;;WHEEL_POS;3.840,0.00
VAL;2026-09-18 16:38:49.787207;;;WHEEL_POS;3.871,0.00
VAL;2026-09-18 16:38:49.825422;;;WHEEL_POS;3.910,0.00
VAL;2026-09-18 16:38:49.841052;;;WHEEL_POS;3.925,0.00
VAL;2026-09-18 16:38:49.868725;;;WHEEL_POS;3.953,0.00
VAL;2026-09-18 16:38:49.899977;;;WHEEL_POS;3.984,0.00
VAL;2026-09-18 16:38:49.928615;;;WHEEL_POS;4.013,0.00
VAL;2026-09-18 16:38:49.944244;;;WHEEL_POS;4.028,0.00
EVENT;2026-09-18 16:38:49.975496;0.271;;158;Tup
TRANSITION;2026-09-18 16:38:49.975496;0.271;;DelayPeriod;
VAL;2026-09-18 16:38:49.975496;;;WHEEL_POS;4.060,0.00
VAL;2026-09-18 16:38:50.009753;;;WHEEL_POS;4.094,0.00
VAL;2026-09-18 16:38:50.025381;;;WHEEL_POS;4.110,0.00
VAL;2026-09-18 16:38:50.041009;;;WHEEL_POS;4.125,0.00
VAL;2026-09-18 16:38:50.069992;;;WHEEL_POS;4.154,0.00
EVENT;2026-09-18 16:38:50.085618;0.3789;;158;Tup
TRANSITION;2026-09-18 16:38:50.085618;0.3789;;CueComplete;
EVENT;2026-09-18 16:38:50.085618;0.379;;158;Tup
END-TRIAL;2026-09-18 16:38:50.085618;;;The trial ended;
INFO;2026-09-18 16:38:50.085618;13.358831;13.737835;TRIAL-BPOD-TIME;0.3790040000000001
STATE;2026-09-18 16:38:50.085618;0;0.271;CuePeriod;0.271
STATE;2026-09-18 16:38:50.085618;0.271;0.3789;DelayPeriod;0.1079
STATE;2026-09-18 16:38:50.085618;0.3789;0.379;CueComplete;9.999999999998899e-05
STATE;2026-09-18 16:38:50.085618;nan;nan;WheelAbort;nan
STATE;2026-09-18 16:38:50.085618;nan;nan;AbortITI;nan
VAL;2026-09-18 16:38:50.101245;;;SM_SEND_TIME;4.185383319854736
TRIAL;2026-09-18 16:38:50.101245;;;New trial;
VAL;2026-09-18 16:38:50.109750;;;WHEEL_POS;4.194,0.00
VAL;2026-09-18 16:38:50.143551;;;WHEEL_POS;4.228,0.00
VAL;2026-09-18 16:38:50.174802;;;WHEEL_POS;4.259,0.00
VAL;2026-09-18 16:38:50.210060;;;WHEEL_POS;4.294,0.00
VAL;2026-09-18 16:38:50.225689;;;WHEEL_POS;4.310,0.00
VAL;2026-09-18 16:38:50.271286;;;WHEEL_POS;4.355,0.00
VAL;2026-09-18 16:38:50.302539;;;WHEEL_POS;4.387,0.00
VAL;2026-09-18 16:38:50.334744;;;WHEEL_POS;4.419,0.00
VAL;2026-09-18 16:38:50.365994;;;WHEEL_POS;4.450,0.00
VAL;2026-09-18 16:38:50.397250;;;WHEEL_POS;4.481,0.00
VAL;2026-09-18 16:38:50.425905;;;WHEEL_POS;4.510,0.00
VAL;2026-09-18 16:38:50.456888;;;WHEEL_POS;4.541,0.00
VAL;2026-09-18 16:38:50.488143;;;WHEEL_POS;4.572,0.00
VAL;2026-09-18 16:38:50.531412;;;WHEEL_POS;4.616,0.00
VAL;2026-09-18 16:38:50.547043;;;WHEEL_POS;4.631,0.00
VAL;2026-09-18 16:38:50.578291;;;WHEEL_POS;4.662,0.00
VAL;2026-09-18 16:38:50.593917;;;WHEEL_POS;4.678,0.00
VAL;2026-09-18 16:38:50.626178;;;WHEEL_POS;4.710,0.00
VAL;2026-09-18 16:38:50.657672;;;WHEEL_POS;4.742,0.00
VAL;2026-09-18 16:38:50.688928;;;WHEEL_POS;4.773,0.00
VAL;2026-09-18 16:38:50.741818;;;WHEEL_POS;4.826,0.00
VAL;2026-09-18 16:38:50.757440;;;WHEEL_POS;4.842,0.00
VAL;2026-09-18 16:38:50.773067;;;WHEEL_POS;4.857,0.00
VAL;2026-09-18 16:38:50.810846;;;WHEEL_POS;4.895,0.00
VAL;2026-09-18 16:38:50.842017;;;WHEEL_POS;4.926,0.00
VAL;2026-09-18 16:38:50.858070;;;WHEEL_POS;4.942,0.00
VAL;2026-09-18 16:38:50.889329;;;WHEEL_POS;4.973,0.00
VAL;2026-09-18 16:38:50.930926;;;WHEEL_POS;5.015,0.00
VAL;2026-09-18 16:38:50.946557;;;WHEEL_POS;5.031,0.00
VAL;2026-09-18 16:38:50.977806;;;WHEEL_POS;5.062,0.00
VAL;2026-09-18 16:38:51.011074;;;WHEEL_POS;5.095,0.00
VAL;2026-09-18 16:38:51.042332;;;WHEEL_POS;5.126,0.00
VAL;2026-09-18 16:38:51.058462;;;WHEEL_POS;5.143,0.00
VAL;2026-09-18 16:38:51.074094;;;WHEEL_POS;5.158,0.00
VAL;2026-09-18 16:38:51.105343;;;WHEEL_POS;5.189,0.00
VAL;2026-09-18 16:38:51.144650;;;WHEEL_POS;5.229,0.00
VAL;2026-09-18 16:38:51.160271;;;WHEEL_POS;5.244,0.00
VAL;2026-09-18 16:38:51.175897;;;WHEEL_POS;5.260,0.00
VAL;2026-09-18 16:38:51.211166;;;WHEEL_POS;5.295,0.00
VAL;2026-09-18 16:38:51.226798;;;WHEEL_POS;5.311,0.00
VAL;2026-09-18 16:38:51.258554;;;WHEEL_POS;5.343,0.00
VAL;2026-09-18 16:38:51.274185;;;WHEEL_POS;5.358,0.00
VAL;2026-09-18 16:38:51.305434;;;WHEEL_POS;5.390,0.00
VAL;2026-09-18 16:38:51.335079;;;WHEEL_POS;5.419,0.00
VAL;2026-09-18 16:38:51.366334;;;WHEEL_POS;5.450,0.00
VAL;2026-09-18 16:38:51.381958;;;WHEEL_POS;5.466,0.00
VAL;2026-09-18 16:38:51.427226;;;WHEEL_POS;5.511,0.00
VAL;2026-09-18 16:38:51.442851;;;WHEEL_POS;5.527,0.00
VAL;2026-09-18 16:38:51.474612;;;WHEEL_POS;5.559,0.00
VAL;2026-09-18 16:38:51.505860;;;WHEEL_POS;5.590,0.00
VAL;2026-09-18 16:38:51.527496;;;WHEEL_POS;5.612,0.00
VAL;2026-09-18 16:38:51.543127;;;WHEEL_POS;5.627,0.00
VAL;2026-09-18 16:38:51.574375;;;WHEEL_POS;5.659,0.00
VAL;2026-09-18 16:38:51.590002;;;WHEEL_POS;5.674,0.00
VAL;2026-09-18 16:38:51.627773;;;WHEEL_POS;5.712,0.00
VAL;2026-09-18 16:38:51.675412;;;WHEEL_POS;5.760,0.00
VAL;2026-09-18 16:38:51.691037;;;WHEEL_POS;5.775,0.00
VAL;2026-09-18 16:38:51.743427;;;WHEEL_POS;5.828,0.00
VAL;2026-09-18 16:38:51.759049;;;WHEEL_POS;5.843,0.00
VAL;2026-09-18 16:38:51.805928;;;WHEEL_POS;5.890,0.00
VAL;2026-09-18 16:38:51.827499;;;WHEEL_POS;5.912,0.00
VAL;2026-09-18 16:38:51.843128;;;WHEEL_POS;5.927,0.00
VAL;2026-09-18 16:38:51.876436;;;WHEEL_POS;5.961,0.00
VAL;2026-09-18 16:38:51.912684;;;WHEEL_POS;5.997,0.00
VAL;2026-09-18 16:38:51.931663;;;WHEEL_POS;6.016,0.00
VAL;2026-09-18 16:38:51.947295;;;WHEEL_POS;6.031,0.00
VAL;2026-09-18 16:38:51.978543;;;WHEEL_POS;6.063,0.00
VAL;2026-09-18 16:38:52.012806;;;WHEEL_POS;6.097,0.00
VAL;2026-09-18 16:38:52.028437;;;WHEEL_POS;6.113,0.00
VAL;2026-09-18 16:38:52.044063;;;WHEEL_POS;6.128,0.00
VAL;2026-09-18 16:38:52.076823;;;WHEEL_POS;6.161,0.00
VAL;2026-09-18 16:38:52.113080;;;WHEEL_POS;6.197,0.00
VAL;2026-09-18 16:38:52.129714;;;WHEEL_POS;6.214,0.00
VAL;2026-09-18 16:38:52.160969;;;WHEEL_POS;6.245,0.00
VAL;2026-09-18 16:38:52.192221;;;WHEEL_POS;6.276,0.00
VAL;2026-09-18 16:38:52.213367;;;WHEEL_POS;6.298,0.00
VAL;2026-09-18 16:38:52.244630;;;WHEEL_POS;6.329,0.00
VAL;2026-09-18 16:38:52.276890;;;WHEEL_POS;6.361,0.00
VAL;2026-09-18 16:38:52.313650;;;WHEEL_POS;6.398,0.00
VAL;2026-09-18 16:38:52.335284;;;WHEEL_POS;6.419,0.00
VAL;2026-09-18 16:38:52.358424;;;WHEEL_POS;6.443,0.00
VAL;2026-09-18 16:38:52.389672;;;WHEEL_POS;6.474,0.00
VAL;2026-09-18 16:38:52.429444;;;WHEEL_POS;6.514,0.00
VAL;2026-09-18 16:38:52.462592;;;WHEEL_POS;6.547,0.00
VAL;2026-09-18 16:38:52.478219;;;WHEEL_POS;6.562,0.00
VAL;2026-09-18 16:38:52.513978;;;WHEEL_POS;6.598,0.00
VAL;2026-09-18 16:38:52.545236;;;WHEEL_POS;6.629,0.00
VAL;2026-09-18 16:38:52.560859;;;WHEEL_POS;6.645,0.00
VAL;2026-09-18 16:38:52.592111;;;WHEEL_POS;6.676,0.00
VAL;2026-09-18 16:38:52.629882;;;WHEEL_POS;6.714,0.00
VAL;2026-09-18 16:38:52.663782;;;WHEEL_POS;6.748,0.70
VAL;2026-09-18 16:38:52.695037;;;WHEEL_POS;6.779,2.50
EVENT;2026-09-18 16:38:52.714166;2.6111;;1;RotaryEncoder1_2
VAL;2026-09-18 16:38:52.745422;;;WHEEL_POS;6.830,3.90
VAL;2026-09-18 16:38:52.761051;;;WHEEL_POS;6.845,3.90
VAL;2026-09-18 16:38:52.807929;;;WHEEL_POS;6.892,1.40
VAL;2026-09-18 16:38:52.828586;;;WHEEL_POS;6.913,-2.10
EVENT;2026-09-18 16:38:52.844215;2.7317;;0;RotaryEncoder1_1
VAL;2026-09-18 16:38:52.844215;;;WHEEL_POS;6.928,-3.90
VAL;2026-09-18 16:38:52.879476;;;WHEEL_POS;6.964,-8.10
EVENT;2026-09-18 16:38:52.895103;2.7909;;4;RotaryEncoder1_5
VAL;2026-09-18 16:38:52.914734;;;WHEEL_POS;6.999,-10.20
VAL;2026-09-18 16:38:52.932736;;;WHEEL_POS;7.017,-10.90
VAL;2026-09-18 16:38:52.948372;;;WHEEL_POS;7.033,-11.60
VAL;2026-09-18 16:38:52.979616;;;WHEEL_POS;7.064,-14.10
VAL;2026-09-18 16:38:53.014876;;;WHEEL_POS;7.099,-16.90
VAL;2026-09-18 16:38:53.030511;;;WHEEL_POS;7.115,-17.20
VAL;2026-09-18 16:38:53.064263;;;WHEEL_POS;7.148,-19.30
VAL;2026-09-18 16:38:53.103532;;;WHEEL_POS;7.188,-21.80
VAL;2026-09-18 16:38:53.131136;;;WHEEL_POS;7.215,-22.90
VAL;2026-09-18 16:38:53.146766;;;WHEEL_POS;7.231,-24.30
VAL;2026-09-18 16:38:53.178016;;;WHEEL_POS;7.262,-25.70
VAL;2026-09-18 16:38:53.215278;;;WHEEL_POS;7.299,-28.10
VAL;2026-09-18 16:38:53.230908;;;WHEEL_POS;7.315,-30.20
VAL;2026-09-18 16:38:53.265047;;;WHEEL_POS;7.349,-33.40
EVENT;2026-09-18 16:38:53.280679;3.1746000000000003;;2;RotaryEncoder1_3
TRANSITION;2026-09-18 16:38:53.280679;3.1746000000000003;;Reward;
VAL;2026-09-18 16:38:53.280679;;;WHEEL_POS;7.365,-35.50
VAL;2026-09-18 16:38:53.315439;;;WHEEL_POS;7.400,-36.90
EVENT;2026-09-18 16:38:53.336110;3.2234000000000003;;158;Tup
TRANSITION;2026-09-18 16:38:53.336110;3.2234000000000003;;Consumption;
VAL;2026-09-18 16:38:53.336110;;;WHEEL_POS;7.420,-38.00
VAL;2026-09-18 16:38:53.367363;;;WHEEL_POS;7.452,-40.40
VAL;2026-09-18 16:38:53.382988;;;WHEEL_POS;7.467,-41.80
VAL;2026-09-18 16:38:53.415244;;;WHEEL_POS;7.499,-45.00
VAL;2026-09-18 16:38:53.430873;;;WHEEL_POS;7.515,-47.10
VAL;2026-09-18 16:38:53.465983;;;WHEEL_POS;7.550,-52.40
VAL;2026-09-18 16:38:53.481610;;;WHEEL_POS;7.566,-55.90
VAL;2026-09-18 16:38:53.515366;;;WHEEL_POS;7.600,-60.50
VAL;2026-09-18 16:38:53.530995;;;WHEEL_POS;7.615,-61.90
VAL;2026-09-18 16:38:53.562247;;;WHEEL_POS;7.646,-63.30
VAL;2026-09-18 16:38:53.577872;;;WHEEL_POS;7.662,-64.30
VAL;2026-09-18 16:38:53.609124;;;WHEEL_POS;7.693,-67.50
VAL;2026-09-18 16:38:53.631257;;;WHEEL_POS;7.715,-70.70
VAL;2026-09-18 16:38:53.666860;;;WHEEL_POS;7.751,-73.10
VAL;2026-09-18 16:38:53.682488;;;WHEEL_POS;7.767,-74.50
VAL;2026-09-18 16:38:53.698116;;;WHEEL_POS;7.782,-75.20
VAL;2026-09-18 16:38:53.731377;;;WHEEL_POS;7.816,-75.90
VAL;2026-09-18 16:38:53.762631;;;WHEEL_POS;7.847,-75.20
VAL;2026-09-18 16:38:53.793878;;;WHEEL_POS;7.878,-73.80
VAL;2026-09-18 16:38:53.831171;;;WHEEL_POS;7.915,-73.10
VAL;2026-09-18 16:38:53.866930;;;WHEEL_POS;7.951,-73.10
VAL;2026-09-18 16:38:53.882558;;;WHEEL_POS;7.967,-72.80
VAL;2026-09-18 16:38:53.898186;;;WHEEL_POS;7.982,-72.80
VAL;2026-09-18 16:38:53.916314;;;WHEEL_POS;8.000,-72.80
VAL;2026-09-18 16:38:53.934446;;;WHEEL_POS;8.019,-72.80
VAL;2026-09-18 16:38:53.950074;;;WHEEL_POS;8.034,-72.80
VAL;2026-09-18 16:38:53.981326;;;WHEEL_POS;8.065,-72.80
VAL;2026-09-18 16:38:54.016583;;;WHEEL_POS;8.101,-72.80
VAL;2026-09-18 16:38:54.032211;;;WHEEL_POS;8.116,-72.80
VAL;2026-09-18 16:38:54.066968;;;WHEEL_POS;8.151,-72.80
VAL;2026-09-18 16:38:54.082598;;;WHEEL_POS;8.167,-72.80
VAL;2026-09-18 16:38:54.116863;;;WHEEL_POS;8.201,-72.80
VAL;2026-09-18 16:38:54.132367;;;WHEEL_POS;8.217,-72.80
VAL;2026-09-18 16:38:54.147999;;;WHEEL_POS;8.232,-72.80
VAL;2026-09-18 16:38:54.179249;;;WHEEL_POS;8.263,-72.80
VAL;2026-09-18 16:38:54.210504;;;WHEEL_POS;8.295,-72.80
VAL;2026-09-18 16:38:54.232641;;;WHEEL_POS;8.317,-72.80
VAL;2026-09-18 16:38:54.267784;;;WHEEL_POS;8.352,-72.80
VAL;2026-09-18 16:38:54.299039;;;WHEEL_POS;8.383,-72.80
VAL;2026-09-18 16:38:54.336845;;;WHEEL_POS;8.421,-72.80
VAL;2026-09-18 16:38:54.368099;;;WHEEL_POS;8.452,-72.80
VAL;2026-09-18 16:38:54.399348;;;WHEEL_POS;8.483,-72.80
VAL;2026-09-18 16:38:54.417480;;;WHEEL_POS;8.502,-72.80
VAL;2026-09-18 16:38:54.433111;;;WHEEL_POS;8.517,-72.80
VAL;2026-09-18 16:38:54.467366;;;WHEEL_POS;8.552,-72.80
VAL;2026-09-18 16:38:54.482998;;;WHEEL_POS;8.567,-72.80
VAL;2026-09-18 16:38:54.517767;;;WHEEL_POS;8.602,-72.80
VAL;2026-09-18 16:38:54.533398;;;WHEEL_POS;8.618,-72.80
VAL;2026-09-18 16:38:54.549025;;;WHEEL_POS;8.633,-72.80
VAL;2026-09-18 16:38:54.580275;;;WHEEL_POS;8.664,-72.80
VAL;2026-09-18 16:38:54.595901;;;WHEEL_POS;8.680,-72.80
VAL;2026-09-18 16:38:54.633671;;;WHEEL_POS;8.718,-72.80
VAL;2026-09-18 16:38:54.669740;;;WHEEL_POS;8.754,-72.80
VAL;2026-09-18 16:38:54.700996;;;WHEEL_POS;8.785,-72.80
VAL;2026-09-18 16:38:54.733753;;;WHEEL_POS;8.818,-72.80
VAL;2026-09-18 16:38:54.765006;;;WHEEL_POS;8.849,-72.80
VAL;2026-09-18 16:38:54.796257;;;WHEEL_POS;8.880,-72.80
VAL;2026-09-18 16:38:54.818403;;;WHEEL_POS;8.903,-72.80
VAL;2026-09-18 16:38:54.830908;;;WHEEL_POS;8.915,-72.80
VAL;2026-09-18 16:38:54.869177;;;WHEEL_POS;8.953,-72.80
VAL;2026-09-18 16:38:54.884815;;;WHEEL_POS;8.969,-72.80
VAL;2026-09-18 16:38:54.918569;;;WHEEL_POS;9.003,-72.80
VAL;2026-09-18 16:38:54.939704;;;WHEEL_POS;9.024,-72.80
VAL;2026-09-18 16:38:54.970959;;;WHEEL_POS;9.055,-72.80
VAL;2026-09-18 16:38:55.002212;;;WHEEL_POS;9.086,-72.80
VAL;2026-09-18 16:38:55.018846;;;WHEEL_POS;9.103,-72.80
VAL;2026-09-18 16:38:55.050102;;;WHEEL_POS;9.134,-72.80
VAL;2026-09-18 16:38:55.088370;;;WHEEL_POS;9.173,-72.80
VAL;2026-09-18 16:38:55.103994;;;WHEEL_POS;9.188,-72.80
VAL;2026-09-18 16:38:55.150760;;;WHEEL_POS;9.235,-72.80
VAL;2026-09-18 16:38:55.166385;;;WHEEL_POS;9.251,-72.80
VAL;2026-09-18 16:38:55.182011;;;WHEEL_POS;9.266,-72.80
VAL;2026-09-18 16:38:55.219278;;;WHEEL_POS;9.303,-72.80
VAL;2026-09-18 16:38:55.234909;;;WHEEL_POS;9.319,-72.80
VAL;2026-09-18 16:38:55.271667;;;WHEEL_POS;9.356,-72.80
VAL;2026-09-18 16:38:55.288759;;;WHEEL_POS;9.373,-72.80
VAL;2026-09-18 16:38:55.321399;;;WHEEL_POS;9.406,-72.80
VAL;2026-09-18 16:38:55.337027;;;WHEEL_POS;9.421,-72.80
VAL;2026-09-18 16:38:55.368281;;;WHEEL_POS;9.452,-72.80
VAL;2026-09-18 16:38:55.383906;;;WHEEL_POS;9.468,-72.80
VAL;2026-09-18 16:38:55.419661;;;WHEEL_POS;9.504,-72.80
VAL;2026-09-18 16:38:55.435293;;;WHEEL_POS;9.519,-72.80
VAL;2026-09-18 16:38:55.466541;;;WHEEL_POS;9.551,-72.80
VAL;2026-09-18 16:38:55.489553;;;WHEEL_POS;9.574,-72.80
VAL;2026-09-18 16:38:55.535325;;;WHEEL_POS;9.619,-72.80
VAL;2026-09-18 16:38:55.550951;;;WHEEL_POS;9.635,-72.80
VAL;2026-09-18 16:38:55.582204;;;WHEEL_POS;9.666,-72.80
VAL;2026-09-18 16:38:55.613455;;;WHEEL_POS;9.698,-72.80
VAL;2026-09-18 16:38:55.635589;;;WHEEL_POS;9.720,-72.80
VAL;2026-09-18 16:38:55.666843;;;WHEEL_POS;9.751,-72.80
VAL;2026-09-18 16:38:55.706026;;;WHEEL_POS;9.790,-72.80
VAL;2026-09-18 16:38:55.735668;;;WHEEL_POS;9.820,-72.80
VAL;2026-09-18 16:38:55.766923;;;WHEEL_POS;9.851,-72.80
VAL;2026-09-18 16:38:55.798172;;;WHEEL_POS;9.882,-72.80
VAL;2026-09-18 16:38:55.820313;;;WHEEL_POS;9.904,-72.80
VAL;2026-09-18 16:38:55.848448;;;WHEEL_POS;9.933,-72.80
VAL;2026-09-18 16:38:55.864073;;;WHEEL_POS;9.948,-72.80
VAL;2026-09-18 16:38:55.891265;;;WHEEL_POS;9.975,-72.80
VAL;2026-09-18 16:38:55.906896;;;WHEEL_POS;9.991,-72.80
VAL;2026-09-18 16:38:55.941121;;;WHEEL_POS;10.025,-72.80
VAL;2026-09-18 16:38:55.956749;;;WHEEL_POS;10.041,-72.80
VAL;2026-09-18 16:38:55.988005;;;WHEEL_POS;10.072,-72.80
VAL;2026-09-18 16:38:56.020258;;;WHEEL_POS;10.104,-72.40
VAL;2026-09-18 16:38:56.035886;;;WHEEL_POS;10.120,-72.10
VAL;2026-09-18 16:38:56.067140;;;WHEEL_POS;10.151,-72.10
VAL;2026-09-18 16:38:56.092280;;;WHEEL_POS;10.176,-72.10
VAL;2026-09-18 16:38:56.135437;;;WHEEL_POS;10.220,-72.10
VAL;2026-09-18 16:38:56.166699;;;WHEEL_POS;10.251,-72.10
VAL;2026-09-18 16:38:56.197946;;;WHEEL_POS;10.282,-72.10
VAL;2026-09-18 16:38:56.236218;;;WHEEL_POS;10.320,-72.10
VAL;2026-09-18 16:38:56.267468;;;WHEEL_POS;10.352,-72.10
VAL;2026-09-18 16:38:56.294070;;;WHEEL_POS;10.378,-72.10
EVENT;2026-09-18 16:38:56.337437;6.223400000000001;;158;Tup
TRANSITION;2026-09-18 16:38:56.337437;6.223400000000001;;ITI;
VAL;2026-09-18 16:38:56.337437;;;WHEEL_POS;10.422,-72.10
VAL;2026-09-18 16:38:56.358571;;;WHEEL_POS;10.443,-72.10
VAL;2026-09-18 16:38:56.389827;;;WHEEL_POS;10.474,-72.10
VAL;2026-09-18 16:38:56.420954;;;WHEEL_POS;10.505,-72.10
VAL;2026-09-18 16:38:56.452212;;;WHEEL_POS;10.536,-72.10
VAL;2026-09-18 16:38:56.495319;;;WHEEL_POS;10.579,-72.10
VAL;2026-09-18 16:38:56.520956;;;WHEEL_POS;10.605,-72.10
VAL;2026-09-18 16:38:56.536592;;;WHEEL_POS;10.621,-72.10
VAL;2026-09-18 16:38:56.567844;;;WHEEL_POS;10.652,-72.10
VAL;2026-09-18 16:38:56.599096;;;WHEEL_POS;10.683,-72.10
VAL;2026-09-18 16:38:56.636856;;;WHEEL_POS;10.721,-72.10
VAL;2026-09-18 16:38:56.668112;;;WHEEL_POS;10.752,-72.10
VAL;2026-09-18 16:38:56.711739;;;WHEEL_POS;10.796,-72.10
VAL;2026-09-18 16:38:56.736878;;;WHEEL_POS;10.821,-72.10
VAL;2026-09-18 16:38:56.768129;;;WHEEL_POS;10.852,-72.10
VAL;2026-09-18 16:38:56.799381;;;WHEEL_POS;10.884,-72.10
VAL;2026-09-18 16:38:56.836400;;;WHEEL_POS;10.921,-72.10
VAL;2026-09-18 16:38:56.852031;;;WHEEL_POS;10.936,-72.10
VAL;2026-09-18 16:38:56.896849;;;WHEEL_POS;10.981,-72.10
VAL;2026-09-18 16:38:56.940639;;;WHEEL_POS;11.025,-72.10
VAL;2026-09-18 16:38:56.956268;;;WHEEL_POS;11.040,-72.10
VAL;2026-09-18 16:38:56.971896;;;WHEEL_POS;11.056,-72.10
VAL;2026-09-18 16:38:57.003145;;;WHEEL_POS;11.087,-72.10
VAL;2026-09-18 16:38:57.037406;;;WHEEL_POS;11.122,-72.10
VAL;2026-09-18 16:38:57.068657;;;WHEEL_POS;11.153,-72.10
VAL;2026-09-18 16:38:57.098141;;;WHEEL_POS;11.182,-72.10
VAL;2026-09-18 16:38:57.136808;;;WHEEL_POS;11.221,-72.10
VAL;2026-09-18 16:38:57.183692;;;WHEEL_POS;11.268,-72.10
VAL;2026-09-18 16:38:57.199315;;;WHEEL_POS;11.283,-72.10
VAL;2026-09-18 16:38:57.214941;;;WHEEL_POS;11.299,-72.10
VAL;2026-09-18 16:38:57.253207;;;WHEEL_POS;11.337,-72.10
VAL;2026-09-18 16:38:57.322013;;;WHEEL_POS;11.406,-72.10
VAL;2026-09-18 16:38:57.337642;;;WHEEL_POS;11.422,-72.10
VAL;2026-09-18 16:38:57.384523;;;WHEEL_POS;11.469,-72.10
VAL;2026-09-18 16:38:57.400147;;;WHEEL_POS;11.484,-72.10
VAL;2026-09-18 16:38:57.453538;;;WHEEL_POS;11.538,-72.10
VAL;2026-09-18 16:38:57.469161;;;WHEEL_POS;11.553,-72.10
VAL;2026-09-18 16:38:57.485140;;;WHEEL_POS;11.569,-72.10
VAL;2026-09-18 16:38:57.522408;;;WHEEL_POS;11.607,-72.10
VAL;2026-09-18 16:38:57.538038;;;WHEEL_POS;11.622,-72.10
VAL;2026-09-18 16:38:57.584921;;;WHEEL_POS;11.669,-72.10
VAL;2026-09-18 16:38:57.600546;;;WHEEL_POS;11.685,-72.10
VAL;2026-09-18 16:38:57.653936;;;WHEEL_POS;11.738,-72.10
VAL;2026-09-18 16:38:57.669557;;;WHEEL_POS;11.754,-72.10
VAL;2026-09-18 16:38:57.701723;;;WHEEL_POS;11.786,-72.10
VAL;2026-09-18 16:38:57.738503;;;WHEEL_POS;11.823,-72.10
VAL;2026-09-18 16:38:57.754128;;;WHEEL_POS;11.838,-72.10
VAL;2026-09-18 16:38:57.785383;;;WHEEL_POS;11.870,-72.10
VAL;2026-09-18 16:38:57.816634;;;WHEEL_POS;11.901,-72.10
EVENT;2026-09-18 16:38:57.836651;7.723400000000001;;158;Tup
END-TRIAL;2026-09-18 16:38:57.836651;;;The trial ended;
INFO;2026-09-18 16:38:57.836651;13.764831;21.488234;TRIAL-BPOD-TIME;7.723402999999999
STATE;2026-09-18 16:38:57.836651;0;3.1746000000000003;WheelDotPeriod;3.1746000000000003
STATE;2026-09-18 16:38:57.836651;3.1746000000000003;3.2234000000000003;Reward;0.048799999999999955
STATE;2026-09-18 16:38:57.836651;3.2234000000000003;6.223400000000001;Consumption;3.0000000000000004
STATE;2026-09-18 16:38:57.836651;6.223400000000001;7.723400000000001;ITI;1.5
STATE;2026-09-18 16:38:57.836651;nan;nan;ErrorConsumption;nan
STATE;2026-09-18 16:38:57.836651;nan;nan;IncorrectITI;nan
STATE;2026-09-18 16:38:57.836651;nan;nan;NoResponse;nan
VAL;2026-09-18 16:38:57.836651;;;WHEEL_POS;11.921,-72.10
VAL;2026-09-18 16:38:57.923350;;;INCLUDED;True
VAL;2026-09-18 16:38:57.923350;;;CONSUMPTION_LICKED;False
VAL;2026-09-18 16:38:57.923350;;;LED_ON_TIME;4.185383319854736
VAL;2026-09-18 16:38:57.923350;;;DOT_ONSET_JITTER_S;0.1967086476859887
VAL;2026-09-18 16:38:57.923350;;;DOT_ONSET_TIME;4.382091967540725
VAL;2026-09-18 16:38:57.923350;;;THRESHOLD_CROSSING_TIME;7.359983319854736
VAL;2026-09-18 16:38:57.923350;;;DOT_DISAPPEAR_JITTER_S;0.6544588015371788
VAL;2026-09-18 16:38:57.923350;;;DOT_DISAPPEAR_TIME;8.014442121391916
VAL;2026-09-18 16:38:57.923350;;;CORRECT;True
stdout;2026-09-18 16:38:57.923350;;;Trial 1 (warmup): side=L, Reward -> reward;
stdout;2026-09-18 16:38:57.923350;;;|
|;
VAL;2026-09-18 16:38:58.127351;;;TRIAL_INIT_START;12.2114896774292
VAL;2026-09-18 16:38:58.155033;;;WHEEL_POS;12.239,-72.10
VAL;2026-09-18 16:38:58.186287;;;WHEEL_POS;12.270,-72.10
VAL;2026-09-18 16:38:58.201912;;;WHEEL_POS;12.286,-72.10
VAL;2026-09-18 16:38:58.239678;;;WHEEL_POS;12.324,-72.10
VAL;2026-09-18 16:38:58.270930;;;WHEEL_POS;12.355,-72.10
VAL;2026-09-18 16:38:58.304090;;;WHEEL_POS;12.388,-72.10
VAL;2026-09-18 16:38:58.324236;;;TRIAL_START;12.388228178024292
VAL;2026-09-18 16:38:58.324236;;;QUIESCENCE_BREAKS;0
VAL;2026-09-18 16:38:58.324236;;;TRIAL_TYPE;warmup
VAL;2026-09-18 16:38:58.471382;;;TRIAL_SIDE;L
VAL;2026-09-18 16:38:58.471382;;;CLICK_TIMES_L;0.0150,0.1227
VAL;2026-09-18 16:38:58.487008;;;CLICK_TIMES_R;
VAL;2026-09-18 16:38:58.487008;;;N_CLICKS_L;2
VAL;2026-09-18 16:38:58.487008;;;N_CLICKS_R;0
VAL;2026-09-18 16:38:58.487008;;;STIM_SEED;418407042
VAL;2026-09-18 16:38:58.487008;;;CUE_ABORT_THRESHOLD_DEG;10.0
VAL;2026-09-18 16:38:58.487008;;;RESPONSE_THRESHOLD_DEG;35.0
VAL;2026-09-18 16:38:58.487008;;;QUIESCENCE_DUR_S;0.1
VAL;2026-09-18 16:38:58.487008;;;ITI_S;1.5
VAL;2026-09-18 16:38:58.487008;;;CLICK_LEVEL_ATTENUATED;False
stdout;2026-09-18 16:38:58.487008;;;Trial 2 (warmup): side=L, n_L=2, n_R=0;
stdout;2026-09-18 16:38:58.487008;;;|
|;
VAL;2026-09-18 16:38:58.488014;;;SM_SEND_TIME;12.572151899337769
VAL;2026-09-18 16:38:58.488014;;;CUE_ONSET_TIME;12.59315189933777
TRIAL;2026-09-18 16:38:58.488014;;;New trial;
VAL;2026-09-18 16:38:58.488014;;;WHEEL_POS;12.572,0.00
VAL;2026-09-18 16:38:58.524384;;;WHEEL_POS;12.609,0.00
VAL;2026-09-18 16:38:58.555640;;;WHEEL_POS;12.640,0.00
VAL;2026-09-18 16:38:58.586891;;;WHEEL_POS;12.671,0.00
VAL;2026-09-18 16:38:58.618143;;;WHEEL_POS;12.702,0.00
VAL;2026-09-18 16:38:58.640275;;;WHEEL_POS;12.724,0.00
VAL;2026-09-18 16:38:58.655901;;;WHEEL_POS;12.740,0.00
VAL;2026-09-18 16:38:58.687154;;;WHEEL_POS;12.771,0.00
VAL;2026-09-18 16:38:58.724621;;;WHEEL_POS;12.809,0.00
VAL;2026-09-18 16:38:58.755885;;;WHEEL_POS;12.840,0.00
EVENT;2026-09-18 16:38:58.755885;0.271;;158;Tup
TRANSITION;2026-09-18 16:38:58.755885;0.271;;DelayPeriod;
VAL;2026-09-18 16:38:58.787133;;;WHEEL_POS;12.871,0.00
VAL;2026-09-18 16:38:58.824897;;;WHEEL_POS;12.909,0.00
VAL;2026-09-18 16:38:58.839465;;;WHEEL_POS;12.924,0.00
VAL;2026-09-18 16:38:58.855093;;;WHEEL_POS;12.939,0.00
VAL;2026-09-18 16:38:58.886345;;;WHEEL_POS;12.970,0.00
VAL;2026-09-18 16:38:58.901971;;;WHEEL_POS;12.986,0.00
VAL;2026-09-18 16:38:58.924990;;;WHEEL_POS;13.009,0.00
EVENT;2026-09-18 16:38:58.942980;0.4489;;158;Tup
TRANSITION;2026-09-18 16:38:58.942980;0.4489;;CueComplete;
EVENT;2026-09-18 16:38:58.942980;0.449;;158;Tup
END-TRIAL;2026-09-18 16:38:58.942980;;;The trial ended;
INFO;2026-09-18 16:38:58.942980;22.147731;22.596735;TRIAL-BPOD-TIME;0.4490039999999986
STATE;2026-09-18 16:38:58.942980;0;0.271;CuePeriod;0.271
STATE;2026-09-18 16:38:58.942980;0.271;0.4489;DelayPeriod;0.1779
STATE;2026-09-18 16:38:58.942980;0.4489;0.449;CueComplete;9.999999999998899e-05
STATE;2026-09-18 16:38:58.942980;nan;nan;WheelAbort;nan
STATE;2026-09-18 16:38:58.942980;nan;nan;AbortITI;nan
VAL;2026-09-18 16:38:58.958609;;;SM_SEND_TIME;13.042747259140015
TRIAL;2026-09-18 16:38:58.958609;;;New trial;
VAL;2026-09-18 16:38:58.958609;;;WHEEL_POS;13.043,0.00
VAL;2026-09-18 16:38:58.989861;;;WHEEL_POS;13.074,0.00
VAL;2026-09-18 16:38:59.025117;;;WHEEL_POS;13.109,0.00
VAL;2026-09-18 16:38:59.040746;;;WHEEL_POS;13.125,0.00
VAL;2026-09-18 16:38:59.071998;;;WHEEL_POS;13.156,0.00
VAL;2026-09-18 16:38:59.103250;;;WHEEL_POS;13.187,0.00
VAL;2026-09-18 16:38:59.125404;;;WHEEL_POS;13.210,0.00
VAL;2026-09-18 16:38:59.156042;;;WHEEL_POS;13.240,0.00
VAL;2026-09-18 16:38:59.187294;;;WHEEL_POS;13.271,0.00
VAL;2026-09-18 16:38:59.202920;;;WHEEL_POS;13.287,0.00
VAL;2026-09-18 16:38:59.241209;;;WHEEL_POS;13.325,0.00
VAL;2026-09-18 16:38:59.256835;;;WHEEL_POS;13.341,0.00
VAL;2026-09-18 16:38:59.288093;;;WHEEL_POS;13.372,0.00
VAL;2026-09-18 16:38:59.325721;;;WHEEL_POS;13.410,0.00
VAL;2026-09-18 16:38:59.341353;;;WHEEL_POS;13.425,0.00
VAL;2026-09-18 16:38:59.372602;;;WHEEL_POS;13.457,0.00
VAL;2026-09-18 16:38:59.419486;;;WHEEL_POS;13.504,0.00
VAL;2026-09-18 16:38:59.441635;;;WHEEL_POS;13.526,0.00
VAL;2026-09-18 16:38:59.472886;;;WHEEL_POS;13.557,0.00
VAL;2026-09-18 16:38:59.504144;;;WHEEL_POS;13.588,0.00
VAL;2026-09-18 16:38:59.526163;;;WHEEL_POS;13.610,0.40
VAL;2026-09-18 16:38:59.557424;;;WHEEL_POS;13.642,1.10
VAL;2026-09-18 16:38:59.588672;;;WHEEL_POS;13.673,2.10
VAL;2026-09-18 16:38:59.626434;;;WHEEL_POS;13.711,2.80
EVENT;2026-09-18 16:38:59.642064;0.6854;;1;RotaryEncoder1_2
VAL;2026-09-18 16:38:59.657691;;;WHEEL_POS;13.742,4.20
VAL;2026-09-18 16:38:59.704576;;;WHEEL_POS;13.789,7.00
VAL;2026-09-18 16:38:59.726618;;;WHEEL_POS;13.811,8.80
EVENT;2026-09-18 16:38:59.742247;0.783;;5;RotaryEncoder1_6
VAL;2026-09-18 16:38:59.757874;;;WHEEL_POS;13.842,10.90
VAL;2026-09-18 16:38:59.789128;;;WHEEL_POS;13.873,13.00
VAL;2026-09-18 16:38:59.820377;;;WHEEL_POS;13.905,14.80
VAL;2026-09-18 16:38:59.842517;;;WHEEL_POS;13.927,15.80
VAL;2026-09-18 16:38:59.873766;;;WHEEL_POS;13.958,17.20
VAL;2026-09-18 16:38:59.905022;;;WHEEL_POS;13.989,19.30
VAL;2026-09-18 16:38:59.942796;;;WHEEL_POS;14.027,21.80
VAL;2026-09-18 16:38:59.974051;;;WHEEL_POS;14.058,24.30
VAL;2026-09-18 16:39:00.005300;;;WHEEL_POS;14.089,25.70
VAL;2026-09-18 16:39:00.020928;;;WHEEL_POS;14.105,27.10
VAL;2026-09-18 16:39:00.043063;;;WHEEL_POS;14.127,28.80
VAL;2026-09-18 16:39:00.074313;;;WHEEL_POS;14.158,31.30
VAL;2026-09-18 16:39:00.089940;;;WHEEL_POS;14.174,32.70
EVENT;2026-09-18 16:39:00.121191;1.1577;;3;RotaryEncoder1_4
TRANSITION;2026-09-18 16:39:00.121191;1.1577;;ErrorConsumption;
VAL;2026-09-18 16:39:00.126608;;;WHEEL_POS;14.211,35.20
VAL;2026-09-18 16:39:00.142182;;;WHEEL_POS;14.226,37.30
VAL;2026-09-18 16:39:00.173437;;;WHEEL_POS;14.258,39.70
VAL;2026-09-18 16:39:00.189064;;;WHEEL_POS;14.273,41.10
VAL;2026-09-18 16:39:00.220315;;;WHEEL_POS;14.304,43.60
VAL;2026-09-18 16:39:00.243454;;;WHEEL_POS;14.328,45.40
VAL;2026-09-18 16:39:00.259081;;;WHEEL_POS;14.343,47.10
VAL;2026-09-18 16:39:00.284473;;;WHEEL_POS;14.369,50.30
VAL;2026-09-18 16:39:00.315725;;;WHEEL_POS;14.400,52.70
VAL;2026-09-18 16:39:00.343457;;;WHEEL_POS;14.428,54.80
VAL;2026-09-18 16:39:00.374710;;;WHEEL_POS;14.459,55.50
VAL;2026-09-18 16:39:00.405963;;;WHEEL_POS;14.490,56.20
VAL;2026-09-18 16:39:00.443721;;;WHEEL_POS;14.528,57.70
VAL;2026-09-18 16:39:00.474973;;;WHEEL_POS;14.559,59.10
VAL;2026-09-18 16:39:00.506226;;;WHEEL_POS;14.590,61.90
VAL;2026-09-18 16:39:00.521851;;;WHEEL_POS;14.606,62.90
VAL;2026-09-18 16:39:00.543991;;;WHEEL_POS;14.628,64.00
VAL;2026-09-18 16:39:00.575243;;;WHEEL_POS;14.659,64.30
VAL;2026-09-18 16:39:00.590869;;;WHEEL_POS;14.675,64.30
EVENT;2026-09-18 16:39:00.622121;1.6577000000000002;;158;Tup
TRANSITION;2026-09-18 16:39:00.622121;1.6577000000000002;;IncorrectITI;
VAL;2026-09-18 16:39:00.622121;;;WHEEL_POS;14.706,64.70
VAL;2026-09-18 16:39:00.644256;;;WHEEL_POS;14.728,65.00
VAL;2026-09-18 16:39:00.675509;;;WHEEL_POS;14.760,65.70
VAL;2026-09-18 16:39:00.691136;;;WHEEL_POS;14.775,66.40
VAL;2026-09-18 16:39:00.728906;;;WHEEL_POS;14.813,66.80
VAL;2026-09-18 16:39:00.744534;;;WHEEL_POS;14.829,67.10
VAL;2026-09-18 16:39:00.760160;;;WHEEL_POS;14.844,67.10
VAL;2026-09-18 16:39:00.775786;;;WHEEL_POS;14.860,67.10
VAL;2026-09-18 16:39:00.807039;;;WHEEL_POS;14.891,66.80
VAL;2026-09-18 16:39:00.844799;;;WHEEL_POS;14.929,66.80
VAL;2026-09-18 16:39:00.876050;;;WHEEL_POS;14.960,67.10
VAL;2026-09-18 16:39:00.907304;;;WHEEL_POS;14.991,67.10
VAL;2026-09-18 16:39:00.961206;;;WHEEL_POS;15.045,67.10
VAL;2026-09-18 16:39:00.976829;;;WHEEL_POS;15.061,67.10
VAL;2026-09-18 16:39:01.008081;;;WHEEL_POS;15.092,67.10
VAL;2026-09-18 16:39:01.045353;;;WHEEL_POS;15.129,67.10
VAL;2026-09-18 16:39:01.060980;;;WHEEL_POS;15.145,67.10
VAL;2026-09-18 16:39:01.092233;;;WHEEL_POS;15.176,67.10
VAL;2026-09-18 16:39:01.123484;;;WHEEL_POS;15.208,67.10
VAL;2026-09-18 16:39:01.143630;;;WHEEL_POS;15.228,67.10
VAL;2026-09-18 16:39:01.159260;;;WHEEL_POS;15.243,67.10
VAL;2026-09-18 16:39:01.190510;;;WHEEL_POS;15.275,67.10
VAL;2026-09-18 16:39:01.221767;;;WHEEL_POS;15.306,67.10
VAL;2026-09-18 16:39:01.245905;;;WHEEL_POS;15.330,67.10
VAL;2026-09-18 16:39:01.277165;;;WHEEL_POS;15.361,67.10
VAL;2026-09-18 16:39:01.308409;;;WHEEL_POS;15.393,67.10
VAL;2026-09-18 16:39:01.326390;;;WHEEL_POS;15.411,67.10
VAL;2026-09-18 16:39:01.346536;;;WHEEL_POS;15.431,67.10
VAL;2026-09-18 16:39:01.377786;;;WHEEL_POS;15.462,67.10
VAL;2026-09-18 16:39:01.409040;;;WHEEL_POS;15.493,67.10
VAL;2026-09-18 16:39:01.446298;;;WHEEL_POS;15.530,67.10
VAL;2026-09-18 16:39:01.461927;;;WHEEL_POS;15.546,67.10
VAL;2026-09-18 16:39:01.493177;;;WHEEL_POS;15.577,67.10
VAL;2026-09-18 16:39:01.508804;;;WHEEL_POS;15.593,67.10
VAL;2026-09-18 16:39:01.548521;;;WHEEL_POS;15.633,67.10
VAL;2026-09-18 16:39:01.595402;;;WHEEL_POS;15.680,67.10
VAL;2026-09-18 16:39:01.611025;;;WHEEL_POS;15.695,67.10
VAL;2026-09-18 16:39:01.662412;;;WHEEL_POS;15.747,67.10
VAL;2026-09-18 16:39:01.678037;;;WHEEL_POS;15.762,67.10
VAL;2026-09-18 16:39:01.709289;;;WHEEL_POS;15.793,67.10
VAL;2026-09-18 16:39:01.732451;;;WHEEL_POS;15.817,67.10
VAL;2026-09-18 16:39:01.754322;;;WHEEL_POS;15.838,67.10
VAL;2026-09-18 16:39:01.769948;;;WHEEL_POS;15.854,67.10
VAL;2026-09-18 16:39:01.801203;;;WHEEL_POS;15.885,67.10
VAL;2026-09-18 16:39:01.862598;;;WHEEL_POS;15.947,67.10
VAL;2026-09-18 16:39:01.878221;;;WHEEL_POS;15.962,67.10
VAL;2026-09-18 16:39:01.925101;;;WHEEL_POS;16.009,67.10
VAL;2026-09-18 16:39:01.955091;;;WHEEL_POS;16.039,67.10
VAL;2026-09-18 16:39:01.986346;;;WHEEL_POS;16.070,67.10
VAL;2026-09-18 16:39:02.017596;;;WHEEL_POS;16.102,67.10
VAL;2026-09-18 16:39:02.047229;;;WHEEL_POS;16.131,67.10
VAL;2026-09-18 16:39:02.078481;;;WHEEL_POS;16.163,67.10
VAL;2026-09-18 16:39:02.094107;;;WHEEL_POS;16.178,67.10
VAL;2026-09-18 16:39:02.131877;;;WHEEL_POS;16.216,67.10
VAL;2026-09-18 16:39:02.144308;;;WHEEL_POS;16.228,67.10
VAL;2026-09-18 16:39:02.159936;;;WHEEL_POS;16.244,67.10
VAL;2026-09-18 16:39:02.191194;;;WHEEL_POS;16.275,67.10
VAL;2026-09-18 16:39:02.222440;;;WHEEL_POS;16.307,67.10
VAL;2026-09-18 16:39:02.247574;;;WHEEL_POS;16.332,67.10
VAL;2026-09-18 16:39:02.278827;;;WHEEL_POS;16.363,67.10
VAL;2026-09-18 16:39:02.310079;;;WHEEL_POS;16.394,67.10
VAL;2026-09-18 16:39:02.356256;;;WHEEL_POS;16.440,67.10
VAL;2026-09-18 16:39:02.387510;;;WHEEL_POS;16.472,67.10
VAL;2026-09-18 16:39:02.418761;;;WHEEL_POS;16.503,67.10
VAL;2026-09-18 16:39:02.455023;;;WHEEL_POS;16.539,67.10
VAL;2026-09-18 16:39:02.486273;;;WHEEL_POS;16.570,67.10
VAL;2026-09-18 16:39:02.501900;;;WHEEL_POS;16.586,67.10
VAL;2026-09-18 16:39:02.532540;;;WHEEL_POS;16.617,67.10
VAL;2026-09-18 16:39:02.557022;;;WHEEL_POS;16.641,67.10
VAL;2026-09-18 16:39:02.588273;;;WHEEL_POS;16.672,67.10
VAL;2026-09-18 16:39:02.603900;;;WHEEL_POS;16.688,67.10
VAL;2026-09-18 16:39:02.639655;;;WHEEL_POS;16.724,67.10
VAL;2026-09-18 16:39:02.670910;;;WHEEL_POS;16.755,67.10
VAL;2026-09-18 16:39:02.702161;;;WHEEL_POS;16.786,67.10
VAL;2026-09-18 16:39:02.740436;;;WHEEL_POS;16.825,67.10
VAL;2026-09-18 16:39:02.758024;;;WHEEL_POS;16.842,67.10
VAL;2026-09-18 16:39:02.789276;;;WHEEL_POS;16.873,67.10
VAL;2026-09-18 16:39:02.804902;;;WHEEL_POS;16.889,67.10
VAL;2026-09-18 16:39:02.840170;;;WHEEL_POS;16.924,67.10
VAL;2026-09-18 16:39:02.871428;;;WHEEL_POS;16.956,67.10
VAL;2026-09-18 16:39:02.887055;;;WHEEL_POS;16.971,67.10
VAL;2026-09-18 16:39:02.918308;;;WHEEL_POS;17.002,67.10
VAL;2026-09-18 16:39:02.958402;;;WHEEL_POS;17.043,67.10
VAL;2026-09-18 16:39:02.974030;;;WHEEL_POS;17.058,67.10
VAL;2026-09-18 16:39:03.005280;;;WHEEL_POS;17.089,67.10
VAL;2026-09-18 16:39:03.036533;;;WHEEL_POS;17.121,67.10
VAL;2026-09-18 16:39:03.056172;;;WHEEL_POS;17.140,67.10
VAL;2026-09-18 16:39:03.071799;;;WHEEL_POS;17.156,67.10
VAL;2026-09-18 16:39:03.106889;;;WHEEL_POS;17.191,67.10
VAL;2026-09-18 16:39:03.143735;;;WHEEL_POS;17.228,67.10
VAL;2026-09-18 16:39:03.160367;;;WHEEL_POS;17.245,67.10
VAL;2026-09-18 16:39:03.191619;;;WHEEL_POS;17.276,67.10
VAL;2026-09-18 16:39:03.240512;;;WHEEL_POS;17.325,67.10
VAL;2026-09-18 16:39:03.256142;;;WHEEL_POS;17.340,67.10
VAL;2026-09-18 16:39:03.287395;;;WHEEL_POS;17.372,67.10
VAL;2026-09-18 16:39:03.303021;;;WHEEL_POS;17.387,67.10
VAL;2026-09-18 16:39:03.339282;;;WHEEL_POS;17.423,67.10
VAL;2026-09-18 16:39:03.359957;;;WHEEL_POS;17.444,67.10
VAL;2026-09-18 16:39:03.391209;;;WHEEL_POS;17.475,67.10
VAL;2026-09-18 16:39:03.406836;;;WHEEL_POS;17.491,67.10
VAL;2026-09-18 16:39:03.441096;;;WHEEL_POS;17.525,67.10
VAL;2026-09-18 16:39:03.456725;;;WHEEL_POS;17.541,67.10
VAL;2026-09-18 16:39:03.503607;;;WHEEL_POS;17.588,67.10
VAL;2026-09-18 16:39:03.519231;;;WHEEL_POS;17.603,67.10
VAL;2026-09-18 16:39:03.534855;;;WHEEL_POS;17.619,67.10
VAL;2026-09-18 16:39:03.560347;;;WHEEL_POS;17.644,67.10
VAL;2026-09-18 16:39:03.575977;;;WHEEL_POS;17.660,67.10
VAL;2026-09-18 16:39:03.607226;;;WHEEL_POS;17.691,67.10
VAL;2026-09-18 16:39:03.641488;;;WHEEL_POS;17.726,67.10
VAL;2026-09-18 16:39:03.657118;;;WHEEL_POS;17.741,67.10
VAL;2026-09-18 16:39:03.703999;;;WHEEL_POS;17.788,67.10
VAL;2026-09-18 16:39:03.719625;;;WHEEL_POS;17.804,67.10
VAL;2026-09-18 16:39:03.776377;;;WHEEL_POS;17.861,67.10
VAL;2026-09-18 16:39:03.792001;;;WHEEL_POS;17.876,67.10
VAL;2026-09-18 16:39:03.841899;;;WHEEL_POS;17.926,67.10
VAL;2026-09-18 16:39:03.857533;;;WHEEL_POS;17.942,67.10
VAL;2026-09-18 16:39:03.873159;;;WHEEL_POS;17.957,67.10
VAL;2026-09-18 16:39:03.904417;;;WHEEL_POS;17.989,67.10
VAL;2026-09-18 16:39:03.935663;;;WHEEL_POS;18.020,67.10
VAL;2026-09-18 16:39:03.976770;;;WHEEL_POS;18.061,67.10
VAL;2026-09-18 16:39:03.992394;;;WHEEL_POS;18.077,67.10
VAL;2026-09-18 16:39:04.008020;;;WHEEL_POS;18.092,67.10
VAL;2026-09-18 16:39:04.042286;;;WHEEL_POS;18.126,67.10
VAL;2026-09-18 16:39:04.057916;;;WHEEL_POS;18.142,67.10
VAL;2026-09-18 16:39:04.089168;;;WHEEL_POS;18.173,67.10
VAL;2026-09-18 16:39:04.120420;;;WHEEL_POS;18.205,67.10
VAL;2026-09-18 16:39:04.136046;;;WHEEL_POS;18.220,67.10
VAL;2026-09-18 16:39:04.161524;;;WHEEL_POS;18.246,67.10
VAL;2026-09-18 16:39:04.177152;;;WHEEL_POS;18.261,67.10
VAL;2026-09-18 16:39:04.208401;;;WHEEL_POS;18.293,67.10
VAL;2026-09-18 16:39:04.224028;;;WHEEL_POS;18.308,67.10
VAL;2026-09-18 16:39:04.258302;;;WHEEL_POS;18.342,67.10
VAL;2026-09-18 16:39:04.273928;;;WHEEL_POS;18.358,67.10
VAL;2026-09-18 16:39:04.305186;;;WHEEL_POS;18.389,67.10
VAL;2026-09-18 16:39:04.341443;;;WHEEL_POS;18.426,67.10
VAL;2026-09-18 16:39:04.377235;;;WHEEL_POS;18.461,67.10
VAL;2026-09-18 16:39:04.392859;;;WHEEL_POS;18.477,67.10
VAL;2026-09-18 16:39:04.439745;;;WHEEL_POS;18.524,67.10
VAL;2026-09-18 16:39:04.458888;;;WHEEL_POS;18.543,67.10
VAL;2026-09-18 16:39:04.505770;;;WHEEL_POS;18.590,67.10
VAL;2026-09-18 16:39:04.521392;;;WHEEL_POS;18.606,67.10
VAL;2026-09-18 16:39:04.537018;;;WHEEL_POS;18.621,67.10
VAL;2026-09-18 16:39:04.577634;;;WHEEL_POS;18.662,67.10
VAL;2026-09-18 16:39:04.593259;;;WHEEL_POS;18.677,67.10
VAL;2026-09-18 16:39:04.608885;;;WHEEL_POS;18.693,67.10
EVENT;2026-09-18 16:39:04.624511;5.6577;;158;Tup
END-TRIAL;2026-09-18 16:39:04.624511;;;The trial ended;
INFO;2026-09-18 16:39:04.624511;22.617731;28.275434;TRIAL-BPOD-TIME;5.6577030000000015
STATE;2026-09-18 16:39:04.624511;0;1.1577;WheelDotPeriod;1.1577
STATE;2026-09-18 16:39:04.624511;1.1577;1.6577000000000002;ErrorConsumption;0.5000000000000002
STATE;2026-09-18 16:39:04.624511;1.6577000000000002;5.6577;IncorrectITI;4.0
STATE;2026-09-18 16:39:04.624511;nan;nan;Reward;nan
STATE;2026-09-18 16:39:04.624511;nan;nan;Consumption;nan
STATE;2026-09-18 16:39:04.624511;nan;nan;NoResponse;nan
STATE;2026-09-18 16:39:04.624511;nan;nan;ITI;nan
VAL;2026-09-18 16:39:04.706163;;;INCLUDED;True
VAL;2026-09-18 16:39:04.706163;;;CONSUMPTION_LICKED;False
VAL;2026-09-18 16:39:04.706163;;;LED_ON_TIME;13.042747259140015
VAL;2026-09-18 16:39:04.706163;;;DOT_ONSET_JITTER_S;0.14914775239144235
VAL;2026-09-18 16:39:04.706163;;;DOT_ONSET_TIME;13.191895011531457
VAL;2026-09-18 16:39:04.706163;;;THRESHOLD_CROSSING_TIME;14.200447259140015
VAL;2026-09-18 16:39:04.706163;;;DOT_DISAPPEAR_JITTER_S;0.7399896144737568
VAL;2026-09-18 16:39:04.706163;;;DOT_DISAPPEAR_TIME;14.940436873613772
VAL;2026-09-18 16:39:04.706163;;;CORRECT;False
stdout;2026-09-18 16:39:04.706163;;;Trial 2 (warmup): side=L, NoReward;
stdout;2026-09-18 16:39:04.706163;;;|
|;
VAL;2026-09-18 16:39:04.931587;;;TRIAL_INIT_START;19.01572561264038
VAL;2026-09-18 16:39:04.964056;;;WHEEL_POS;19.048,67.10
VAL;2026-09-18 16:39:04.995309;;;WHEEL_POS;19.079,67.10
VAL;2026-09-18 16:39:05.026562;;;WHEEL_POS;19.111,67.10
VAL;2026-09-18 16:39:05.060331;;;WHEEL_POS;19.144,67.10
VAL;2026-09-18 16:39:05.091584;;;WHEEL_POS;19.176,67.10
VAL;2026-09-18 16:39:05.122836;;;WHEEL_POS;19.207,67.10
VAL;2026-09-18 16:39:05.148356;;;TRIAL_START;19.206974029541016
VAL;2026-09-18 16:39:05.148356;;;QUIESCENCE_BREAKS;0
VAL;2026-09-18 16:39:05.148356;;;TRIAL_TYPE;warmup
VAL;2026-09-18 16:39:05.292006;;;TRIAL_SIDE;L
VAL;2026-09-18 16:39:05.292006;;;CLICK_TIMES_L;0.0318,0.1538,0.1849,0.1999,0.2149
VAL;2026-09-18 16:39:05.292006;;;CLICK_TIMES_R;
VAL;2026-09-18 16:39:05.292006;;;N_CLICKS_L;5
VAL;2026-09-18 16:39:05.292006;;;N_CLICKS_R;0
VAL;2026-09-18 16:39:05.292006;;;STIM_SEED;1318313242
VAL;2026-09-18 16:39:05.292006;;;CUE_ABORT_THRESHOLD_DEG;10.0
VAL;2026-09-18 16:39:05.292006;;;RESPONSE_THRESHOLD_DEG;35.0
VAL;2026-09-18 16:39:05.292006;;;QUIESCENCE_DUR_S;0.1
VAL;2026-09-18 16:39:05.292006;;;ITI_S;1.5
VAL;2026-09-18 16:39:05.292006;;;CLICK_LEVEL_ATTENUATED;False
stdout;2026-09-18 16:39:05.292006;;;Trial 3 (warmup): side=L, n_L=5, n_R=0;
stdout;2026-09-18 16:39:05.292006;;;|
|;
VAL;2026-09-18 16:39:05.292006;;;SM_SEND_TIME;19.376144409179688
VAL;2026-09-18 16:39:05.292006;;;CUE_ONSET_TIME;19.39714440917969
TRIAL;2026-09-18 16:39:05.292006;;;New trial;
VAL;2026-09-18 16:39:05.292006;;;WHEEL_POS;19.376,0.00
VAL;2026-09-18 16:39:05.323257;;;WHEEL_POS;19.407,0.00
VAL;2026-09-18 16:39:05.341891;;;WHEEL_POS;19.426,0.00
VAL;2026-09-18 16:39:05.365028;;;WHEEL_POS;19.449,0.00
VAL;2026-09-18 16:39:05.396281;;;WHEEL_POS;19.480,0.00
VAL;2026-09-18 16:39:05.411906;;;WHEEL_POS;19.496,0.00
VAL;2026-09-18 16:39:05.445663;;;WHEEL_POS;19.530,0.00
VAL;2026-09-18 16:39:05.461292;;;WHEEL_POS;19.545,0.00
VAL;2026-09-18 16:39:05.476917;;;WHEEL_POS;19.561,0.00
VAL;2026-09-18 16:39:05.508169;;;WHEEL_POS;19.592,0.00
VAL;2026-09-18 16:39:05.523797;;;WHEEL_POS;19.608,0.00
VAL;2026-09-18 16:39:05.565421;;;WHEEL_POS;19.650,0.00
EVENT;2026-09-18 16:39:05.565421;0.271;;158;Tup
TRANSITION;2026-09-18 16:39:05.565421;0.271;;DelayPeriod;
VAL;2026-09-18 16:39:05.581048;;;WHEEL_POS;19.665,0.00
VAL;2026-09-18 16:39:05.612300;;;WHEEL_POS;19.696,0.00
VAL;2026-09-18 16:39:05.627926;;;WHEEL_POS;19.712,0.00
VAL;2026-09-18 16:39:05.661687;;;WHEEL_POS;19.746,0.00
VAL;2026-09-18 16:39:05.692938;;;WHEEL_POS;19.777,0.00
VAL;2026-09-18 16:39:05.724191;;;WHEEL_POS;19.808,0.00
EVENT;2026-09-18 16:39:05.765794;0.46230000000000004;;158;Tup
TRANSITION;2026-09-18 16:39:05.765794;0.46230000000000004;;CueComplete;
EVENT;2026-09-18 16:39:05.765794;0.46240000000000003;;158;Tup
END-TRIAL;2026-09-18 16:39:05.765794;;;The trial ended;
INFO;2026-09-18 16:39:05.765794;28.954631;29.417035;TRIAL-BPOD-TIME;0.46240399999999937
STATE;2026-09-18 16:39:05.765794;0;0.271;CuePeriod;0.271
STATE;2026-09-18 16:39:05.765794;0.271;0.46230000000000004;DelayPeriod;0.19130000000000003
STATE;2026-09-18 16:39:05.765794;0.46230000000000004;0.46240000000000003;CueComplete;9.999999999998899e-05
STATE;2026-09-18 16:39:05.765794;nan;nan;WheelAbort;nan
STATE;2026-09-18 16:39:05.765794;nan;nan;AbortITI;nan
VAL;2026-09-18 16:39:05.765794;;;WHEEL_POS;19.850,0.00
VAL;2026-09-18 16:39:05.797047;;;SM_SEND_TIME;19.881185054779053
TRIAL;2026-09-18 16:39:05.797047;;;New trial;
VAL;2026-09-18 16:39:05.797047;;;WHEEL_POS;19.881,0.00
VAL;2026-09-18 16:39:05.828299;;;WHEEL_POS;19.912,0.00
VAL;2026-09-18 16:39:05.846430;;;WHEEL_POS;19.931,0.00
VAL;2026-09-18 16:39:05.862059;;;WHEEL_POS;19.946,0.00
VAL;2026-09-18 16:39:05.893311;;;WHEEL_POS;19.977,0.00
VAL;2026-09-18 16:39:05.908937;;;WHEEL_POS;19.993,0.00
VAL;2026-09-18 16:39:05.951261;;;WHEEL_POS;20.035,0.00
VAL;2026-09-18 16:39:05.966891;;;WHEEL_POS;20.051,0.00
VAL;2026-09-18 16:39:05.998147;;;WHEEL_POS;20.082,0.00
VAL;2026-09-18 16:39:06.029394;;;WHEEL_POS;20.114,0.00
VAL;2026-09-18 16:39:06.046524;;;WHEEL_POS;20.131,0.00
VAL;2026-09-18 16:39:06.062157;;;WHEEL_POS;20.146,0.00
VAL;2026-09-18 16:39:06.093404;;;WHEEL_POS;20.178,0.00
VAL;2026-09-18 16:39:06.124656;;;WHEEL_POS;20.209,0.00
VAL;2026-09-18 16:39:06.167432;;;WHEEL_POS;20.252,0.00
VAL;2026-09-18 16:39:06.183057;;;WHEEL_POS;20.267,0.00
VAL;2026-09-18 16:39:06.214313;;;WHEEL_POS;20.298,0.00
VAL;2026-09-18 16:39:06.247066;;;WHEEL_POS;20.331,0.00
VAL;2026-09-18 16:39:06.278324;;;WHEEL_POS;20.362,0.00
VAL;2026-09-18 16:39:06.293949;;;WHEEL_POS;20.378,0.00
VAL;2026-09-18 16:39:06.340827;;;WHEEL_POS;20.425,0.00
VAL;2026-09-18 16:39:06.367986;;;WHEEL_POS;20.452,0.00
VAL;2026-09-18 16:39:06.399243;;;WHEEL_POS;20.483,0.00
VAL;2026-09-18 16:39:06.430489;;;WHEEL_POS;20.515,0.00
VAL;2026-09-18 16:39:06.447621;;;WHEEL_POS;20.532,0.00
VAL;2026-09-18 16:39:06.463256;;;WHEEL_POS;20.547,0.00
VAL;2026-09-18 16:39:06.494502;;;WHEEL_POS;20.579,-0.40
VAL;2026-09-18 16:39:06.510128;;;WHEEL_POS;20.594,-1.40
VAL;2026-09-18 16:39:06.547780;;;WHEEL_POS;20.632,-3.50
EVENT;2026-09-18 16:39:06.547780;0.7427;;0;RotaryEncoder1_1
VAL;2026-09-18 16:39:06.566416;;;WHEEL_POS;20.651,-4.60
VAL;2026-09-18 16:39:06.613294;;;WHEEL_POS;20.697,-6.00
VAL;2026-09-18 16:39:06.628918;;;WHEEL_POS;20.713,-7.40
EVENT;2026-09-18 16:39:06.663681;0.8625;;4;RotaryEncoder1_5
VAL;2026-09-18 16:39:06.679311;;;WHEEL_POS;20.763,-10.20
VAL;2026-09-18 16:39:06.694933;;;WHEEL_POS;20.779,-11.20
VAL;2026-09-18 16:39:06.741817;;;WHEEL_POS;20.826,-13.00
VAL;2026-09-18 16:39:06.770603;;;WHEEL_POS;20.855,-16.50
VAL;2026-09-18 16:39:06.801856;;;WHEEL_POS;20.886,-19.00
VAL;2026-09-18 16:39:06.833105;;;WHEEL_POS;20.917,-21.10
VAL;2026-09-18 16:39:06.864245;;;WHEEL_POS;20.948,-24.30
VAL;2026-09-18 16:39:06.895492;;;WHEEL_POS;20.980,-27.10
VAL;2026-09-18 16:39:06.911118;;;WHEEL_POS;20.995,-28.50
VAL;2026-09-18 16:39:06.942372;;;WHEEL_POS;21.027,-30.90
VAL;2026-09-18 16:39:06.971345;;;WHEEL_POS;21.055,-33.80
EVENT;2026-09-18 16:39:06.986970;1.1846;;2;RotaryEncoder1_3
TRANSITION;2026-09-18 16:39:06.986970;1.1846;;Reward;
VAL;2026-09-18 16:39:07.002597;;;WHEEL_POS;21.087,-36.60
EVENT;2026-09-18 16:39:07.033850;1.2334;;158;Tup
TRANSITION;2026-09-18 16:39:07.033850;1.2334;;Consumption;
VAL;2026-09-18 16:39:07.033850;;;WHEEL_POS;21.118,-39.00
VAL;2026-09-18 16:39:07.064485;;;WHEEL_POS;21.149,-41.50
VAL;2026-09-18 16:39:07.095737;;;WHEEL_POS;21.180,-44.30
VAL;2026-09-18 16:39:07.126989;;;WHEEL_POS;21.211,-46.40
VAL;2026-09-18 16:39:07.171636;;;WHEEL_POS;21.256,-46.80
VAL;2026-09-18 16:39:07.202890;;;WHEEL_POS;21.287,-46.40
VAL;2026-09-18 16:39:07.234139;;;WHEEL_POS;21.318,-46.10
VAL;2026-09-18 16:39:07.264774;;;WHEEL_POS;21.349,-46.10
VAL;2026-09-18 16:39:07.296026;;;WHEEL_POS;21.380,-46.10
VAL;2026-09-18 16:39:07.327278;;;WHEEL_POS;21.411,-46.10
VAL;2026-09-18 16:39:07.371780;;;WHEEL_POS;21.456,-45.70
VAL;2026-09-18 16:39:07.403032;;;WHEEL_POS;21.487,-45.40
VAL;2026-09-18 16:39:07.434288;;;WHEEL_POS;21.518,-45.40
VAL;2026-09-18 16:39:07.464928;;;WHEEL_POS;21.549,-45.40
VAL;2026-09-18 16:39:07.496183;;;WHEEL_POS;21.580,-45.40
VAL;2026-09-18 16:39:07.527432;;;WHEEL_POS;21.612,-45.40
VAL;2026-09-18 16:39:07.543060;;;WHEEL_POS;21.627,-45.40
VAL;2026-09-18 16:39:07.573060;;;WHEEL_POS;21.657,-45.40
VAL;2026-09-18 16:39:07.619935;;;WHEEL_POS;21.704,-45.40
VAL;2026-09-18 16:39:07.635565;;;WHEEL_POS;21.720,-45.40
VAL;2026-09-18 16:39:07.665203;;;WHEEL_POS;21.749,-45.40
VAL;2026-09-18 16:39:07.696456;;;WHEEL_POS;21.781,-45.40
VAL;2026-09-18 16:39:07.743336;;;WHEEL_POS;21.827,-45.40
VAL;2026-09-18 16:39:07.773860;;;WHEEL_POS;21.858,-45.40
VAL;2026-09-18 16:39:07.805118;;;WHEEL_POS;21.889,-45.40
VAL;2026-09-18 16:39:07.836364;;;WHEEL_POS;21.921,-45.40
VAL;2026-09-18 16:39:07.865503;;;WHEEL_POS;21.950,-45.40
VAL;2026-09-18 16:39:07.881132;;;WHEEL_POS;21.965,-45.40
VAL;2026-09-18 16:39:07.912382;;;WHEEL_POS;21.997,-45.40
VAL;2026-09-18 16:39:07.928008;;;WHEEL_POS;22.012,-45.40
VAL;2026-09-18 16:39:07.959026;;;WHEEL_POS;22.043,-45.40
VAL;2026-09-18 16:39:08.005910;;;WHEEL_POS;22.090,-45.40
VAL;2026-09-18 16:39:08.021532;;;WHEEL_POS;22.106,-45.40
VAL;2026-09-18 16:39:08.037159;;;WHEEL_POS;22.121,-45.40
VAL;2026-09-18 16:39:08.065793;;;WHEEL_POS;22.150,-45.40
VAL;2026-09-18 16:39:08.107059;;;WHEEL_POS;22.191,-45.40
VAL;2026-09-18 16:39:08.138312;;;WHEEL_POS;22.222,-45.40
VAL;2026-09-18 16:39:08.159060;;;WHEEL_POS;22.243,-45.40
VAL;2026-09-18 16:39:08.190317;;;WHEEL_POS;22.274,-45.40
VAL;2026-09-18 16:39:08.205942;;;WHEEL_POS;22.290,-45.40
VAL;2026-09-18 16:39:08.237196;;;WHEEL_POS;22.321,-45.40
VAL;2026-09-18 16:39:08.281461;;;WHEEL_POS;22.366,-45.40
VAL;2026-09-18 16:39:08.297084;;;WHEEL_POS;22.381,-45.40
VAL;2026-09-18 16:39:08.343371;;;WHEEL_POS;22.428,-45.00
VAL;2026-09-18 16:39:08.375522;;;WHEEL_POS;22.460,-44.30
VAL;2026-09-18 16:39:08.406782;;;WHEEL_POS;22.491,-43.90
VAL;2026-09-18 16:39:08.438026;;;WHEEL_POS;22.522,-43.90
VAL;2026-09-18 16:39:08.466161;;;WHEEL_POS;22.550,-43.90
VAL;2026-09-18 16:39:08.497415;;;WHEEL_POS;22.582,-43.90
VAL;2026-09-18 16:39:08.544295;;;WHEEL_POS;22.628,-43.60
VAL;2026-09-18 16:39:08.560663;;;WHEEL_POS;22.645,-43.60
VAL;2026-09-18 16:39:08.576291;;;WHEEL_POS;22.660,-43.60
VAL;2026-09-18 16:39:08.591918;;;WHEEL_POS;22.676,-43.60
VAL;2026-09-18 16:39:08.623170;;;WHEEL_POS;22.707,-43.60
VAL;2026-09-18 16:39:08.638796;;;WHEEL_POS;22.723,-43.60
VAL;2026-09-18 16:39:08.666430;;;WHEEL_POS;22.751,-43.60
VAL;2026-09-18 16:39:08.697683;;;WHEEL_POS;22.782,-43.90
VAL;2026-09-18 16:39:08.728934;;;WHEEL_POS;22.813,-43.90
VAL;2026-09-18 16:39:08.760103;;;WHEEL_POS;22.844,-43.90
VAL;2026-09-18 16:39:08.791359;;;WHEEL_POS;22.875,-43.90
VAL;2026-09-18 16:39:08.806990;;;WHEEL_POS;22.891,-43.90
VAL;2026-09-18 16:39:08.838237;;;WHEEL_POS;22.922,-43.90
VAL;2026-09-18 16:39:08.866871;;;WHEEL_POS;22.951,-43.90
VAL;2026-09-18 16:39:08.898124;;;WHEEL_POS;22.982,-43.90
VAL;2026-09-18 16:39:08.945008;;;WHEEL_POS;23.029,-43.90
VAL;2026-09-18 16:39:08.962642;;;WHEEL_POS;23.047,-43.90
VAL;2026-09-18 16:39:08.978270;;;WHEEL_POS;23.062,-43.90
VAL;2026-09-18 16:39:09.009524;;;WHEEL_POS;23.094,-43.90
VAL;2026-09-18 16:39:09.040775;;;WHEEL_POS;23.125,-43.90
VAL;2026-09-18 16:39:09.067409;;;WHEEL_POS;23.152,-43.90
VAL;2026-09-18 16:39:09.083042;;;WHEEL_POS;23.167,-43.90
VAL;2026-09-18 16:39:09.114289;;;WHEEL_POS;23.198,-43.90
VAL;2026-09-18 16:39:09.129915;;;WHEEL_POS;23.214,-44.30
VAL;2026-09-18 16:39:09.163170;;;WHEEL_POS;23.247,-44.30
VAL;2026-09-18 16:39:09.178799;;;WHEEL_POS;23.263,-44.30
VAL;2026-09-18 16:39:09.210057;;;WHEEL_POS;23.294,-44.30
VAL;2026-09-18 16:39:09.241302;;;WHEEL_POS;23.325,-44.30
VAL;2026-09-18 16:39:09.283580;;;WHEEL_POS;23.368,-44.30
VAL;2026-09-18 16:39:09.299192;;;WHEEL_POS;23.383,-44.30
VAL;2026-09-18 16:39:09.314821;;;WHEEL_POS;23.399,-44.30
VAL;2026-09-18 16:39:09.352615;;;WHEEL_POS;23.437,-44.30
VAL;2026-09-18 16:39:09.379800;;;WHEEL_POS;23.464,-43.90
VAL;2026-09-18 16:39:09.411054;;;WHEEL_POS;23.495,-43.90
VAL;2026-09-18 16:39:09.442305;;;WHEEL_POS;23.526,-43.90
VAL;2026-09-18 16:39:09.468438;;;WHEEL_POS;23.553,-43.90
VAL;2026-09-18 16:39:09.484070;;;WHEEL_POS;23.568,-43.90
VAL;2026-09-18 16:39:09.515317;;;WHEEL_POS;23.599,-43.90
VAL;2026-09-18 16:39:09.530943;;;WHEEL_POS;23.615,-43.90
VAL;2026-09-18 16:39:09.565313;;;WHEEL_POS;23.649,-43.90
VAL;2026-09-18 16:39:09.580942;;;WHEEL_POS;23.665,-43.90
VAL;2026-09-18 16:39:09.612200;;;WHEEL_POS;23.696,-43.90
VAL;2026-09-18 16:39:09.643445;;;WHEEL_POS;23.728,-43.90
VAL;2026-09-18 16:39:09.684209;;;WHEEL_POS;23.768,-43.90
VAL;2026-09-18 16:39:09.699832;;;WHEEL_POS;23.784,-43.90
VAL;2026-09-18 16:39:09.746713;;;WHEEL_POS;23.831,-43.90
VAL;2026-09-18 16:39:09.766339;;;WHEEL_POS;23.850,-43.90
VAL;2026-09-18 16:39:09.781969;;;WHEEL_POS;23.866,-43.90
VAL;2026-09-18 16:39:09.813222;;;WHEEL_POS;23.897,-43.90
VAL;2026-09-18 16:39:09.844472;;;WHEEL_POS;23.929,-43.90
VAL;2026-09-18 16:39:09.869106;;;WHEEL_POS;23.953,-43.90
VAL;2026-09-18 16:39:09.900363;;;WHEEL_POS;23.985,-43.90
VAL;2026-09-18 16:39:09.947240;;;WHEEL_POS;24.031,-43.90
VAL;2026-09-18 16:39:09.967364;;;WHEEL_POS;24.052,-43.90
VAL;2026-09-18 16:39:09.982993;;;WHEEL_POS;24.067,-43.90
VAL;2026-09-18 16:39:10.014248;;;WHEEL_POS;24.098,-43.90
EVENT;2026-09-18 16:39:10.029872;4.2334000000000005;;158;Tup
TRANSITION;2026-09-18 16:39:10.029872;4.2334000000000005;;ITI;
VAL;2026-09-18 16:39:10.045496;;;WHEEL_POS;24.130,-43.90
VAL;2026-09-18 16:39:10.069630;;;WHEEL_POS;24.154,-43.90
VAL;2026-09-18 16:39:10.100883;;;WHEEL_POS;24.185,-43.90
VAL;2026-09-18 16:39:10.132135;;;WHEEL_POS;24.216,-43.90
VAL;2026-09-18 16:39:10.167729;;;WHEEL_POS;24.252,-43.90
VAL;2026-09-18 16:39:10.183358;;;WHEEL_POS;24.267,-43.90
VAL;2026-09-18 16:39:10.198984;;;WHEEL_POS;24.283,-43.90
VAL;2026-09-18 16:39:10.230238;;;WHEEL_POS;24.314,-43.90
VAL;2026-09-18 16:39:10.269997;;;WHEEL_POS;24.354,-43.90
VAL;2026-09-18 16:39:10.301249;;;WHEEL_POS;24.385,-43.90
VAL;2026-09-18 16:39:10.316875;;;WHEEL_POS;24.401,-43.90
VAL;2026-09-18 16:39:10.354563;;;WHEEL_POS;24.439,-43.90
VAL;2026-09-18 16:39:10.383703;;;WHEEL_POS;24.468,-43.90
VAL;2026-09-18 16:39:10.414958;;;WHEEL_POS;24.499,-43.90
VAL;2026-09-18 16:39:10.446207;;;WHEEL_POS;24.530,-43.90
VAL;2026-09-18 16:39:10.470339;;;WHEEL_POS;24.554,-43.90
VAL;2026-09-18 16:39:10.485974;;;WHEEL_POS;24.570,-43.90
VAL;2026-09-18 16:39:10.517221;;;WHEEL_POS;24.601,-43.90
VAL;2026-09-18 16:39:10.532845;;;WHEEL_POS;24.617,-43.90
VAL;2026-09-18 16:39:10.567489;;;WHEEL_POS;24.652,-43.90
VAL;2026-09-18 16:39:10.598745;;;WHEEL_POS;24.683,-43.90
VAL;2026-09-18 16:39:10.630001;;;WHEEL_POS;24.714,-43.90
VAL;2026-09-18 16:39:10.686387;;;WHEEL_POS;24.771,-43.90
VAL;2026-09-18 16:39:10.702012;;;WHEEL_POS;24.786,-43.90
VAL;2026-09-18 16:39:10.748894;;;WHEEL_POS;24.833,-43.90
VAL;2026-09-18 16:39:10.769420;;;WHEEL_POS;24.854,-43.90
VAL;2026-09-18 16:39:10.785050;;;WHEEL_POS;24.869,-43.90
VAL;2026-09-18 16:39:10.816306;;;WHEEL_POS;24.900,-43.90
VAL;2026-09-18 16:39:10.847554;;;WHEEL_POS;24.932,-43.90
VAL;2026-09-18 16:39:10.886823;;;WHEEL_POS;24.971,-43.90
VAL;2026-09-18 16:39:10.902443;;;WHEEL_POS;24.987,-43.90
VAL;2026-09-18 16:39:10.918068;;;WHEEL_POS;25.002,-43.90
VAL;2026-09-18 16:39:10.955850;;;WHEEL_POS;25.040,-43.90
VAL;2026-09-18 16:39:10.986522;;;WHEEL_POS;25.071,-43.90
VAL;2026-09-18 16:39:11.002148;;;WHEEL_POS;25.086,-43.90
VAL;2026-09-18 16:39:11.017776;;;WHEEL_POS;25.102,-43.90
VAL;2026-09-18 16:39:11.049026;;;WHEEL_POS;25.133,-43.90
VAL;2026-09-18 16:39:11.071660;;;WHEEL_POS;25.156,-43.90
VAL;2026-09-18 16:39:11.102914;;;WHEEL_POS;25.187,-43.90
VAL;2026-09-18 16:39:11.134163;;;WHEEL_POS;25.218,-43.90
VAL;2026-09-18 16:39:11.176949;;;WHEEL_POS;25.261,-43.90
VAL;2026-09-18 16:39:11.223834;;;WHEEL_POS;25.308,-43.90
VAL;2026-09-18 16:39:11.239453;;;WHEEL_POS;25.324,-43.90
VAL;2026-09-18 16:39:11.256584;;;WHEEL_POS;25.341,-43.90
VAL;2026-09-18 16:39:11.272212;;;WHEEL_POS;25.356,-43.90
VAL;2026-09-18 16:39:11.303465;;;WHEEL_POS;25.388,-43.90
VAL;2026-09-18 16:39:11.319091;;;WHEEL_POS;25.403,-43.90
VAL;2026-09-18 16:39:11.356748;;;WHEEL_POS;25.441,-43.90
VAL;2026-09-18 16:39:11.392042;;;WHEEL_POS;25.476,-43.90
VAL;2026-09-18 16:39:11.407670;;;WHEEL_POS;25.492,-43.90
VAL;2026-09-18 16:39:11.438923;;;WHEEL_POS;25.523,-43.90
VAL;2026-09-18 16:39:11.472680;;;WHEEL_POS;25.557,-43.90
VAL;2026-09-18 16:39:11.503935;;;WHEEL_POS;25.588,-43.90
EVENT;2026-09-18 16:39:11.535184;5.7334000000000005;;158;Tup
END-TRIAL;2026-09-18 16:39:11.535184;;;The trial ended;
INFO;2026-09-18 16:39:11.535184;29.454631;35.188034;TRIAL-BPOD-TIME;5.733403000000003
STATE;2026-09-18 16:39:11.535184;0;1.1846;WheelDotPeriod;1.1846
STATE;2026-09-18 16:39:11.535184;1.1846;1.2334;Reward;0.048799999999999955
STATE;2026-09-18 16:39:11.535184;1.2334;4.2334000000000005;Consumption;3.0000000000000004
STATE;2026-09-18 16:39:11.535184;4.2334000000000005;5.7334000000000005;ITI;1.5
STATE;2026-09-18 16:39:11.535184;nan;nan;ErrorConsumption;nan
STATE;2026-09-18 16:39:11.535184;nan;nan;IncorrectITI;nan
STATE;2026-09-18 16:39:11.535184;nan;nan;NoResponse;nan
VAL;2026-09-18 16:39:11.535184;;;WHEEL_POS;25.619,-43.90
VAL;2026-09-18 16:39:11.623678;;;INCLUDED;True
VAL;2026-09-18 16:39:11.623678;;;CONSUMPTION_LICKED;False
VAL;2026-09-18 16:39:11.623678;;;LED_ON_TIME;19.881185054779053
VAL;2026-09-18 16:39:11.623678;;;DOT_ONSET_JITTER_S;0.18046189277976507
VAL;2026-09-18 16:39:11.623678;;;DOT_ONSET_TIME;20.061646947558817
VAL;2026-09-18 16:39:11.623678;;;THRESHOLD_CROSSING_TIME;21.065785054779052
VAL;2026-09-18 16:39:11.623678;;;DOT_DISAPPEAR_JITTER_S;0.42545054743787813
VAL;2026-09-18 16:39:11.623678;;;DOT_DISAPPEAR_TIME;21.491235602216932
VAL;2026-09-18 16:39:11.623678;;;CORRECT;True
stdout;2026-09-18 16:39:11.623678;;;Trial 3 (warmup): side=L, Reward -> reward;
stdout;2026-09-18 16:39:11.623678;;;|
|;
VAL;2026-09-18 16:39:11.857989;;;TRIAL_INIT_START;25.94212770462036
VAL;2026-09-18 16:39:11.889244;;;WHEEL_POS;25.973,-43.90
VAL;2026-09-18 16:39:11.920497;;;WHEEL_POS;26.005,-43.90
VAL;2026-09-18 16:39:11.936124;;;WHEEL_POS;26.020,-43.90
VAL;2026-09-18 16:39:11.973883;;;WHEEL_POS;26.058,-43.90
VAL;2026-09-18 16:39:12.009992;;;WHEEL_POS;26.094,-43.90
VAL;2026-09-18 16:39:12.041245;;;WHEEL_POS;26.125,-43.90
VAL;2026-09-18 16:39:12.058080;;;TRIAL_START;26.125382900238037
VAL;2026-09-18 16:39:12.058080;;;QUIESCENCE_BREAKS;0
VAL;2026-09-18 16:39:12.058080;;;TRIAL_TYPE;warmup
VAL;2026-09-18 16:39:12.241811;;;TRIAL_SIDE;R
VAL;2026-09-18 16:39:12.241811;;;CLICK_TIMES_L;
VAL;2026-09-18 16:39:12.241811;;;CLICK_TIMES_R;
VAL;2026-09-18 16:39:12.241811;;;N_CLICKS_L;0
VAL;2026-09-18 16:39:12.241811;;;N_CLICKS_R;0
VAL;2026-09-18 16:39:12.241811;;;STIM_SEED;1129677772
VAL;2026-09-18 16:39:12.241811;;;CUE_ABORT_THRESHOLD_DEG;10.0
VAL;2026-09-18 16:39:12.241811;;;RESPONSE_THRESHOLD_DEG;35.0
VAL;2026-09-18 16:39:12.241811;;;QUIESCENCE_DUR_S;0.1
VAL;2026-09-18 16:39:12.241811;;;ITI_S;1.5
VAL;2026-09-18 16:39:12.241811;;;CLICK_LEVEL_ATTENUATED;False
stdout;2026-09-18 16:39:12.241811;;;Trial 4 (warmup): side=R, n_L=0, n_R=0;
stdout;2026-09-18 16:39:12.241811;;;|
|;
VAL;2026-09-18 16:39:12.241811;;;SM_SEND_TIME;26.325949668884277
VAL;2026-09-18 16:39:12.241811;;;CUE_ONSET_TIME;26.346949668884278
TRIAL;2026-09-18 16:39:12.241811;;;New trial;
VAL;2026-09-18 16:39:12.241811;;;WHEEL_POS;26.326,0.00
VAL;2026-09-18 16:39:12.274070;;;WHEEL_POS;26.358,0.00
VAL;2026-09-18 16:39:12.305322;;;WHEEL_POS;26.389,0.00
EVENT;2026-09-18 16:39:12.305322;0.060700000000000004;;94;Port1In
EVENT;2026-09-18 16:39:12.320948;0.06860000000000001;;95;Port1Out
VAL;2026-09-18 16:39:12.320948;;;WHEEL_POS;26.405,0.00
VAL;2026-09-18 16:39:12.358448;;;WHEEL_POS;26.443,0.00
VAL;2026-09-18 16:39:12.374078;;;WHEEL_POS;26.458,0.00
VAL;2026-09-18 16:39:12.411335;;;WHEEL_POS;26.495,0.00
VAL;2026-09-18 16:39:12.442588;;;WHEEL_POS;26.527,0.00
VAL;2026-09-18 16:39:12.474344;;;WHEEL_POS;26.558,0.00
VAL;2026-09-18 16:39:12.489969;;;WHEEL_POS;26.574,0.00
VAL;2026-09-18 16:39:12.521221;;;WHEEL_POS;26.605,0.00
EVENT;2026-09-18 16:39:12.521221;0.271;;158;Tup
TRANSITION;2026-09-18 16:39:12.521221;0.271;;DelayPeriod;
VAL;2026-09-18 16:39:12.536848;;;WHEEL_POS;26.621,0.00
VAL;2026-09-18 16:39:12.574605;;;WHEEL_POS;26.659,0.00
VAL;2026-09-18 16:39:12.610867;;;WHEEL_POS;26.695,0.00
VAL;2026-09-18 16:39:12.642118;;;WHEEL_POS;26.726,0.00
VAL;2026-09-18 16:39:12.674878;;;WHEEL_POS;26.759,0.00
EVENT;2026-09-18 16:39:12.690505;0.44020000000000004;;158;Tup
TRANSITION;2026-09-18 16:39:12.690505;0.44020000000000004;;CueComplete;
EVENT;2026-09-18 16:39:12.690505;0.4403;;158;Tup
END-TRIAL;2026-09-18 16:39:12.690505;;;The trial ended;
INFO;2026-09-18 16:39:12.690505;35.906531;36.346834;TRIAL-BPOD-TIME;0.4403030000000001
STATE;2026-09-18 16:39:12.690505;0;0.271;CuePeriod;0.271
STATE;2026-09-18 16:39:12.690505;0.271;0.44020000000000004;DelayPeriod;0.16920000000000002
STATE;2026-09-18 16:39:12.690505;0.44020000000000004;0.4403;CueComplete;9.999999999998899e-05
STATE;2026-09-18 16:39:12.690505;nan;nan;WheelAbort;nan
STATE;2026-09-18 16:39:12.690505;nan;nan;AbortITI;nan
VAL;2026-09-18 16:39:12.706131;;;SM_SEND_TIME;26.790269374847412
TRIAL;2026-09-18 16:39:12.706131;;;New trial;
VAL;2026-09-18 16:39:12.706131;;;WHEEL_POS;26.790,0.00
VAL;2026-09-18 16:39:12.737384;;;WHEEL_POS;26.822,0.00
VAL;2026-09-18 16:39:12.753010;;;WHEEL_POS;26.837,0.00
VAL;2026-09-18 16:39:12.775144;;;WHEEL_POS;26.859,0.00
VAL;2026-09-18 16:39:12.812804;;;WHEEL_POS;26.897,0.00
VAL;2026-09-18 16:39:12.844062;;;WHEEL_POS;26.928,0.00
VAL;2026-09-18 16:39:12.875198;;;WHEEL_POS;26.959,0.00
VAL;2026-09-18 16:39:12.890824;;;WHEEL_POS;26.975,0.00
VAL;2026-09-18 16:39:12.922077;;;WHEEL_POS;27.006,0.00
VAL;2026-09-18 16:39:12.953327;;;WHEEL_POS;27.037,0.00
VAL;2026-09-18 16:39:12.975462;;;WHEEL_POS;27.060,0.00
VAL;2026-09-18 16:39:13.014088;;;WHEEL_POS;27.098,0.00
VAL;2026-09-18 16:39:13.045341;;;WHEEL_POS;27.129,0.00
VAL;2026-09-18 16:39:13.075476;;;WHEEL_POS;27.160,0.00
VAL;2026-09-18 16:39:13.091609;;;WHEEL_POS;27.176,0.00
VAL;2026-09-18 16:39:13.107240;;;WHEEL_POS;27.191,0.00
VAL;2026-09-18 16:39:13.138493;;;WHEEL_POS;27.223,0.00
VAL;2026-09-18 16:39:13.154116;;;WHEEL_POS;27.238,0.00
VAL;2026-09-18 16:39:13.180347;;;WHEEL_POS;27.264,0.00
VAL;2026-09-18 16:39:13.214106;;;WHEEL_POS;27.298,0.00
VAL;2026-09-18 16:39:13.245361;;;WHEEL_POS;27.329,0.00
VAL;2026-09-18 16:39:13.275998;;;WHEEL_POS;27.360,0.00
VAL;2026-09-18 16:39:13.307255;;;WHEEL_POS;27.391,0.00
VAL;2026-09-18 16:39:13.338502;;;WHEEL_POS;27.423,0.00
VAL;2026-09-18 16:39:13.375998;;;WHEEL_POS;27.460,0.00
VAL;2026-09-18 16:39:13.391621;;;WHEEL_POS;27.476,0.00
VAL;2026-09-18 16:39:13.414256;;;WHEEL_POS;27.498,0.00
VAL;2026-09-18 16:39:13.429895;;;WHEEL_POS;27.514,0.00
VAL;2026-09-18 16:39:13.476143;;;WHEEL_POS;27.560,0.00
VAL;2026-09-18 16:39:13.507398;;;WHEEL_POS;27.592,0.00
VAL;2026-09-18 16:39:13.538649;;;WHEEL_POS;27.623,0.00
VAL;2026-09-18 16:39:13.576414;;;WHEEL_POS;27.661,0.00
VAL;2026-09-18 16:39:13.615026;;;WHEEL_POS;27.699,0.00
VAL;2026-09-18 16:39:13.646283;;;WHEEL_POS;27.730,0.00
VAL;2026-09-18 16:39:13.676422;;;WHEEL_POS;27.761,0.00
VAL;2026-09-18 16:39:13.692048;;;WHEEL_POS;27.776,0.00
VAL;2026-09-18 16:39:13.723299;;;WHEEL_POS;27.807,0.00
VAL;2026-09-18 16:39:13.738925;;;WHEEL_POS;27.823,0.00
VAL;2026-09-18 16:39:13.776691;;;WHEEL_POS;27.861,0.00
VAL;2026-09-18 16:39:13.815817;;;WHEEL_POS;27.900,0.00
VAL;2026-09-18 16:39:13.847071;;;WHEEL_POS;27.931,0.00
VAL;2026-09-18 16:39:13.892334;;;WHEEL_POS;27.976,0.00
VAL;2026-09-18 16:39:13.907959;;;WHEEL_POS;27.992,0.00
VAL;2026-09-18 16:39:13.954838;;;WHEEL_POS;28.039,0.00
VAL;2026-09-18 16:39:13.976975;;;WHEEL_POS;28.061,0.00
VAL;2026-09-18 16:39:14.017730;;;WHEEL_POS;28.102,0.00
VAL;2026-09-18 16:39:14.048983;;;WHEEL_POS;28.133,0.00
VAL;2026-09-18 16:39:14.077119;;;WHEEL_POS;28.161,0.00
VAL;2026-09-18 16:39:14.108375;;;WHEEL_POS;28.193,0.00
VAL;2026-09-18 16:39:14.139623;;;WHEEL_POS;28.224,0.00
VAL;2026-09-18 16:39:14.179919;;;WHEEL_POS;28.264,0.00
VAL;2026-09-18 16:39:14.218215;;;WHEEL_POS;28.302,0.00
VAL;2026-09-18 16:39:14.233844;;;WHEEL_POS;28.318,0.00
VAL;2026-09-18 16:39:14.277613;;;WHEEL_POS;28.362,0.00
VAL;2026-09-18 16:39:14.308873;;;WHEEL_POS;28.393,0.00
VAL;2026-09-18 16:39:14.340118;;;WHEEL_POS;28.424,0.00
VAL;2026-09-18 16:39:14.362006;;;WHEEL_POS;28.446,0.00
VAL;2026-09-18 16:39:14.393261;;;WHEEL_POS;28.477,0.00
VAL;2026-09-18 16:39:14.418972;;;WHEEL_POS;28.503,0.00
VAL;2026-09-18 16:39:14.450228;;;WHEEL_POS;28.534,0.00
VAL;2026-09-18 16:39:14.477866;;;WHEEL_POS;28.562,0.00
VAL;2026-09-18 16:39:14.517636;;;WHEEL_POS;28.602,0.00
VAL;2026-09-18 16:39:14.533268;;;WHEEL_POS;28.617,0.00
VAL;2026-09-18 16:39:14.548895;;;WHEEL_POS;28.633,0.00
VAL;2026-09-18 16:39:14.593658;;;WHEEL_POS;28.678,0.00
VAL;2026-09-18 16:39:14.620777;;;WHEEL_POS;28.705,0.00
VAL;2026-09-18 16:39:14.652033;;;WHEEL_POS;28.736,0.00
VAL;2026-09-18 16:39:14.678170;;;WHEEL_POS;28.762,0.40
VAL;2026-09-18 16:39:14.709428;;;WHEEL_POS;28.794,1.40
VAL;2026-09-18 16:39:14.740675;;;WHEEL_POS;28.825,2.10
VAL;2026-09-18 16:39:14.778446;;;WHEEL_POS;28.863,3.50
EVENT;2026-09-18 16:39:14.778446;2.0724;;1;RotaryEncoder1_2
VAL;2026-09-18 16:39:14.821587;;;WHEEL_POS;28.906,6.30
VAL;2026-09-18 16:39:14.852842;;;WHEEL_POS;28.937,7.70
VAL;2026-09-18 16:39:14.878477;;;WHEEL_POS;28.963,8.40
VAL;2026-09-18 16:39:14.909732;;;WHEEL_POS;28.994,9.10
EVENT;2026-09-18 16:39:14.925356;2.213;;5;RotaryEncoder1_6
VAL;2026-09-18 16:39:14.925356;;;WHEEL_POS;29.009,9.80
VAL;2026-09-18 16:39:14.940982;;;WHEEL_POS;29.025,9.80
VAL;2026-09-18 16:39:14.978743;;;WHEEL_POS;29.063,10.20
VAL;2026-09-18 16:39:15.022359;;;WHEEL_POS;29.106,12.30
VAL;2026-09-18 16:39:15.037989;;;WHEEL_POS;29.122,13.40
VAL;2026-09-18 16:39:15.078749;;;WHEEL_POS;29.163,15.50
VAL;2026-09-18 16:39:15.110007;;;WHEEL_POS;29.194,16.50
VAL;2026-09-18 16:39:15.141253;;;WHEEL_POS;29.225,17.20
VAL;2026-09-18 16:39:15.156879;;;WHEEL_POS;29.241,17.90
VAL;2026-09-18 16:39:15.186823;;;WHEEL_POS;29.271,19.00
VAL;2026-09-18 16:39:15.222583;;;WHEEL_POS;29.307,20.40
VAL;2026-09-18 16:39:15.238211;;;WHEEL_POS;29.322,21.10
VAL;2026-09-18 16:39:15.278972;;;WHEEL_POS;29.363,22.50
VAL;2026-09-18 16:39:15.310224;;;WHEEL_POS;29.394,23.20
VAL;2026-09-18 16:39:15.341476;;;WHEEL_POS;29.426,24.30
VAL;2026-09-18 16:39:15.363452;;;WHEEL_POS;29.448,25.30
VAL;2026-09-18 16:39:15.394708;;;WHEEL_POS;29.479,26.40
VAL;2026-09-18 16:39:15.454098;;;WHEEL_POS;29.538,28.50
VAL;2026-09-18 16:39:15.494865;;;WHEEL_POS;29.579,29.50
VAL;2026-09-18 16:39:15.510489;;;WHEEL_POS;29.595,30.20
VAL;2026-09-18 16:39:15.526115;;;WHEEL_POS;29.610,30.20
VAL;2026-09-18 16:39:15.563888;;;WHEEL_POS;29.648,31.30
VAL;2026-09-18 16:39:15.579520;;;WHEEL_POS;29.664,31.60
VAL;2026-09-18 16:39:15.595145;;;WHEEL_POS;29.679,32.30
VAL;2026-09-18 16:39:15.639274;;;WHEEL_POS;29.723,33.40
VAL;2026-09-18 16:39:15.654893;;;WHEEL_POS;29.739,34.10
VAL;2026-09-18 16:39:15.679530;;;WHEEL_POS;29.764,34.50
EVENT;2026-09-18 16:39:15.695160;2.9877000000000002;;3;RotaryEncoder1_4
TRANSITION;2026-09-18 16:39:15.695160;2.9877000000000002;;Reward;
VAL;2026-09-18 16:39:15.710787;;;WHEEL_POS;29.795,35.50
EVENT;2026-09-18 16:39:15.742034;3.0365;;158;Tup
TRANSITION;2026-09-18 16:39:15.742034;3.0365;;Consumption;
VAL;2026-09-18 16:39:15.742034;;;WHEEL_POS;29.826,37.30
VAL;2026-09-18 16:39:15.779795;;;WHEEL_POS;29.864,39.00
VAL;2026-09-18 16:39:15.824408;;;WHEEL_POS;29.909,41.10
VAL;2026-09-18 16:39:15.840035;;;WHEEL_POS;29.924,41.50
VAL;2026-09-18 16:39:15.879797;;;WHEEL_POS;29.964,41.80
VAL;2026-09-18 16:39:15.911050;;;WHEEL_POS;29.995,41.80
VAL;2026-09-18 16:39:15.942301;;;WHEEL_POS;30.026,41.50
VAL;2026-09-18 16:39:15.957927;;;WHEEL_POS;30.042,41.50
VAL;2026-09-18 16:39:15.980061;;;WHEEL_POS;30.064,41.50
VAL;2026-09-18 16:39:16.025157;;;WHEEL_POS;30.109,41.50
VAL;2026-09-18 16:39:16.056411;;;WHEEL_POS;30.141,41.50
VAL;2026-09-18 16:39:16.080048;;;WHEEL_POS;30.164,41.50
VAL;2026-09-18 16:39:16.111302;;;WHEEL_POS;30.195,41.80
VAL;2026-09-18 16:39:16.142554;;;WHEEL_POS;30.227,41.80
VAL;2026-09-18 16:39:16.174693;;;WHEEL_POS;30.259,41.80
VAL;2026-09-18 16:39:16.209989;;;WHEEL_POS;30.294,41.80
VAL;2026-09-18 16:39:16.225617;;;WHEEL_POS;30.310,41.80
VAL;2026-09-18 16:39:16.256869;;;WHEEL_POS;30.341,41.80
VAL;2026-09-18 16:39:16.280505;;;WHEEL_POS;30.365,41.80
VAL;2026-09-18 16:39:16.296131;;;WHEEL_POS;30.380,41.80
VAL;2026-09-18 16:39:16.327383;;;WHEEL_POS;30.412,41.80
VAL;2026-09-18 16:39:16.344847;;;WHEEL_POS;30.429,41.80
VAL;2026-09-18 16:39:16.364891;;;WHEEL_POS;30.449,41.80
VAL;2026-09-18 16:39:16.396148;;;WHEEL_POS;30.480,41.80
VAL;2026-09-18 16:39:16.425781;;;WHEEL_POS;30.510,41.80
VAL;2026-09-18 16:39:16.457035;;;WHEEL_POS;30.541,41.80
VAL;2026-09-18 16:39:16.480673;;;WHEEL_POS;30.565,41.80
VAL;2026-09-18 16:39:16.511929;;;WHEEL_POS;30.596,41.80
VAL;2026-09-18 16:39:16.543178;;;WHEEL_POS;30.627,41.80
VAL;2026-09-18 16:39:16.580941;;;WHEEL_POS;30.665,41.80
VAL;2026-09-18 16:39:16.626596;;;WHEEL_POS;30.711,41.80
VAL;2026-09-18 16:39:16.657848;;;WHEEL_POS;30.742,41.80
VAL;2026-09-18 16:39:16.696617;;;WHEEL_POS;30.781,41.80
VAL;2026-09-18 16:39:16.727861;;;WHEEL_POS;30.812,41.80
VAL;2026-09-18 16:39:16.765631;;;WHEEL_POS;30.850,41.80
VAL;2026-09-18 16:39:16.781262;;;WHEEL_POS;30.865,41.80
VAL;2026-09-18 16:39:16.843012;;;WHEEL_POS;30.927,41.80
VAL;2026-09-18 16:39:16.858636;;;WHEEL_POS;30.943,41.80
VAL;2026-09-18 16:39:16.881271;;;WHEEL_POS;30.965,41.80
VAL;2026-09-18 16:39:16.896899;;;WHEEL_POS;30.981,41.80
VAL;2026-09-18 16:39:16.928149;;;WHEEL_POS;31.012,41.80
VAL;2026-09-18 16:39:16.965913;;;WHEEL_POS;31.050,41.80
VAL;2026-09-18 16:39:16.981546;;;WHEEL_POS;31.066,41.80
VAL;2026-09-18 16:39:16.997171;;;WHEEL_POS;31.081,41.80
VAL;2026-09-18 16:39:17.028134;;;WHEEL_POS;31.112,41.80
VAL;2026-09-18 16:39:17.059383;;;WHEEL_POS;31.144,41.80
VAL;2026-09-18 16:39:17.081519;;;WHEEL_POS;31.166,41.80
VAL;2026-09-18 16:39:17.112771;;;WHEEL_POS;31.197,41.80
VAL;2026-09-18 16:39:17.144023;;;WHEEL_POS;31.228,41.80
VAL;2026-09-18 16:39:17.176677;;;WHEEL_POS;31.261,41.80
VAL;2026-09-18 16:39:17.213481;;;WHEEL_POS;31.298,41.80
VAL;2026-09-18 16:39:17.244735;;;WHEEL_POS;31.329,41.80
VAL;2026-09-18 16:39:17.297623;;;WHEEL_POS;31.382,41.80
VAL;2026-09-18 16:39:17.313248;;;WHEEL_POS;31.397,41.80
VAL;2026-09-18 16:39:17.352024;;;WHEEL_POS;31.436,41.80
VAL;2026-09-18 16:39:17.382160;;;WHEEL_POS;31.466,41.80
VAL;2026-09-18 16:39:17.414415;;;WHEEL_POS;31.499,41.80
VAL;2026-09-18 16:39:17.430049;;;WHEEL_POS;31.514,41.80
EVENT;2026-09-18 16:39:17.445673;4.742900000000001;;94;Port1In
TRANSITION;2026-09-18 16:39:17.445673;4.742900000000001;;ITI;
EVENT;2026-09-18 16:39:17.445673;4.743;;95;Port1Out
EVENT;2026-09-18 16:39:17.445673;4.7431;;94;Port1In
EVENT;2026-09-18 16:39:17.445673;4.7433000000000005;;95;Port1Out
EVENT;2026-09-18 16:39:17.445673;4.7434;;94;Port1In
VAL;2026-09-18 16:39:17.466803;;;WHEEL_POS;31.551,41.80
VAL;2026-09-18 16:39:17.482433;;;WHEEL_POS;31.567,41.80
VAL;2026-09-18 16:39:17.498064;;;WHEEL_POS;31.582,41.80
VAL;2026-09-18 16:39:17.529311;;;WHEEL_POS;31.613,41.80
EVENT;2026-09-18 16:39:17.529311;4.8185;;95;Port1Out
EVENT;2026-09-18 16:39:17.529311;4.818700000000001;;94;Port1In
EVENT;2026-09-18 16:39:17.529311;4.8192;;95;Port1Out
EVENT;2026-09-18 16:39:17.529311;4.8223;;94;Port1In
EVENT;2026-09-18 16:39:17.529311;4.8224;;95;Port1Out
EVENT;2026-09-18 16:39:17.529311;4.823;;94;Port1In
EVENT;2026-09-18 16:39:17.529311;4.8235;;95;Port1Out
EVENT;2026-09-18 16:39:17.529311;4.8256000000000006;;94;Port1In
EVENT;2026-09-18 16:39:17.529311;4.8278;;95;Port1Out
VAL;2026-09-18 16:39:17.544937;;;WHEEL_POS;31.629,41.80
VAL;2026-09-18 16:39:17.582705;;;WHEEL_POS;31.667,41.80
VAL;2026-09-18 16:39:17.615266;;;WHEEL_POS;31.699,41.80
VAL;2026-09-18 16:39:17.646520;;;WHEEL_POS;31.731,41.80
VAL;2026-09-18 16:39:17.698409;;;WHEEL_POS;31.783,41.80
VAL;2026-09-18 16:39:17.714032;;;WHEEL_POS;31.798,41.80
VAL;2026-09-18 16:39:17.760913;;;WHEEL_POS;31.845,41.80
VAL;2026-09-18 16:39:17.783054;;;WHEEL_POS;31.867,41.80
VAL;2026-09-18 16:39:17.815684;;;WHEEL_POS;31.900,41.80
VAL;2026-09-18 16:39:17.831316;;;WHEEL_POS;31.915,41.80
VAL;2026-09-18 16:39:17.867570;;;WHEEL_POS;31.952,41.80
VAL;2026-09-18 16:39:17.883200;;;WHEEL_POS;31.967,41.80
VAL;2026-09-18 16:39:17.914452;;;WHEEL_POS;31.999,41.80
VAL;2026-09-18 16:39:17.930079;;;WHEEL_POS;32.014,41.80
VAL;2026-09-18 16:39:17.967844;;;WHEEL_POS;32.052,41.80
VAL;2026-09-18 16:39:17.983473;;;WHEEL_POS;32.068,41.80
VAL;2026-09-18 16:39:17.999100;;;WHEEL_POS;32.083,41.80
VAL;2026-09-18 16:39:18.031756;;;WHEEL_POS;32.116,41.80
VAL;2026-09-18 16:39:18.068013;;;WHEEL_POS;32.152,41.80
VAL;2026-09-18 16:39:18.083641;;;WHEEL_POS;32.168,41.80
VAL;2026-09-18 16:39:18.107283;;;WHEEL_POS;32.191,41.80
VAL;2026-09-18 16:39:18.138529;;;WHEEL_POS;32.223,41.80
VAL;2026-09-18 16:39:18.154154;;;WHEEL_POS;32.238,41.80
VAL;2026-09-18 16:39:18.192827;;;WHEEL_POS;32.277,41.80
VAL;2026-09-18 16:39:18.248259;;;WHEEL_POS;32.332,41.80
VAL;2026-09-18 16:39:18.268390;;;WHEEL_POS;32.353,41.80
VAL;2026-09-18 16:39:18.284020;;;WHEEL_POS;32.368,41.80
VAL;2026-09-18 16:39:18.315272;;;WHEEL_POS;32.399,41.80
VAL;2026-09-18 16:39:18.330898;;;WHEEL_POS;32.415,41.80
VAL;2026-09-18 16:39:18.368666;;;WHEEL_POS;32.453,41.80
VAL;2026-09-18 16:39:18.399922;;;WHEEL_POS;32.484,41.80
VAL;2026-09-18 16:39:18.433679;;;WHEEL_POS;32.518,41.80
VAL;2026-09-18 16:39:18.468939;;;WHEEL_POS;32.553,41.80
VAL;2026-09-18 16:39:18.484569;;;WHEEL_POS;32.569,41.80
VAL;2026-09-18 16:39:18.500202;;;WHEEL_POS;32.584,41.80
VAL;2026-09-18 16:39:18.533468;;;WHEEL_POS;32.618,41.80
VAL;2026-09-18 16:39:18.549092;;;WHEEL_POS;32.633,41.80
VAL;2026-09-18 16:39:18.584856;;;WHEEL_POS;32.669,41.80
VAL;2026-09-18 16:39:18.618615;;;WHEEL_POS;32.703,41.80
VAL;2026-09-18 16:39:18.649871;;;WHEEL_POS;32.734,41.80
VAL;2026-09-18 16:39:18.669500;;;WHEEL_POS;32.754,41.80
VAL;2026-09-18 16:39:18.685128;;;WHEEL_POS;32.769,41.80
VAL;2026-09-18 16:39:18.716381;;;WHEEL_POS;32.801,41.80
VAL;2026-09-18 16:39:18.747634;;;WHEEL_POS;32.832,41.80
VAL;2026-09-18 16:39:18.785403;;;WHEEL_POS;32.870,41.80
VAL;2026-09-18 16:39:18.801029;;;WHEEL_POS;32.885,41.80
VAL;2026-09-18 16:39:18.834632;;;WHEEL_POS;32.919,41.80
VAL;2026-09-18 16:39:18.869887;;;WHEEL_POS;32.954,41.80
VAL;2026-09-18 16:39:18.885516;;;WHEEL_POS;32.970,41.80
VAL;2026-09-18 16:39:18.901145;;;WHEEL_POS;32.985,41.80
VAL;2026-09-18 16:39:18.932395;;;WHEEL_POS;33.017,41.80
VAL;2026-09-18 16:39:18.948021;;;WHEEL_POS;33.032,41.80
EVENT;2026-09-18 16:39:18.948021;6.242900000000001;;158;Tup
END-TRIAL;2026-09-18 16:39:18.948021;;;The trial ended;
INFO;2026-09-18 16:39:18.948021;36.363531;42.606434;TRIAL-BPOD-TIME;6.242902999999998
STATE;2026-09-18 16:39:18.948021;0;2.9877000000000002;WheelDotPeriod;2.9877000000000002
STATE;2026-09-18 16:39:18.948021;2.9877000000000002;3.0365;Reward;0.048799999999999955
STATE;2026-09-18 16:39:18.948021;3.0365;4.742900000000001;Consumption;1.7064000000000004
STATE;2026-09-18 16:39:18.948021;4.742900000000001;6.242900000000001;ITI;1.5
STATE;2026-09-18 16:39:18.948021;nan;nan;ErrorConsumption;nan
STATE;2026-09-18 16:39:18.948021;nan;nan;IncorrectITI;nan
STATE;2026-09-18 16:39:18.948021;nan;nan;NoResponse;nan
VAL;2026-09-18 16:39:19.050783;;;INCLUDED;True
VAL;2026-09-18 16:39:19.050783;;;CONSUMPTION_LICKED;True
VAL;2026-09-18 16:39:19.050783;;;LED_ON_TIME;26.790269374847412
VAL;2026-09-18 16:39:19.050783;;;DOT_ONSET_JITTER_S;0.1019612677598062
VAL;2026-09-18 16:39:19.050783;;;DOT_ONSET_TIME;26.892230642607217
VAL;2026-09-18 16:39:19.050783;;;THRESHOLD_CROSSING_TIME;29.777969374847412
VAL;2026-09-18 16:39:19.050783;;;DOT_DISAPPEAR_JITTER_S;0.423105716072293
VAL;2026-09-18 16:39:19.050783;;;DOT_DISAPPEAR_TIME;30.201075090919705
VAL;2026-09-18 16:39:19.050783;;;CORRECT;True
stdout;2026-09-18 16:39:19.050783;;;Trial 4 (warmup): side=R, Reward -> reward;
stdout;2026-09-18 16:39:19.050783;;;|
|;
VAL;2026-09-18 16:39:19.294372;;;TRIAL_INIT_START;33.37851047515869
VAL;2026-09-18 16:39:19.325624;;;WHEEL_POS;33.410,41.80
VAL;2026-09-18 16:39:19.371235;;;WHEEL_POS;33.455,41.80
VAL;2026-09-18 16:39:19.386863;;;WHEEL_POS;33.471,41.80
VAL;2026-09-18 16:39:19.422005;;;WHEEL_POS;33.506,41.80
VAL;2026-09-18 16:39:19.437637;;;WHEEL_POS;33.522,41.80
VAL;2026-09-18 16:39:19.471398;;;WHEEL_POS;33.556,41.80
VAL;2026-09-18 16:39:19.487028;;;TRIAL_START;33.5555362701416
VAL;2026-09-18 16:39:19.487028;;;QUIESCENCE_BREAKS;0
VAL;2026-09-18 16:39:19.487028;;;TRIAL_TYPE;warmup
VAL;2026-09-18 16:39:19.623000;;;TRIAL_SIDE;L
VAL;2026-09-18 16:39:19.623000;;;CLICK_TIMES_L;0.0884,0.1812,0.2265
VAL;2026-09-18 16:39:19.623000;;;CLICK_TIMES_R;
VAL;2026-09-18 16:39:19.623000;;;N_CLICKS_L;3
VAL;2026-09-18 16:39:19.623000;;;N_CLICKS_R;0
VAL;2026-09-18 16:39:19.623000;;;STIM_SEED;455913866
VAL;2026-09-18 16:39:19.623000;;;CUE_ABORT_THRESHOLD_DEG;10.0
VAL;2026-09-18 16:39:19.623000;;;RESPONSE_THRESHOLD_DEG;35.0
VAL;2026-09-18 16:39:19.623000;;;QUIESCENCE_DUR_S;0.1
VAL;2026-09-18 16:39:19.623000;;;ITI_S;1.5
VAL;2026-09-18 16:39:19.623000;;;CLICK_LEVEL_ATTENUATED;False
stdout;2026-09-18 16:39:19.623000;;;Trial 5 (warmup): side=L, n_L=3, n_R=0;
stdout;2026-09-18 16:39:19.623000;;;|
|;
VAL;2026-09-18 16:39:19.623000;;;SM_SEND_TIME;33.70713829994202
VAL;2026-09-18 16:39:19.623000;;;CUE_ONSET_TIME;33.72813829994202
TRIAL;2026-09-18 16:39:19.638628;;;New trial;
VAL;2026-09-18 16:39:19.638628;;;WHEEL_POS;33.723,0.00
VAL;2026-09-18 16:39:19.654253;;;WHEEL_POS;33.738,0.00
VAL;2026-09-18 16:39:19.687511;;;WHEEL_POS;33.772,0.00
VAL;2026-09-18 16:39:19.703138;;;WHEEL_POS;33.787,0.00
VAL;2026-09-18 16:39:19.734391;;;WHEEL_POS;33.819,0.00
VAL;2026-09-18 16:39:19.750016;;;WHEEL_POS;33.834,0.00
VAL;2026-09-18 16:39:19.787776;;;WHEEL_POS;33.872,0.00
VAL;2026-09-18 16:39:19.823869;;;WHEEL_POS;33.908,0.00
VAL;2026-09-18 16:39:19.839497;;;WHEEL_POS;33.924,0.00
VAL;2026-09-18 16:39:19.855123;;;WHEEL_POS;33.939,0.00
VAL;2026-09-18 16:39:19.887880;;;WHEEL_POS;33.972,0.00
EVENT;2026-09-18 16:39:19.903506;0.271;;158;Tup
TRANSITION;2026-09-18 16:39:19.903506;0.271;;DelayPeriod;
VAL;2026-09-18 16:39:19.919132;;;WHEEL_POS;34.003,0.00
VAL;2026-09-18 16:39:19.950385;;;WHEEL_POS;34.035,0.00
VAL;2026-09-18 16:39:19.988145;;;WHEEL_POS;34.072,0.00
VAL;2026-09-18 16:39:20.024229;;;WHEEL_POS;34.108,0.00
VAL;2026-09-18 16:39:20.039858;;;WHEEL_POS;34.124,0.00
EVENT;2026-09-18 16:39:20.055482;0.41950000000000004;;158;Tup
TRANSITION;2026-09-18 16:39:20.055482;0.41950000000000004;;CueComplete;
EVENT;2026-09-18 16:39:20.055482;0.41960000000000003;;158;Tup
END-TRIAL;2026-09-18 16:39:20.055482;;;The trial ended;
INFO;2026-09-18 16:39:20.055482;43.294431;43.714034;TRIAL-BPOD-TIME;0.41960299999999506
STATE;2026-09-18 16:39:20.055482;0;0.271;CuePeriod;0.271
STATE;2026-09-18 16:39:20.055482;0.271;0.41950000000000004;DelayPeriod;0.14850000000000002
STATE;2026-09-18 16:39:20.055482;0.41950000000000004;0.41960000000000003;CueComplete;9.999999999998899e-05
STATE;2026-09-18 16:39:20.055482;nan;nan;WheelAbort;nan
STATE;2026-09-18 16:39:20.055482;nan;nan;AbortITI;nan
VAL;2026-09-18 16:39:20.071110;;;SM_SEND_TIME;34.155248403549194
TRIAL;2026-09-18 16:39:20.072614;;;New trial;
VAL;2026-09-18 16:39:20.072614;;;WHEEL_POS;34.157,0.00
VAL;2026-09-18 16:39:20.103870;;;WHEEL_POS;34.188,0.00
VAL;2026-09-18 16:39:20.135121;;;WHEEL_POS;34.219,0.00
VAL;2026-09-18 16:39:20.166374;;;WHEEL_POS;34.251,0.00
VAL;2026-09-18 16:39:20.196477;;;WHEEL_POS;34.281,0.00
VAL;2026-09-18 16:39:20.212103;;;WHEEL_POS;34.296,0.00
VAL;2026-09-18 16:39:20.240239;;;WHEEL_POS;34.324,0.00
VAL;2026-09-18 16:39:20.272999;;;WHEEL_POS;34.357,0.00
VAL;2026-09-18 16:39:20.304254;;;WHEEL_POS;34.388,0.00
VAL;2026-09-18 16:39:20.319883;;;WHEEL_POS;34.404,0.00
VAL;2026-09-18 16:39:20.354367;;;WHEEL_POS;34.439,0.00
VAL;2026-09-18 16:39:20.388632;;;WHEEL_POS;34.473,0.00
VAL;2026-09-18 16:39:20.424986;;;WHEEL_POS;34.509,0.00
VAL;2026-09-18 16:39:20.440615;;;WHEEL_POS;34.525,0.00
VAL;2026-09-18 16:39:20.472901;;;WHEEL_POS;34.557,0.00
VAL;2026-09-18 16:39:20.504159;;;WHEEL_POS;34.588,0.00
VAL;2026-09-18 16:39:20.535419;;;WHEEL_POS;34.620,0.00
VAL;2026-09-18 16:39:20.566663;;;WHEEL_POS;34.651,0.00
VAL;2026-09-18 16:39:20.604426;;;WHEEL_POS;34.689,0.00
VAL;2026-09-18 16:39:20.625415;;;WHEEL_POS;34.710,0.00
VAL;2026-09-18 16:39:20.641042;;;WHEEL_POS;34.725,0.00
VAL;2026-09-18 16:39:20.673301;;;WHEEL_POS;34.757,0.00
VAL;2026-09-18 16:39:20.688929;;;WHEEL_POS;34.773,0.00
VAL;2026-09-18 16:39:20.720186;;;WHEEL_POS;34.804,0.70
VAL;2026-09-18 16:39:20.751434;;;WHEEL_POS;34.836,1.80
VAL;2026-09-18 16:39:20.767060;;;WHEEL_POS;34.851,2.50
VAL;2026-09-18 16:39:20.789200;;;WHEEL_POS;34.873,2.80
EVENT;2026-09-18 16:39:20.804822;0.7309;;1;RotaryEncoder1_2
VAL;2026-09-18 16:39:20.824786;;;WHEEL_POS;34.909,4.90
VAL;2026-09-18 16:39:20.857046;;;WHEEL_POS;34.941,7.40
VAL;2026-09-18 16:39:20.873672;;;WHEEL_POS;34.958,9.50
EVENT;2026-09-18 16:39:20.873672;0.8031;;5;RotaryEncoder1_6
VAL;2026-09-18 16:39:20.889301;;;WHEEL_POS;34.973,10.50
VAL;2026-09-18 16:39:20.920557;;;WHEEL_POS;35.005,11.60
VAL;2026-09-18 16:39:20.936179;;;WHEEL_POS;35.020,13.00
VAL;2026-09-18 16:39:20.967430;;;WHEEL_POS;35.052,14.80
VAL;2026-09-18 16:39:20.989565;;;WHEEL_POS;35.074,15.50
VAL;2026-09-18 16:39:21.026661;;;WHEEL_POS;35.111,16.20
VAL;2026-09-18 16:39:21.042289;;;WHEEL_POS;35.126,16.90
VAL;2026-09-18 16:39:21.057919;;;WHEEL_POS;35.142,17.20
VAL;2026-09-18 16:39:21.089677;;;WHEEL_POS;35.174,19.30
VAL;2026-09-18 16:39:21.120931;;;WHEEL_POS;35.205,20.70
VAL;2026-09-18 16:39:21.152181;;;WHEEL_POS;35.236,21.10
VAL;2026-09-18 16:39:21.167808;;;WHEEL_POS;35.252,21.10
VAL;2026-09-18 16:39:21.198396;;;WHEEL_POS;35.283,21.10
VAL;2026-09-18 16:39:21.242706;;;WHEEL_POS;35.327,20.70
VAL;2026-09-18 16:39:21.274461;;;WHEEL_POS;35.359,20.70
VAL;2026-09-18 16:39:21.290089;;;WHEEL_POS;35.374,20.70
VAL;2026-09-18 16:39:21.321346;;;WHEEL_POS;35.405,21.80
VAL;2026-09-18 16:39:21.355981;;;WHEEL_POS;35.440,22.50
VAL;2026-09-18 16:39:21.374614;;;WHEEL_POS;35.459,23.20
VAL;2026-09-18 16:39:21.405869;;;WHEEL_POS;35.490,24.30
VAL;2026-09-18 16:39:21.443668;;;WHEEL_POS;35.528,25.30
VAL;2026-09-18 16:39:21.474801;;;WHEEL_POS;35.559,26.00
VAL;2026-09-18 16:39:21.506059;;;WHEEL_POS;35.590,27.10
VAL;2026-09-18 16:39:21.537310;;;WHEEL_POS;35.621,28.10
VAL;2026-09-18 16:39:21.575072;;;WHEEL_POS;35.659,29.90
VAL;2026-09-18 16:39:21.606331;;;WHEEL_POS;35.690,31.30
VAL;2026-09-18 16:39:21.627462;;;WHEEL_POS;35.712,31.60
VAL;2026-09-18 16:39:21.644554;;;WHEEL_POS;35.729,32.00
VAL;2026-09-18 16:39:21.660183;;;WHEEL_POS;35.744,32.00
VAL;2026-09-18 16:39:21.690820;;;WHEEL_POS;35.775,32.30
VAL;2026-09-18 16:39:21.722077;;;WHEEL_POS;35.806,33.00
VAL;2026-09-18 16:39:21.753324;;;WHEEL_POS;35.837,34.50
EVENT;2026-09-18 16:39:21.775458;1.6989;;3;RotaryEncoder1_4
TRANSITION;2026-09-18 16:39:21.775458;1.6989;;ErrorConsumption;
VAL;2026-09-18 16:39:21.775458;;;WHEEL_POS;35.860,35.20
VAL;2026-09-18 16:39:21.806715;;;WHEEL_POS;35.891,35.50
VAL;2026-09-18 16:39:21.845528;;;WHEEL_POS;35.930,35.90
VAL;2026-09-18 16:39:21.891290;;;WHEEL_POS;35.975,36.20
VAL;2026-09-18 16:39:21.906922;;;WHEEL_POS;35.991,36.60
VAL;2026-09-18 16:39:21.938169;;;WHEEL_POS;36.022,37.30
VAL;2026-09-18 16:39:21.969421;;;WHEEL_POS;36.054,37.60
VAL;2026-09-18 16:39:21.991555;;;WHEEL_POS;36.076,37.60
VAL;2026-09-18 16:39:22.022807;;;WHEEL_POS;36.107,37.60
VAL;2026-09-18 16:39:22.046308;;;WHEEL_POS;36.130,38.30
VAL;2026-09-18 16:39:22.091569;;;WHEEL_POS;36.176,40.10
VAL;2026-09-18 16:39:22.122819;;;WHEEL_POS;36.207,40.80
VAL;2026-09-18 16:39:22.154072;;;WHEEL_POS;36.238,41.50
VAL;2026-09-18 16:39:22.199844;;;WHEEL_POS;36.284,42.20
VAL;2026-09-18 16:39:22.231014;;;WHEEL_POS;36.315,41.80
VAL;2026-09-18 16:39:22.262268;;;WHEEL_POS;36.346,41.80
EVENT;2026-09-18 16:39:22.276274;2.1989;;158;Tup
TRANSITION;2026-09-18 16:39:22.276274;2.1989;;IncorrectITI;
VAL;2026-09-18 16:39:22.291904;;;WHEEL_POS;36.376,42.20
VAL;2026-09-18 16:39:22.323160;;;WHEEL_POS;36.407,42.20
VAL;2026-09-18 16:39:22.355413;;;WHEEL_POS;36.440,42.20
VAL;2026-09-18 16:39:22.376562;;;WHEEL_POS;36.461,42.20
VAL;2026-09-18 16:39:22.392196;;;WHEEL_POS;36.476,42.20
VAL;2026-09-18 16:39:22.407821;;;WHEEL_POS;36.492,42.20
VAL;2026-09-18 16:39:22.447087;;;WHEEL_POS;36.531,42.20
VAL;2026-09-18 16:39:22.507981;;;WHEEL_POS;36.592,42.20
VAL;2026-09-18 16:39:22.534130;;;WHEEL_POS;36.618,42.20
VAL;2026-09-18 16:39:22.565385;;;WHEEL_POS;36.650,42.20
VAL;2026-09-18 16:39:22.592521;;;WHEEL_POS;36.677,42.20
VAL;2026-09-18 16:39:22.608146;;;WHEEL_POS;36.692,42.20
VAL;2026-09-18 16:39:22.648338;;;WHEEL_POS;36.732,42.20
VAL;2026-09-18 16:39:22.663963;;;WHEEL_POS;36.748,42.20
VAL;2026-09-18 16:39:22.708225;;;WHEEL_POS;36.792,42.20
VAL;2026-09-18 16:39:22.723850;;;WHEEL_POS;36.808,42.20
VAL;2026-09-18 16:39:22.755102;;;WHEEL_POS;36.839,42.20
VAL;2026-09-18 16:39:22.792871;;;WHEEL_POS;36.877,42.20
VAL;2026-09-18 16:39:22.834133;;;WHEEL_POS;36.918,42.20
VAL;2026-09-18 16:39:22.865387;;;WHEEL_POS;36.950,42.20
VAL;2026-09-18 16:39:22.893022;;;WHEEL_POS;36.977,42.20
VAL;2026-09-18 16:39:22.924274;;;WHEEL_POS;37.008,42.20
VAL;2026-09-18 16:39:22.939900;;;WHEEL_POS;37.024,42.20
VAL;2026-09-18 16:39:22.977672;;;WHEEL_POS;37.062,42.20
VAL;2026-09-18 16:39:22.993304;;;WHEEL_POS;37.077,42.20
VAL;2026-09-18 16:39:23.008930;;;WHEEL_POS;37.093,42.20
VAL;2026-09-18 16:39:23.051436;;;WHEEL_POS;37.136,42.20
VAL;2026-09-18 16:39:23.106716;;;WHEEL_POS;37.191,42.20
VAL;2026-09-18 16:39:23.122340;;;WHEEL_POS;37.206,42.20
VAL;2026-09-18 16:39:23.169220;;;WHEEL_POS;37.253,42.20
VAL;2026-09-18 16:39:23.185746;;;WHEEL_POS;37.270,42.20
VAL;2026-09-18 16:39:23.201375;;;WHEEL_POS;37.286,42.20
VAL;2026-09-18 16:39:23.217001;;;WHEEL_POS;37.301,42.20
VAL;2026-09-18 16:39:23.251777;;;WHEEL_POS;37.336,42.20
VAL;2026-09-18 16:39:23.309159;;;WHEEL_POS;37.393,42.20
VAL;2026-09-18 16:39:23.324784;;;WHEEL_POS;37.409,42.20
VAL;2026-09-18 16:39:23.357926;;;WHEEL_POS;37.442,42.20
VAL;2026-09-18 16:39:23.393688;;;WHEEL_POS;37.478,42.20
VAL;2026-09-18 16:39:23.436148;;;WHEEL_POS;37.520,42.20
VAL;2026-09-18 16:39:23.452780;;;WHEEL_POS;37.537,42.20
VAL;2026-09-18 16:39:23.509169;;;WHEEL_POS;37.593,42.20
VAL;2026-09-18 16:39:23.524793;;;WHEEL_POS;37.609,42.20
VAL;2026-09-18 16:39:23.571673;;;WHEEL_POS;37.656,42.20
VAL;2026-09-18 16:39:23.593815;;;WHEEL_POS;37.678,42.20
VAL;2026-09-18 16:39:23.638425;;;WHEEL_POS;37.723,42.20
VAL;2026-09-18 16:39:23.654054;;;WHEEL_POS;37.738,42.20
VAL;2026-09-18 16:39:23.709442;;;WHEEL_POS;37.794,42.20
VAL;2026-09-18 16:39:23.725064;;;WHEEL_POS;37.809,42.20
VAL;2026-09-18 16:39:23.756317;;;WHEEL_POS;37.840,42.20
VAL;2026-09-18 16:39:23.794084;;;WHEEL_POS;37.878,42.20
VAL;2026-09-18 16:39:23.825336;;;WHEEL_POS;37.909,42.20
VAL;2026-09-18 16:39:23.855485;;;WHEEL_POS;37.940,42.20
VAL;2026-09-18 16:39:23.909873;;;WHEEL_POS;37.994,42.20
VAL;2026-09-18 16:39:23.925497;;;WHEEL_POS;38.010,42.20
VAL;2026-09-18 16:39:23.941122;;;WHEEL_POS;38.025,42.20
VAL;2026-09-18 16:39:23.978892;;;WHEEL_POS;38.063,42.20
VAL;2026-09-18 16:39:23.994522;;;WHEEL_POS;38.079,42.20
VAL;2026-09-18 16:39:24.039283;;;WHEEL_POS;38.123,42.20
VAL;2026-09-18 16:39:24.054913;;;WHEEL_POS;38.139,42.20
VAL;2026-09-18 16:39:24.094387;;;WHEEL_POS;38.179,42.20
VAL;2026-09-18 16:39:24.110010;;;WHEEL_POS;38.194,42.20
VAL;2026-09-18 16:39:24.156889;;;WHEEL_POS;38.241,42.20
VAL;2026-09-18 16:39:24.172514;;;WHEEL_POS;38.257,42.20
VAL;2026-09-18 16:39:24.202974;;;WHEEL_POS;38.287,42.20
VAL;2026-09-18 16:39:24.234227;;;WHEEL_POS;38.318,42.20
VAL;2026-09-18 16:39:24.269028;;;WHEEL_POS;38.353,42.20
VAL;2026-09-18 16:39:24.294660;;;WHEEL_POS;38.379,42.20
VAL;2026-09-18 16:39:24.325913;;;WHEEL_POS;38.410,42.20
VAL;2026-09-18 16:39:24.358068;;;WHEEL_POS;38.442,42.20
VAL;2026-09-18 16:39:24.379206;;;WHEEL_POS;38.463,42.20
VAL;2026-09-18 16:39:24.394837;;;WHEEL_POS;38.479,42.20
VAL;2026-09-18 16:39:24.426089;;;WHEEL_POS;38.510,42.20
VAL;2026-09-18 16:39:24.457342;;;WHEEL_POS;38.541,42.20
VAL;2026-09-18 16:39:24.479419;;;WHEEL_POS;38.564,42.20
VAL;2026-09-18 16:39:24.495049;;;WHEEL_POS;38.579,42.20
VAL;2026-09-18 16:39:24.526299;;;WHEEL_POS;38.610,42.20
VAL;2026-09-18 16:39:24.541926;;;WHEEL_POS;38.626,42.20
VAL;2026-09-18 16:39:24.579690;;;WHEEL_POS;38.664,42.20
VAL;2026-09-18 16:39:24.595323;;;WHEEL_POS;38.679,42.20
VAL;2026-09-18 16:39:24.610948;;;WHEEL_POS;38.695,42.20
VAL;2026-09-18 16:39:24.642205;;;WHEEL_POS;38.726,42.20
VAL;2026-09-18 16:39:24.695326;;;WHEEL_POS;38.779,42.20
VAL;2026-09-18 16:39:24.710947;;;WHEEL_POS;38.795,42.20
VAL;2026-09-18 16:39:24.742199;;;WHEEL_POS;38.826,42.20
VAL;2026-09-18 16:39:24.773451;;;WHEEL_POS;38.858,42.20
VAL;2026-09-18 16:39:24.795586;;;WHEEL_POS;38.880,42.20
VAL;2026-09-18 16:39:24.826841;;;WHEEL_POS;38.911,42.20
VAL;2026-09-18 16:39:24.858090;;;WHEEL_POS;38.942,42.20
VAL;2026-09-18 16:39:24.879956;;;WHEEL_POS;38.964,42.20
VAL;2026-09-18 16:39:24.911210;;;WHEEL_POS;38.995,42.20
VAL;2026-09-18 16:39:24.926836;;;WHEEL_POS;39.011,42.20
VAL;2026-09-18 16:39:24.958091;;;WHEEL_POS;39.042,42.20
VAL;2026-09-18 16:39:25.011475;;;WHEEL_POS;39.096,42.20
VAL;2026-09-18 16:39:25.027101;;;WHEEL_POS;39.111,42.20
VAL;2026-09-18 16:39:25.072878;;;WHEEL_POS;39.157,42.20
VAL;2026-09-18 16:39:25.096013;;;WHEEL_POS;39.180,42.20
VAL;2026-09-18 16:39:25.127266;;;WHEEL_POS;39.211,42.20
VAL;2026-09-18 16:39:25.142893;;;WHEEL_POS;39.227,42.20
VAL;2026-09-18 16:39:25.174144;;;WHEEL_POS;39.258,42.20
VAL;2026-09-18 16:39:25.219766;;;WHEEL_POS;39.304,42.20
VAL;2026-09-18 16:39:25.235393;;;WHEEL_POS;39.320,42.20
VAL;2026-09-18 16:39:25.251016;;;WHEEL_POS;39.335,42.20
VAL;2026-09-18 16:39:25.296297;;;WHEEL_POS;39.380,42.20
VAL;2026-09-18 16:39:25.311922;;;WHEEL_POS;39.396,42.20
VAL;2026-09-18 16:39:25.343179;;;WHEEL_POS;39.427,42.20
VAL;2026-09-18 16:39:25.380657;;;WHEEL_POS;39.465,42.20
VAL;2026-09-18 16:39:25.411914;;;WHEEL_POS;39.496,42.20
VAL;2026-09-18 16:39:25.427539;;;WHEEL_POS;39.512,42.20
VAL;2026-09-18 16:39:25.473312;;;WHEEL_POS;39.557,42.20
VAL;2026-09-18 16:39:25.496446;;;WHEEL_POS;39.581,42.20
VAL;2026-09-18 16:39:25.512072;;;WHEEL_POS;39.596,42.20
VAL;2026-09-18 16:39:25.543329;;;WHEEL_POS;39.627,42.20
VAL;2026-09-18 16:39:25.574576;;;WHEEL_POS;39.659,42.20
VAL;2026-09-18 16:39:25.596709;;;WHEEL_POS;39.681,42.20
VAL;2026-09-18 16:39:25.627962;;;WHEEL_POS;39.712,42.20
VAL;2026-09-18 16:39:25.659214;;;WHEEL_POS;39.743,42.20
VAL;2026-09-18 16:39:25.681241;;;WHEEL_POS;39.765,42.20
VAL;2026-09-18 16:39:25.712497;;;WHEEL_POS;39.797,42.20
VAL;2026-09-18 16:39:25.728123;;;WHEEL_POS;39.812,42.20
VAL;2026-09-18 16:39:25.759376;;;WHEEL_POS;39.844,42.20
VAL;2026-09-18 16:39:25.812764;;;WHEEL_POS;39.897,42.20
VAL;2026-09-18 16:39:25.828387;;;WHEEL_POS;39.913,42.20
VAL;2026-09-18 16:39:25.844013;;;WHEEL_POS;39.928,42.20
VAL;2026-09-18 16:39:25.881687;;;WHEEL_POS;39.966,41.80
VAL;2026-09-18 16:39:25.912945;;;WHEEL_POS;39.997,41.80
VAL;2026-09-18 16:39:25.944201;;;WHEEL_POS;40.028,41.50
VAL;2026-09-18 16:39:25.975449;;;WHEEL_POS;40.060,41.10
VAL;2026-09-18 16:39:25.997583;;;WHEEL_POS;40.082,41.10
VAL;2026-09-18 16:39:26.028835;;;WHEEL_POS;40.113,41.10
VAL;2026-09-18 16:39:26.060087;;;WHEEL_POS;40.144,41.10
VAL;2026-09-18 16:39:26.097754;;;WHEEL_POS;40.182,41.10
VAL;2026-09-18 16:39:26.144636;;;WHEEL_POS;40.229,41.10
VAL;2026-09-18 16:39:26.160259;;;WHEEL_POS;40.244,41.10
VAL;2026-09-18 16:39:26.205528;;;WHEEL_POS;40.290,41.10
VAL;2026-09-18 16:39:26.236780;;;WHEEL_POS;40.321,41.10
EVENT;2026-09-18 16:39:26.275614;6.1989;;158;Tup
END-TRIAL;2026-09-18 16:39:26.275614;;;The trial ended;
INFO;2026-09-18 16:39:26.275614;43.729431;49.928334;TRIAL-BPOD-TIME;6.198903000000001
STATE;2026-09-18 16:39:26.275614;0;1.6989;WheelDotPeriod;1.6989
STATE;2026-09-18 16:39:26.275614;1.6989;2.1989;ErrorConsumption;0.5
STATE;2026-09-18 16:39:26.275614;2.1989;6.1989;IncorrectITI;4.0
STATE;2026-09-18 16:39:26.275614;nan;nan;Reward;nan
STATE;2026-09-18 16:39:26.275614;nan;nan;Consumption;nan
STATE;2026-09-18 16:39:26.275614;nan;nan;NoResponse;nan
STATE;2026-09-18 16:39:26.275614;nan;nan;ITI;nan
VAL;2026-09-18 16:39:26.282622;;;WHEEL_POS;40.367,41.10
VAL;2026-09-18 16:39:26.345134;;;INCLUDED;True
VAL;2026-09-18 16:39:26.345134;;;CONSUMPTION_LICKED;False
VAL;2026-09-18 16:39:26.345134;;;LED_ON_TIME;34.155248403549194
VAL;2026-09-18 16:39:26.345134;;;DOT_ONSET_JITTER_S;0.10977149852700133
VAL;2026-09-18 16:39:26.345134;;;DOT_ONSET_TIME;34.2650199020762
VAL;2026-09-18 16:39:26.345134;;;THRESHOLD_CROSSING_TIME;35.854148403549196
VAL;2026-09-18 16:39:26.345134;;;DOT_DISAPPEAR_JITTER_S;0.43843429589024063
VAL;2026-09-18 16:39:26.345134;;;DOT_DISAPPEAR_TIME;36.292582699439436
VAL;2026-09-18 16:39:26.345134;;;CORRECT;False
stdout;2026-09-18 16:39:26.345134;;;Trial 5 (warmup): side=L, NoReward;
stdout;2026-09-18 16:39:26.345134;;;|
|;
VAL;2026-09-18 16:39:26.598340;;;TRIAL_INIT_START;40.682478189468384
VAL;2026-09-18 16:39:26.629591;;;WHEEL_POS;40.714,41.50
VAL;2026-09-18 16:39:26.660844;;;WHEEL_POS;40.745,41.50
VAL;2026-09-18 16:39:26.698485;;;WHEEL_POS;40.783,41.50
VAL;2026-09-18 16:39:26.714113;;;WHEEL_POS;40.798,41.50
VAL;2026-09-18 16:39:26.745365;;;WHEEL_POS;40.830,41.50
VAL;2026-09-18 16:39:26.760991;;;WHEEL_POS;40.845,41.50
VAL;2026-09-18 16:39:26.783120;;;TRIAL_START;40.845128774642944
VAL;2026-09-18 16:39:26.783120;;;QUIESCENCE_BREAKS;0
VAL;2026-09-18 16:39:26.783120;;;TRIAL_TYPE;warmup
VAL;2026-09-18 16:39:26.914649;;;TRIAL_SIDE;L
VAL;2026-09-18 16:39:26.914649;;;CLICK_TIMES_L;0.0160,0.0310,0.0460,0.0651,0.1835,0.2180
VAL;2026-09-18 16:39:26.914649;;;CLICK_TIMES_R;
VAL;2026-09-18 16:39:26.914649;;;N_CLICKS_L;6
VAL;2026-09-18 16:39:26.914649;;;N_CLICKS_R;0
VAL;2026-09-18 16:39:26.914649;;;STIM_SEED;982849523
VAL;2026-09-18 16:39:26.914649;;;CUE_ABORT_THRESHOLD_DEG;10.0
VAL;2026-09-18 16:39:26.914649;;;RESPONSE_THRESHOLD_DEG;35.0
VAL;2026-09-18 16:39:26.914649;;;QUIESCENCE_DUR_S;0.1
VAL;2026-09-18 16:39:26.914649;;;ITI_S;1.5
VAL;2026-09-18 16:39:26.914649;;;CLICK_LEVEL_ATTENUATED;False
stdout;2026-09-18 16:39:26.914649;;;Trial 6 (warmup): side=L, n_L=6, n_R=0;
stdout;2026-09-18 16:39:26.914649;;;|
|;
VAL;2026-09-18 16:39:26.914649;;;SM_SEND_TIME;40.99878692626953
VAL;2026-09-18 16:39:26.914649;;;CUE_ONSET_TIME;41.01978692626953
TRIAL;2026-09-18 16:39:26.914649;;;New trial;
VAL;2026-09-18 16:39:26.914649;;;WHEEL_POS;40.999,0.00
VAL;2026-09-18 16:39:26.945901;;;WHEEL_POS;41.030,0.00
VAL;2026-09-18 16:39:26.977152;;;WHEEL_POS;41.061,0.00
VAL;2026-09-18 16:39:26.999285;;;WHEEL_POS;41.083,0.00
VAL;2026-09-18 16:39:27.014912;;;WHEEL_POS;41.099,0.00
VAL;2026-09-18 16:39:27.046165;;;WHEEL_POS;41.130,0.00
VAL;2026-09-18 16:39:27.077417;;;WHEEL_POS;41.162,0.00
VAL;2026-09-18 16:39:27.100063;;;WHEEL_POS;41.184,0.00
VAL;2026-09-18 16:39:27.131315;;;WHEEL_POS;41.215,0.00
VAL;2026-09-18 16:39:27.146943;;;WHEEL_POS;41.231,0.00
VAL;2026-09-18 16:39:27.178195;;;WHEEL_POS;41.262,0.00
EVENT;2026-09-18 16:39:27.191048;0.271;;158;Tup
TRANSITION;2026-09-18 16:39:27.191048;0.271;;DelayPeriod;
VAL;2026-09-18 16:39:27.206676;;;WHEEL_POS;41.291,0.00
VAL;2026-09-18 16:39:27.237928;;;WHEEL_POS;41.322,0.00
VAL;2026-09-18 16:39:27.269180;;;WHEEL_POS;41.353,0.00
VAL;2026-09-18 16:39:27.300333;;;WHEEL_POS;41.384,0.00
EVENT;2026-09-18 16:39:27.300333;0.3906;;158;Tup
TRANSITION;2026-09-18 16:39:27.315960;0.3906;;CueComplete;
EVENT;2026-09-18 16:39:27.315960;0.3907;;158;Tup
END-TRIAL;2026-09-18 16:39:27.315960;;;The trial ended;
INFO;2026-09-18 16:39:27.315960;50.575331;50.966034;TRIAL-BPOD-TIME;0.390703000000002
STATE;2026-09-18 16:39:27.315960;0;0.271;CuePeriod;0.271
STATE;2026-09-18 16:39:27.315960;0.271;0.3906;DelayPeriod;0.11959999999999998
STATE;2026-09-18 16:39:27.315960;0.3906;0.3907;CueComplete;9.999999999998899e-05
STATE;2026-09-18 16:39:27.315960;nan;nan;WheelAbort;nan
STATE;2026-09-18 16:39:27.315960;nan;nan;AbortITI;nan
VAL;2026-09-18 16:39:27.315960;;;WHEEL_POS;41.400,0.00
VAL;2026-09-18 16:39:27.347212;;;SM_SEND_TIME;41.431350231170654
TRIAL;2026-09-18 16:39:27.347212;;;New trial;
VAL;2026-09-18 16:39:27.359219;;;WHEEL_POS;41.443,0.00
VAL;2026-09-18 16:39:27.374848;;;WHEEL_POS;41.459,0.00
VAL;2026-09-18 16:39:27.399982;;;WHEEL_POS;41.484,0.00
VAL;2026-09-18 16:39:27.431234;;;WHEEL_POS;41.515,0.00
VAL;2026-09-18 16:39:27.446861;;;WHEEL_POS;41.531,0.00
VAL;2026-09-18 16:39:27.478113;;;WHEEL_POS;41.562,0.00
VAL;2026-09-18 16:39:27.501577;;;WHEEL_POS;41.586,0.00
VAL;2026-09-18 16:39:27.532831;;;WHEEL_POS;41.617,0.00
VAL;2026-09-18 16:39:27.564082;;;WHEEL_POS;41.648,0.00
VAL;2026-09-18 16:39:27.600349;;;WHEEL_POS;41.684,0.00
VAL;2026-09-18 16:39:27.615975;;;WHEEL_POS;41.700,0.00
VAL;2026-09-18 16:39:27.647229;;;WHEEL_POS;41.731,0.00
VAL;2026-09-18 16:39:27.678479;;;WHEEL_POS;41.763,0.00
VAL;2026-09-18 16:39:27.702300;;;WHEEL_POS;41.786,0.00
VAL;2026-09-18 16:39:27.717935;;;WHEEL_POS;41.802,0.00
VAL;2026-09-18 16:39:27.749180;;;WHEEL_POS;41.833,0.00
VAL;2026-09-18 16:39:27.784935;;;WHEEL_POS;41.869,0.00
VAL;2026-09-18 16:39:27.816191;;;WHEEL_POS;41.900,0.00
VAL;2026-09-18 16:39:27.831816;;;WHEEL_POS;41.916,0.00
VAL;2026-09-18 16:39:27.863071;;;WHEEL_POS;41.947,0.00
VAL;2026-09-18 16:39:27.918454;;;WHEEL_POS;42.003,0.00
VAL;2026-09-18 16:39:27.934076;;;WHEEL_POS;42.018,0.00
VAL;2026-09-18 16:39:27.980956;;;WHEEL_POS;42.065,0.00
VAL;2026-09-18 16:39:28.001095;;;WHEEL_POS;42.085,0.00
VAL;2026-09-18 16:39:28.032346;;;WHEEL_POS;42.116,0.00
VAL;2026-09-18 16:39:28.047974;;;WHEEL_POS;42.132,0.00
VAL;2026-09-18 16:39:28.079225;;;WHEEL_POS;42.163,0.00
VAL;2026-09-18 16:39:28.108275;;;WHEEL_POS;42.192,0.00
VAL;2026-09-18 16:39:28.123903;;;WHEEL_POS;42.208,-0.70
EVENT;2026-09-18 16:39:28.155154;0.7992;;0;RotaryEncoder1_1
VAL;2026-09-18 16:39:28.155154;;;WHEEL_POS;42.239,-4.20
VAL;2026-09-18 16:39:28.170780;;;WHEEL_POS;42.255,-5.60
VAL;2026-09-18 16:39:28.193280;;;WHEEL_POS;42.277,-6.70
VAL;2026-09-18 16:39:28.224535;;;WHEEL_POS;42.309,-7.40
VAL;2026-09-18 16:39:28.240161;;;WHEEL_POS;42.324,-7.70
VAL;2026-09-18 16:39:28.271413;;;WHEEL_POS;42.356,-9.10
EVENT;2026-09-18 16:39:28.271413;0.9268000000000001;;4;RotaryEncoder1_5
VAL;2026-09-18 16:39:28.288512;;;WHEEL_POS;42.373,-10.20
VAL;2026-09-18 16:39:28.304141;;;WHEEL_POS;42.388,-12.00
VAL;2026-09-18 16:39:28.335394;;;WHEEL_POS;42.420,-15.50
VAL;2026-09-18 16:39:28.359432;;;WHEEL_POS;42.444,-17.20
VAL;2026-09-18 16:39:28.375062;;;WHEEL_POS;42.459,-18.60
VAL;2026-09-18 16:39:28.401700;;;WHEEL_POS;42.486,-20.70
VAL;2026-09-18 16:39:28.432950;;;WHEEL_POS;42.517,-22.90
VAL;2026-09-18 16:39:28.464203;;;WHEEL_POS;42.548,-23.60
VAL;2026-09-18 16:39:28.520961;;;WHEEL_POS;42.605,-24.60
VAL;2026-09-18 16:39:28.552209;;;WHEEL_POS;42.636,-26.70
VAL;2026-09-18 16:39:28.567835;;;WHEEL_POS;42.652,-27.80
VAL;2026-09-18 16:39:28.602105;;;WHEEL_POS;42.686,-30.20
VAL;2026-09-18 16:39:28.633356;;;WHEEL_POS;42.717,-32.00
VAL;2026-09-18 16:39:28.648985;;;WHEEL_POS;42.733,-32.70
VAL;2026-09-18 16:39:28.680235;;;WHEEL_POS;42.764,-33.80
VAL;2026-09-18 16:39:28.705720;;;WHEEL_POS;42.790,-34.50
EVENT;2026-09-18 16:39:28.721350;1.3646;;2;RotaryEncoder1_3
TRANSITION;2026-09-18 16:39:28.721350;1.3646;;Reward;
VAL;2026-09-18 16:39:28.736974;;;WHEEL_POS;42.821,-35.90
EVENT;2026-09-18 16:39:28.768224;1.4134;;158;Tup
TRANSITION;2026-09-18 16:39:28.768224;1.4134;;Consumption;
VAL;2026-09-18 16:39:28.768224;;;WHEEL_POS;42.852,-37.60
VAL;2026-09-18 16:39:28.786859;;;WHEEL_POS;42.871,-39.00
VAL;2026-09-18 16:39:28.802490;;;WHEEL_POS;42.887,-40.40
VAL;2026-09-18 16:39:28.818116;;;WHEEL_POS;42.902,-41.50
VAL;2026-09-18 16:39:28.856226;;;WHEEL_POS;42.940,-42.20
VAL;2026-09-18 16:39:28.871852;;;WHEEL_POS;42.956,-41.80
VAL;2026-09-18 16:39:28.890935;;;WHEEL_POS;42.975,-40.40
VAL;2026-09-18 16:39:28.922190;;;WHEEL_POS;43.006,-39.40
VAL;2026-09-18 16:39:28.937816;;;WHEEL_POS;43.022,-38.30
VAL;2026-09-18 16:39:28.961357;;;WHEEL_POS;43.045,-37.30
VAL;2026-09-18 16:39:28.976983;;;WHEEL_POS;43.061,-36.60
VAL;2026-09-18 16:39:29.002616;;;WHEEL_POS;43.087,-35.50
VAL;2026-09-18 16:39:29.018243;;;WHEEL_POS;43.102,-34.80
VAL;2026-09-18 16:39:29.033868;;;WHEEL_POS;43.118,-34.50
VAL;2026-09-18 16:39:29.065121;;;WHEEL_POS;43.149,-33.00
VAL;2026-09-18 16:39:29.106889;;;WHEEL_POS;43.191,-31.60
VAL;2026-09-18 16:39:29.138142;;;WHEEL_POS;43.222,-30.90
VAL;2026-09-18 16:39:29.169394;;;WHEEL_POS;43.254,-30.20
VAL;2026-09-18 16:39:29.187533;;;WHEEL_POS;43.272,-29.90
VAL;2026-09-18 16:39:29.209665;;;WHEEL_POS;43.294,-29.50
VAL;2026-09-18 16:39:29.240918;;;WHEEL_POS;43.325,-28.80
VAL;2026-09-18 16:39:29.272170;;;WHEEL_POS;43.356,-28.50
VAL;2026-09-18 16:39:29.307351;;;WHEEL_POS;43.391,-28.10
VAL;2026-09-18 16:39:29.322979;;;WHEEL_POS;43.407,-28.10
VAL;2026-09-18 16:39:29.359563;;;WHEEL_POS;43.444,-28.10
VAL;2026-09-18 16:39:29.376194;;;WHEEL_POS;43.460,-28.10
VAL;2026-09-18 16:39:29.403327;;;WHEEL_POS;43.487,-28.10
VAL;2026-09-18 16:39:29.418953;;;WHEEL_POS;43.503,-28.10
VAL;2026-09-18 16:39:29.450205;;;WHEEL_POS;43.534,-28.10
VAL;2026-09-18 16:39:29.481458;;;WHEEL_POS;43.566,-28.10
VAL;2026-09-18 16:39:29.523233;;;WHEEL_POS;43.607,-28.10
VAL;2026-09-18 16:39:29.554481;;;WHEEL_POS;43.639,-28.10
VAL;2026-09-18 16:39:29.570107;;;WHEEL_POS;43.654,-28.10
VAL;2026-09-18 16:39:29.603889;;;WHEEL_POS;43.688,-28.10
VAL;2026-09-18 16:39:29.635141;;;WHEEL_POS;43.719,-28.10
VAL;2026-09-18 16:39:29.666394;;;WHEEL_POS;43.751,-28.10
VAL;2026-09-18 16:39:29.682019;;;WHEEL_POS;43.766,-28.10
VAL;2026-09-18 16:39:29.708520;;;WHEEL_POS;43.793,-28.10
VAL;2026-09-18 16:39:29.724152;;;WHEEL_POS;43.808,-28.10
VAL;2026-09-18 16:39:29.755399;;;WHEEL_POS;43.840,-28.10
VAL;2026-09-18 16:39:29.788661;;;WHEEL_POS;43.873,-28.10
VAL;2026-09-18 16:39:29.804291;;;WHEEL_POS;43.888,-28.10
VAL;2026-09-18 16:39:29.819917;;;WHEEL_POS;43.904,-28.10
VAL;2026-09-18 16:39:29.851171;;;WHEEL_POS;43.935,-28.10
EVENT;2026-09-18 16:39:29.866800;2.5164;;94;Port1In
TRANSITION;2026-09-18 16:39:29.866800;2.5164;;ITI;
VAL;2026-09-18 16:39:29.882421;;;WHEEL_POS;43.967,-28.10
VAL;2026-09-18 16:39:29.909221;;;WHEEL_POS;43.993,-28.10
VAL;2026-09-18 16:39:29.940474;;;WHEEL_POS;44.025,-28.10
VAL;2026-09-18 16:39:29.956101;;;WHEEL_POS;44.040,-28.10
VAL;2026-09-18 16:39:29.988874;;;WHEEL_POS;44.073,-28.10
VAL;2026-09-18 16:39:30.020133;;;WHEEL_POS;44.104,-28.10
VAL;2026-09-18 16:39:30.051389;;;WHEEL_POS;44.136,-28.10
VAL;2026-09-18 16:39:30.082636;;;WHEEL_POS;44.167,-28.10
VAL;2026-09-18 16:39:30.109618;;;WHEEL_POS;44.194,-28.10
VAL;2026-09-18 16:39:30.140873;;;WHEEL_POS;44.225,-28.10
VAL;2026-09-18 16:39:30.172123;;;WHEEL_POS;44.256,-28.10
VAL;2026-09-18 16:39:30.212042;;;WHEEL_POS;44.296,-28.10
EVENT;2026-09-18 16:39:30.227666;2.8729;;95;Port1Out
VAL;2026-09-18 16:39:30.243289;;;WHEEL_POS;44.327,-28.10
VAL;2026-09-18 16:39:30.258916;;;WHEEL_POS;44.343,-28.10
VAL;2026-09-18 16:39:30.289564;;;WHEEL_POS;44.374,-28.10
VAL;2026-09-18 16:39:30.309697;;;WHEEL_POS;44.394,-28.10
VAL;2026-09-18 16:39:30.340953;;;WHEEL_POS;44.425,-28.10
VAL;2026-09-18 16:39:30.389725;;;WHEEL_POS;44.474,-28.10
VAL;2026-09-18 16:39:30.420986;;;WHEEL_POS;44.505,-28.10
VAL;2026-09-18 16:39:30.452239;;;WHEEL_POS;44.536,-28.10
VAL;2026-09-18 16:39:30.483489;;;WHEEL_POS;44.568,-28.10
VAL;2026-09-18 16:39:30.510991;;;WHEEL_POS;44.595,-28.10
VAL;2026-09-18 16:39:30.535630;;;WHEEL_POS;44.620,-28.10
VAL;2026-09-18 16:39:30.566880;;;WHEEL_POS;44.651,-28.10
VAL;2026-09-18 16:39:30.605649;;;WHEEL_POS;44.690,-28.10
VAL;2026-09-18 16:39:30.636901;;;WHEEL_POS;44.721,-28.10
VAL;2026-09-18 16:39:30.668156;;;WHEEL_POS;44.752,-28.10
VAL;2026-09-18 16:39:30.727431;;;WHEEL_POS;44.812,-28.10
VAL;2026-09-18 16:39:30.743049;;;WHEEL_POS;44.827,-28.10
VAL;2026-09-18 16:39:30.774301;;;WHEEL_POS;44.858,-28.10
VAL;2026-09-18 16:39:30.806073;;;WHEEL_POS;44.890,-28.10
VAL;2026-09-18 16:39:30.852952;;;WHEEL_POS;44.937,-28.10
VAL;2026-09-18 16:39:30.868581;;;WHEEL_POS;44.953,-28.10
VAL;2026-09-18 16:39:30.927802;;;WHEEL_POS;45.012,-28.10
VAL;2026-09-18 16:39:30.943426;;;WHEEL_POS;45.028,-28.10
VAL;2026-09-18 16:39:30.959052;;;WHEEL_POS;45.043,-28.10
VAL;2026-09-18 16:39:30.990812;;;WHEEL_POS;45.075,-28.10
VAL;2026-09-18 16:39:31.022067;;;WHEEL_POS;45.106,-28.10
VAL;2026-09-18 16:39:31.053320;;;WHEEL_POS;45.137,-28.10
VAL;2026-09-18 16:39:31.084571;;;WHEEL_POS;45.169,-28.10
VAL;2026-09-18 16:39:31.112591;;;WHEEL_POS;45.197,-28.10
VAL;2026-09-18 16:39:31.143844;;;WHEEL_POS;45.228,-28.10
VAL;2026-09-18 16:39:31.191236;;;WHEEL_POS;45.275,-28.10
VAL;2026-09-18 16:39:31.218733;;;WHEEL_POS;45.303,-28.10
VAL;2026-09-18 16:39:31.249989;;;WHEEL_POS;45.334,-28.10
VAL;2026-09-18 16:39:31.281238;;;WHEEL_POS;45.365,-28.10
VAL;2026-09-18 16:39:31.313487;;;WHEEL_POS;45.398,-28.10
VAL;2026-09-18 16:39:31.344739;;;WHEEL_POS;45.429,-28.10
EVENT;2026-09-18 16:39:31.375880;4.0164;;158;Tup
END-TRIAL;2026-09-18 16:39:31.375880;;;The trial ended;
INFO;2026-09-18 16:39:31.375880;51.007331;55.023734;TRIAL-BPOD-TIME;4.016402999999997
STATE;2026-09-18 16:39:31.375880;0;1.3646;WheelDotPeriod;1.3646
STATE;2026-09-18 16:39:31.375880;1.3646;1.4134;Reward;0.048799999999999955
STATE;2026-09-18 16:39:31.375880;1.4134;2.5164;Consumption;1.103
STATE;2026-09-18 16:39:31.375880;2.5164;4.0164;ITI;1.5
STATE;2026-09-18 16:39:31.375880;nan;nan;ErrorConsumption;nan
STATE;2026-09-18 16:39:31.375880;nan;nan;IncorrectITI;nan
STATE;2026-09-18 16:39:31.375880;nan;nan;NoResponse;nan
VAL;2026-09-18 16:39:31.375880;;;WHEEL_POS;45.460,-28.10
VAL;2026-09-18 16:39:31.438272;;;INCLUDED;True
VAL;2026-09-18 16:39:31.438272;;;CONSUMPTION_LICKED;True
VAL;2026-09-18 16:39:31.438272;;;LED_ON_TIME;41.431350231170654
VAL;2026-09-18 16:39:31.438272;;;DOT_ONSET_JITTER_S;0.10943028201969507
VAL;2026-09-18 16:39:31.438272;;;DOT_ONSET_TIME;41.54078051319035
VAL;2026-09-18 16:39:31.438272;;;THRESHOLD_CROSSING_TIME;42.79595023117066
VAL;2026-09-18 16:39:31.438272;;;DOT_DISAPPEAR_JITTER_S;0.6414860002920318
VAL;2026-09-18 16:39:31.438272;;;DOT_DISAPPEAR_TIME;43.43743623146269
VAL;2026-09-18 16:39:31.438272;;;CORRECT;True
stdout;2026-09-18 16:39:31.438272;;;Trial 6 (warmup): side=L, Reward -> reward;
stdout;2026-09-18 16:39:31.438272;;;|
|;
VAL;2026-09-18 16:39:31.691608;;;TRIAL_INIT_START;45.77574634552002
VAL;2026-09-18 16:39:31.715343;;;WHEEL_POS;45.799,-28.10
VAL;2026-09-18 16:39:31.730970;;;WHEEL_POS;45.815,-28.10
VAL;2026-09-18 16:39:31.762222;;;WHEEL_POS;45.846,-28.10
VAL;2026-09-18 16:39:31.807482;;;WHEEL_POS;45.892,-28.10
VAL;2026-09-18 16:39:31.823108;;;WHEEL_POS;45.907,-28.10
VAL;2026-09-18 16:39:31.854361;;;WHEEL_POS;45.938,-28.10
VAL;2026-09-18 16:39:31.869987;;;TRIAL_START;45.938498973846436
VAL;2026-09-18 16:39:31.869987;;;QUIESCENCE_BREAKS;0
VAL;2026-09-18 16:39:31.869987;;;TRIAL_TYPE;warmup
VAL;2026-09-18 16:39:32.007822;;;TRIAL_SIDE;L
VAL;2026-09-18 16:39:32.007822;;;CLICK_TIMES_L;0.0782,0.1002,0.1152,0.1394,0.2377
VAL;2026-09-18 16:39:32.007822;;;CLICK_TIMES_R;
VAL;2026-09-18 16:39:32.007822;;;N_CLICKS_L;5
VAL;2026-09-18 16:39:32.007822;;;N_CLICKS_R;0
VAL;2026-09-18 16:39:32.007822;;;STIM_SEED;866526459
VAL;2026-09-18 16:39:32.007822;;;CUE_ABORT_THRESHOLD_DEG;10.0
VAL;2026-09-18 16:39:32.007822;;;RESPONSE_THRESHOLD_DEG;35.0
VAL;2026-09-18 16:39:32.007822;;;QUIESCENCE_DUR_S;0.1
VAL;2026-09-18 16:39:32.007822;;;ITI_S;1.5
VAL;2026-09-18 16:39:32.007822;;;CLICK_LEVEL_ATTENUATED;False
stdout;2026-09-18 16:39:32.007822;;;Trial 7 (warmup): side=L, n_L=5, n_R=0;
stdout;2026-09-18 16:39:32.007822;;;|
|;
VAL;2026-09-18 16:39:32.007822;;;SM_SEND_TIME;46.091959953308105
VAL;2026-09-18 16:39:32.007822;;;CUE_ONSET_TIME;46.112959953308106
TRIAL;2026-09-18 16:39:32.007822;;;New trial;
VAL;2026-09-18 16:39:32.007822;;;WHEEL_POS;46.092,0.00
VAL;2026-09-18 16:39:32.039074;;;WHEEL_POS;46.123,0.00
VAL;2026-09-18 16:39:32.070325;;;WHEEL_POS;46.154,0.00
VAL;2026-09-18 16:39:32.085951;;;WHEEL_POS;46.170,0.00
VAL;2026-09-18 16:39:32.102073;;;WHEEL_POS;46.186,0.00
VAL;2026-09-18 16:39:32.133328;;;WHEEL_POS;46.217,0.00
VAL;2026-09-18 16:39:32.164580;;;WHEEL_POS;46.249,0.00
VAL;2026-09-18 16:39:32.205351;;;WHEEL_POS;46.289,0.00
VAL;2026-09-18 16:39:32.220979;;;WHEEL_POS;46.305,0.00
VAL;2026-09-18 16:39:32.252231;;;WHEEL_POS;46.336,0.00
VAL;2026-09-18 16:39:32.267857;;;WHEEL_POS;46.352,0.00
EVENT;2026-09-18 16:39:32.292998;0.271;;158;Tup
TRANSITION;2026-09-18 16:39:32.292998;0.271;;DelayPeriod;
VAL;2026-09-18 16:39:32.302002;;;WHEEL_POS;46.386,0.00
VAL;2026-09-18 16:39:32.333258;;;WHEEL_POS;46.417,0.00
VAL;2026-09-18 16:39:32.362398;;;WHEEL_POS;46.447,0.00
VAL;2026-09-18 16:39:32.378027;;;WHEEL_POS;46.462,0.00
EVENT;2026-09-18 16:39:32.393032;0.3836;;158;Tup
TRANSITION;2026-09-18 16:39:32.393032;0.3836;;CueComplete;
EVENT;2026-09-18 16:39:32.393032;0.38370000000000004;;158;Tup
END-TRIAL;2026-09-18 16:39:32.393032;;;The trial ended;
INFO;2026-09-18 16:39:32.393032;55.673231;56.056935;TRIAL-BPOD-TIME;0.3837040000000016
STATE;2026-09-18 16:39:32.393032;0;0.271;CuePeriod;0.271
STATE;2026-09-18 16:39:32.393032;0.271;0.3836;DelayPeriod;0.11259999999999998
STATE;2026-09-18 16:39:32.393032;0.3836;0.38370000000000004;CueComplete;0.0001000000000000445
STATE;2026-09-18 16:39:32.393032;nan;nan;WheelAbort;nan
STATE;2026-09-18 16:39:32.393032;nan;nan;AbortITI;nan
VAL;2026-09-18 16:39:32.408662;;;SM_SEND_TIME;46.49280023574829
TRIAL;2026-09-18 16:39:32.408662;;;New trial;
VAL;2026-09-18 16:39:32.408662;;;WHEEL_POS;46.493,0.00
VAL;2026-09-18 16:39:32.439914;;;WHEEL_POS;46.524,0.00
VAL;2026-09-18 16:39:32.471166;;;WHEEL_POS;46.555,0.00
VAL;2026-09-18 16:39:32.503806;;;WHEEL_POS;46.588,0.00
VAL;2026-09-18 16:39:32.535063;;;WHEEL_POS;46.619,0.00
VAL;2026-09-18 16:39:32.566315;;;WHEEL_POS;46.650,0.00
VAL;2026-09-18 16:39:32.609076;;;WHEEL_POS;46.693,0.00
VAL;2026-09-18 16:39:32.640329;;;WHEEL_POS;46.724,0.00
VAL;2026-09-18 16:39:32.655954;;;WHEEL_POS;46.740,0.00
VAL;2026-09-18 16:39:32.693727;;;WHEEL_POS;46.778,0.00
VAL;2026-09-18 16:39:32.719360;;;WHEEL_POS;46.803,0.00
VAL;2026-09-18 16:39:32.734986;;;WHEEL_POS;46.819,0.00
VAL;2026-09-18 16:39:32.766239;;;WHEEL_POS;46.850,0.00
VAL;2026-09-18 16:39:32.825127;;;WHEEL_POS;46.909,0.00
VAL;2026-09-18 16:39:32.840751;;;WHEEL_POS;46.925,0.00
VAL;2026-09-18 16:39:32.872004;;;WHEEL_POS;46.956,0.00
VAL;2026-09-18 16:39:32.904676;;;WHEEL_POS;46.989,0.00
VAL;2026-09-18 16:39:32.935943;;;WHEEL_POS;47.020,0.00
VAL;2026-09-18 16:39:32.967199;;;WHEEL_POS;47.051,0.00
VAL;2026-09-18 16:39:33.025587;;;WHEEL_POS;47.110,0.00
VAL;2026-09-18 16:39:33.041210;;;WHEEL_POS;47.125,0.00
VAL;2026-09-18 16:39:33.072463;;;WHEEL_POS;47.157,0.00
VAL;2026-09-18 16:39:33.094613;;;WHEEL_POS;47.179,0.00
VAL;2026-09-18 16:39:33.106243;;;WHEEL_POS;47.190,0.00
VAL;2026-09-18 16:39:33.137498;;;WHEEL_POS;47.222,0.00
VAL;2026-09-18 16:39:33.153127;;;WHEEL_POS;47.237,0.00
VAL;2026-09-18 16:39:33.184377;;;WHEEL_POS;47.269,0.00
VAL;2026-09-18 16:39:33.221024;;;WHEEL_POS;47.305,0.00
VAL;2026-09-18 16:39:33.236648;;;WHEEL_POS;47.321,0.00
VAL;2026-09-18 16:39:33.283529;;;WHEEL_POS;47.368,0.00
VAL;2026-09-18 16:39:33.307287;;;WHEEL_POS;47.391,0.70
VAL;2026-09-18 16:39:33.322916;;;WHEEL_POS;47.407,1.40
VAL;2026-09-18 16:39:33.354169;;;WHEEL_POS;47.438,2.50
VAL;2026-09-18 16:39:33.379303;;;WHEEL_POS;47.463,3.20
EVENT;2026-09-18 16:39:33.379303;0.9739000000000001;;1;RotaryEncoder1_2
VAL;2026-09-18 16:39:33.394929;;;WHEEL_POS;47.479,4.60
VAL;2026-09-18 16:39:33.426181;;;WHEEL_POS;47.510,6.70
VAL;2026-09-18 16:39:33.457433;;;WHEEL_POS;47.542,8.40
VAL;2026-09-18 16:39:33.473061;;;WHEEL_POS;47.557,9.10
EVENT;2026-09-18 16:39:33.495205;1.0771;;5;RotaryEncoder1_6
VAL;2026-09-18 16:39:33.510818;;;WHEEL_POS;47.595,10.20
VAL;2026-09-18 16:39:33.526446;;;WHEEL_POS;47.611,10.50
VAL;2026-09-18 16:39:33.542072;;;WHEEL_POS;47.626,10.50
VAL;2026-09-18 16:39:33.573324;;;WHEEL_POS;47.657,10.90
VAL;2026-09-18 16:39:33.588950;;;WHEEL_POS;47.673,11.60
VAL;2026-09-18 16:39:33.626715;;;WHEEL_POS;47.711,13.40
VAL;2026-09-18 16:39:33.642337;;;WHEEL_POS;47.726,14.40
VAL;2026-09-18 16:39:33.657963;;;WHEEL_POS;47.742,14.80
VAL;2026-09-18 16:39:33.695760;;;WHEEL_POS;47.780,16.20
VAL;2026-09-18 16:39:33.711982;;;WHEEL_POS;47.796,16.90
VAL;2026-09-18 16:39:33.727611;;;WHEEL_POS;47.812,17.60
VAL;2026-09-18 16:39:33.758867;;;WHEEL_POS;47.843,18.60
VAL;2026-09-18 16:39:33.795619;;;WHEEL_POS;47.880,19.70
VAL;2026-09-18 16:39:33.811250;;;WHEEL_POS;47.895,20.70
VAL;2026-09-18 16:39:33.842501;;;WHEEL_POS;47.927,21.80
VAL;2026-09-18 16:39:33.873753;;;WHEEL_POS;47.958,23.20
VAL;2026-09-18 16:39:33.911405;;;WHEEL_POS;47.996,24.30
VAL;2026-09-18 16:39:33.927035;;;WHEEL_POS;48.011,25.00
VAL;2026-09-18 16:39:33.958290;;;WHEEL_POS;48.042,27.80
VAL;2026-09-18 16:39:33.989540;;;WHEEL_POS;48.074,29.90
VAL;2026-09-18 16:39:34.011673;;;WHEEL_POS;48.096,31.30
VAL;2026-09-18 16:39:34.042925;;;WHEEL_POS;48.127,32.30
VAL;2026-09-18 16:39:34.074177;;;WHEEL_POS;48.158,34.50
EVENT;2026-09-18 16:39:34.089806;1.6794;;3;RotaryEncoder1_4
TRANSITION;2026-09-18 16:39:34.089806;1.6794;;ErrorConsumption;
VAL;2026-09-18 16:39:34.113103;;;WHEEL_POS;48.197,35.90
VAL;2026-09-18 16:39:34.128732;;;WHEEL_POS;48.213,36.60
VAL;2026-09-18 16:39:34.159983;;;WHEEL_POS;48.244,37.60
VAL;2026-09-18 16:39:34.196248;;;WHEEL_POS;48.280,39.70
VAL;2026-09-18 16:39:34.207251;;;WHEEL_POS;48.291,40.80
VAL;2026-09-18 16:39:34.238507;;;WHEEL_POS;48.323,42.20
VAL;2026-09-18 16:39:34.269759;;;WHEEL_POS;48.354,42.50
VAL;2026-09-18 16:39:34.314375;;;WHEEL_POS;48.399,42.50
VAL;2026-09-18 16:39:34.330003;;;WHEEL_POS;48.414,42.50
VAL;2026-09-18 16:39:34.363761;;;WHEEL_POS;48.448,43.20
VAL;2026-09-18 16:39:34.379389;;;WHEEL_POS;48.464,43.90
VAL;2026-09-18 16:39:34.396521;;;WHEEL_POS;48.481,44.60
VAL;2026-09-18 16:39:34.412150;;;WHEEL_POS;48.496,45.00
VAL;2026-09-18 16:39:34.443403;;;WHEEL_POS;48.528,44.60
VAL;2026-09-18 16:39:34.459029;;;WHEEL_POS;48.543,44.30
VAL;2026-09-18 16:39:34.490281;;;WHEEL_POS;48.574,42.90
VAL;2026-09-18 16:39:34.515395;;;WHEEL_POS;48.600,41.80
VAL;2026-09-18 16:39:34.536027;;;WHEEL_POS;48.620,41.10
VAL;2026-09-18 16:39:34.567279;;;WHEEL_POS;48.651,40.40
VAL;2026-09-18 16:39:34.582906;;;WHEEL_POS;48.667,40.10
EVENT;2026-09-18 16:39:34.582906;2.1794000000000002;;158;Tup
TRANSITION;2026-09-18 16:39:34.582906;2.1794000000000002;;IncorrectITI;
VAL;2026-09-18 16:39:34.612539;;;WHEEL_POS;48.697,39.70
VAL;2026-09-18 16:39:34.643790;;;WHEEL_POS;48.728,39.70
VAL;2026-09-18 16:39:34.675042;;;WHEEL_POS;48.759,39.70
VAL;2026-09-18 16:39:34.714808;;;WHEEL_POS;48.799,39.70
VAL;2026-09-18 16:39:34.752190;;;WHEEL_POS;48.836,40.10
VAL;2026-09-18 16:39:34.783442;;;WHEEL_POS;48.868,40.10
VAL;2026-09-18 16:39:34.828707;;;WHEEL_POS;48.913,40.10
VAL;2026-09-18 16:39:34.844328;;;WHEEL_POS;48.928,40.10
VAL;2026-09-18 16:39:34.859955;;;WHEEL_POS;48.944,40.10
VAL;2026-09-18 16:39:34.897720;;;WHEEL_POS;48.982,40.10
VAL;2026-09-18 16:39:34.913350;;;WHEEL_POS;48.997,40.10
VAL;2026-09-18 16:39:34.968605;;;WHEEL_POS;49.053,40.10
VAL;2026-09-18 16:39:34.984232;;;WHEEL_POS;49.068,40.10
VAL;2026-09-18 16:39:35.013368;;;WHEEL_POS;49.098,40.10
VAL;2026-09-18 16:39:35.028997;;;WHEEL_POS;49.113,40.10
VAL;2026-09-18 16:39:35.060252;;;WHEEL_POS;49.144,40.10
VAL;2026-09-18 16:39:35.075872;;;WHEEL_POS;49.160,40.10
VAL;2026-09-18 16:39:35.113653;;;WHEEL_POS;49.198,40.10
VAL;2026-09-18 16:39:35.153746;;;WHEEL_POS;49.238,40.10
VAL;2026-09-18 16:39:35.185001;;;WHEEL_POS;49.269,40.10
VAL;2026-09-18 16:39:35.208521;;;WHEEL_POS;49.293,40.10
VAL;2026-09-18 16:39:35.224154;;;WHEEL_POS;49.308,40.10
VAL;2026-09-18 16:39:35.255401;;;WHEEL_POS;49.340,40.10
VAL;2026-09-18 16:39:35.271028;;;WHEEL_POS;49.355,40.10
VAL;2026-09-18 16:39:35.313807;;;WHEEL_POS;49.398,40.10
VAL;2026-09-18 16:39:35.354408;;;WHEEL_POS;49.439,40.10
VAL;2026-09-18 16:39:35.379578;;;WHEEL_POS;49.464,40.10
VAL;2026-09-18 16:39:35.413836;;;WHEEL_POS;49.498,40.10
VAL;2026-09-18 16:39:35.445094;;;WHEEL_POS;49.529,40.10
VAL;2026-09-18 16:39:35.476340;;;WHEEL_POS;49.560,40.10
VAL;2026-09-18 16:39:35.491967;;;WHEEL_POS;49.576,40.10
VAL;2026-09-18 16:39:35.514104;;;WHEEL_POS;49.598,40.10
VAL;2026-09-18 16:39:35.570844;;;WHEEL_POS;49.655,40.10
VAL;2026-09-18 16:39:35.586470;;;WHEEL_POS;49.671,40.10
VAL;2026-09-18 16:39:35.614103;;;WHEEL_POS;49.698,40.10
VAL;2026-09-18 16:39:35.645357;;;WHEEL_POS;49.729,40.10
VAL;2026-09-18 16:39:35.676609;;;WHEEL_POS;49.761,40.10
VAL;2026-09-18 16:39:35.714376;;;WHEEL_POS;49.799,40.10
VAL;2026-09-18 16:39:35.730003;;;WHEEL_POS;49.814,40.10
VAL;2026-09-18 16:39:35.755967;;;WHEEL_POS;49.840,40.10
VAL;2026-09-18 16:39:35.787221;;;WHEEL_POS;49.871,40.10
VAL;2026-09-18 16:39:35.814358;;;WHEEL_POS;49.898,40.10
VAL;2026-09-18 16:39:35.829990;;;WHEEL_POS;49.914,40.10
VAL;2026-09-18 16:39:35.861237;;;WHEEL_POS;49.945,40.10
VAL;2026-09-18 16:39:35.898998;;;WHEEL_POS;49.983,40.10
VAL;2026-09-18 16:39:35.930258;;;WHEEL_POS;50.014,40.10
VAL;2026-09-18 16:39:35.972372;;;WHEEL_POS;50.057,40.10
VAL;2026-09-18 16:39:35.987997;;;WHEEL_POS;50.072,40.10
VAL;2026-09-18 16:39:36.030264;;;WHEEL_POS;50.114,40.10
VAL;2026-09-18 16:39:36.045885;;;WHEEL_POS;50.130,40.10
VAL;2026-09-18 16:39:36.077138;;;WHEEL_POS;50.161,40.10
VAL;2026-09-18 16:39:36.114904;;;WHEEL_POS;50.199,40.10
VAL;2026-09-18 16:39:36.157547;;;WHEEL_POS;50.242,40.10
VAL;2026-09-18 16:39:36.173177;;;WHEEL_POS;50.257,40.10
VAL;2026-09-18 16:39:36.224947;;;WHEEL_POS;50.309,40.10
VAL;2026-09-18 16:39:36.240569;;;WHEEL_POS;50.325,40.10
VAL;2026-09-18 16:39:36.256194;;;WHEEL_POS;50.340,40.10
VAL;2026-09-18 16:39:36.287452;;;WHEEL_POS;50.372,40.10
VAL;2026-09-18 16:39:36.315094;;;WHEEL_POS;50.399,40.10
VAL;2026-09-18 16:39:36.346328;;;WHEEL_POS;50.430,40.10
VAL;2026-09-18 16:39:36.379591;;;WHEEL_POS;50.464,40.10
VAL;2026-09-18 16:39:36.415352;;;WHEEL_POS;50.499,40.10
VAL;2026-09-18 16:39:36.446603;;;WHEEL_POS;50.531,40.10
VAL;2026-09-18 16:39:36.477861;;;WHEEL_POS;50.562,40.10
VAL;2026-09-18 16:39:36.531248;;;WHEEL_POS;50.615,40.10
VAL;2026-09-18 16:39:36.558887;;;WHEEL_POS;50.643,40.10
VAL;2026-09-18 16:39:36.590142;;;WHEEL_POS;50.674,40.10
VAL;2026-09-18 16:39:36.615789;;;WHEEL_POS;50.700,40.10
VAL;2026-09-18 16:39:36.647044;;;WHEEL_POS;50.731,40.10
VAL;2026-09-18 16:39:36.678295;;;WHEEL_POS;50.762,40.10
VAL;2026-09-18 16:39:36.716057;;;WHEEL_POS;50.800,40.10
VAL;2026-09-18 16:39:36.775280;;;WHEEL_POS;50.859,40.10
VAL;2026-09-18 16:39:36.790904;;;WHEEL_POS;50.875,40.10
VAL;2026-09-18 16:39:36.831666;;;WHEEL_POS;50.916,40.10
VAL;2026-09-18 16:39:36.847290;;;WHEEL_POS;50.931,40.10
VAL;2026-09-18 16:39:36.862915;;;WHEEL_POS;50.947,40.10
VAL;2026-09-18 16:39:36.900681;;;WHEEL_POS;50.985,40.10
VAL;2026-09-18 16:39:36.916312;;;WHEEL_POS;51.000,40.10
VAL;2026-09-18 16:39:36.931939;;;WHEEL_POS;51.016,40.10
VAL;2026-09-18 16:39:36.976062;;;WHEEL_POS;51.060,40.10
VAL;2026-09-18 16:39:36.991688;;;WHEEL_POS;51.076,40.10
VAL;2026-09-18 16:39:37.016323;;;WHEEL_POS;51.100,40.10
VAL;2026-09-18 16:39:37.031956;;;WHEEL_POS;51.116,40.10
VAL;2026-09-18 16:39:37.063202;;;WHEEL_POS;51.147,40.10
VAL;2026-09-18 16:39:37.100973;;;WHEEL_POS;51.185,40.10
VAL;2026-09-18 16:39:37.116605;;;WHEEL_POS;51.201,40.10
VAL;2026-09-18 16:39:37.132232;;;WHEEL_POS;51.216,40.10
VAL;2026-09-18 16:39:37.161188;;;WHEEL_POS;51.245,40.10
VAL;2026-09-18 16:39:37.192441;;;WHEEL_POS;51.277,40.10
VAL;2026-09-18 16:39:37.211035;;;WHEEL_POS;51.295,40.10
VAL;2026-09-18 16:39:37.226663;;;WHEEL_POS;51.311,40.10
VAL;2026-09-18 16:39:37.257916;;;WHEEL_POS;51.342,40.10
VAL;2026-09-18 16:39:37.301175;;;WHEEL_POS;51.385,40.10
VAL;2026-09-18 16:39:37.332433;;;WHEEL_POS;51.417,40.10
VAL;2026-09-18 16:39:37.364075;;;WHEEL_POS;51.448,40.10
VAL;2026-09-18 16:39:37.379707;;;WHEEL_POS;51.464,40.10
VAL;2026-09-18 16:39:37.416968;;;WHEEL_POS;51.501,40.10
VAL;2026-09-18 16:39:37.448221;;;WHEEL_POS;51.532,40.10
VAL;2026-09-18 16:39:37.463847;;;WHEEL_POS;51.548,40.10
VAL;2026-09-18 16:39:37.501624;;;WHEEL_POS;51.586,40.10
VAL;2026-09-18 16:39:37.517256;;;WHEEL_POS;51.601,40.10
VAL;2026-09-18 16:39:37.532882;;;WHEEL_POS;51.617,40.10
VAL;2026-09-18 16:39:37.562361;;;WHEEL_POS;51.646,40.10
VAL;2026-09-18 16:39:37.577990;;;WHEEL_POS;51.662,40.10
VAL;2026-09-18 16:39:37.617249;;;WHEEL_POS;51.701,40.10
VAL;2026-09-18 16:39:37.632877;;;WHEEL_POS;51.717,40.10
VAL;2026-09-18 16:39:37.664127;;;WHEEL_POS;51.748,40.10
VAL;2026-09-18 16:39:37.701899;;;WHEEL_POS;51.786,40.10
VAL;2026-09-18 16:39:37.717531;;;WHEEL_POS;51.802,40.10
VAL;2026-09-18 16:39:37.733158;;;WHEEL_POS;51.817,40.10
VAL;2026-09-18 16:39:37.763134;;;WHEEL_POS;51.847,40.10
VAL;2026-09-18 16:39:37.794386;;;WHEEL_POS;51.879,40.10
VAL;2026-09-18 16:39:37.817519;;;WHEEL_POS;51.902,40.10
VAL;2026-09-18 16:39:37.833148;;;WHEEL_POS;51.917,40.10
VAL;2026-09-18 16:39:37.864398;;;WHEEL_POS;51.949,40.10
VAL;2026-09-18 16:39:37.880024;;;WHEEL_POS;51.964,40.10
VAL;2026-09-18 16:39:37.917803;;;WHEEL_POS;52.002,40.10
VAL;2026-09-18 16:39:37.963923;;;WHEEL_POS;52.048,40.10
VAL;2026-09-18 16:39:37.995176;;;WHEEL_POS;52.079,40.10
VAL;2026-09-18 16:39:38.033439;;;WHEEL_POS;52.118,40.10
VAL;2026-09-18 16:39:38.049063;;;WHEEL_POS;52.133,40.10
VAL;2026-09-18 16:39:38.080316;;;WHEEL_POS;52.164,40.10
VAL;2026-09-18 16:39:38.102408;;;WHEEL_POS;52.187,40.10
VAL;2026-09-18 16:39:38.118048;;;WHEEL_POS;52.202,40.10
VAL;2026-09-18 16:39:38.164306;;;WHEEL_POS;52.248,40.10
VAL;2026-09-18 16:39:38.179932;;;WHEEL_POS;52.264,40.10
VAL;2026-09-18 16:39:38.212755;;;WHEEL_POS;52.297,40.10
VAL;2026-09-18 16:39:38.228383;;;WHEEL_POS;52.313,40.10
VAL;2026-09-18 16:39:38.244013;;;WHEEL_POS;52.328,40.10
VAL;2026-09-18 16:39:38.275263;;;WHEEL_POS;52.359,40.10
VAL;2026-09-18 16:39:38.333650;;;WHEEL_POS;52.418,40.10
VAL;2026-09-18 16:39:38.349651;;;WHEEL_POS;52.434,40.10
VAL;2026-09-18 16:39:38.380379;;;WHEEL_POS;52.465,40.10
VAL;2026-09-18 16:39:38.402528;;;WHEEL_POS;52.487,40.10
VAL;2026-09-18 16:39:38.418164;;;WHEEL_POS;52.502,40.10
VAL;2026-09-18 16:39:38.465043;;;WHEEL_POS;52.549,40.10
VAL;2026-09-18 16:39:38.480667;;;WHEEL_POS;52.565,40.10
VAL;2026-09-18 16:39:38.536063;;;WHEEL_POS;52.620,40.10
VAL;2026-09-18 16:39:38.566043;;;WHEEL_POS;52.650,40.10
EVENT;2026-09-18 16:39:38.597299;6.1794;;158;Tup
END-TRIAL;2026-09-18 16:39:38.597299;;;The trial ended;
INFO;2026-09-18 16:39:38.597299;56.066231;62.245634;TRIAL-BPOD-TIME;6.179403000000001
STATE;2026-09-18 16:39:38.597299;0;1.6794;WheelDotPeriod;1.6794
STATE;2026-09-18 16:39:38.597299;1.6794;2.1794000000000002;ErrorConsumption;0.5000000000000002
STATE;2026-09-18 16:39:38.597299;2.1794000000000002;6.1794;IncorrectITI;4.0
STATE;2026-09-18 16:39:38.597299;nan;nan;Reward;nan
STATE;2026-09-18 16:39:38.597299;nan;nan;Consumption;nan
STATE;2026-09-18 16:39:38.597299;nan;nan;NoResponse;nan
STATE;2026-09-18 16:39:38.597299;nan;nan;ITI;nan
VAL;2026-09-18 16:39:38.602806;;;WHEEL_POS;52.687,40.10
VAL;2026-09-18 16:39:38.665314;;;INCLUDED;True
VAL;2026-09-18 16:39:38.665314;;;CONSUMPTION_LICKED;False
VAL;2026-09-18 16:39:38.665314;;;LED_ON_TIME;46.49280023574829
VAL;2026-09-18 16:39:38.665314;;;DOT_ONSET_JITTER_S;0.18952224287853633
VAL;2026-09-18 16:39:38.665314;;;DOT_ONSET_TIME;46.68232247862683
VAL;2026-09-18 16:39:38.665314;;;THRESHOLD_CROSSING_TIME;48.17220023574829
VAL;2026-09-18 16:39:38.665314;;;DOT_DISAPPEAR_JITTER_S;0.652444351020095
VAL;2026-09-18 16:39:38.665314;;;DOT_DISAPPEAR_TIME;48.824644586768386
VAL;2026-09-18 16:39:38.665314;;;CORRECT;False
stdout;2026-09-18 16:39:38.665314;;;Trial 7 (warmup): side=L, NoReward;
stdout;2026-09-18 16:39:38.665314;;;|
|;
VAL;2026-09-18 16:39:38.903894;;;TRIAL_INIT_START;52.988032817840576
VAL;2026-09-18 16:39:38.935149;;;WHEEL_POS;53.019,40.10
VAL;2026-09-18 16:39:38.968251;;;WHEEL_POS;53.052,40.10
VAL;2026-09-18 16:39:38.983880;;;WHEEL_POS;53.068,40.10
VAL;2026-09-18 16:39:39.019638;;;WHEEL_POS;53.104,40.10
VAL;2026-09-18 16:39:39.050890;;;WHEEL_POS;53.135,40.10
VAL;2026-09-18 16:39:39.082143;;;WHEEL_POS;53.166,40.10
VAL;2026-09-18 16:39:39.104274;;;TRIAL_START;53.16628122329712
VAL;2026-09-18 16:39:39.104274;;;QUIESCENCE_BREAKS;0
VAL;2026-09-18 16:39:39.104274;;;TRIAL_TYPE;warmup
VAL;2026-09-18 16:39:39.260518;;;TRIAL_SIDE;L
VAL;2026-09-18 16:39:39.260518;;;CLICK_TIMES_L;0.0344,0.0820,0.1015,0.1440,0.2355
VAL;2026-09-18 16:39:39.260518;;;CLICK_TIMES_R;
VAL;2026-09-18 16:39:39.260518;;;N_CLICKS_L;5
VAL;2026-09-18 16:39:39.260518;;;N_CLICKS_R;0
VAL;2026-09-18 16:39:39.260518;;;STIM_SEED;1230582367
VAL;2026-09-18 16:39:39.260518;;;CUE_ABORT_THRESHOLD_DEG;10.0
VAL;2026-09-18 16:39:39.260518;;;RESPONSE_THRESHOLD_DEG;35.0
VAL;2026-09-18 16:39:39.260518;;;QUIESCENCE_DUR_S;0.1
VAL;2026-09-18 16:39:39.260518;;;ITI_S;1.5
VAL;2026-09-18 16:39:39.260518;;;CLICK_LEVEL_ATTENUATED;False
stdout;2026-09-18 16:39:39.260518;;;Trial 8 (warmup): side=L, n_L=5, n_R=0;
stdout;2026-09-18 16:39:39.260518;;;|
|;
VAL;2026-09-18 16:39:39.260518;;;SM_SEND_TIME;53.344655990600586
VAL;2026-09-18 16:39:39.260518;;;CUE_ONSET_TIME;53.36565599060059
TRIAL;2026-09-18 16:39:39.260518;;;New trial;
VAL;2026-09-18 16:39:39.260518;;;WHEEL_POS;53.345,0.00
VAL;2026-09-18 16:39:39.291769;;;WHEEL_POS;53.376,0.00
VAL;2026-09-18 16:39:39.320404;;;WHEEL_POS;53.405,0.00
VAL;2026-09-18 16:39:39.336031;;;WHEEL_POS;53.420,0.00
VAL;2026-09-18 16:39:39.381173;;;WHEEL_POS;53.465,0.00
VAL;2026-09-18 16:39:39.420434;;;WHEEL_POS;53.505,0.00
VAL;2026-09-18 16:39:39.436059;;;WHEEL_POS;53.520,0.00
VAL;2026-09-18 16:39:39.467311;;;WHEEL_POS;53.551,0.00
VAL;2026-09-18 16:39:39.482938;;;WHEEL_POS;53.567,0.00
VAL;2026-09-18 16:39:39.520700;;;WHEEL_POS;53.605,0.00
EVENT;2026-09-18 16:39:39.536326;0.271;;158;Tup
TRANSITION;2026-09-18 16:39:39.536326;0.271;;DelayPeriod;
VAL;2026-09-18 16:39:39.557299;;;WHEEL_POS;53.641,0.00
VAL;2026-09-18 16:39:39.572927;;;WHEEL_POS;53.657,0.00
VAL;2026-09-18 16:39:39.605184;;;WHEEL_POS;53.689,0.00
VAL;2026-09-18 16:39:39.620812;;;WHEEL_POS;53.705,0.00
VAL;2026-09-18 16:39:39.652066;;;WHEEL_POS;53.736,0.00
EVENT;2026-09-18 16:39:39.667691;0.4061;;158;Tup
TRANSITION;2026-09-18 16:39:39.667691;0.4061;;CueComplete;
EVENT;2026-09-18 16:39:39.667691;0.4062;;158;Tup
END-TRIAL;2026-09-18 16:39:39.667691;;;The trial ended;
INFO;2026-09-18 16:39:39.667691;62.922131;63.328335;TRIAL-BPOD-TIME;0.40620400000000245
STATE;2026-09-18 16:39:39.667691;0;0.271;CuePeriod;0.271
STATE;2026-09-18 16:39:39.667691;0.271;0.4061;DelayPeriod;0.1351
STATE;2026-09-18 16:39:39.667691;0.4061;0.4062;CueComplete;9.999999999998899e-05
STATE;2026-09-18 16:39:39.667691;nan;nan;WheelAbort;nan
STATE;2026-09-18 16:39:39.667691;nan;nan;AbortITI;nan
VAL;2026-09-18 16:39:39.683319;;;SM_SEND_TIME;53.767457008361816
TRIAL;2026-09-18 16:39:39.683319;;;New trial;
VAL;2026-09-18 16:39:39.683319;;;WHEEL_POS;53.767,0.00
VAL;2026-09-18 16:39:39.721079;;;WHEEL_POS;53.805,0.00
VAL;2026-09-18 16:39:39.757659;;;WHEEL_POS;53.842,0.00
VAL;2026-09-18 16:39:39.773288;;;WHEEL_POS;53.857,0.00
VAL;2026-09-18 16:39:39.788914;;;WHEEL_POS;53.873,0.00
VAL;2026-09-18 16:39:39.821172;;;WHEEL_POS;53.905,0.00
VAL;2026-09-18 16:39:39.852425;;;WHEEL_POS;53.937,0.00
VAL;2026-09-18 16:39:39.868050;;;WHEEL_POS;53.952,0.00
VAL;2026-09-18 16:39:39.899303;;;WHEEL_POS;53.983,0.00
VAL;2026-09-18 16:39:39.921437;;;WHEEL_POS;54.006,0.00
VAL;2026-09-18 16:39:39.958343;;;WHEEL_POS;54.042,0.00
VAL;2026-09-18 16:39:39.973972;;;WHEEL_POS;54.058,0.00
VAL;2026-09-18 16:39:40.021364;;;WHEEL_POS;54.106,0.00
VAL;2026-09-18 16:39:40.036981;;;WHEEL_POS;54.121,0.00
VAL;2026-09-18 16:39:40.068233;;;WHEEL_POS;54.152,0.00
VAL;2026-09-18 16:39:40.083863;;;WHEEL_POS;54.168,0.00
VAL;2026-09-18 16:39:40.121626;;;WHEEL_POS;54.206,0.00
VAL;2026-09-18 16:39:40.159329;;;WHEEL_POS;54.243,0.00
VAL;2026-09-18 16:39:40.174957;;;WHEEL_POS;54.259,0.00
VAL;2026-09-18 16:39:40.206098;;;WHEEL_POS;54.290,0.00
VAL;2026-09-18 16:39:40.230274;;;WHEEL_POS;54.314,0.00
VAL;2026-09-18 16:39:40.261527;;;WHEEL_POS;54.346,0.00
VAL;2026-09-18 16:39:40.277154;;;WHEEL_POS;54.361,0.00
VAL;2026-09-18 16:39:40.321923;;;WHEEL_POS;54.406,0.00
VAL;2026-09-18 16:39:40.366033;;;WHEEL_POS;54.450,0.00
VAL;2026-09-18 16:39:40.397288;;;WHEEL_POS;54.481,0.00
VAL;2026-09-18 16:39:40.437552;;;WHEEL_POS;54.522,0.00
VAL;2026-09-18 16:39:40.453174;;;WHEEL_POS;54.537,0.00
VAL;2026-09-18 16:39:40.500054;;;WHEEL_POS;54.584,0.00
VAL;2026-09-18 16:39:40.522194;;;WHEEL_POS;54.606,0.00
VAL;2026-09-18 16:39:40.544234;;;WHEEL_POS;54.628,0.00
VAL;2026-09-18 16:39:40.565240;;;WHEEL_POS;54.649,0.00
VAL;2026-09-18 16:39:40.582605;;;WHEEL_POS;54.667,0.00
VAL;2026-09-18 16:39:40.599302;;;WHEEL_POS;54.683,0.00
VAL;2026-09-18 16:39:40.622436;;;WHEEL_POS;54.707,0.00
VAL;2026-09-18 16:39:40.638065;;;WHEEL_POS;54.722,0.00
VAL;2026-09-18 16:39:40.669314;;;WHEEL_POS;54.753,0.00
VAL;2026-09-18 16:39:40.684941;;;WHEEL_POS;54.769,0.00
VAL;2026-09-18 16:39:40.722705;;;WHEEL_POS;54.807,0.00
VAL;2026-09-18 16:39:40.753957;;;WHEEL_POS;54.838,0.00
VAL;2026-09-18 16:39:40.778495;;;WHEEL_POS;54.863,0.00
VAL;2026-09-18 16:39:40.822770;;;WHEEL_POS;54.907,0.00
VAL;2026-09-18 16:39:40.869650;;;WHEEL_POS;54.954,0.00
VAL;2026-09-18 16:39:40.885281;;;WHEEL_POS;54.969,0.00
VAL;2026-09-18 16:39:40.900901;;;WHEEL_POS;54.985,0.00
VAL;2026-09-18 16:39:40.938666;;;WHEEL_POS;55.023,0.00
VAL;2026-09-18 16:39:40.994901;;;WHEEL_POS;55.079,0.00
VAL;2026-09-18 16:39:41.023036;;;WHEEL_POS;55.107,0.00
VAL;2026-09-18 16:39:41.054292;;;WHEEL_POS;55.138,0.00
VAL;2026-09-18 16:39:41.085541;;;WHEEL_POS;55.170,0.00
VAL;2026-09-18 16:39:41.101167;;;WHEEL_POS;55.185,0.00
VAL;2026-09-18 16:39:41.123302;;;WHEEL_POS;55.207,0.00
VAL;2026-09-18 16:39:41.154552;;;WHEEL_POS;55.239,0.00
VAL;2026-09-18 16:39:41.180009;;;WHEEL_POS;55.264,0.00
VAL;2026-09-18 16:39:41.215711;;;WHEEL_POS;55.300,0.00
VAL;2026-09-18 16:39:41.231340;;;WHEEL_POS;55.315,0.00
VAL;2026-09-18 16:39:41.246965;;;WHEEL_POS;55.331,0.00
VAL;2026-09-18 16:39:41.278217;;;WHEEL_POS;55.362,0.00
VAL;2026-09-18 16:39:41.323478;;;WHEEL_POS;55.408,0.00
VAL;2026-09-18 16:39:41.339106;;;WHEEL_POS;55.423,0.00
VAL;2026-09-18 16:39:41.382254;;;WHEEL_POS;55.466,0.00
VAL;2026-09-18 16:39:41.397882;;;WHEEL_POS;55.482,0.00
VAL;2026-09-18 16:39:41.423517;;;WHEEL_POS;55.508,0.00
VAL;2026-09-18 16:39:41.454769;;;WHEEL_POS;55.539,0.00
VAL;2026-09-18 16:39:41.486026;;;WHEEL_POS;55.570,0.00
VAL;2026-09-18 16:39:41.508312;;;WHEEL_POS;55.592,0.00
VAL;2026-09-18 16:39:41.524088;;;WHEEL_POS;55.608,0.00
VAL;2026-09-18 16:39:41.549772;;;WHEEL_POS;55.634,0.00
VAL;2026-09-18 16:39:41.581765;;;WHEEL_POS;55.666,0.00
VAL;2026-09-18 16:39:41.624032;;;WHEEL_POS;55.708,0.00
VAL;2026-09-18 16:39:41.670910;;;WHEEL_POS;55.755,0.00
VAL;2026-09-18 16:39:41.686537;;;WHEEL_POS;55.771,0.00
VAL;2026-09-18 16:39:41.724294;;;WHEEL_POS;55.808,0.00
VAL;2026-09-18 16:39:41.739922;;;WHEEL_POS;55.824,0.00
VAL;2026-09-18 16:39:41.798177;;;WHEEL_POS;55.882,0.00
VAL;2026-09-18 16:39:41.824321;;;WHEEL_POS;55.908,0.00
VAL;2026-09-18 16:39:41.839947;;;WHEEL_POS;55.924,0.00
VAL;2026-09-18 16:39:41.871204;;;WHEEL_POS;55.955,0.00
VAL;2026-09-18 16:39:41.902452;;;WHEEL_POS;55.987,0.00
VAL;2026-09-18 16:39:41.940212;;;WHEEL_POS;56.024,0.00
VAL;2026-09-18 16:39:41.955838;;;WHEEL_POS;56.040,0.00
VAL;2026-09-18 16:39:41.983321;;;WHEEL_POS;56.067,0.00
VAL;2026-09-18 16:39:42.024589;;;WHEEL_POS;56.109,0.00
VAL;2026-09-18 16:39:42.055842;;;WHEEL_POS;56.140,0.00
VAL;2026-09-18 16:39:42.087094;;;WHEEL_POS;56.171,0.00
VAL;2026-09-18 16:39:42.124852;;;WHEEL_POS;56.209,0.00
VAL;2026-09-18 16:39:42.156104;;;WHEEL_POS;56.240,0.00
VAL;2026-09-18 16:39:42.184342;;;WHEEL_POS;56.268,0.00
VAL;2026-09-18 16:39:42.199969;;;WHEEL_POS;56.284,0.00
VAL;2026-09-18 16:39:42.215983;;;WHEEL_POS;56.300,0.00
VAL;2026-09-18 16:39:42.247237;;;WHEEL_POS;56.331,0.00
VAL;2026-09-18 16:39:42.278489;;;WHEEL_POS;56.363,0.00
VAL;2026-09-18 16:39:42.294115;;;WHEEL_POS;56.378,0.00
VAL;2026-09-18 16:39:42.325250;;;WHEEL_POS;56.409,0.00
VAL;2026-09-18 16:39:42.340875;;;WHEEL_POS;56.425,0.00
VAL;2026-09-18 16:39:42.384738;;;WHEEL_POS;56.469,0.00
VAL;2026-09-18 16:39:42.425505;;;WHEEL_POS;56.510,0.00
VAL;2026-09-18 16:39:42.441129;;;WHEEL_POS;56.525,0.00
VAL;2026-09-18 16:39:42.489396;;;WHEEL_POS;56.574,0.00
VAL;2026-09-18 16:39:42.506398;;;WHEEL_POS;56.591,0.00
VAL;2026-09-18 16:39:42.522403;;;WHEEL_POS;56.607,0.00
VAL;2026-09-18 16:39:42.547409;;;WHEEL_POS;56.632,0.00
VAL;2026-09-18 16:39:42.564412;;;WHEEL_POS;56.649,0.00
VAL;2026-09-18 16:39:42.580416;;;WHEEL_POS;56.665,0.00
VAL;2026-09-18 16:39:42.599420;;;WHEEL_POS;56.684,0.00
VAL;2026-09-18 16:39:42.616424;;;WHEEL_POS;56.701,0.00
VAL;2026-09-18 16:39:42.632427;;;WHEEL_POS;56.717,0.00
VAL;2026-09-18 16:39:42.648591;;;WHEEL_POS;56.733,0.00
VAL;2026-09-18 16:39:42.664219;;;WHEEL_POS;56.748,0.00
VAL;2026-09-18 16:39:42.695469;;;WHEEL_POS;56.780,0.00
VAL;2026-09-18 16:39:42.741732;;;WHEEL_POS;56.826,0.00
VAL;2026-09-18 16:39:42.757357;;;WHEEL_POS;56.841,0.00
VAL;2026-09-18 16:39:42.786869;;;WHEEL_POS;56.871,0.00
VAL;2026-09-18 16:39:42.816121;;;WHEEL_POS;56.900,0.00
VAL;2026-09-18 16:39:42.832125;;;WHEEL_POS;56.916,0.00
VAL;2026-09-18 16:39:42.848129;;;WHEEL_POS;56.932,0.00
VAL;2026-09-18 16:39:42.872134;;;WHEEL_POS;56.956,0.00
VAL;2026-09-18 16:39:42.889138;;;WHEEL_POS;56.973,0.00
VAL;2026-09-18 16:39:42.905142;;;WHEEL_POS;56.989,0.00
VAL;2026-09-18 16:39:42.929148;;;WHEEL_POS;57.012,0.00
VAL;2026-09-18 16:39:42.945151;;;WHEEL_POS;57.029,0.00
VAL;2026-09-18 16:39:42.961155;;;WHEEL_POS;57.045,0.00
VAL;2026-09-18 16:39:42.988161;;;WHEEL_POS;57.072,0.00
VAL;2026-09-18 16:39:43.005164;;;WHEEL_POS;57.089,0.00
VAL;2026-09-18 16:39:43.021168;;;WHEEL_POS;57.105,0.00
VAL;2026-09-18 16:39:43.045174;;;WHEEL_POS;57.129,0.00
VAL;2026-09-18 16:39:43.062178;;;WHEEL_POS;57.146,0.00
VAL;2026-09-18 16:39:43.078181;;;WHEEL_POS;57.162,0.00
VAL;2026-09-18 16:39:43.103188;;;WHEEL_POS;57.187,0.00
VAL;2026-09-18 16:39:43.119190;;;WHEEL_POS;57.203,0.00
VAL;2026-09-18 16:39:43.135194;;;WHEEL_POS;57.219,0.00
VAL;2026-09-18 16:39:43.162200;;;WHEEL_POS;57.246,0.00
VAL;2026-09-18 16:39:43.179204;;;WHEEL_POS;57.263,0.00
VAL;2026-09-18 16:39:43.195208;;;WHEEL_POS;57.279,0.00
VAL;2026-09-18 16:39:43.221213;;;WHEEL_POS;57.305,0.00
VAL;2026-09-18 16:39:43.237219;;;WHEEL_POS;57.321,0.00
VAL;2026-09-18 16:39:43.253221;;;WHEEL_POS;57.337,0.00
VAL;2026-09-18 16:39:43.269224;;;WHEEL_POS;57.353,0.00
VAL;2026-09-18 16:39:43.285228;;;WHEEL_POS;57.369,0.00
VAL;2026-09-18 16:39:43.301233;;;WHEEL_POS;57.385,0.00
VAL;2026-09-18 16:39:43.315408;;;WHEEL_POS;57.400,0.00
VAL;2026-09-18 16:39:43.331035;;;WHEEL_POS;57.415,0.00
VAL;2026-09-18 16:39:43.367293;;;WHEEL_POS;57.451,0.00
VAL;2026-09-18 16:39:43.389907;;;WHEEL_POS;57.474,0.00
VAL;2026-09-18 16:39:43.427168;;;WHEEL_POS;57.511,0.00
VAL;2026-09-18 16:39:43.458420;;;WHEEL_POS;57.543,0.00
VAL;2026-09-18 16:39:43.489669;;;WHEEL_POS;57.574,0.00
VAL;2026-09-18 16:39:43.527427;;;WHEEL_POS;57.612,0.00
VAL;2026-09-18 16:39:43.543053;;;WHEEL_POS;57.627,0.00
VAL;2026-09-18 16:39:43.575055;;;WHEEL_POS;57.659,0.00
VAL;2026-09-18 16:39:43.590684;;;WHEEL_POS;57.675,0.00
VAL;2026-09-18 16:39:43.627451;;;WHEEL_POS;57.712,0.00
VAL;2026-09-18 16:39:43.643076;;;WHEEL_POS;57.727,0.00
VAL;2026-09-18 16:39:43.674328;;;WHEEL_POS;57.758,0.00
VAL;2026-09-18 16:39:43.705580;;;WHEEL_POS;57.790,0.00
VAL;2026-09-18 16:39:43.727712;;;WHEEL_POS;57.812,0.00
VAL;2026-09-18 16:39:43.758965;;;WHEEL_POS;57.843,0.00
VAL;2026-09-18 16:39:43.792721;;;WHEEL_POS;57.877,0.00
VAL;2026-09-18 16:39:43.827982;;;WHEEL_POS;57.912,0.00
VAL;2026-09-18 16:39:43.859236;;;WHEEL_POS;57.943,0.00
VAL;2026-09-18 16:39:43.890485;;;WHEEL_POS;57.975,0.00
VAL;2026-09-18 16:39:43.906115;;;WHEEL_POS;57.990,0.00
VAL;2026-09-18 16:39:43.928255;;;WHEEL_POS;58.012,0.00
VAL;2026-09-18 16:39:43.943882;;;WHEEL_POS;58.028,0.00
VAL;2026-09-18 16:39:43.978110;;;WHEEL_POS;58.062,0.00
VAL;2026-09-18 16:39:43.993738;;;WHEEL_POS;58.078,0.00
VAL;2026-09-18 16:39:44.028497;;;WHEEL_POS;58.113,0.00
VAL;2026-09-18 16:39:44.044124;;;WHEEL_POS;58.128,0.00
VAL;2026-09-18 16:39:44.075376;;;WHEEL_POS;58.160,0.00
VAL;2026-09-18 16:39:44.091002;;;WHEEL_POS;58.175,0.00
VAL;2026-09-18 16:39:44.128761;;;WHEEL_POS;58.213,0.00
VAL;2026-09-18 16:39:44.160013;;;WHEEL_POS;58.244,0.00
VAL;2026-09-18 16:39:44.194605;;;WHEEL_POS;58.279,0.00
VAL;2026-09-18 16:39:44.235872;;;WHEEL_POS;58.320,0.00
VAL;2026-09-18 16:39:44.267125;;;WHEEL_POS;58.351,0.00
VAL;2026-09-18 16:39:44.298377;;;WHEEL_POS;58.383,0.00
VAL;2026-09-18 16:39:44.329012;;;WHEEL_POS;58.413,0.00
VAL;2026-09-18 16:39:44.361772;;;WHEEL_POS;58.446,0.00
VAL;2026-09-18 16:39:44.379902;;;WHEEL_POS;58.464,0.00
VAL;2026-09-18 16:39:44.395531;;;WHEEL_POS;58.480,0.00
VAL;2026-09-18 16:39:44.429287;;;WHEEL_POS;58.513,0.00
VAL;2026-09-18 16:39:44.460539;;;WHEEL_POS;58.545,0.00
VAL;2026-09-18 16:39:44.476167;;;WHEEL_POS;58.560,0.00
VAL;2026-09-18 16:39:44.507419;;;WHEEL_POS;58.592,0.00
VAL;2026-09-18 16:39:44.529552;;;WHEEL_POS;58.614,0.00
VAL;2026-09-18 16:39:44.545179;;;WHEEL_POS;58.629,0.00
VAL;2026-09-18 16:39:44.560804;;;WHEEL_POS;58.645,0.00
VAL;2026-09-18 16:39:44.596450;;;WHEEL_POS;58.681,0.00
VAL;2026-09-18 16:39:44.614084;;;WHEEL_POS;58.698,0.00
VAL;2026-09-18 16:39:44.629714;;;WHEEL_POS;58.714,0.00
VAL;2026-09-18 16:39:44.660965;;;WHEEL_POS;58.745,0.00
EVENT;2026-09-18 16:39:44.692218;5.0;;158;Tup
TRANSITION;2026-09-18 16:39:44.692218;5.0;;NoResponse;
EVENT;2026-09-18 16:39:44.692218;5.000100000000001;;158;Tup
TRANSITION;2026-09-18 16:39:44.692218;5.000100000000001;;ITI;
VAL;2026-09-18 16:39:44.692218;;;WHEEL_POS;58.776,0.00
VAL;2026-09-18 16:39:44.707845;;;WHEEL_POS;58.792,0.00
VAL;2026-09-18 16:39:44.729978;;;WHEEL_POS;58.814,0.00
VAL;2026-09-18 16:39:44.761231;;;WHEEL_POS;58.845,0.00
VAL;2026-09-18 16:39:44.797330;;;WHEEL_POS;58.881,0.00
VAL;2026-09-18 16:39:44.830090;;;WHEEL_POS;58.914,0.00
VAL;2026-09-18 16:39:44.861343;;;WHEEL_POS;58.945,0.00
VAL;2026-09-18 16:39:44.892594;;;WHEEL_POS;58.977,0.00
VAL;2026-09-18 16:39:44.930353;;;WHEEL_POS;59.014,0.00
VAL;2026-09-18 16:39:44.945980;;;WHEEL_POS;59.030,0.00
VAL;2026-09-18 16:39:44.982610;;;WHEEL_POS;59.067,0.00
VAL;2026-09-18 16:39:44.998237;;;WHEEL_POS;59.082,0.00
VAL;2026-09-18 16:39:45.014869;;;WHEEL_POS;59.099,0.00
VAL;2026-09-18 16:39:45.030499;;;WHEEL_POS;59.115,0.00
VAL;2026-09-18 16:39:45.046124;;;WHEEL_POS;59.130,0.00
VAL;2026-09-18 16:39:45.077378;;;WHEEL_POS;59.162,0.00
VAL;2026-09-18 16:39:45.093002;;;WHEEL_POS;59.177,0.00
VAL;2026-09-18 16:39:45.130764;;;WHEEL_POS;59.215,0.00
VAL;2026-09-18 16:39:45.162016;;;WHEEL_POS;59.246,0.00
VAL;2026-09-18 16:39:45.199143;;;WHEEL_POS;59.283,0.00
VAL;2026-09-18 16:39:45.252039;;;WHEEL_POS;59.336,0.00
VAL;2026-09-18 16:39:45.267667;;;WHEEL_POS;59.352,0.00
VAL;2026-09-18 16:39:45.315554;;;WHEEL_POS;59.400,0.00
VAL;2026-09-18 16:39:45.331185;;;WHEEL_POS;59.415,0.00
VAL;2026-09-18 16:39:45.362435;;;WHEEL_POS;59.447,0.00
VAL;2026-09-18 16:39:45.383943;;;WHEEL_POS;59.468,0.00
VAL;2026-09-18 16:39:45.415702;;;WHEEL_POS;59.500,0.00
VAL;2026-09-18 16:39:45.431332;;;WHEEL_POS;59.515,0.00
VAL;2026-09-18 16:39:45.446959;;;WHEEL_POS;59.531,0.00
VAL;2026-09-18 16:39:45.478210;;;WHEEL_POS;59.562,0.00
VAL;2026-09-18 16:39:45.515981;;;WHEEL_POS;59.600,0.00
VAL;2026-09-18 16:39:45.531609;;;WHEEL_POS;59.616,0.00
VAL;2026-09-18 16:39:45.547236;;;WHEEL_POS;59.631,0.00
VAL;2026-09-18 16:39:45.562861;;;WHEEL_POS;59.647,0.00
VAL;2026-09-18 16:39:45.601148;;;WHEEL_POS;59.685,0.00
VAL;2026-09-18 16:39:45.647411;;;WHEEL_POS;59.732,0.00
VAL;2026-09-18 16:39:45.663037;;;WHEEL_POS;59.747,0.00
VAL;2026-09-18 16:39:45.709916;;;WHEEL_POS;59.794,0.00
VAL;2026-09-18 16:39:45.732057;;;WHEEL_POS;59.816,0.00
VAL;2026-09-18 16:39:45.763309;;;WHEEL_POS;59.847,0.00
VAL;2026-09-18 16:39:45.786962;;;WHEEL_POS;59.871,0.00
VAL;2026-09-18 16:39:45.802591;;;WHEEL_POS;59.887,0.00
VAL;2026-09-18 16:39:45.847858;;;WHEEL_POS;59.932,0.00
VAL;2026-09-18 16:39:45.863478;;;WHEEL_POS;59.948,0.00
VAL;2026-09-18 16:39:45.879105;;;WHEEL_POS;59.963,0.00
VAL;2026-09-18 16:39:45.916879;;;WHEEL_POS;60.001,0.00
VAL;2026-09-18 16:39:45.932509;;;WHEEL_POS;60.017,0.00
VAL;2026-09-18 16:39:45.948137;;;WHEEL_POS;60.032,0.00
VAL;2026-09-18 16:39:45.986401;;;WHEEL_POS;60.071,0.00
VAL;2026-09-18 16:39:46.002030;;;WHEEL_POS;60.086,0.00
VAL;2026-09-18 16:39:46.032664;;;WHEEL_POS;60.117,0.00
VAL;2026-09-18 16:39:46.063915;;;WHEEL_POS;60.148,0.00
VAL;2026-09-18 16:39:46.095168;;;WHEEL_POS;60.179,0.00
VAL;2026-09-18 16:39:46.132932;;;WHEEL_POS;60.217,0.00
VAL;2026-09-18 16:39:46.164182;;;WHEEL_POS;60.248,0.00
EVENT;2026-09-18 16:39:46.188965;6.500100000000001;;158;Tup
END-TRIAL;2026-09-18 16:39:46.188965;;;The trial ended;
INFO;2026-09-18 16:39:46.188965;63.344131;69.844234;TRIAL-BPOD-TIME;6.500103000000003
STATE;2026-09-18 16:39:46.188965;0;5.0;WheelDotPeriod;5.0
STATE;2026-09-18 16:39:46.188965;5.0;5.000100000000001;NoResponse;0.00010000000000065512
STATE;2026-09-18 16:39:46.188965;5.000100000000001;6.500100000000001;ITI;1.5
STATE;2026-09-18 16:39:46.188965;nan;nan;Reward;nan
STATE;2026-09-18 16:39:46.188965;nan;nan;Consumption;nan
STATE;2026-09-18 16:39:46.188965;nan;nan;ErrorConsumption;nan
STATE;2026-09-18 16:39:46.188965;nan;nan;IncorrectITI;nan
VAL;2026-09-18 16:39:46.252371;;;INCLUDED;False
VAL;2026-09-18 16:39:46.252371;;;CONSUMPTION_LICKED;
VAL;2026-09-18 16:39:46.252371;;;LED_ON_TIME;53.767457008361816
VAL;2026-09-18 16:39:46.252371;;;DOT_ONSET_JITTER_S;0.19382784231063674
VAL;2026-09-18 16:39:46.252371;;;DOT_ONSET_TIME;53.961284850672456
VAL;2026-09-18 16:39:46.252371;;;TIMED_OUT;58.767457008361816
stdout;2026-09-18 16:39:46.252371;;;Trial 8 (warmup): side=L, NoResponse;
stdout;2026-09-18 16:39:46.252371;;;|
|;
VAL;2026-09-18 16:39:46.509458;;;TRIAL_INIT_START;60.5935959815979
VAL;2026-09-18 16:39:46.537098;;;WHEEL_POS;60.621,0.00
VAL;2026-09-18 16:39:46.568351;;;WHEEL_POS;60.652,0.00
VAL;2026-09-18 16:39:46.589481;;;WHEEL_POS;60.674,0.00
VAL;2026-09-18 16:39:46.606559;;;WHEEL_POS;60.691,0.00
VAL;2026-09-18 16:39:46.634698;;;WHEEL_POS;60.719,0.00
VAL;2026-09-18 16:39:46.665951;;;WHEEL_POS;60.750,0.00
VAL;2026-09-18 16:39:46.697201;;;WHEEL_POS;60.781,0.00
VAL;2026-09-18 16:39:46.719331;;;TRIAL_START;60.78133988380432
VAL;2026-09-18 16:39:46.719331;;;QUIESCENCE_BREAKS;0
VAL;2026-09-18 16:39:46.719331;;;TRIAL_TYPE;warmup
VAL;2026-09-18 16:39:46.866231;;;TRIAL_SIDE;L
VAL;2026-09-18 16:39:46.866231;;;CLICK_TIMES_L;0.1891,0.2103,0.2361
VAL;2026-09-18 16:39:46.866231;;;CLICK_TIMES_R;
VAL;2026-09-18 16:39:46.866231;;;N_CLICKS_L;3
VAL;2026-09-18 16:39:46.866231;;;N_CLICKS_R;0
VAL;2026-09-18 16:39:46.866231;;;STIM_SEED;1897182223
VAL;2026-09-18 16:39:46.866231;;;CUE_ABORT_THRESHOLD_DEG;10.0
VAL;2026-09-18 16:39:46.866231;;;RESPONSE_THRESHOLD_DEG;35.0
VAL;2026-09-18 16:39:46.866231;;;QUIESCENCE_DUR_S;0.1
VAL;2026-09-18 16:39:46.866231;;;ITI_S;1.5
VAL;2026-09-18 16:39:46.866231;;;CLICK_LEVEL_ATTENUATED;False
stdout;2026-09-18 16:39:46.866231;;;Trial 9 (warmup): side=L, n_L=3, n_R=0;
stdout;2026-09-18 16:39:46.866231;;;|
|;
VAL;2026-09-18 16:39:46.866231;;;SM_SEND_TIME;60.950369358062744
VAL;2026-09-18 16:39:46.866231;;;CUE_ONSET_TIME;60.971369358062745
TRIAL;2026-09-18 16:39:46.866231;;;New trial;
VAL;2026-09-18 16:39:46.881858;;;WHEEL_POS;60.966,0.00
VAL;2026-09-18 16:39:46.897482;;;WHEEL_POS;60.982,0.00
VAL;2026-09-18 16:39:46.913108;;;WHEEL_POS;60.997,0.00
VAL;2026-09-18 16:39:46.935244;;;WHEEL_POS;61.019,0.00
VAL;2026-09-18 16:39:46.950870;;;WHEEL_POS;61.035,0.00
VAL;2026-09-18 16:39:46.982122;;;WHEEL_POS;61.066,0.00
VAL;2026-09-18 16:39:47.008566;;;WHEEL_POS;61.093,0.00
VAL;2026-09-18 16:39:47.035200;;;WHEEL_POS;61.119,0.00
VAL;2026-09-18 16:39:47.066452;;;WHEEL_POS;61.151,0.00
VAL;2026-09-18 16:39:47.082079;;;WHEEL_POS;61.166,0.00
VAL;2026-09-18 16:39:47.113330;;;WHEEL_POS;61.197,0.00
VAL;2026-09-18 16:39:47.135465;;;WHEEL_POS;61.220,0.00
VAL;2026-09-18 16:39:47.151091;;;WHEEL_POS;61.235,0.00
EVENT;2026-09-18 16:39:47.151091;0.271;;158;Tup
TRANSITION;2026-09-18 16:39:47.151091;0.271;;DelayPeriod;
VAL;2026-09-18 16:39:47.182342;;;WHEEL_POS;61.266,0.00
VAL;2026-09-18 16:39:47.211108;;;WHEEL_POS;61.295,0.00
VAL;2026-09-18 16:39:47.238293;;;WHEEL_POS;61.322,0.00
VAL;2026-09-18 16:39:47.253921;;;WHEEL_POS;61.338,0.00
EVENT;2026-09-18 16:39:47.253921;0.37510000000000004;;158;Tup
TRANSITION;2026-09-18 16:39:47.253921;0.37510000000000004;;CueComplete;
EVENT;2026-09-18 16:39:47.253921;0.37520000000000003;;158;Tup
END-TRIAL;2026-09-18 16:39:47.253921;;;The trial ended;
INFO;2026-09-18 16:39:47.253921;70.536031;70.911235;TRIAL-BPOD-TIME;0.37520400000001075
STATE;2026-09-18 16:39:47.253921;0;0.271;CuePeriod;0.271
STATE;2026-09-18 16:39:47.253921;0.271;0.37510000000000004;DelayPeriod;0.10410000000000003
STATE;2026-09-18 16:39:47.253921;0.37510000000000004;0.37520000000000003;CueComplete;9.999999999998899e-05
STATE;2026-09-18 16:39:47.253921;nan;nan;WheelAbort;nan
STATE;2026-09-18 16:39:47.253921;nan;nan;AbortITI;nan
VAL;2026-09-18 16:39:47.285173;;;SM_SEND_TIME;61.36931109428406
TRIAL;2026-09-18 16:39:47.285173;;;New trial;
VAL;2026-09-18 16:39:47.285173;;;WHEEL_POS;61.369,0.00
VAL;2026-09-18 16:39:47.320432;;;WHEEL_POS;61.405,0.00
VAL;2026-09-18 16:39:47.336061;;;WHEEL_POS;61.420,0.00
VAL;2026-09-18 16:39:47.371318;;;WHEEL_POS;61.455,0.00
VAL;2026-09-18 16:39:47.386947;;;WHEEL_POS;61.471,0.00
VAL;2026-09-18 16:39:47.420591;;;WHEEL_POS;61.505,0.00
VAL;2026-09-18 16:39:47.436220;;;WHEEL_POS;61.520,0.00
VAL;2026-09-18 16:39:47.467474;;;WHEEL_POS;61.552,0.00
VAL;2026-09-18 16:39:47.483099;;;WHEEL_POS;61.567,0.00
VAL;2026-09-18 16:39:47.514353;;;WHEEL_POS;61.598,0.00
VAL;2026-09-18 16:39:47.536491;;;WHEEL_POS;61.621,0.00
VAL;2026-09-18 16:39:47.567743;;;WHEEL_POS;61.652,0.00
VAL;2026-09-18 16:39:47.598999;;;WHEEL_POS;61.683,0.00
VAL;2026-09-18 16:39:47.620847;;;WHEEL_POS;61.705,0.00
VAL;2026-09-18 16:39:47.652106;;;WHEEL_POS;61.736,0.00
VAL;2026-09-18 16:39:47.683356;;;WHEEL_POS;61.767,0.00
VAL;2026-09-18 16:39:47.698980;;;WHEEL_POS;61.783,0.00
VAL;2026-09-18 16:39:47.736766;;;WHEEL_POS;61.821,0.00
VAL;2026-09-18 16:39:47.768018;;;WHEEL_POS;61.852,0.00
VAL;2026-09-18 16:39:47.799275;;;WHEEL_POS;61.883,0.00
VAL;2026-09-18 16:39:47.821037;;;WHEEL_POS;61.905,0.00
VAL;2026-09-18 16:39:47.852292;;;WHEEL_POS;61.936,0.00
VAL;2026-09-18 16:39:47.883545;;;WHEEL_POS;61.968,0.00
VAL;2026-09-18 16:39:47.914797;;;WHEEL_POS;61.999,0.00
VAL;2026-09-18 16:39:47.936931;;;WHEEL_POS;62.021,0.00
VAL;2026-09-18 16:39:47.968188;;;WHEEL_POS;62.052,0.00
VAL;2026-09-18 16:39:47.999436;;;WHEEL_POS;62.084,0.00
VAL;2026-09-18 16:39:48.021325;;;WHEEL_POS;62.105,0.00
VAL;2026-09-18 16:39:48.036956;;;WHEEL_POS;62.121,0.00
VAL;2026-09-18 16:39:48.068207;;;WHEEL_POS;62.152,0.00
VAL;2026-09-18 16:39:48.099881;;;WHEEL_POS;62.184,0.00
VAL;2026-09-18 16:39:48.137155;;;WHEEL_POS;62.221,0.00
VAL;2026-09-18 16:39:48.168403;;;WHEEL_POS;62.253,0.00
VAL;2026-09-18 16:39:48.184029;;;WHEEL_POS;62.268,0.00
VAL;2026-09-18 16:39:48.215944;;;WHEEL_POS;62.300,0.00
VAL;2026-09-18 16:39:48.239632;;;WHEEL_POS;62.324,0.00
VAL;2026-09-18 16:39:48.270886;;;WHEEL_POS;62.355,0.00
VAL;2026-09-18 16:39:48.302136;;;WHEEL_POS;62.386,0.00
VAL;2026-09-18 16:39:48.336903;;;WHEEL_POS;62.421,0.00
VAL;2026-09-18 16:39:48.362043;;;WHEEL_POS;62.446,0.00
VAL;2026-09-18 16:39:48.392227;;;WHEEL_POS;62.476,0.00
VAL;2026-09-18 16:39:48.437106;;;WHEEL_POS;62.521,0.00
VAL;2026-09-18 16:39:48.468361;;;WHEEL_POS;62.552,0.00
VAL;2026-09-18 16:39:48.499611;;;WHEEL_POS;62.584,0.00
VAL;2026-09-18 16:39:48.537373;;;WHEEL_POS;62.622,0.00
VAL;2026-09-18 16:39:48.553000;;;WHEEL_POS;62.637,0.00
VAL;2026-09-18 16:39:48.599880;;;WHEEL_POS;62.684,0.00
VAL;2026-09-18 16:39:48.617927;;;WHEEL_POS;62.702,0.00
VAL;2026-09-18 16:39:48.637560;;;WHEEL_POS;62.722,0.00
VAL;2026-09-18 16:39:48.653187;;;WHEEL_POS;62.737,0.00
VAL;2026-09-18 16:39:48.684437;;;WHEEL_POS;62.769,0.00
VAL;2026-09-18 16:39:48.700064;;;WHEEL_POS;62.784,0.00
VAL;2026-09-18 16:39:48.737843;;;WHEEL_POS;62.822,0.00
VAL;2026-09-18 16:39:48.784722;;;WHEEL_POS;62.869,0.00
VAL;2026-09-18 16:39:48.800349;;;WHEEL_POS;62.884,0.00
VAL;2026-09-18 16:39:48.818955;;;WHEEL_POS;62.903,0.00
VAL;2026-09-18 16:39:48.838088;;;WHEEL_POS;62.922,0.00
VAL;2026-09-18 16:39:48.869344;;;WHEEL_POS;62.953,0.00
VAL;2026-09-18 16:39:48.884966;;;WHEEL_POS;62.969,0.00
VAL;2026-09-18 16:39:48.922736;;;WHEEL_POS;63.007,0.00
VAL;2026-09-18 16:39:48.938368;;;WHEEL_POS;63.023,0.00
VAL;2026-09-18 16:39:48.953995;;;WHEEL_POS;63.038,0.00
VAL;2026-09-18 16:39:48.985248;;;WHEEL_POS;63.069,0.00
VAL;2026-09-18 16:39:49.019349;;;WHEEL_POS;63.103,0.00
VAL;2026-09-18 16:39:49.038481;;;WHEEL_POS;63.123,0.00
VAL;2026-09-18 16:39:49.069732;;;WHEEL_POS;63.154,0.00
VAL;2026-09-18 16:39:49.100985;;;WHEEL_POS;63.185,0.00
VAL;2026-09-18 16:39:49.138750;;;WHEEL_POS;63.223,0.00
VAL;2026-09-18 16:39:49.170003;;;WHEEL_POS;63.254,0.00
VAL;2026-09-18 16:39:49.201260;;;WHEEL_POS;63.285,0.00
VAL;2026-09-18 16:39:49.240173;;;WHEEL_POS;63.324,0.00
VAL;2026-09-18 16:39:49.271426;;;WHEEL_POS;63.356,0.00
VAL;2026-09-18 16:39:49.287051;;;WHEEL_POS;63.371,0.00
VAL;2026-09-18 16:39:49.323312;;;WHEEL_POS;63.407,0.00
VAL;2026-09-18 16:39:49.338942;;;WHEEL_POS;63.423,0.00
VAL;2026-09-18 16:39:49.378214;;;WHEEL_POS;63.462,0.00
VAL;2026-09-18 16:39:49.409469;;;WHEEL_POS;63.494,0.00
VAL;2026-09-18 16:39:49.454773;;;WHEEL_POS;63.539,0.00
VAL;2026-09-18 16:39:49.470398;;;WHEEL_POS;63.555,0.00
VAL;2026-09-18 16:39:49.486024;;;WHEEL_POS;63.570,0.00
VAL;2026-09-18 16:39:49.523786;;;WHEEL_POS;63.608,0.00
VAL;2026-09-18 16:39:49.539417;;;WHEEL_POS;63.624,0.00
VAL;2026-09-18 16:39:49.555041;;;WHEEL_POS;63.639,0.00
VAL;2026-09-18 16:39:49.586296;;;WHEEL_POS;63.670,0.00
VAL;2026-09-18 16:39:49.620882;;;WHEEL_POS;63.705,0.00
VAL;2026-09-18 16:39:49.639514;;;WHEEL_POS;63.724,0.00
VAL;2026-09-18 16:39:49.670766;;;WHEEL_POS;63.755,0.00
VAL;2026-09-18 16:39:49.702018;;;WHEEL_POS;63.786,0.00
VAL;2026-09-18 16:39:49.739792;;;WHEEL_POS;63.824,0.00
VAL;2026-09-18 16:39:49.771044;;;WHEEL_POS;63.855,0.00
VAL;2026-09-18 16:39:49.802296;;;WHEEL_POS;63.886,0.00
VAL;2026-09-18 16:39:49.821414;;;WHEEL_POS;63.906,0.00
VAL;2026-09-18 16:39:49.855674;;;WHEEL_POS;63.940,0.00
VAL;2026-09-18 16:39:49.871298;;;WHEEL_POS;63.955,0.00
VAL;2026-09-18 16:39:49.886924;;;WHEEL_POS;63.971,0.00
VAL;2026-09-18 16:39:49.924688;;;WHEEL_POS;64.009,0.00
VAL;2026-09-18 16:39:49.940318;;;WHEEL_POS;64.024,0.00
VAL;2026-09-18 16:39:49.955944;;;WHEEL_POS;64.040,0.00
VAL;2026-09-18 16:39:49.987198;;;WHEEL_POS;64.071,0.00
VAL;2026-09-18 16:39:50.021804;;;WHEEL_POS;64.106,0.00
VAL;2026-09-18 16:39:50.056063;;;WHEEL_POS;64.140,0.00
VAL;2026-09-18 16:39:50.071688;;;WHEEL_POS;64.156,0.00
VAL;2026-09-18 16:39:50.102940;;;WHEEL_POS;64.187,0.00
VAL;2026-09-18 16:39:50.140705;;;WHEEL_POS;64.225,0.00
VAL;2026-09-18 16:39:50.171958;;;WHEEL_POS;64.256,0.00
VAL;2026-09-18 16:39:50.203211;;;WHEEL_POS;64.287,0.00
VAL;2026-09-18 16:39:50.240876;;;WHEEL_POS;64.325,0.00
VAL;2026-09-18 16:39:50.272128;;;WHEEL_POS;64.356,0.00
VAL;2026-09-18 16:39:50.303380;;;WHEEL_POS;64.388,0.00
VAL;2026-09-18 16:39:50.325517;;;WHEEL_POS;64.410,0.00
VAL;2026-09-18 16:39:50.341149;;;WHEEL_POS;64.425,0.00
VAL;2026-09-18 16:39:50.377253;;;WHEEL_POS;64.461,0.00
VAL;2026-09-18 16:39:50.393888;;;WHEEL_POS;64.478,0.00
VAL;2026-09-18 16:39:50.425573;;;WHEEL_POS;64.510,0.00
VAL;2026-09-18 16:39:50.441202;;;WHEEL_POS;64.525,0.00
VAL;2026-09-18 16:39:50.472453;;;WHEEL_POS;64.557,0.00
VAL;2026-09-18 16:39:50.488078;;;WHEEL_POS;64.572,0.00
VAL;2026-09-18 16:39:50.525864;;;WHEEL_POS;64.610,0.00
VAL;2026-09-18 16:39:50.541494;;;WHEEL_POS;64.626,0.00
VAL;2026-09-18 16:39:50.557119;;;WHEEL_POS;64.641,0.00
VAL;2026-09-18 16:39:50.588375;;;WHEEL_POS;64.673,0.00
VAL;2026-09-18 16:39:50.622998;;;WHEEL_POS;64.707,0.00
VAL;2026-09-18 16:39:50.657258;;;WHEEL_POS;64.741,0.00
VAL;2026-09-18 16:39:50.672882;;;WHEEL_POS;64.757,0.00
VAL;2026-09-18 16:39:50.704134;;;WHEEL_POS;64.788,0.00
VAL;2026-09-18 16:39:50.741903;;;WHEEL_POS;64.826,0.00
VAL;2026-09-18 16:39:50.788783;;;WHEEL_POS;64.873,0.00
VAL;2026-09-18 16:39:50.804409;;;WHEEL_POS;64.889,0.00
VAL;2026-09-18 16:39:50.823373;;;WHEEL_POS;64.908,0.00
VAL;2026-09-18 16:39:50.842005;;;WHEEL_POS;64.926,0.00
VAL;2026-09-18 16:39:50.873257;;;WHEEL_POS;64.957,0.00
VAL;2026-09-18 16:39:50.888882;;;WHEEL_POS;64.973,0.00
VAL;2026-09-18 16:39:50.926644;;;WHEEL_POS;65.011,0.00
VAL;2026-09-18 16:39:50.942274;;;WHEEL_POS;65.026,0.00
VAL;2026-09-18 16:39:50.957900;;;WHEEL_POS;65.042,0.00
VAL;2026-09-18 16:39:50.989158;;;WHEEL_POS;65.073,0.00
VAL;2026-09-18 16:39:51.023772;;;WHEEL_POS;65.108,0.00
VAL;2026-09-18 16:39:51.058032;;;WHEEL_POS;65.142,0.00
VAL;2026-09-18 16:39:51.073655;;;WHEEL_POS;65.158,0.00
VAL;2026-09-18 16:39:51.120536;;;WHEEL_POS;65.205,0.00
VAL;2026-09-18 16:39:51.142674;;;WHEEL_POS;65.227,0.00
VAL;2026-09-18 16:39:51.189554;;;WHEEL_POS;65.274,0.00
VAL;2026-09-18 16:39:51.205178;;;WHEEL_POS;65.289,0.00
VAL;2026-09-18 16:39:51.242819;;;WHEEL_POS;65.327,0.00
VAL;2026-09-18 16:39:51.274071;;;WHEEL_POS;65.358,0.00
VAL;2026-09-18 16:39:51.305323;;;WHEEL_POS;65.389,0.00
VAL;2026-09-18 16:39:51.320949;;;WHEEL_POS;65.405,0.00
VAL;2026-09-18 16:39:51.343087;;;WHEEL_POS;65.427,0.00
VAL;2026-09-18 16:39:51.379360;;;WHEEL_POS;65.463,0.00
VAL;2026-09-18 16:39:51.394988;;;WHEEL_POS;65.479,0.00
VAL;2026-09-18 16:39:51.427642;;;WHEEL_POS;65.512,0.00
VAL;2026-09-18 16:39:51.474528;;;WHEEL_POS;65.559,0.00
VAL;2026-09-18 16:39:51.490148;;;WHEEL_POS;65.574,0.00
VAL;2026-09-18 16:39:51.527907;;;WHEEL_POS;65.612,0.00
VAL;2026-09-18 16:39:51.559164;;;WHEEL_POS;65.643,0.00
VAL;2026-09-18 16:39:51.590415;;;WHEEL_POS;65.675,0.00
VAL;2026-09-18 16:39:51.606052;;;WHEEL_POS;65.690,0.00
VAL;2026-09-18 16:39:51.643629;;;WHEEL_POS;65.728,0.00
VAL;2026-09-18 16:39:51.674880;;;WHEEL_POS;65.759,0.00
VAL;2026-09-18 16:39:51.706131;;;WHEEL_POS;65.790,0.00
VAL;2026-09-18 16:39:51.743905;;;WHEEL_POS;65.828,0.00
VAL;2026-09-18 16:39:51.775157;;;WHEEL_POS;65.859,0.00
VAL;2026-09-18 16:39:51.806410;;;WHEEL_POS;65.891,0.00
VAL;2026-09-18 16:39:51.825374;;;WHEEL_POS;65.910,0.00
VAL;2026-09-18 16:39:51.859632;;;WHEEL_POS;65.944,0.00
VAL;2026-09-18 16:39:51.875258;;;WHEEL_POS;65.959,0.00
VAL;2026-09-18 16:39:51.906509;;;WHEEL_POS;65.991,0.00
VAL;2026-09-18 16:39:51.928646;;;WHEEL_POS;66.013,0.00
VAL;2026-09-18 16:39:51.944278;;;WHEEL_POS;66.028,0.00
VAL;2026-09-18 16:39:51.959903;;;WHEEL_POS;66.044,0.00
VAL;2026-09-18 16:39:51.991158;;;WHEEL_POS;66.075,0.00
VAL;2026-09-18 16:39:52.025780;;;WHEEL_POS;66.110,0.00
VAL;2026-09-18 16:39:52.044411;;;WHEEL_POS;66.129,0.00
VAL;2026-09-18 16:39:52.060040;;;WHEEL_POS;66.144,0.00
VAL;2026-09-18 16:39:52.091290;;;WHEEL_POS;66.175,0.00
VAL;2026-09-18 16:39:52.129055;;;WHEEL_POS;66.213,0.00
VAL;2026-09-18 16:39:52.144686;;;WHEEL_POS;66.229,0.00
VAL;2026-09-18 16:39:52.175938;;;WHEEL_POS;66.260,0.00
VAL;2026-09-18 16:39:52.207190;;;WHEEL_POS;66.291,0.00
VAL;2026-09-18 16:39:52.244847;;;WHEEL_POS;66.329,0.00
VAL;2026-09-18 16:39:52.276100;;;WHEEL_POS;66.360,0.00
EVENT;2026-09-18 16:39:52.291725;5.0;;158;Tup
TRANSITION;2026-09-18 16:39:52.291725;5.0;;NoResponse;
EVENT;2026-09-18 16:39:52.291725;5.000100000000001;;158;Tup
TRANSITION;2026-09-18 16:39:52.291725;5.000100000000001;;ITI;
VAL;2026-09-18 16:39:52.307352;;;WHEEL_POS;66.391,0.00
VAL;2026-09-18 16:39:52.346624;;;WHEEL_POS;66.431,0.00
VAL;2026-09-18 16:39:52.362253;;;WHEEL_POS;66.446,0.00
VAL;2026-09-18 16:39:52.380422;;;WHEEL_POS;66.465,0.00
VAL;2026-09-18 16:39:52.411676;;;WHEEL_POS;66.496,0.00
VAL;2026-09-18 16:39:52.429759;;;WHEEL_POS;66.514,0.00
VAL;2026-09-18 16:39:52.461018;;;WHEEL_POS;66.545,0.00
VAL;2026-09-18 16:39:52.492266;;;WHEEL_POS;66.576,0.00
VAL;2026-09-18 16:39:52.507892;;;WHEEL_POS;66.592,0.00
VAL;2026-09-18 16:39:52.545660;;;WHEEL_POS;66.630,0.00
VAL;2026-09-18 16:39:52.592540;;;WHEEL_POS;66.677,0.00
VAL;2026-09-18 16:39:52.608164;;;WHEEL_POS;66.692,0.00
VAL;2026-09-18 16:39:52.661420;;;WHEEL_POS;66.746,0.00
VAL;2026-09-18 16:39:52.677045;;;WHEEL_POS;66.761,0.00
VAL;2026-09-18 16:39:52.723924;;;WHEEL_POS;66.808,0.00
VAL;2026-09-18 16:39:52.746062;;;WHEEL_POS;66.830,0.00
VAL;2026-09-18 16:39:52.777315;;;WHEEL_POS;66.861,0.00
VAL;2026-09-18 16:39:52.808567;;;WHEEL_POS;66.893,0.00
VAL;2026-09-18 16:39:52.827549;;;WHEEL_POS;66.912,0.00
VAL;2026-09-18 16:39:52.861808;;;WHEEL_POS;66.946,0.00
VAL;2026-09-18 16:39:52.877433;;;WHEEL_POS;66.962,0.00
VAL;2026-09-18 16:39:52.893058;;;WHEEL_POS;66.977,0.00
VAL;2026-09-18 16:39:52.930822;;;WHEEL_POS;67.015,0.00
VAL;2026-09-18 16:39:52.946450;;;WHEEL_POS;67.031,0.00
VAL;2026-09-18 16:39:52.962077;;;WHEEL_POS;67.046,0.00
VAL;2026-09-18 16:39:52.993330;;;WHEEL_POS;67.077,0.00
VAL;2026-09-18 16:39:53.028439;;;WHEEL_POS;67.113,0.00
VAL;2026-09-18 16:39:53.046571;;;WHEEL_POS;67.131,0.00
VAL;2026-09-18 16:39:53.077823;;;WHEEL_POS;67.162,0.00
VAL;2026-09-18 16:39:53.116633;;;WHEEL_POS;67.201,0.00
VAL;2026-09-18 16:39:53.146771;;;WHEEL_POS;67.231,0.00
VAL;2026-09-18 16:39:53.178023;;;WHEEL_POS;67.262,0.00
VAL;2026-09-18 16:39:53.209275;;;WHEEL_POS;67.293,0.00
VAL;2026-09-18 16:39:53.229770;;;WHEEL_POS;67.314,0.00
VAL;2026-09-18 16:39:53.247222;;;WHEEL_POS;67.331,0.00
VAL;2026-09-18 16:39:53.278475;;;WHEEL_POS;67.363,0.00
VAL;2026-09-18 16:39:53.309727;;;WHEEL_POS;67.394,0.00
VAL;2026-09-18 16:39:53.347002;;;WHEEL_POS;67.431,0.00
VAL;2026-09-18 16:39:53.381106;;;WHEEL_POS;67.465,0.00
VAL;2026-09-18 16:39:53.396736;;;WHEEL_POS;67.481,0.00
VAL;2026-09-18 16:39:53.431545;;;WHEEL_POS;67.516,0.00
VAL;2026-09-18 16:39:53.447172;;;WHEEL_POS;67.531,0.00
VAL;2026-09-18 16:39:53.478429;;;WHEEL_POS;67.563,0.00
VAL;2026-09-18 16:39:53.494052;;;WHEEL_POS;67.578,0.00
VAL;2026-09-18 16:39:53.531810;;;WHEEL_POS;67.616,0.00
VAL;2026-09-18 16:39:53.563068;;;WHEEL_POS;67.647,0.00
VAL;2026-09-18 16:39:53.609948;;;WHEEL_POS;67.694,0.00
VAL;2026-09-18 16:39:53.630928;;;WHEEL_POS;67.715,0.00
VAL;2026-09-18 16:39:53.647558;;;WHEEL_POS;67.732,0.00
VAL;2026-09-18 16:39:53.663188;;;WHEEL_POS;67.747,0.00
VAL;2026-09-18 16:39:53.694437;;;WHEEL_POS;67.779,0.00
VAL;2026-09-18 16:39:53.710062;;;WHEEL_POS;67.794,0.00
VAL;2026-09-18 16:39:53.732202;;;WHEEL_POS;67.816,0.00
VAL;2026-09-18 16:39:53.763457;;;WHEEL_POS;67.848,0.00
VAL;2026-09-18 16:39:53.779084;;;WHEEL_POS;67.863,0.00
EVENT;2026-09-18 16:39:53.779084;6.500100000000001;;158;Tup
END-TRIAL;2026-09-18 16:39:53.779084;;;The trial ended;
INFO;2026-09-18 16:39:53.794713;70.943031;77.443134;TRIAL-BPOD-TIME;6.500102999999996
STATE;2026-09-18 16:39:53.794713;0;5.0;WheelDotPeriod;5.0
STATE;2026-09-18 16:39:53.794713;5.0;5.000100000000001;NoResponse;0.00010000000000065512
STATE;2026-09-18 16:39:53.794713;5.000100000000001;6.500100000000001;ITI;1.5
STATE;2026-09-18 16:39:53.794713;nan;nan;Reward;nan
STATE;2026-09-18 16:39:53.794713;nan;nan;Consumption;nan
STATE;2026-09-18 16:39:53.794713;nan;nan;ErrorConsumption;nan
STATE;2026-09-18 16:39:53.794713;nan;nan;IncorrectITI;nan
VAL;2026-09-18 16:39:53.863782;;;INCLUDED;False
VAL;2026-09-18 16:39:53.863782;;;CONSUMPTION_LICKED;
VAL;2026-09-18 16:39:53.863782;;;LED_ON_TIME;61.36931109428406
VAL;2026-09-18 16:39:53.863782;;;DOT_ONSET_JITTER_S;0.16515659814653108
VAL;2026-09-18 16:39:53.863782;;;DOT_ONSET_TIME;61.53446769243059
VAL;2026-09-18 16:39:53.863782;;;TIMED_OUT;66.36931109428406
stdout;2026-09-18 16:39:53.863782;;;Trial 9 (warmup): side=L, NoResponse;
stdout;2026-09-18 16:39:53.863782;;;|
|;
VAL;2026-09-18 16:39:54.148222;;;TRIAL_INIT_START;68.23236060142517
VAL;2026-09-18 16:39:54.179474;;;WHEEL_POS;68.264,0.00
VAL;2026-09-18 16:39:54.195102;;;WHEEL_POS;68.279,0.00
VAL;2026-09-18 16:39:54.231364;;;WHEEL_POS;68.316,0.00
VAL;2026-09-18 16:39:54.249531;;;WHEEL_POS;68.334,0.00
VAL;2026-09-18 16:39:54.265158;;;WHEEL_POS;68.349,0.00
VAL;2026-09-18 16:39:54.296410;;;WHEEL_POS;68.381,0.00
VAL;2026-09-18 16:39:54.312036;;;WHEEL_POS;68.396,0.00
VAL;2026-09-18 16:39:54.333168;;;TRIAL_START;68.39617443084717
VAL;2026-09-18 16:39:54.333168;;;QUIESCENCE_BREAKS;0
VAL;2026-09-18 16:39:54.333168;;;TRIAL_TYPE;warmup
VAL;2026-09-18 16:39:54.466114;;;TRIAL_SIDE;R
VAL;2026-09-18 16:39:54.466114;;;CLICK_TIMES_L;
VAL;2026-09-18 16:39:54.466114;;;CLICK_TIMES_R;0.0641,0.1101,0.1764,0.2146,0.2296
VAL;2026-09-18 16:39:54.466114;;;N_CLICKS_L;0
VAL;2026-09-18 16:39:54.466114;;;N_CLICKS_R;5
VAL;2026-09-18 16:39:54.466114;;;STIM_SEED;84883973
VAL;2026-09-18 16:39:54.466114;;;CUE_ABORT_THRESHOLD_DEG;10.0
VAL;2026-09-18 16:39:54.466114;;;RESPONSE_THRESHOLD_DEG;35.0
VAL;2026-09-18 16:39:54.466114;;;QUIESCENCE_DUR_S;0.1
VAL;2026-09-18 16:39:54.466114;;;ITI_S;1.5
VAL;2026-09-18 16:39:54.466114;;;CLICK_LEVEL_ATTENUATED;False
stdout;2026-09-18 16:39:54.466114;;;Trial 10 (warmup): side=R, n_L=0, n_R=5;
stdout;2026-09-18 16:39:54.466114;;;|
|;
VAL;2026-09-18 16:39:54.466114;;;SM_SEND_TIME;68.55025243759155
VAL;2026-09-18 16:39:54.466114;;;CUE_ONSET_TIME;68.57125243759155
TRIAL;2026-09-18 16:39:54.481739;;;New trial;
VAL;2026-09-18 16:39:54.481739;;;WHEEL_POS;68.566,0.00
VAL;2026-09-18 16:39:54.497366;;;WHEEL_POS;68.582,0.00
VAL;2026-09-18 16:39:54.512993;;;WHEEL_POS;68.597,0.00
VAL;2026-09-18 16:39:54.533513;;;WHEEL_POS;68.618,0.00
VAL;2026-09-18 16:39:54.549143;;;WHEEL_POS;68.633,0.00
VAL;2026-09-18 16:39:54.580396;;;WHEEL_POS;68.665,0.00
VAL;2026-09-18 16:39:54.596022;;;WHEEL_POS;68.680,0.00
VAL;2026-09-18 16:39:54.627274;;;WHEEL_POS;68.711,0.00
VAL;2026-09-18 16:39:54.651311;;;WHEEL_POS;68.735,0.00
VAL;2026-09-18 16:39:54.666939;;;WHEEL_POS;68.751,0.00
VAL;2026-09-18 16:39:54.698190;;;WHEEL_POS;68.782,0.00
VAL;2026-09-18 16:39:54.733948;;;WHEEL_POS;68.818,0.00
VAL;2026-09-18 16:39:54.749576;;;WHEEL_POS;68.834,0.00
EVENT;2026-09-18 16:39:54.749576;0.271;;158;Tup
TRANSITION;2026-09-18 16:39:54.749576;0.271;;DelayPeriod;
VAL;2026-09-18 16:39:54.765203;;;WHEEL_POS;68.849,0.00
VAL;2026-09-18 16:39:54.796455;;;WHEEL_POS;68.881,0.00
VAL;2026-09-18 16:39:54.812082;;;WHEEL_POS;68.896,0.00
VAL;2026-09-18 16:39:54.851693;;;WHEEL_POS;68.936,0.00
VAL;2026-09-18 16:39:54.882947;;;WHEEL_POS;68.967,0.00
VAL;2026-09-18 16:39:54.914199;;;WHEEL_POS;68.998,0.00
EVENT;2026-09-18 16:39:54.949958;0.4636;;158;Tup
TRANSITION;2026-09-18 16:39:54.949958;0.4636;;CueComplete;
EVENT;2026-09-18 16:39:54.949958;0.4637;;158;Tup
END-TRIAL;2026-09-18 16:39:54.949958;;;The trial ended;
INFO;2026-09-18 16:39:54.949958;78.136931;78.600635;TRIAL-BPOD-TIME;0.4637039999999928
STATE;2026-09-18 16:39:54.949958;0;0.271;CuePeriod;0.271
STATE;2026-09-18 16:39:54.949958;0.271;0.4636;DelayPeriod;0.1926
STATE;2026-09-18 16:39:54.949958;0.4636;0.4637;CueComplete;9.999999999998899e-05
STATE;2026-09-18 16:39:54.949958;nan;nan;WheelAbort;nan
STATE;2026-09-18 16:39:54.949958;nan;nan;AbortITI;nan
VAL;2026-09-18 16:39:54.949958;;;WHEEL_POS;69.034,0.00
VAL;2026-09-18 16:39:54.981210;;;SM_SEND_TIME;69.0653486251831
TRIAL;2026-09-18 16:39:54.981210;;;New trial;
VAL;2026-09-18 16:39:54.981210;;;WHEEL_POS;69.065,0.00
VAL;2026-09-18 16:39:55.012463;;;WHEEL_POS;69.097,0.00
VAL;2026-09-18 16:39:55.028089;;;WHEEL_POS;69.112,0.00
VAL;2026-09-18 16:39:55.052050;;;WHEEL_POS;69.136,0.00
VAL;2026-09-18 16:39:55.083301;;;WHEEL_POS;69.167,0.00
VAL;2026-09-18 16:39:55.098928;;;WHEEL_POS;69.183,0.00
VAL;2026-09-18 16:39:55.134685;;;WHEEL_POS;69.219,0.00
VAL;2026-09-18 16:39:55.150316;;;WHEEL_POS;69.234,0.00
VAL;2026-09-18 16:39:55.181566;;;WHEEL_POS;69.266,0.00
VAL;2026-09-18 16:39:55.197192;;;WHEEL_POS;69.281,0.00
VAL;2026-09-18 16:39:55.231960;;;WHEEL_POS;69.316,0.00
VAL;2026-09-18 16:39:55.252107;;;WHEEL_POS;69.336,0.00
VAL;2026-09-18 16:39:55.283362;;;WHEEL_POS;69.368,0.00
VAL;2026-09-18 16:39:55.314612;;;WHEEL_POS;69.399,0.00
VAL;2026-09-18 16:39:55.350874;;;WHEEL_POS;69.435,0.00
VAL;2026-09-18 16:39:55.383558;;;WHEEL_POS;69.468,0.00
VAL;2026-09-18 16:39:55.414814;;;WHEEL_POS;69.499,0.00
VAL;2026-09-18 16:39:55.435448;;;WHEEL_POS;69.520,0.00
VAL;2026-09-18 16:39:55.452620;;;WHEEL_POS;69.537,0.00
VAL;2026-09-18 16:39:55.468249;;;WHEEL_POS;69.552,0.00
VAL;2026-09-18 16:39:55.499500;;;WHEEL_POS;69.584,0.00
VAL;2026-09-18 16:39:55.535262;;;WHEEL_POS;69.619,0.00
VAL;2026-09-18 16:39:55.550891;;;WHEEL_POS;69.635,0.00
VAL;2026-09-18 16:39:55.582144;;;WHEEL_POS;69.666,0.00
VAL;2026-09-18 16:39:55.613395;;;WHEEL_POS;69.698,0.00
VAL;2026-09-18 16:39:55.653512;;;WHEEL_POS;69.738,0.00
VAL;2026-09-18 16:39:55.669145;;;WHEEL_POS;69.753,0.00
VAL;2026-09-18 16:39:55.700397;;;WHEEL_POS;69.785,0.00
VAL;2026-09-18 16:39:55.716017;;;WHEEL_POS;69.800,0.00
VAL;2026-09-18 16:39:55.751281;;;WHEEL_POS;69.835,0.00
VAL;2026-09-18 16:39:55.782531;;;WHEEL_POS;69.867,0.00
VAL;2026-09-18 16:39:55.798157;;;WHEEL_POS;69.882,0.00
VAL;2026-09-18 16:39:55.829412;;;WHEEL_POS;69.914,0.00
VAL;2026-09-18 16:39:55.853904;;;WHEEL_POS;69.938,0.00
VAL;2026-09-18 16:39:55.885159;;;WHEEL_POS;69.969,0.00
VAL;2026-09-18 16:39:55.916409;;;WHEEL_POS;70.001,0.00
VAL;2026-09-18 16:39:55.936039;;;WHEEL_POS;70.020,0.00
VAL;2026-09-18 16:39:55.951669;;;WHEEL_POS;70.036,0.00
VAL;2026-09-18 16:39:55.982921;;;WHEEL_POS;70.067,0.00
VAL;2026-09-18 16:39:56.014177;;;WHEEL_POS;70.098,0.00
VAL;2026-09-18 16:39:56.070106;;;WHEEL_POS;70.154,0.00
VAL;2026-09-18 16:39:56.085729;;;WHEEL_POS;70.170,0.00
VAL;2026-09-18 16:39:56.136623;;;WHEEL_POS;70.221,0.00
VAL;2026-09-18 16:39:56.152260;;;WHEEL_POS;70.236,0.00
VAL;2026-09-18 16:39:56.167886;;;WHEEL_POS;70.252,0.00
VAL;2026-09-18 16:39:56.199144;;;WHEEL_POS;70.283,0.00
VAL;2026-09-18 16:39:56.233237;;;WHEEL_POS;70.317,0.00
VAL;2026-09-18 16:39:56.271055;;;WHEEL_POS;70.355,0.00
VAL;2026-09-18 16:39:56.286676;;;WHEEL_POS;70.371,0.00
VAL;2026-09-18 16:39:56.317928;;;WHEEL_POS;70.402,0.00
VAL;2026-09-18 16:39:56.362731;;;WHEEL_POS;70.447,0.00
VAL;2026-09-18 16:39:56.399990;;;WHEEL_POS;70.484,0.00
VAL;2026-09-18 16:39:56.436774;;;WHEEL_POS;70.521,0.00
VAL;2026-09-18 16:39:56.456450;;;WHEEL_POS;70.541,0.00
VAL;2026-09-18 16:39:56.472083;;;WHEEL_POS;70.556,0.00
VAL;2026-09-18 16:39:56.503330;;;WHEEL_POS;70.587,0.00
VAL;2026-09-18 16:39:56.537110;;;WHEEL_POS;70.621,0.00
VAL;2026-09-18 16:39:56.552743;;;WHEEL_POS;70.637,0.00
VAL;2026-09-18 16:39:56.599623;;;WHEEL_POS;70.684,0.00
VAL;2026-09-18 16:39:56.615249;;;WHEEL_POS;70.699,0.00
VAL;2026-09-18 16:39:56.630874;;;WHEEL_POS;70.715,0.00
VAL;2026-09-18 16:39:56.656834;;;WHEEL_POS;70.741,0.00
VAL;2026-09-18 16:39:56.688086;;;WHEEL_POS;70.772,0.00
VAL;2026-09-18 16:39:56.734965;;;WHEEL_POS;70.819,0.00
VAL;2026-09-18 16:39:56.753104;;;WHEEL_POS;70.837,0.00
VAL;2026-09-18 16:39:56.784355;;;WHEEL_POS;70.868,0.00
VAL;2026-09-18 16:39:56.799984;;;WHEEL_POS;70.884,0.00
VAL;2026-09-18 16:39:56.831233;;;WHEEL_POS;70.915,0.00
VAL;2026-09-18 16:39:56.857220;;;WHEEL_POS;70.941,0.00
VAL;2026-09-18 16:39:56.888473;;;WHEEL_POS;70.973,0.00
VAL;2026-09-18 16:39:56.904099;;;WHEEL_POS;70.988,0.00
VAL;2026-09-18 16:39:56.937869;;;WHEEL_POS;71.022,0.00
VAL;2026-09-18 16:39:56.969125;;;WHEEL_POS;71.053,0.00
VAL;2026-09-18 16:39:57.000380;;;WHEEL_POS;71.085,0.00
VAL;2026-09-18 16:39:57.031629;;;WHEEL_POS;71.116,0.00
VAL;2026-09-18 16:39:57.057613;;;WHEEL_POS;71.142,0.00
VAL;2026-09-18 16:39:57.088865;;;WHEEL_POS;71.173,0.00
VAL;2026-09-18 16:39:57.120118;;;WHEEL_POS;71.204,0.00
VAL;2026-09-18 16:39:57.153893;;;WHEEL_POS;71.238,0.00
VAL;2026-09-18 16:39:57.200773;;;WHEEL_POS;71.285,0.00
VAL;2026-09-18 16:39:57.216397;;;WHEEL_POS;71.301,0.00
VAL;2026-09-18 16:39:57.234382;;;WHEEL_POS;71.319,0.00
VAL;2026-09-18 16:39:57.258563;;;WHEEL_POS;71.343,0.00
VAL;2026-09-18 16:39:57.289816;;;WHEEL_POS;71.374,0.00
VAL;2026-09-18 16:39:57.336696;;;WHEEL_POS;71.421,0.00
VAL;2026-09-18 16:39:57.353832;;;WHEEL_POS;71.438,0.00
VAL;2026-09-18 16:39:57.415719;;;WHEEL_POS;71.500,0.00
VAL;2026-09-18 16:39:57.431343;;;WHEEL_POS;71.515,0.00
VAL;2026-09-18 16:39:57.458489;;;WHEEL_POS;71.543,0.00
VAL;2026-09-18 16:39:57.474120;;;WHEEL_POS;71.558,0.00
VAL;2026-09-18 16:39:57.505366;;;WHEEL_POS;71.590,0.00
VAL;2026-09-18 16:39:57.520994;;;WHEEL_POS;71.605,0.00
VAL;2026-09-18 16:39:57.554269;;;WHEEL_POS;71.638,0.00
VAL;2026-09-18 16:39:57.569896;;;WHEEL_POS;71.654,0.00
VAL;2026-09-18 16:39:57.601150;;;WHEEL_POS;71.685,0.00
VAL;2026-09-18 16:39:57.632400;;;WHEEL_POS;71.717,0.00
VAL;2026-09-18 16:39:57.659884;;;WHEEL_POS;71.744,0.00
VAL;2026-09-18 16:39:57.691138;;;WHEEL_POS;71.775,0.00
VAL;2026-09-18 16:39:57.722389;;;WHEEL_POS;71.807,0.00
VAL;2026-09-18 16:39:57.739018;;;WHEEL_POS;71.823,0.00
VAL;2026-09-18 16:39:57.770273;;;WHEEL_POS;71.854,0.00
VAL;2026-09-18 16:39:57.785899;;;WHEEL_POS;71.870,0.00
VAL;2026-09-18 16:39:57.817153;;;WHEEL_POS;71.901,0.00
VAL;2026-09-18 16:39:57.861305;;;WHEEL_POS;71.945,0.00
VAL;2026-09-18 16:39:57.892558;;;WHEEL_POS;71.977,0.00
VAL;2026-09-18 16:39:57.923809;;;WHEEL_POS;72.008,0.00
VAL;2026-09-18 16:39:57.954951;;;WHEEL_POS;72.039,0.00
VAL;2026-09-18 16:39:58.001831;;;WHEEL_POS;72.086,0.00
VAL;2026-09-18 16:39:58.017457;;;WHEEL_POS;72.102,0.00
VAL;2026-09-18 16:39:58.033082;;;WHEEL_POS;72.117,0.00
VAL;2026-09-18 16:39:58.062055;;;WHEEL_POS;72.146,0.00
VAL;2026-09-18 16:39:58.093308;;;WHEEL_POS;72.177,0.00
VAL;2026-09-18 16:39:58.133174;;;WHEEL_POS;72.217,0.00
VAL;2026-09-18 16:39:58.155311;;;WHEEL_POS;72.239,0.00
VAL;2026-09-18 16:39:58.170936;;;WHEEL_POS;72.255,0.00
VAL;2026-09-18 16:39:58.202190;;;WHEEL_POS;72.286,0.00
VAL;2026-09-18 16:39:58.236452;;;WHEEL_POS;72.321,0.00
VAL;2026-09-18 16:39:58.262094;;;WHEEL_POS;72.346,0.00
VAL;2026-09-18 16:39:58.293347;;;WHEEL_POS;72.377,0.00
VAL;2026-09-18 16:39:58.308973;;;WHEEL_POS;72.393,0.00
VAL;2026-09-18 16:39:58.355739;;;WHEEL_POS;72.440,0.00
VAL;2026-09-18 16:39:58.371362;;;WHEEL_POS;72.456,0.00
VAL;2026-09-18 16:39:58.400989;;;WHEEL_POS;72.485,0.00
VAL;2026-09-18 16:39:58.432245;;;WHEEL_POS;72.516,0.00
VAL;2026-09-18 16:39:58.462394;;;WHEEL_POS;72.547,0.00
VAL;2026-09-18 16:39:58.478020;;;WHEEL_POS;72.562,0.00
VAL;2026-09-18 16:39:58.509272;;;WHEEL_POS;72.593,0.00
VAL;2026-09-18 16:39:58.540410;;;WHEEL_POS;72.625,0.00
VAL;2026-09-18 16:39:58.556041;;;WHEEL_POS;72.640,0.00
VAL;2026-09-18 16:39:58.587291;;;WHEEL_POS;72.671,0.00
VAL;2026-09-18 16:39:58.602916;;;WHEEL_POS;72.687,0.00
VAL;2026-09-18 16:39:58.634170;;;WHEEL_POS;72.718,0.00
VAL;2026-09-18 16:39:58.663187;;;WHEEL_POS;72.747,0.00
VAL;2026-09-18 16:39:58.694439;;;WHEEL_POS;72.779,0.00
VAL;2026-09-18 16:39:58.710065;;;WHEEL_POS;72.794,0.00
VAL;2026-09-18 16:39:58.756327;;;WHEEL_POS;72.840,0.00
VAL;2026-09-18 16:39:58.771953;;;WHEEL_POS;72.856,0.00
VAL;2026-09-18 16:39:58.803208;;;WHEEL_POS;72.887,0.00
VAL;2026-09-18 16:39:58.834457;;;WHEEL_POS;72.919,0.00
VAL;2026-09-18 16:39:58.863801;;;WHEEL_POS;72.948,0.00
VAL;2026-09-18 16:39:58.895053;;;WHEEL_POS;72.979,0.00
VAL;2026-09-18 16:39:58.926306;;;WHEEL_POS;73.010,0.00
VAL;2026-09-18 16:39:58.945745;;;WHEEL_POS;73.030,0.00
VAL;2026-09-18 16:39:58.976999;;;WHEEL_POS;73.061,0.00
VAL;2026-09-18 16:39:59.023879;;;WHEEL_POS;73.108,0.00
VAL;2026-09-18 16:39:59.041011;;;WHEEL_POS;73.125,0.00
VAL;2026-09-18 16:39:59.080701;;;WHEEL_POS;73.165,0.00
VAL;2026-09-18 16:39:59.096326;;;WHEEL_POS;73.180,0.00
VAL;2026-09-18 16:39:59.141088;;;WHEEL_POS;73.225,0.00
VAL;2026-09-18 16:39:59.156718;;;WHEEL_POS;73.241,0.00
VAL;2026-09-18 16:39:59.203598;;;WHEEL_POS;73.288,0.00
VAL;2026-09-18 16:39:59.219226;;;WHEEL_POS;73.303,0.00
VAL;2026-09-18 16:39:59.250406;;;WHEEL_POS;73.335,0.00
VAL;2026-09-18 16:39:59.281662;;;WHEEL_POS;73.366,0.00
VAL;2026-09-18 16:39:59.312914;;;WHEEL_POS;73.397,0.00
VAL;2026-09-18 16:39:59.357181;;;WHEEL_POS;73.441,0.00
VAL;2026-09-18 16:39:59.401441;;;WHEEL_POS;73.486,0.00
VAL;2026-09-18 16:39:59.417071;;;WHEEL_POS;73.501,0.00
VAL;2026-09-18 16:39:59.454320;;;WHEEL_POS;73.538,0.00
VAL;2026-09-18 16:39:59.469951;;;WHEEL_POS;73.554,0.00
VAL;2026-09-18 16:39:59.501201;;;WHEEL_POS;73.585,0.00
VAL;2026-09-18 16:39:59.532459;;;WHEEL_POS;73.617,0.00
VAL;2026-09-18 16:39:59.557594;;;WHEEL_POS;73.642,0.00
VAL;2026-09-18 16:39:59.588848;;;WHEEL_POS;73.673,0.00
VAL;2026-09-18 16:39:59.620099;;;WHEEL_POS;73.704,0.00
VAL;2026-09-18 16:39:59.653744;;;WHEEL_POS;73.738,0.00
VAL;2026-09-18 16:39:59.685004;;;WHEEL_POS;73.769,0.00
VAL;2026-09-18 16:39:59.716260;;;WHEEL_POS;73.800,0.00
VAL;2026-09-18 16:39:59.758015;;;WHEEL_POS;73.842,0.00
VAL;2026-09-18 16:39:59.789267;;;WHEEL_POS;73.873,0.00
VAL;2026-09-18 16:39:59.804893;;;WHEEL_POS;73.889,0.00
VAL;2026-09-18 16:39:59.842669;;;WHEEL_POS;73.927,0.00
VAL;2026-09-18 16:39:59.873303;;;WHEEL_POS;73.957,0.00
VAL;2026-09-18 16:39:59.888928;;;WHEEL_POS;73.973,0.00
VAL;2026-09-18 16:39:59.920182;;;WHEEL_POS;74.004,0.00
VAL;2026-09-18 16:39:59.974068;;;WHEEL_POS;74.058,0.00
EVENT;2026-09-18 16:39:59.974068;5.0;;158;Tup
TRANSITION;2026-09-18 16:39:59.974068;5.0;;NoResponse;
EVENT;2026-09-18 16:39:59.974068;5.000100000000001;;158;Tup
TRANSITION;2026-09-18 16:39:59.974068;5.000100000000001;;ITI;
VAL;2026-09-18 16:39:59.989693;;;WHEEL_POS;74.074,0.00
VAL;2026-09-18 16:40:00.020944;;;WHEEL_POS;74.105,0.00
VAL;2026-09-18 16:40:00.058711;;;WHEEL_POS;74.143,0.00
VAL;2026-09-18 16:40:00.108102;;;WHEEL_POS;74.192,0.00
VAL;2026-09-18 16:40:00.123721;;;WHEEL_POS;74.208,0.00
VAL;2026-09-18 16:40:00.158979;;;WHEEL_POS;74.243,0.00
VAL;2026-09-18 16:40:00.190233;;;WHEEL_POS;74.274,0.00
VAL;2026-09-18 16:40:00.221484;;;WHEEL_POS;74.306,0.00
VAL;2026-09-18 16:40:00.259267;;;WHEEL_POS;74.343,0.00
VAL;2026-09-18 16:40:00.276969;;;WHEEL_POS;74.361,0.00
VAL;2026-09-18 16:40:00.292598;;;WHEEL_POS;74.377,0.00
VAL;2026-09-18 16:40:00.323854;;;WHEEL_POS;74.408,0.00
VAL;2026-09-18 16:40:00.378750;;;WHEEL_POS;74.463,0.00
VAL;2026-09-18 16:40:00.400897;;;WHEEL_POS;74.485,0.00
VAL;2026-09-18 16:40:00.432148;;;WHEEL_POS;74.516,0.00
VAL;2026-09-18 16:40:00.459282;;;WHEEL_POS;74.543,0.00
VAL;2026-09-18 16:40:00.477253;;;WHEEL_POS;74.561,0.00
VAL;2026-09-18 16:40:00.492881;;;WHEEL_POS;74.577,0.00
VAL;2026-09-18 16:40:00.524136;;;WHEEL_POS;74.608,0.00
VAL;2026-09-18 16:40:00.559392;;;WHEEL_POS;74.644,0.00
VAL;2026-09-18 16:40:00.575020;;;WHEEL_POS;74.659,0.00
VAL;2026-09-18 16:40:00.606271;;;WHEEL_POS;74.690,0.00
VAL;2026-09-18 16:40:00.621897;;;WHEEL_POS;74.706,0.00
VAL;2026-09-18 16:40:00.659665;;;WHEEL_POS;74.744,0.00
VAL;2026-09-18 16:40:00.693352;;;WHEEL_POS;74.777,0.00
VAL;2026-09-18 16:40:00.708979;;;WHEEL_POS;74.793,0.00
VAL;2026-09-18 16:40:00.744233;;;WHEEL_POS;74.828,0.00
VAL;2026-09-18 16:40:00.759862;;;WHEEL_POS;74.844,0.00
VAL;2026-09-18 16:40:00.791117;;;WHEEL_POS;74.875,0.00
VAL;2026-09-18 16:40:00.822366;;;WHEEL_POS;74.907,0.00
VAL;2026-09-18 16:40:00.844500;;;WHEEL_POS;74.929,0.00
VAL;2026-09-18 16:40:00.878140;;;WHEEL_POS;74.962,0.00
VAL;2026-09-18 16:40:00.893768;;;WHEEL_POS;74.978,0.00
VAL;2026-09-18 16:40:00.925021;;;WHEEL_POS;75.009,0.00
VAL;2026-09-18 16:40:00.960279;;;WHEEL_POS;75.044,0.00
VAL;2026-09-18 16:40:00.991532;;;WHEEL_POS;75.076,0.00
VAL;2026-09-18 16:40:01.007158;;;WHEEL_POS;75.091,0.00
VAL;2026-09-18 16:40:01.044918;;;WHEEL_POS;75.129,0.00
VAL;2026-09-18 16:40:01.060547;;;WHEEL_POS;75.145,0.00
VAL;2026-09-18 16:40:01.078509;;;WHEEL_POS;75.163,0.00
VAL;2026-09-18 16:40:01.109766;;;WHEEL_POS;75.194,0.00
VAL;2026-09-18 16:40:01.125391;;;WHEEL_POS;75.210,0.00
VAL;2026-09-18 16:40:01.145020;;;WHEEL_POS;75.229,0.00
VAL;2026-09-18 16:40:01.160649;;;WHEEL_POS;75.245,0.00
VAL;2026-09-18 16:40:01.191900;;;WHEEL_POS;75.276,0.00
VAL;2026-09-18 16:40:01.238694;;;WHEEL_POS;75.323,0.00
VAL;2026-09-18 16:40:01.260827;;;WHEEL_POS;75.345,0.00
VAL;2026-09-18 16:40:01.294621;;;WHEEL_POS;75.379,0.00
VAL;2026-09-18 16:40:01.325874;;;WHEEL_POS;75.410,0.00
VAL;2026-09-18 16:40:01.361136;;;WHEEL_POS;75.445,0.00
VAL;2026-09-18 16:40:01.404717;;;WHEEL_POS;75.489,0.00
VAL;2026-09-18 16:40:01.435973;;;WHEEL_POS;75.520,0.00
VAL;2026-09-18 16:40:01.461111;;;WHEEL_POS;75.545,0.00
EVENT;2026-09-18 16:40:01.479774;6.500100000000001;;158;Tup
END-TRIAL;2026-09-18 16:40:01.479774;;;The trial ended;
INFO;2026-09-18 16:40:01.479774;78.637931;85.138034;TRIAL-BPOD-TIME;6.50010300000001
STATE;2026-09-18 16:40:01.479774;0;5.0;WheelDotPeriod;5.0
STATE;2026-09-18 16:40:01.479774;5.0;5.000100000000001;NoResponse;0.00010000000000065512
STATE;2026-09-18 16:40:01.479774;5.000100000000001;6.500100000000001;ITI;1.5
STATE;2026-09-18 16:40:01.479774;nan;nan;Reward;nan
STATE;2026-09-18 16:40:01.479774;nan;nan;Consumption;nan
STATE;2026-09-18 16:40:01.479774;nan;nan;ErrorConsumption;nan
STATE;2026-09-18 16:40:01.479774;nan;nan;IncorrectITI;nan
VAL;2026-09-18 16:40:01.511031;;;INCLUDED;False
VAL;2026-09-18 16:40:01.511031;;;CONSUMPTION_LICKED;
VAL;2026-09-18 16:40:01.511031;;;LED_ON_TIME;69.0653486251831
VAL;2026-09-18 16:40:01.511031;;;DOT_ONSET_JITTER_S;0.1280245876439415
VAL;2026-09-18 16:40:01.511031;;;DOT_ONSET_TIME;69.19337321282704
VAL;2026-09-18 16:40:01.511031;;;TIMED_OUT;74.0653486251831
stdout;2026-09-18 16:40:01.511031;;;Trial 10 (warmup): side=R, NoResponse;
stdout;2026-09-18 16:40:01.511031;;;|
|;
VAL;2026-09-18 16:40:01.761773;;;TRIAL_INIT_START;75.84591126441956
VAL;2026-09-18 16:40:01.793025;;;WHEEL_POS;75.877,0.00
VAL;2026-09-18 16:40:01.824278;;;WHEEL_POS;75.908,0.00
VAL;2026-09-18 16:40:01.862037;;;WHEEL_POS;75.946,0.00
VAL;2026-09-18 16:40:01.897115;;;WHEEL_POS;75.981,0.00
VAL;2026-09-18 16:40:01.928368;;;WHEEL_POS;76.013,0.00
VAL;2026-09-18 16:40:01.946501;;;TRIAL_START;76.01250672340393
VAL;2026-09-18 16:40:01.946501;;;QUIESCENCE_BREAKS;0
VAL;2026-09-18 16:40:01.946501;;;TRIAL_TYPE;warmup
VAL;2026-09-18 16:40:02.082477;;;TRIAL_SIDE;R
VAL;2026-09-18 16:40:02.082477;;;CLICK_TIMES_L;
VAL;2026-09-18 16:40:02.082477;;;CLICK_TIMES_R;0.0150,0.0496,0.0646,0.1661,0.1863
VAL;2026-09-18 16:40:02.082477;;;N_CLICKS_L;0
VAL;2026-09-18 16:40:02.082477;;;N_CLICKS_R;5
VAL;2026-09-18 16:40:02.082477;;;STIM_SEED;62958063
VAL;2026-09-18 16:40:02.082477;;;CUE_ABORT_THRESHOLD_DEG;10.0
VAL;2026-09-18 16:40:02.082477;;;RESPONSE_THRESHOLD_DEG;35.0
VAL;2026-09-18 16:40:02.082477;;;QUIESCENCE_DUR_S;0.1
VAL;2026-09-18 16:40:02.082477;;;ITI_S;1.5
VAL;2026-09-18 16:40:02.082477;;;CLICK_LEVEL_ATTENUATED;False
stdout;2026-09-18 16:40:02.082477;;;Trial 11 (warmup): side=R, n_L=0, n_R=5;
stdout;2026-09-18 16:40:02.082477;;;|
|;
VAL;2026-09-18 16:40:02.082477;;;SM_SEND_TIME;76.1666157245636
VAL;2026-09-18 16:40:02.082477;;;CUE_ONSET_TIME;76.1876157245636
TRIAL;2026-09-18 16:40:02.082477;;;New trial;
VAL;2026-09-18 16:40:02.098105;;;WHEEL_POS;76.182,0.00
VAL;2026-09-18 16:40:02.113731;;;WHEEL_POS;76.198,0.00
VAL;2026-09-18 16:40:02.146986;;;WHEEL_POS;76.231,0.00
VAL;2026-09-18 16:40:02.162614;;;WHEEL_POS;76.247,0.00
VAL;2026-09-18 16:40:02.178241;;;WHEEL_POS;76.262,0.00
VAL;2026-09-18 16:40:02.193867;;;WHEEL_POS;76.278,0.00
VAL;2026-09-18 16:40:02.225119;;;WHEEL_POS;76.309,0.00
VAL;2026-09-18 16:40:02.262866;;;WHEEL_POS;76.347,0.00
VAL;2026-09-18 16:40:02.298663;;;WHEEL_POS;76.383,0.00
VAL;2026-09-18 16:40:02.329916;;;WHEEL_POS;76.414,0.00
VAL;2026-09-18 16:40:02.363175;;;WHEEL_POS;76.447,0.00
EVENT;2026-09-18 16:40:02.363175;0.271;;158;Tup
TRANSITION;2026-09-18 16:40:02.363175;0.271;;DelayPeriod;
VAL;2026-09-18 16:40:02.406936;;;WHEEL_POS;76.491,0.00
VAL;2026-09-18 16:40:02.438189;;;WHEEL_POS;76.522,0.00
VAL;2026-09-18 16:40:02.463324;;;WHEEL_POS;76.547,0.00
EVENT;2026-09-18 16:40:02.478950;0.38070000000000004;;158;Tup
TRANSITION;2026-09-18 16:40:02.478950;0.38070000000000004;;CueComplete;
EVENT;2026-09-18 16:40:02.482989;0.3808;;158;Tup
END-TRIAL;2026-09-18 16:40:02.482989;;;The trial ended;
INFO;2026-09-18 16:40:02.482989;85.751831;86.132635;TRIAL-BPOD-TIME;0.3808039999999977
STATE;2026-09-18 16:40:02.482989;0;0.271;CuePeriod;0.271
STATE;2026-09-18 16:40:02.482989;0.271;0.38070000000000004;DelayPeriod;0.10970000000000002
STATE;2026-09-18 16:40:02.482989;0.38070000000000004;0.3808;CueComplete;9.999999999998899e-05
STATE;2026-09-18 16:40:02.482989;nan;nan;WheelAbort;nan
STATE;2026-09-18 16:40:02.482989;nan;nan;AbortITI;nan
VAL;2026-09-18 16:40:02.499621;;;SM_SEND_TIME;76.58375954627991
TRIAL;2026-09-18 16:40:02.499621;;;New trial;
VAL;2026-09-18 16:40:02.499621;;;WHEEL_POS;76.584,0.00
VAL;2026-09-18 16:40:02.538380;;;WHEEL_POS;76.623,0.00
VAL;2026-09-18 16:40:02.563516;;;WHEEL_POS;76.648,0.00
VAL;2026-09-18 16:40:02.579140;;;WHEEL_POS;76.663,0.00
VAL;2026-09-18 16:40:02.610393;;;WHEEL_POS;76.695,0.00
VAL;2026-09-18 16:40:02.626018;;;WHEEL_POS;76.710,0.00
VAL;2026-09-18 16:40:02.663787;;;WHEEL_POS;76.748,0.00
VAL;2026-09-18 16:40:02.700453;;;WHEEL_POS;76.785,0.00
VAL;2026-09-18 16:40:02.716082;;;WHEEL_POS;76.800,0.00
VAL;2026-09-18 16:40:02.748336;;;WHEEL_POS;76.832,0.00
VAL;2026-09-18 16:40:02.763965;;;WHEEL_POS;76.848,0.00
VAL;2026-09-18 16:40:02.795218;;;WHEEL_POS;76.879,0.00
VAL;2026-09-18 16:40:02.826470;;;WHEEL_POS;76.911,0.00
VAL;2026-09-18 16:40:02.848608;;;WHEEL_POS;76.933,0.00
VAL;2026-09-18 16:40:02.864240;;;WHEEL_POS;76.948,0.00
VAL;2026-09-18 16:40:02.900913;;;WHEEL_POS;76.985,0.00
VAL;2026-09-18 16:40:02.932167;;;WHEEL_POS;77.016,0.00
VAL;2026-09-18 16:40:02.964423;;;WHEEL_POS;77.049,0.00
VAL;2026-09-18 16:40:02.995678;;;WHEEL_POS;77.080,0.00
VAL;2026-09-18 16:40:03.011305;;;WHEEL_POS;77.095,0.00
VAL;2026-09-18 16:40:03.026927;;;WHEEL_POS;77.111,0.00
VAL;2026-09-18 16:40:03.064692;;;WHEEL_POS;77.149,0.00
VAL;2026-09-18 16:40:03.102272;;;WHEEL_POS;77.186,0.00
VAL;2026-09-18 16:40:03.133526;;;WHEEL_POS;77.218,0.00
VAL;2026-09-18 16:40:03.164660;;;WHEEL_POS;77.249,0.00
VAL;2026-09-18 16:40:03.195912;;;WHEEL_POS;77.280,0.00
VAL;2026-09-18 16:40:03.227164;;;WHEEL_POS;77.311,0.00
VAL;2026-09-18 16:40:03.264811;;;WHEEL_POS;77.349,0.00
VAL;2026-09-18 16:40:03.302618;;;WHEEL_POS;77.387,0.00
VAL;2026-09-18 16:40:03.333870;;;WHEEL_POS;77.418,0.00
VAL;2026-09-18 16:40:03.365006;;;WHEEL_POS;77.449,0.00
VAL;2026-09-18 16:40:03.406770;;;WHEEL_POS;77.491,0.00
VAL;2026-09-18 16:40:03.438025;;;WHEEL_POS;77.522,0.00
VAL;2026-09-18 16:40:03.465161;;;WHEEL_POS;77.549,0.00
VAL;2026-09-18 16:40:03.502925;;;WHEEL_POS;77.587,0.00
VAL;2026-09-18 16:40:03.534177;;;WHEEL_POS;77.618,0.00
VAL;2026-09-18 16:40:03.565316;;;WHEEL_POS;77.649,0.00
VAL;2026-09-18 16:40:03.596566;;;WHEEL_POS;77.681,0.00
VAL;2026-09-18 16:40:03.612191;;;WHEEL_POS;77.696,0.00
VAL;2026-09-18 16:40:03.643446;;;WHEEL_POS;77.728,0.00
VAL;2026-09-18 16:40:03.665582;;;WHEEL_POS;77.750,0.00
VAL;2026-09-18 16:40:03.686714;;;WHEEL_POS;77.771,0.00
VAL;2026-09-18 16:40:03.702349;;;WHEEL_POS;77.786,0.00
VAL;2026-09-18 16:40:03.733597;;;WHEEL_POS;77.818,0.00
VAL;2026-09-18 16:40:03.765864;;;WHEEL_POS;77.850,0.00
VAL;2026-09-18 16:40:03.781484;;;WHEEL_POS;77.866,0.00
VAL;2026-09-18 16:40:03.797110;;;WHEEL_POS;77.881,0.00
VAL;2026-09-18 16:40:03.828367;;;WHEEL_POS;77.913,0.00
VAL;2026-09-18 16:40:03.866131;;;WHEEL_POS;77.950,0.00
VAL;2026-09-18 16:40:03.902905;;;WHEEL_POS;77.987,0.00
VAL;2026-09-18 16:40:03.934152;;;WHEEL_POS;78.018,0.00
VAL;2026-09-18 16:40:03.966424;;;WHEEL_POS;78.051,0.00
VAL;2026-09-18 16:40:03.997677;;;WHEEL_POS;78.082,0.00
VAL;2026-09-18 16:40:04.028929;;;WHEEL_POS;78.113,0.00
VAL;2026-09-18 16:40:04.082320;;;WHEEL_POS;78.166,0.00
VAL;2026-09-18 16:40:04.110859;;;WHEEL_POS;78.195,0.00
VAL;2026-09-18 16:40:04.142111;;;WHEEL_POS;78.226,0.00
VAL;2026-09-18 16:40:04.166754;;;WHEEL_POS;78.251,0.00
VAL;2026-09-18 16:40:04.197999;;;WHEEL_POS;78.282,0.00
VAL;2026-09-18 16:40:04.229257;;;WHEEL_POS;78.313,0.00
VAL;2026-09-18 16:40:04.251288;;;WHEEL_POS;78.335,0.00
VAL;2026-09-18 16:40:04.282549;;;WHEEL_POS;78.367,0.00
VAL;2026-09-18 16:40:04.311736;;;WHEEL_POS;78.396,0.00
VAL;2026-09-18 16:40:04.351529;;;WHEEL_POS;78.436,0.00
VAL;2026-09-18 16:40:04.367157;;;WHEEL_POS;78.451,0.00
VAL;2026-09-18 16:40:04.410421;;;WHEEL_POS;78.495,0.00
VAL;2026-09-18 16:40:04.426054;;;WHEEL_POS;78.510,0.00
VAL;2026-09-18 16:40:04.482949;;;WHEEL_POS;78.567,0.00
VAL;2026-09-18 16:40:04.512949;;;WHEEL_POS;78.597,0.00
VAL;2026-09-18 16:40:04.544205;;;WHEEL_POS;78.628,0.00
VAL;2026-09-18 16:40:04.567348;;;WHEEL_POS;78.651,0.00
VAL;2026-09-18 16:40:04.582974;;;WHEEL_POS;78.667,0.00
VAL;2026-09-18 16:40:04.614230;;;WHEEL_POS;78.698,0.00
VAL;2026-09-18 16:40:04.645478;;;WHEEL_POS;78.730,0.00
VAL;2026-09-18 16:40:04.667611;;;WHEEL_POS;78.752,0.00
VAL;2026-09-18 16:40:04.683240;;;WHEEL_POS;78.767,0.00
VAL;2026-09-18 16:40:04.714009;;;WHEEL_POS;78.798,0.00
VAL;2026-09-18 16:40:04.745260;;;WHEEL_POS;78.829,0.00
VAL;2026-09-18 16:40:04.767895;;;WHEEL_POS;78.852,0.00
VAL;2026-09-18 16:40:04.799144;;;WHEEL_POS;78.883,0.00
VAL;2026-09-18 16:40:04.830399;;;WHEEL_POS;78.915,0.00
VAL;2026-09-18 16:40:04.883799;;;WHEEL_POS;78.968,0.00
VAL;2026-09-18 16:40:04.899145;;;WHEEL_POS;78.983,0.00
VAL;2026-09-18 16:40:04.930399;;;WHEEL_POS;79.015,0.00
VAL;2026-09-18 16:40:04.952546;;;WHEEL_POS;79.037,0.00
VAL;2026-09-18 16:40:04.968180;;;WHEEL_POS;79.052,0.00
VAL;2026-09-18 16:40:05.015063;;;WHEEL_POS;79.099,0.00
VAL;2026-09-18 16:40:05.030684;;;WHEEL_POS;79.115,0.00
VAL;2026-09-18 16:40:05.084075;;;WHEEL_POS;79.168,0.00
VAL;2026-09-18 16:40:05.099947;;;WHEEL_POS;79.184,0.00
VAL;2026-09-18 16:40:05.131202;;;WHEEL_POS;79.215,0.00
VAL;2026-09-18 16:40:05.168475;;;WHEEL_POS;79.253,0.00
VAL;2026-09-18 16:40:05.199727;;;WHEEL_POS;79.284,0.00
VAL;2026-09-18 16:40:05.230982;;;WHEEL_POS;79.315,0.00
VAL;2026-09-18 16:40:05.252843;;;WHEEL_POS;79.337,0.00
VAL;2026-09-18 16:40:05.284102;;;WHEEL_POS;79.368,0.00
VAL;2026-09-18 16:40:05.316305;;;WHEEL_POS;79.400,0.00
VAL;2026-09-18 16:40:05.347559;;;WHEEL_POS;79.432,0.00
VAL;2026-09-18 16:40:05.368705;;;WHEEL_POS;79.453,0.00
VAL;2026-09-18 16:40:05.410467;;;WHEEL_POS;79.495,0.00
VAL;2026-09-18 16:40:05.426095;;;WHEEL_POS;79.510,0.00
VAL;2026-09-18 16:40:05.468853;;;WHEEL_POS;79.553,0.00
VAL;2026-09-18 16:40:05.500618;;;WHEEL_POS;79.585,0.00
VAL;2026-09-18 16:40:05.516247;;;WHEEL_POS;79.600,0.00
VAL;2026-09-18 16:40:05.531874;;;WHEEL_POS;79.616,0.00
VAL;2026-09-18 16:40:05.569132;;;WHEEL_POS;79.653,0.00
VAL;2026-09-18 16:40:05.600384;;;WHEEL_POS;79.685,0.00
VAL;2026-09-18 16:40:05.616011;;;WHEEL_POS;79.700,0.00
VAL;2026-09-18 16:40:05.647263;;;WHEEL_POS;79.731,0.00
VAL;2026-09-18 16:40:05.685039;;;WHEEL_POS;79.769,0.00
VAL;2026-09-18 16:40:05.701168;;;WHEEL_POS;79.785,0.00
VAL;2026-09-18 16:40:05.732422;;;WHEEL_POS;79.817,0.00
VAL;2026-09-18 16:40:05.754070;;;WHEEL_POS;79.838,0.00
VAL;2026-09-18 16:40:05.769704;;;WHEEL_POS;79.854,0.00
VAL;2026-09-18 16:40:05.800955;;;WHEEL_POS;79.885,0.00
VAL;2026-09-18 16:40:05.832218;;;WHEEL_POS;79.916,0.00
VAL;2026-09-18 16:40:05.885598;;;WHEEL_POS;79.970,0.00
VAL;2026-09-18 16:40:05.901107;;;WHEEL_POS;79.985,0.00
VAL;2026-09-18 16:40:05.932366;;;WHEEL_POS;80.017,0.00
VAL;2026-09-18 16:40:05.954505;;;WHEEL_POS;80.039,0.00
VAL;2026-09-18 16:40:05.970140;;;WHEEL_POS;80.054,0.00
VAL;2026-09-18 16:40:06.001392;;;WHEEL_POS;80.086,0.00
VAL;2026-09-18 16:40:06.032644;;;WHEEL_POS;80.117,0.00
VAL;2026-09-18 16:40:06.048270;;;WHEEL_POS;80.132,0.00
VAL;2026-09-18 16:40:06.070404;;;WHEEL_POS;80.155,0.00
VAL;2026-09-18 16:40:06.086039;;;WHEEL_POS;80.170,0.00
VAL;2026-09-18 16:40:06.116190;;;WHEEL_POS;80.200,0.00
VAL;2026-09-18 16:40:06.147441;;;WHEEL_POS;80.232,0.00
VAL;2026-09-18 16:40:06.170579;;;WHEEL_POS;80.255,0.00
VAL;2026-09-18 16:40:06.201827;;;WHEEL_POS;80.286,0.00
VAL;2026-09-18 16:40:06.233083;;;WHEEL_POS;80.317,0.00
VAL;2026-09-18 16:40:06.255109;;;WHEEL_POS;80.339,0.00
VAL;2026-09-18 16:40:06.286367;;;WHEEL_POS;80.371,0.00
VAL;2026-09-18 16:40:06.318128;;;WHEEL_POS;80.402,0.00
VAL;2026-09-18 16:40:06.355396;;;WHEEL_POS;80.440,0.00
VAL;2026-09-18 16:40:06.371028;;;WHEEL_POS;80.455,0.00
VAL;2026-09-18 16:40:06.411135;;;WHEEL_POS;80.495,0.00
VAL;2026-09-18 16:40:06.442388;;;WHEEL_POS;80.527,0.00
VAL;2026-09-18 16:40:06.471023;;;WHEEL_POS;80.555,0.00
VAL;2026-09-18 16:40:06.504327;;;WHEEL_POS;80.588,0.00
VAL;2026-09-18 16:40:06.522958;;;WHEEL_POS;80.607,0.00
VAL;2026-09-18 16:40:06.555220;;;WHEEL_POS;80.639,0.00
VAL;2026-09-18 16:40:06.570848;;;WHEEL_POS;80.655,0.00
VAL;2026-09-18 16:40:06.602100;;;WHEEL_POS;80.686,0.00
VAL;2026-09-18 16:40:06.633356;;;WHEEL_POS;80.717,0.00
VAL;2026-09-18 16:40:06.648978;;;WHEEL_POS;80.733,0.00
VAL;2026-09-18 16:40:06.671113;;;WHEEL_POS;80.755,0.00
VAL;2026-09-18 16:40:06.705073;;;WHEEL_POS;80.789,0.00
VAL;2026-09-18 16:40:06.720701;;;WHEEL_POS;80.805,0.00
VAL;2026-09-18 16:40:06.755457;;;WHEEL_POS;80.840,0.00
VAL;2026-09-18 16:40:06.771089;;;WHEEL_POS;80.855,0.00
VAL;2026-09-18 16:40:06.802340;;;WHEEL_POS;80.886,0.00
VAL;2026-09-18 16:40:06.833597;;;WHEEL_POS;80.918,0.00
VAL;2026-09-18 16:40:06.849217;;;WHEEL_POS;80.933,0.00
VAL;2026-09-18 16:40:06.880751;;;WHEEL_POS;80.965,0.00
VAL;2026-09-18 16:40:06.907446;;;WHEEL_POS;80.992,0.00
VAL;2026-09-18 16:40:06.923295;;;WHEEL_POS;81.007,0.00
VAL;2026-09-18 16:40:06.946076;;;WHEEL_POS;81.030,0.00
VAL;2026-09-18 16:40:06.971273;;;WHEEL_POS;81.055,0.00
VAL;2026-09-18 16:40:06.986899;;;WHEEL_POS;81.071,0.00
VAL;2026-09-18 16:40:07.018154;;;WHEEL_POS;81.102,0.00
VAL;2026-09-18 16:40:07.049403;;;WHEEL_POS;81.134,0.00
VAL;2026-09-18 16:40:07.071538;;;WHEEL_POS;81.156,0.00
VAL;2026-09-18 16:40:07.087168;;;WHEEL_POS;81.171,0.00
VAL;2026-09-18 16:40:07.123249;;;WHEEL_POS;81.207,0.00
VAL;2026-09-18 16:40:07.156012;;;WHEEL_POS;81.240,0.00
VAL;2026-09-18 16:40:07.187268;;;WHEEL_POS;81.271,0.00
VAL;2026-09-18 16:40:07.202894;;;WHEEL_POS;81.287,0.00
VAL;2026-09-18 16:40:07.234149;;;WHEEL_POS;81.318,0.00
VAL;2026-09-18 16:40:07.256019;;;WHEEL_POS;81.340,0.00
VAL;2026-09-18 16:40:07.287274;;;WHEEL_POS;81.371,0.00
VAL;2026-09-18 16:40:07.308453;;;WHEEL_POS;81.393,0.00
VAL;2026-09-18 16:40:07.324081;;;WHEEL_POS;81.408,0.00
VAL;2026-09-18 16:40:07.356338;;;WHEEL_POS;81.440,0.00
VAL;2026-09-18 16:40:07.371967;;;WHEEL_POS;81.456,0.00
VAL;2026-09-18 16:40:07.411241;;;WHEEL_POS;81.495,0.00
VAL;2026-09-18 16:40:07.442492;;;WHEEL_POS;81.527,0.00
VAL;2026-09-18 16:40:07.472127;;;WHEEL_POS;81.556,0.00
VAL;2026-09-18 16:40:07.503382;;;WHEEL_POS;81.588,0.00
EVENT;2026-09-18 16:40:07.503382;5.0;;158;Tup
TRANSITION;2026-09-18 16:40:07.503382;5.0;;NoResponse;
EVENT;2026-09-18 16:40:07.503382;5.000100000000001;;158;Tup
TRANSITION;2026-09-18 16:40:07.503382;5.000100000000001;;ITI;
VAL;2026-09-18 16:40:07.526517;;;WHEEL_POS;81.611,0.00
VAL;2026-09-18 16:40:07.542143;;;WHEEL_POS;81.626,0.00
VAL;2026-09-18 16:40:07.572289;;;WHEEL_POS;81.656,0.00
VAL;2026-09-18 16:40:07.619163;;;WHEEL_POS;81.703,0.00
VAL;2026-09-18 16:40:07.634790;;;WHEEL_POS;81.719,0.00
VAL;2026-09-18 16:40:07.672547;;;WHEEL_POS;81.757,0.00
VAL;2026-09-18 16:40:07.688175;;;WHEEL_POS;81.772,0.00
VAL;2026-09-18 16:40:07.727289;;;WHEEL_POS;81.811,0.00
VAL;2026-09-18 16:40:07.772556;;;WHEEL_POS;81.857,0.00
VAL;2026-09-18 16:40:07.819436;;;WHEEL_POS;81.904,0.00
VAL;2026-09-18 16:40:07.835061;;;WHEEL_POS;81.919,0.00
VAL;2026-09-18 16:40:07.872820;;;WHEEL_POS;81.957,0.00
VAL;2026-09-18 16:40:07.904076;;;WHEEL_POS;81.988,0.00
VAL;2026-09-18 16:40:07.928346;;;WHEEL_POS;82.012,0.00
VAL;2026-09-18 16:40:07.973111;;;WHEEL_POS;82.057,0.00
VAL;2026-09-18 16:40:08.004364;;;WHEEL_POS;82.089,0.00
VAL;2026-09-18 16:40:08.019988;;;WHEEL_POS;82.104,0.00
VAL;2026-09-18 16:40:08.051243;;;WHEEL_POS;82.135,0.00
VAL;2026-09-18 16:40:08.073381;;;WHEEL_POS;82.158,0.00
VAL;2026-09-18 16:40:08.089006;;;WHEEL_POS;82.173,0.00
VAL;2026-09-18 16:40:08.128948;;;WHEEL_POS;82.213,0.00
VAL;2026-09-18 16:40:08.188837;;;WHEEL_POS;82.273,0.00
VAL;2026-09-18 16:40:08.204460;;;WHEEL_POS;82.289,0.00
VAL;2026-09-18 16:40:08.220086;;;WHEEL_POS;82.304,0.00
VAL;2026-09-18 16:40:08.257778;;;WHEEL_POS;82.342,0.00
VAL;2026-09-18 16:40:08.289035;;;WHEEL_POS;82.373,0.00
VAL;2026-09-18 16:40:08.329440;;;WHEEL_POS;82.414,0.00
VAL;2026-09-18 16:40:08.349078;;;WHEEL_POS;82.433,0.00
VAL;2026-09-18 16:40:08.373712;;;WHEEL_POS;82.458,0.00
VAL;2026-09-18 16:40:08.418493;;;WHEEL_POS;82.503,0.00
VAL;2026-09-18 16:40:08.434119;;;WHEEL_POS;82.518,0.00
VAL;2026-09-18 16:40:08.473884;;;WHEEL_POS;82.558,0.00
VAL;2026-09-18 16:40:08.505136;;;WHEEL_POS;82.589,0.00
VAL;2026-09-18 16:40:08.530577;;;WHEEL_POS;82.615,0.00
VAL;2026-09-18 16:40:08.573848;;;WHEEL_POS;82.658,0.00
VAL;2026-09-18 16:40:08.605100;;;WHEEL_POS;82.689,0.00
VAL;2026-09-18 16:40:08.636352;;;WHEEL_POS;82.720,0.00
VAL;2026-09-18 16:40:08.674114;;;WHEEL_POS;82.758,0.00
VAL;2026-09-18 16:40:08.705366;;;WHEEL_POS;82.790,0.00
VAL;2026-09-18 16:40:08.731410;;;WHEEL_POS;82.816,0.00
VAL;2026-09-18 16:40:08.758543;;;WHEEL_POS;82.843,0.00
VAL;2026-09-18 16:40:08.789799;;;WHEEL_POS;82.874,0.00
VAL;2026-09-18 16:40:08.821052;;;WHEEL_POS;82.905,0.00
VAL;2026-09-18 16:40:08.852303;;;WHEEL_POS;82.936,0.00
VAL;2026-09-18 16:40:08.874437;;;WHEEL_POS;82.959,0.00
VAL;2026-09-18 16:40:08.890067;;;WHEEL_POS;82.974,0.00
VAL;2026-09-18 16:40:08.932226;;;WHEEL_POS;83.016,0.00
VAL;2026-09-18 16:40:08.974505;;;WHEEL_POS;83.059,0.00
VAL;2026-09-18 16:40:08.990129;;;WHEEL_POS;83.074,0.00
EVENT;2026-09-18 16:40:09.005755;6.500100000000001;;158;Tup
END-TRIAL;2026-09-18 16:40:09.005755;;;The trial ended;
INFO;2026-09-18 16:40:09.005755;86.157831;92.657934;TRIAL-BPOD-TIME;6.500102999999996
STATE;2026-09-18 16:40:09.005755;0;5.0;WheelDotPeriod;5.0
STATE;2026-09-18 16:40:09.005755;5.0;5.000100000000001;NoResponse;0.00010000000000065512
STATE;2026-09-18 16:40:09.005755;5.000100000000001;6.500100000000001;ITI;1.5
STATE;2026-09-18 16:40:09.005755;nan;nan;Reward;nan
STATE;2026-09-18 16:40:09.005755;nan;nan;Consumption;nan
STATE;2026-09-18 16:40:09.005755;nan;nan;ErrorConsumption;nan
STATE;2026-09-18 16:40:09.005755;nan;nan;IncorrectITI;nan
VAL;2026-09-18 16:40:09.090404;;;INCLUDED;False
VAL;2026-09-18 16:40:09.090404;;;CONSUMPTION_LICKED;
VAL;2026-09-18 16:40:09.090404;;;LED_ON_TIME;76.58375954627991
VAL;2026-09-18 16:40:09.090404;;;DOT_ONSET_JITTER_S;0.1786959423155615
VAL;2026-09-18 16:40:09.090404;;;DOT_ONSET_TIME;76.76245548859546
VAL;2026-09-18 16:40:09.090404;;;TIMED_OUT;81.58375954627991
stdout;2026-09-18 16:40:09.090404;;;Trial 11 (warmup): side=R, NoResponse;
stdout;2026-09-18 16:40:09.090404;;;|
|;
VAL;2026-09-18 16:40:09.350713;;;TRIAL_INIT_START;83.43485188484192
VAL;2026-09-18 16:40:09.375350;;;WHEEL_POS;83.459,0.00
VAL;2026-09-18 16:40:09.409551;;;WHEEL_POS;83.494,0.00
VAL;2026-09-18 16:40:09.425180;;;WHEEL_POS;83.509,0.00
VAL;2026-09-18 16:40:09.459936;;;WHEEL_POS;83.544,0.00
VAL;2026-09-18 16:40:09.475568;;;WHEEL_POS;83.560,0.00
VAL;2026-09-18 16:40:09.506817;;;WHEEL_POS;83.591,0.00
VAL;2026-09-18 16:40:09.517825;;;TRIAL_START;83.59095549583435
VAL;2026-09-18 16:40:09.517825;;;QUIESCENCE_BREAKS;0
VAL;2026-09-18 16:40:09.517825;;;TRIAL_TYPE;warmup
VAL;2026-09-18 16:40:09.707235;;;TRIAL_SIDE;R
VAL;2026-09-18 16:40:09.707235;;;CLICK_TIMES_L;
VAL;2026-09-18 16:40:09.707235;;;CLICK_TIMES_R;0.0150,0.0320,0.0470,0.0664,0.0814,0.0964,0.1114,0.1264,0.1594,0.1850,0.2000
VAL;2026-09-18 16:40:09.707235;;;N_CLICKS_L;0
VAL;2026-09-18 16:40:09.707235;;;N_CLICKS_R;11
VAL;2026-09-18 16:40:09.707235;;;STIM_SEED;1951117203
VAL;2026-09-18 16:40:09.707235;;;CUE_ABORT_THRESHOLD_DEG;10.0
VAL;2026-09-18 16:40:09.707235;;;RESPONSE_THRESHOLD_DEG;35.0
VAL;2026-09-18 16:40:09.707235;;;QUIESCENCE_DUR_S;0.1
VAL;2026-09-18 16:40:09.707235;;;ITI_S;1.5
VAL;2026-09-18 16:40:09.707235;;;CLICK_LEVEL_ATTENUATED;False
stdout;2026-09-18 16:40:09.707235;;;Trial 12 (warmup): side=R, n_L=0, n_R=11;
stdout;2026-09-18 16:40:09.707235;;;|
|;
VAL;2026-09-18 16:40:09.707235;;;SM_SEND_TIME;83.79137325286865
VAL;2026-09-18 16:40:09.707235;;;CUE_ONSET_TIME;83.81237325286865
TRIAL;2026-09-18 16:40:09.750838;;;New trial;
VAL;2026-09-18 16:40:09.750838;;;WHEEL_POS;83.835,0.00
VAL;2026-09-18 16:40:09.775972;;;WHEEL_POS;83.860,0.00
VAL;2026-09-18 16:40:09.807224;;;WHEEL_POS;83.891,0.00
VAL;2026-09-18 16:40:09.838476;;;WHEEL_POS;83.923,0.00
VAL;2026-09-18 16:40:09.854103;;;WHEEL_POS;83.938,0.00
VAL;2026-09-18 16:40:09.876238;;;WHEEL_POS;83.960,0.00
VAL;2026-09-18 16:40:09.907493;;;WHEEL_POS;83.992,0.00
VAL;2026-09-18 16:40:09.935994;;;WHEEL_POS;84.020,0.00
VAL;2026-09-18 16:40:09.976254;;;WHEEL_POS;84.060,0.00
VAL;2026-09-18 16:40:09.991880;;;WHEEL_POS;84.076,0.00
VAL;2026-09-18 16:40:10.023132;;;WHEEL_POS;84.107,0.00
EVENT;2026-09-18 16:40:10.023132;0.271;;158;Tup
TRANSITION;2026-09-18 16:40:10.023132;0.271;;DelayPeriod;
VAL;2026-09-18 16:40:10.054385;;;WHEEL_POS;84.139,0.00
VAL;2026-09-18 16:40:10.076519;;;WHEEL_POS;84.161,0.00
VAL;2026-09-18 16:40:10.107771;;;WHEEL_POS;84.192,0.00
VAL;2026-09-18 16:40:10.136749;;;WHEEL_POS;84.221,0.00
EVENT;2026-09-18 16:40:10.152375;0.3995;;158;Tup
TRANSITION;2026-09-18 16:40:10.152375;0.3995;;CueComplete;
EVENT;2026-09-18 16:40:10.152375;0.3996;;158;Tup
END-TRIAL;2026-09-18 16:40:10.152375;;;The trial ended;
INFO;2026-09-18 16:40:10.152375;93.409731;93.809335;TRIAL-BPOD-TIME;0.39960400000001073
STATE;2026-09-18 16:40:10.152375;0;0.271;CuePeriod;0.271
STATE;2026-09-18 16:40:10.152375;0.271;0.3995;DelayPeriod;0.1285
STATE;2026-09-18 16:40:10.152375;0.3995;0.3996;CueComplete;9.999999999998899e-05
STATE;2026-09-18 16:40:10.152375;nan;nan;WheelAbort;nan
STATE;2026-09-18 16:40:10.152375;nan;nan;AbortITI;nan
VAL;2026-09-18 16:40:10.176507;;;SM_SEND_TIME;84.26064586639404
TRIAL;2026-09-18 16:40:10.176507;;;New trial;
VAL;2026-09-18 16:40:10.176507;;;WHEEL_POS;84.261,0.00
VAL;2026-09-18 16:40:10.207760;;;WHEEL_POS;84.292,0.00
VAL;2026-09-18 16:40:10.239013;;;WHEEL_POS;84.323,0.00
VAL;2026-09-18 16:40:10.260964;;;WHEEL_POS;84.345,0.00
VAL;2026-09-18 16:40:10.292219;;;WHEEL_POS;84.376,0.00
VAL;2026-09-18 16:40:10.337018;;;WHEEL_POS;84.421,0.00
VAL;2026-09-18 16:40:10.376785;;;WHEEL_POS;84.461,0.00
VAL;2026-09-18 16:40:10.410878;;;WHEEL_POS;84.495,0.00
VAL;2026-09-18 16:40:10.426506;;;WHEEL_POS;84.511,0.00
VAL;2026-09-18 16:40:10.442137;;;WHEEL_POS;84.526,0.00
VAL;2026-09-18 16:40:10.476910;;;WHEEL_POS;84.561,0.00
VAL;2026-09-18 16:40:10.508162;;;WHEEL_POS;84.592,0.00
VAL;2026-09-18 16:40:10.538817;;;WHEEL_POS;84.623,0.00
VAL;2026-09-18 16:40:10.577074;;;WHEEL_POS;84.661,0.00
VAL;2026-09-18 16:40:10.608328;;;WHEEL_POS;84.692,0.00
VAL;2026-09-18 16:40:10.623953;;;WHEEL_POS;84.708,0.00
VAL;2026-09-18 16:40:10.661722;;;WHEEL_POS;84.746,0.00
VAL;2026-09-18 16:40:10.677354;;;WHEEL_POS;84.761,0.00
VAL;2026-09-18 16:40:10.692978;;;WHEEL_POS;84.777,0.00
VAL;2026-09-18 16:40:10.724636;;;WHEEL_POS;84.809,0.00
VAL;2026-09-18 16:40:10.755892;;;WHEEL_POS;84.840,0.00
VAL;2026-09-18 16:40:10.777527;;;WHEEL_POS;84.862,0.00
VAL;2026-09-18 16:40:10.793155;;;WHEEL_POS;84.877,0.00
VAL;2026-09-18 16:40:10.824405;;;WHEEL_POS;84.909,0.00
VAL;2026-09-18 16:40:10.840031;;;WHEEL_POS;84.924,0.00
VAL;2026-09-18 16:40:10.877796;;;WHEEL_POS;84.962,0.00
VAL;2026-09-18 16:40:10.909046;;;WHEEL_POS;84.993,0.00
VAL;2026-09-18 16:40:10.941089;;;WHEEL_POS;85.025,0.00
VAL;2026-09-18 16:40:10.977847;;;WHEEL_POS;85.062,0.00
VAL;2026-09-18 16:40:11.009100;;;WHEEL_POS;85.093,0.00
VAL;2026-09-18 16:40:11.040350;;;WHEEL_POS;85.124,0.00
VAL;2026-09-18 16:40:11.078119;;;WHEEL_POS;85.162,0.00
VAL;2026-09-18 16:40:11.109371;;;WHEEL_POS;85.194,0.00
VAL;2026-09-18 16:40:11.140511;;;WHEEL_POS;85.225,0.00
VAL;2026-09-18 16:40:11.156138;;;WHEEL_POS;85.240,0.00
VAL;2026-09-18 16:40:11.178274;;;WHEEL_POS;85.262,0.00
VAL;2026-09-18 16:40:11.193902;;;WHEEL_POS;85.278,0.00
VAL;2026-09-18 16:40:11.225153;;;WHEEL_POS;85.309,0.00
VAL;2026-09-18 16:40:11.262918;;;WHEEL_POS;85.347,0.00
VAL;2026-09-18 16:40:11.278547;;;WHEEL_POS;85.363,0.00
VAL;2026-09-18 16:40:11.300183;;;WHEEL_POS;85.384,0.00
VAL;2026-09-18 16:40:11.342463;;;WHEEL_POS;85.427,0.00
VAL;2026-09-18 16:40:11.363093;;;WHEEL_POS;85.447,0.00
VAL;2026-09-18 16:40:11.378723;;;WHEEL_POS;85.463,0.00
VAL;2026-09-18 16:40:11.412475;;;WHEEL_POS;85.497,0.00
VAL;2026-09-18 16:40:11.428106;;;WHEEL_POS;85.512,0.00
VAL;2026-09-18 16:40:11.463373;;;WHEEL_POS;85.548,0.00
VAL;2026-09-18 16:40:11.479005;;;WHEEL_POS;85.563,0.00
VAL;2026-09-18 16:40:11.510257;;;WHEEL_POS;85.594,0.00
VAL;2026-09-18 16:40:11.544529;;;WHEEL_POS;85.629,0.00
VAL;2026-09-18 16:40:11.563661;;;WHEEL_POS;85.648,0.00
VAL;2026-09-18 16:40:11.579289;;;WHEEL_POS;85.663,0.00
VAL;2026-09-18 16:40:11.610542;;;WHEEL_POS;85.695,0.00
VAL;2026-09-18 16:40:11.626168;;;WHEEL_POS;85.710,0.00
VAL;2026-09-18 16:40:11.663930;;;WHEEL_POS;85.748,0.00
VAL;2026-09-18 16:40:11.679559;;;WHEEL_POS;85.764,0.00
VAL;2026-09-18 16:40:11.695186;;;WHEEL_POS;85.779,0.00
VAL;2026-09-18 16:40:11.729953;;;WHEEL_POS;85.814,0.00
VAL;2026-09-18 16:40:11.745586;;;WHEEL_POS;85.830,0.00
VAL;2026-09-18 16:40:11.779844;;;WHEEL_POS;85.864,0.00
VAL;2026-09-18 16:40:11.811096;;;WHEEL_POS;85.895,0.00
VAL;2026-09-18 16:40:11.842348;;;WHEEL_POS;85.926,0.00
VAL;2026-09-18 16:40:11.880131;;;WHEEL_POS;85.964,0.00
VAL;2026-09-18 16:40:11.927015;;;WHEEL_POS;86.011,0.00
VAL;2026-09-18 16:40:11.947662;;;WHEEL_POS;86.032,0.00
VAL;2026-09-18 16:40:11.980422;;;WHEEL_POS;86.065,0.00
VAL;2026-09-18 16:40:12.011674;;;WHEEL_POS;86.096,0.00
VAL;2026-09-18 16:40:12.042926;;;WHEEL_POS;86.127,0.00
VAL;2026-09-18 16:40:12.080695;;;WHEEL_POS;86.165,0.00
VAL;2026-09-18 16:40:12.127576;;;WHEEL_POS;86.212,0.00
VAL;2026-09-18 16:40:12.148713;;;WHEEL_POS;86.233,0.00
VAL;2026-09-18 16:40:12.180973;;;WHEEL_POS;86.265,0.00
VAL;2026-09-18 16:40:12.212226;;;WHEEL_POS;86.296,0.00
VAL;2026-09-18 16:40:12.259107;;;WHEEL_POS;86.343,0.00
VAL;2026-09-18 16:40:12.281248;;;WHEEL_POS;86.365,0.00
VAL;2026-09-18 16:40:12.319512;;;WHEEL_POS;86.404,0.00
VAL;2026-09-18 16:40:12.349148;;;WHEEL_POS;86.433,0.00
VAL;2026-09-18 16:40:12.381415;;;WHEEL_POS;86.466,0.00
VAL;2026-09-18 16:40:12.413669;;;WHEEL_POS;86.498,0.00
VAL;2026-09-18 16:40:12.444926;;;WHEEL_POS;86.529,0.00
VAL;2026-09-18 16:40:12.497316;;;WHEEL_POS;86.581,0.00
VAL;2026-09-18 16:40:12.512937;;;WHEEL_POS;86.597,0.00
VAL;2026-09-18 16:40:12.566346;;;WHEEL_POS;86.650,0.00
VAL;2026-09-18 16:40:12.581977;;;WHEEL_POS;86.666,0.00
VAL;2026-09-18 16:40:12.613229;;;WHEEL_POS;86.697,0.00
VAL;2026-09-18 16:40:12.644481;;;WHEEL_POS;86.729,0.00
VAL;2026-09-18 16:40:12.660107;;;WHEEL_POS;86.744,0.00
VAL;2026-09-18 16:40:12.682241;;;WHEEL_POS;86.766,0.00
VAL;2026-09-18 16:40:12.713494;;;WHEEL_POS;86.798,0.00
VAL;2026-09-18 16:40:12.751262;;;WHEEL_POS;86.835,0.00
END-TRIAL;2026-09-18 16:40:12.771400;;;The trial ended;
stdout;2026-09-18 16:40:12.836407;;;Bpod stopped running trials (Stop/Kill) -- ending session early after trial 12.;
stdout;2026-09-18 16:40:12.836407;;;|
|;
stdout;2026-09-18 16:40:12.836407;;;Session ending: Stop/Kill/crash (see log above);
stdout;2026-09-18 16:40:12.836407;;;|
|;
stdout;2026-09-18 16:40:12.837404;;;Session: 0 main trials, accuracy(AOS)=0.0%, abort_rate=0.0%, gates_met=False;
stdout;2026-09-18 16:40:12.837404;;;|
|;
stdout;2026-09-18 16:40:12.837404;;;ADVANCE-READY (3 consecutive qualifying sessions): no;
stdout;2026-09-18 16:40:12.837404;;;|
|;
stdout;2026-09-18 16:40:12.837404;;;  (history so far: [False, False, False, False]);
stdout;2026-09-18 16:40:12.837404;;;|
|;
VAL;2026-09-18 16:40:12.837404;;;SESSION_WATER_UL;16.0
stdout;2026-09-18 16:40:13.228185;;;CameraRecorder: wrote 1751 frame timestamps to session_video_timestamps.csv;
stdout;2026-09-18 16:40:13.228185;;;|
|;
INFO;2026-09-18 16:40:13.234187;;;SESSION-ENDED;2026-09-18 16:40:13.234187
stdout;2026-09-18 16:40:13.351719;;;Session struct exported: C:\Ugurcan\Experimental-Tasks\_projects\AuditoryEvidenceAccum\experiments\Stage3\setups\Stage3\sessions\20260918-163835\20260918-163835_struct.mat / C:\Ugurcan\Experimental-Tasks\_projects\AuditoryEvidenceAccum\experiments\Stage3\setups\Stage3\sessions\20260918-163835\20260918-163835_struct.json;
stdout;2026-09-18 16:40:13.351719;;;|
|;
stdout;2026-09-18 16:40:13.351719;;;Close the plot window to exit.;
stdout;2026-09-18 16:40:13.351719;;;|
|;
