__UUID4__;6ccb50d9-c5bf-4d35-b890-d9b746f115c9
__CREATED-ON__;2026-09-18 10:55:13.693863
__DEF-URL__;http://pybpod-api.readthedocs.org
__DEF-TEXT__;This file contains data recorded during a session from the PyBpod system
__SOFTWARE__;PyBpod API v1.8.2
__HAS-HEADER__
TYPE;PC-TIME;BPOD-INITIAL-TIME;BPOD-FINAL-TIME;MSG;+INFO
INFO;2026-09-18 10:55:13.693863;;;SERIAL-PORT;COM10
INFO;2026-09-18 10:55:13.693863;;;PROTOCOL-NAME;stage1_wheel_shaping
INFO;2026-09-18 10:55:13.693863;;;CREATOR-NAME;["UM", "f519825a-ab5d-4fe9-91c0-a52f3d5afee3", "local"]
INFO;2026-09-18 10:55:13.693863;;;PROJECT-NAME;AuditoryEvidenceAccum
INFO;2026-09-18 10:55:13.693863;;;EXPERIMENT-NAME;Stage1
INFO;2026-09-18 10:55:13.693863;;;BOARD-NAME;Box3
INFO;2026-09-18 10:55:13.693863;;;SETUP-NAME;Stage1
INFO;2026-09-18 10:55:13.693863;;;BPOD-GUI-VERSION;
INFO;2026-09-18 10:55:13.693863;;;NET-PORT;36000
INFO;2026-09-18 10:55:13.693863;;;SUBJECT-NAME;['test_stage1', '47367562-47fc-46a6-9cf6-2c34f24df9e5']
INFO;2026-09-18 10:55:14.149973;;;This is a PYBPOD file. Find more info at http://pybpod.readthedocs.io;
INFO;2026-09-18 10:55:14.150866;;;BPOD-API-VERSION;1.8.2
INFO;2026-09-18 10:55:14.150866;;;SESSION-NAME;20260918-105512
INFO;2026-09-18 10:55:14.150866;;;SESSION-STARTED;2026-09-18 10:55:13.692823
stdout;2026-09-18 10:55:14.150866;;;Connected to Bpod on COM10;
stdout;2026-09-18 10:55:14.150866;;;|
|;
stdout;2026-09-18 10:55:14.150866;;;Resolved module 'RotaryEncoder1' on Bpod port 1;
stdout;2026-09-18 10:55:14.150866;;;|
|;
stdout;2026-09-18 10:55:14.174871;;;RotaryEncoderModule.discover: probing ['COM11', 'COM1', 'COM14'] (excluding ['COM10']);
stdout;2026-09-18 10:55:14.174871;;;|
|;
stdout;2026-09-18 10:55:16.212327;;;  COM11: ack=217;
stdout;2026-09-18 10:55:16.212327;;;|
|;
stdout;2026-09-18 10:55:18.235825;;;Connected to rotary encoder on COM11;
stdout;2026-09-18 10:55:18.235825;;;|
|;
VAL;2026-09-18 10:55:18.249967;;;THRESHOLD_DEG;1.75
VAL;2026-09-18 10:55:18.249967;;;REWARD_UL;4.0
stdout;2026-09-18 10:55:20.466743;;;CameraRecorder: index 0, 640x480 @ 30.0fps -> session_video.avi;
stdout;2026-09-18 10:55:20.466743;;;|
|;
VAL;2026-09-18 10:55:20.467770;;;CAMERA_START_TIME;2.216775417327881
VAL;2026-09-18 10:55:20.467770;;;CAMERA_OUTPUT_PATH;session_video.avi
VAL;2026-09-18 10:55:20.467770;;;CAMERA_FPS;30.0
stdout;2026-09-18 10:55:20.467770;;;Dot gain calibrated to -236.98 px/wheel-deg (final=-78.99, mult=3.00x, screen width 6144px);
stdout;2026-09-18 10:55:20.467770;;;|
|;
stdout;2026-09-18 10:55:21.191888;;;Starting up to 400 trials, targeting 200 for advancement;
stdout;2026-09-18 10:55:21.191888;;;|
|;
VAL;2026-09-18 10:55:21.191888;;;TRIAL_INIT_START;2.941920757293701
VAL;2026-09-18 10:55:21.224497;;;WHEEL_POS;2.975,0.00
VAL;2026-09-18 10:55:21.240569;;;WHEEL_POS;2.991,0.00
VAL;2026-09-18 10:55:21.259089;;;WHEEL_POS;3.009,0.00
VAL;2026-09-18 10:55:21.277165;;;WHEEL_POS;3.027,0.00
VAL;2026-09-18 10:55:21.290108;;;WHEEL_POS;3.040,0.00
VAL;2026-09-18 10:55:21.306646;;;WHEEL_POS;3.057,0.00
VAL;2026-09-18 10:55:21.322810;;;WHEEL_POS;3.073,0.00
VAL;2026-09-18 10:55:21.338859;;;WHEEL_POS;3.089,0.00
VAL;2026-09-18 10:55:21.358105;;;WHEEL_POS;3.108,0.00
VAL;2026-09-18 10:55:21.377372;;;TRIAL_START;3.108137845993042
VAL;2026-09-18 10:55:21.377372;;;QUIESCENCE_BREAKS;0
TRIAL;2026-09-18 10:55:21.422970;;;New trial;
VAL;2026-09-18 10:55:21.439263;;;WHEEL_POS;3.189,0.00
VAL;2026-09-18 10:55:21.454268;;;WHEEL_POS;3.204,0.00
VAL;2026-09-18 10:55:21.473466;;;WHEEL_POS;3.223,0.00
VAL;2026-09-18 10:55:21.489056;;;WHEEL_POS;3.239,0.00
VAL;2026-09-18 10:55:21.505667;;;WHEEL_POS;3.256,0.00
VAL;2026-09-18 10:55:21.537828;;;WHEEL_POS;3.288,0.00
VAL;2026-09-18 10:55:21.554004;;;WHEEL_POS;3.304,0.00
VAL;2026-09-18 10:55:21.587429;;;WHEEL_POS;3.337,0.00
VAL;2026-09-18 10:55:21.617525;;;WHEEL_POS;3.368,0.00
VAL;2026-09-18 10:55:21.651366;;;WHEEL_POS;3.401,0.00
VAL;2026-09-18 10:55:21.667452;;;WHEEL_POS;3.417,0.00
VAL;2026-09-18 10:55:21.684008;;;WHEEL_POS;3.434,0.00
VAL;2026-09-18 10:55:21.720194;;;WHEEL_POS;3.470,0.00
VAL;2026-09-18 10:55:21.736265;;;WHEEL_POS;3.486,0.00
VAL;2026-09-18 10:55:21.752418;;;WHEEL_POS;3.502,0.00
VAL;2026-09-18 10:55:21.769263;;;WHEEL_POS;3.519,0.00
VAL;2026-09-18 10:55:21.805360;;;WHEEL_POS;3.555,0.00
VAL;2026-09-18 10:55:21.820262;;;WHEEL_POS;3.570,0.00
VAL;2026-09-18 10:55:21.837260;;;WHEEL_POS;3.587,0.00
VAL;2026-09-18 10:55:21.868449;;;WHEEL_POS;3.618,0.00
VAL;2026-09-18 10:55:21.885259;;;WHEEL_POS;3.635,0.00
VAL;2026-09-18 10:55:21.917951;;;WHEEL_POS;3.668,0.00
VAL;2026-09-18 10:55:21.934688;;;WHEEL_POS;3.685,0.00
VAL;2026-09-18 10:55:21.979265;;;WHEEL_POS;3.729,0.00
VAL;2026-09-18 10:55:22.001972;;;WHEEL_POS;3.752,0.00
VAL;2026-09-18 10:55:22.038110;;;WHEEL_POS;3.788,0.00
VAL;2026-09-18 10:55:22.050119;;;WHEEL_POS;3.800,0.00
VAL;2026-09-18 10:55:22.085780;;;WHEEL_POS;3.836,0.00
VAL;2026-09-18 10:55:22.104146;;;WHEEL_POS;3.854,0.00
VAL;2026-09-18 10:55:22.119673;;;WHEEL_POS;3.870,0.00
VAL;2026-09-18 10:55:22.136927;;;WHEEL_POS;3.887,0.00
VAL;2026-09-18 10:55:22.171334;;;WHEEL_POS;3.921,0.00
VAL;2026-09-18 10:55:22.187416;;;WHEEL_POS;3.937,0.00
VAL;2026-09-18 10:55:22.221194;;;WHEEL_POS;3.971,0.00
VAL;2026-09-18 10:55:22.237784;;;WHEEL_POS;3.988,0.00
VAL;2026-09-18 10:55:22.256155;;;WHEEL_POS;4.006,0.00
VAL;2026-09-18 10:55:22.271243;;;WHEEL_POS;4.021,0.00
VAL;2026-09-18 10:55:22.287304;;;WHEEL_POS;4.037,0.00
VAL;2026-09-18 10:55:22.322598;;;WHEEL_POS;4.073,0.00
VAL;2026-09-18 10:55:22.339183;;;WHEEL_POS;4.089,0.00
VAL;2026-09-18 10:55:22.354193;;;WHEEL_POS;4.104,0.00
VAL;2026-09-18 10:55:22.374063;;;WHEEL_POS;4.124,0.00
VAL;2026-09-18 10:55:22.406330;;;WHEEL_POS;4.156,0.00
VAL;2026-09-18 10:55:22.422540;;;WHEEL_POS;4.173,0.00
VAL;2026-09-18 10:55:22.456489;;;WHEEL_POS;4.207,0.00
VAL;2026-09-18 10:55:22.507039;;;WHEEL_POS;4.257,0.00
VAL;2026-09-18 10:55:22.522669;;;WHEEL_POS;4.273,0.00
VAL;2026-09-18 10:55:22.546433;;;WHEEL_POS;4.296,0.00
VAL;2026-09-18 10:55:22.562611;;;WHEEL_POS;4.313,0.00
VAL;2026-09-18 10:55:22.597390;;;WHEEL_POS;4.347,0.00
VAL;2026-09-18 10:55:22.612445;;;WHEEL_POS;4.362,0.00
VAL;2026-09-18 10:55:22.647862;;;WHEEL_POS;4.398,0.00
VAL;2026-09-18 10:55:22.662866;;;WHEEL_POS;4.413,0.00
VAL;2026-09-18 10:55:22.697802;;;WHEEL_POS;4.448,0.00
VAL;2026-09-18 10:55:22.731226;;;WHEEL_POS;4.481,0.00
VAL;2026-09-18 10:55:22.767474;;;WHEEL_POS;4.518,0.00
VAL;2026-09-18 10:55:22.786587;;;WHEEL_POS;4.537,0.00
VAL;2026-09-18 10:55:22.821781;;;WHEEL_POS;4.572,0.00
VAL;2026-09-18 10:55:22.834971;;;WHEEL_POS;4.585,0.00
VAL;2026-09-18 10:55:22.849977;;;WHEEL_POS;4.600,0.00
VAL;2026-09-18 10:55:22.885336;;;WHEEL_POS;4.635,0.00
VAL;2026-09-18 10:55:22.903525;;;WHEEL_POS;4.654,0.00
VAL;2026-09-18 10:55:22.919661;;;WHEEL_POS;4.670,0.00
VAL;2026-09-18 10:55:22.953183;;;WHEEL_POS;4.703,0.00
VAL;2026-09-18 10:55:22.969696;;;WHEEL_POS;4.720,0.00
VAL;2026-09-18 10:55:22.987296;;;WHEEL_POS;4.737,0.00
VAL;2026-09-18 10:55:23.004237;;;WHEEL_POS;4.754,0.00
VAL;2026-09-18 10:55:23.039141;;;WHEEL_POS;4.789,0.00
VAL;2026-09-18 10:55:23.054847;;;WHEEL_POS;4.805,0.00
VAL;2026-09-18 10:55:23.084559;;;WHEEL_POS;4.835,0.00
VAL;2026-09-18 10:55:23.105207;;;WHEEL_POS;4.855,0.00
VAL;2026-09-18 10:55:23.120211;;;WHEEL_POS;4.870,0.00
VAL;2026-09-18 10:55:23.137945;;;WHEEL_POS;4.888,0.00
VAL;2026-09-18 10:55:23.170961;;;WHEEL_POS;4.921,0.00
VAL;2026-09-18 10:55:23.204269;;;WHEEL_POS;4.953,0.00
VAL;2026-09-18 10:55:23.220830;;;WHEEL_POS;4.971,0.00
VAL;2026-09-18 10:55:23.237493;;;WHEEL_POS;4.988,0.00
VAL;2026-09-18 10:55:23.254590;;;WHEEL_POS;5.005,0.00
VAL;2026-09-18 10:55:23.274180;;;WHEEL_POS;5.024,0.00
VAL;2026-09-18 10:55:23.304498;;;WHEEL_POS;5.055,0.00
VAL;2026-09-18 10:55:23.320562;;;WHEEL_POS;5.071,0.00
VAL;2026-09-18 10:55:23.353524;;;WHEEL_POS;5.104,0.00
VAL;2026-09-18 10:55:23.388275;;;WHEEL_POS;5.138,0.00
VAL;2026-09-18 10:55:23.403305;;;WHEEL_POS;5.153,0.00
VAL;2026-09-18 10:55:23.435566;;;WHEEL_POS;5.186,0.00
VAL;2026-09-18 10:55:23.451941;;;WHEEL_POS;5.202,0.00
VAL;2026-09-18 10:55:23.466948;;;WHEEL_POS;5.217,0.00
VAL;2026-09-18 10:55:23.500538;;;WHEEL_POS;5.251,0.00
VAL;2026-09-18 10:55:23.533730;;;WHEEL_POS;5.284,0.00
VAL;2026-09-18 10:55:23.567074;;;WHEEL_POS;5.317,0.00
VAL;2026-09-18 10:55:23.588874;;;WHEEL_POS;5.339,0.00
VAL;2026-09-18 10:55:23.603077;;;WHEEL_POS;5.353,0.00
VAL;2026-09-18 10:55:23.630340;;;WHEEL_POS;5.380,0.00
VAL;2026-09-18 10:55:23.646882;;;WHEEL_POS;5.397,0.00
VAL;2026-09-18 10:55:23.678508;;;WHEEL_POS;5.429,0.00
VAL;2026-09-18 10:55:23.706261;;;WHEEL_POS;5.456,0.00
VAL;2026-09-18 10:55:23.732841;;;WHEEL_POS;5.483,0.00
VAL;2026-09-18 10:55:23.768196;;;WHEEL_POS;5.518,0.00
VAL;2026-09-18 10:55:23.788005;;;WHEEL_POS;5.538,0.00
VAL;2026-09-18 10:55:23.801142;;;WHEEL_POS;5.551,0.00
VAL;2026-09-18 10:55:23.816150;;;WHEEL_POS;5.566,0.00
VAL;2026-09-18 10:55:23.850393;;;WHEEL_POS;5.600,0.00
VAL;2026-09-18 10:55:23.866959;;;WHEEL_POS;5.617,0.00
VAL;2026-09-18 10:55:23.884988;;;WHEEL_POS;5.635,0.00
VAL;2026-09-18 10:55:23.898996;;;WHEEL_POS;5.649,0.00
VAL;2026-09-18 10:55:23.936504;;;WHEEL_POS;5.687,0.00
VAL;2026-09-18 10:55:23.949800;;;WHEEL_POS;5.700,0.00
VAL;2026-09-18 10:55:23.964989;;;WHEEL_POS;5.715,0.00
VAL;2026-09-18 10:55:23.998829;;;WHEEL_POS;5.749,0.00
VAL;2026-09-18 10:55:24.030965;;;WHEEL_POS;5.781,0.00
VAL;2026-09-18 10:55:24.062559;;;WHEEL_POS;5.813,0.00
VAL;2026-09-18 10:55:24.095270;;;WHEEL_POS;5.845,0.00
VAL;2026-09-18 10:55:24.127678;;;WHEEL_POS;5.878,0.00
VAL;2026-09-18 10:55:24.160507;;;WHEEL_POS;5.911,0.00
VAL;2026-09-18 10:55:24.177278;;;WHEEL_POS;5.927,0.00
VAL;2026-09-18 10:55:24.194960;;;WHEEL_POS;5.945,0.00
VAL;2026-09-18 10:55:24.226851;;;WHEEL_POS;5.977,0.00
VAL;2026-09-18 10:55:24.246060;;;WHEEL_POS;5.996,0.00
VAL;2026-09-18 10:55:24.262296;;;WHEEL_POS;6.012,0.00
VAL;2026-09-18 10:55:24.281052;;;WHEEL_POS;6.031,0.00
VAL;2026-09-18 10:55:24.295008;;;WHEEL_POS;6.045,0.00
VAL;2026-09-18 10:55:24.329845;;;WHEEL_POS;6.080,0.00
VAL;2026-09-18 10:55:24.345930;;;WHEEL_POS;6.096,0.00
VAL;2026-09-18 10:55:24.360936;;;WHEEL_POS;6.111,0.00
VAL;2026-09-18 10:55:24.397335;;;WHEEL_POS;6.147,0.00
VAL;2026-09-18 10:55:24.412615;;;WHEEL_POS;6.163,0.00
VAL;2026-09-18 10:55:24.446955;;;WHEEL_POS;6.197,0.00
VAL;2026-09-18 10:55:24.463309;;;WHEEL_POS;6.213,0.00
VAL;2026-09-18 10:55:24.485191;;;WHEEL_POS;6.235,0.00
VAL;2026-09-18 10:55:24.514110;;;WHEEL_POS;6.264,0.00
VAL;2026-09-18 10:55:24.529114;;;WHEEL_POS;6.279,0.00
VAL;2026-09-18 10:55:24.564654;;;WHEEL_POS;6.315,0.00
VAL;2026-09-18 10:55:24.585328;;;WHEEL_POS;6.335,0.00
VAL;2026-09-18 10:55:24.598574;;;WHEEL_POS;6.349,0.00
VAL;2026-09-18 10:55:24.617944;;;WHEEL_POS;6.368,0.40
VAL;2026-09-18 10:55:24.647919;;;WHEEL_POS;6.398,1.10
VAL;2026-09-18 10:55:24.686212;;;WHEEL_POS;6.436,1.40
VAL;2026-09-18 10:55:24.726224;;;WHEEL_POS;6.476,1.40
VAL;2026-09-18 10:55:24.739237;;;WHEEL_POS;6.489,1.10
VAL;2026-09-18 10:55:24.775224;;;WHEEL_POS;6.525,0.40
VAL;2026-09-18 10:55:24.792106;;;WHEEL_POS;6.542,0.00
VAL;2026-09-18 10:55:24.807114;;;WHEEL_POS;6.557,-0.40
VAL;2026-09-18 10:55:24.859103;;;WHEEL_POS;6.609,-1.10
EVENT;2026-09-18 10:55:24.859103;3.4323;;0;RotaryEncoder1_1
TRANSITION;2026-09-18 10:55:24.859103;3.4323;;Reward;
VAL;2026-09-18 10:55:24.874738;;;WHEEL_POS;6.625,-1.80
VAL;2026-09-18 10:55:24.898829;;;WHEEL_POS;6.649,-2.50
EVENT;2026-09-18 10:55:24.917033;3.4811;;158;Tup
TRANSITION;2026-09-18 10:55:24.917033;3.4811;;ITI;
VAL;2026-09-18 10:55:24.934030;;;WHEEL_POS;6.684,-3.20
VAL;2026-09-18 10:55:24.952733;;;WHEEL_POS;6.703,-3.50
VAL;2026-09-18 10:55:24.967509;;;WHEEL_POS;6.718,-3.90
VAL;2026-09-18 10:55:24.985807;;;WHEEL_POS;6.736,-4.20
VAL;2026-09-18 10:55:25.001238;;;WHEEL_POS;6.751,-4.60
VAL;2026-09-18 10:55:25.032464;;;WHEEL_POS;6.782,-5.30
VAL;2026-09-18 10:55:25.054656;;;WHEEL_POS;6.805,-5.60
VAL;2026-09-18 10:55:25.085835;;;WHEEL_POS;6.836,-4.20
VAL;2026-09-18 10:55:25.098257;;;WHEEL_POS;6.848,-2.80
VAL;2026-09-18 10:55:25.115962;;;WHEEL_POS;6.866,-1.10
VAL;2026-09-18 10:55:25.132290;;;WHEEL_POS;6.882,0.70
EVENT;2026-09-18 10:55:25.132290;3.7087000000000003;;1;RotaryEncoder1_2
VAL;2026-09-18 10:55:25.148148;;;WHEEL_POS;6.898,2.10
VAL;2026-09-18 10:55:25.168371;;;WHEEL_POS;6.918,3.90
VAL;2026-09-18 10:55:25.186018;;;WHEEL_POS;6.936,5.30
VAL;2026-09-18 10:55:25.197078;;;WHEEL_POS;6.947,6.70
VAL;2026-09-18 10:55:25.231925;;;WHEEL_POS;6.982,9.80
VAL;2026-09-18 10:55:25.248108;;;WHEEL_POS;6.998,10.90
VAL;2026-09-18 10:55:25.264569;;;WHEEL_POS;7.015,12.30
VAL;2026-09-18 10:55:25.284366;;;WHEEL_POS;7.034,13.70
VAL;2026-09-18 10:55:25.297590;;;WHEEL_POS;7.048,14.80
VAL;2026-09-18 10:55:25.313667;;;WHEEL_POS;7.064,16.20
VAL;2026-09-18 10:55:25.362164;;;WHEEL_POS;7.112,18.60
VAL;2026-09-18 10:55:25.390387;;;WHEEL_POS;7.140,20.70
EVENT;2026-09-18 10:55:25.417943;3.9811;;158;Tup
END-TRIAL;2026-09-18 10:55:25.417943;;;The trial ended;
INFO;2026-09-18 10:55:25.417943;7.616931;11.598034;TRIAL-BPOD-TIME;3.981103
STATE;2026-09-18 10:55:25.417943;0;3.4323;WheelPeriod;3.4323
STATE;2026-09-18 10:55:25.417943;3.4323;3.4811;Reward;0.048799999999999955
STATE;2026-09-18 10:55:25.417943;3.4811;3.9811;ITI;0.5
STATE;2026-09-18 10:55:25.417943;nan;nan;NoMovement;nan
VAL;2026-09-18 10:55:25.417943;;;WHEEL_POS;7.168,22.50
VAL;2026-09-18 10:55:25.509563;;;TRIAL_TYPE;stage1
VAL;2026-09-18 10:55:25.509563;;;MOVEMENT_DIRECTION;L
VAL;2026-09-18 10:55:25.509563;;;OUTCOME;Rewarded
VAL;2026-09-18 10:55:25.509563;;;GAIN_MULT;3.0
VAL;2026-09-18 10:55:25.509563;;;THRESHOLD_CROSSING_TIME;6.589168934631347
stdout;2026-09-18 10:55:25.509563;;;Trial 1: held 0.10s (broke 0x), Rewarded, gain=3.00x;
stdout;2026-09-18 10:55:25.509563;;;|
|;
VAL;2026-09-18 10:55:25.653314;;;TRIAL_INIT_START;7.40334677696228
VAL;2026-09-18 10:55:25.670140;;;WHEEL_POS;7.420,30.90
VAL;2026-09-18 10:55:25.686722;;;WHEEL_POS;7.437,30.90
VAL;2026-09-18 10:55:25.702309;;;WHEEL_POS;7.452,31.30
VAL;2026-09-18 10:55:25.738476;;;WHEEL_POS;7.489,31.30
VAL;2026-09-18 10:55:25.752750;;;WHEEL_POS;7.503,31.30
VAL;2026-09-18 10:55:25.769421;;;WHEEL_POS;7.519,31.30
VAL;2026-09-18 10:55:25.786997;;;WHEEL_POS;7.537,31.30
VAL;2026-09-18 10:55:25.801684;;;WHEEL_POS;7.552,31.30
VAL;2026-09-18 10:55:25.817807;;;TRIAL_START;7.551716089248657
VAL;2026-09-18 10:55:25.817807;;;QUIESCENCE_BREAKS;0
TRIAL;2026-09-18 10:55:25.887258;;;New trial;
VAL;2026-09-18 10:55:25.887258;;;WHEEL_POS;7.637,0.00
VAL;2026-09-18 10:55:25.919809;;;WHEEL_POS;7.670,0.00
VAL;2026-09-18 10:55:25.934812;;;WHEEL_POS;7.685,0.00
VAL;2026-09-18 10:55:25.957017;;;WHEEL_POS;7.707,0.00
VAL;2026-09-18 10:55:25.968021;;;WHEEL_POS;7.718,0.00
VAL;2026-09-18 10:55:26.003493;;;WHEEL_POS;7.754,0.00
VAL;2026-09-18 10:55:26.019670;;;WHEEL_POS;7.770,0.00
VAL;2026-09-18 10:55:26.035943;;;WHEEL_POS;7.786,0.00
VAL;2026-09-18 10:55:26.052582;;;WHEEL_POS;7.803,0.00
VAL;2026-09-18 10:55:26.089101;;;WHEEL_POS;7.839,0.00
VAL;2026-09-18 10:55:26.105276;;;WHEEL_POS;7.855,0.00
VAL;2026-09-18 10:55:26.120281;;;WHEEL_POS;7.870,0.00
VAL;2026-09-18 10:55:26.160597;;;WHEEL_POS;7.911,0.00
VAL;2026-09-18 10:55:26.175205;;;WHEEL_POS;7.925,0.00
VAL;2026-09-18 10:55:26.205564;;;WHEEL_POS;7.956,0.00
VAL;2026-09-18 10:55:26.223768;;;WHEEL_POS;7.974,0.00
EVENT;2026-09-18 10:55:26.238340;0.34390000000000004;;94;Port1In
VAL;2026-09-18 10:55:26.254756;;;WHEEL_POS;8.005,0.00
VAL;2026-09-18 10:55:26.287866;;;WHEEL_POS;8.038,0.00
EVENT;2026-09-18 10:55:26.287866;0.40130000000000005;;95;Port1Out
VAL;2026-09-18 10:55:26.308967;;;WHEEL_POS;8.059,0.00
VAL;2026-09-18 10:55:26.334180;;;WHEEL_POS;8.084,0.00
VAL;2026-09-18 10:55:26.369432;;;WHEEL_POS;8.119,0.00
VAL;2026-09-18 10:55:26.403419;;;WHEEL_POS;8.153,0.00
VAL;2026-09-18 10:55:26.420335;;;WHEEL_POS;8.170,0.00
VAL;2026-09-18 10:55:26.436479;;;WHEEL_POS;8.187,0.00
VAL;2026-09-18 10:55:26.469699;;;WHEEL_POS;8.220,0.00
VAL;2026-09-18 10:55:26.502912;;;WHEEL_POS;8.253,0.00
VAL;2026-09-18 10:55:26.521123;;;WHEEL_POS;8.271,0.00
VAL;2026-09-18 10:55:26.534134;;;WHEEL_POS;8.284,0.00
EVENT;2026-09-18 10:55:26.551290;0.66;;94;Port1In
VAL;2026-09-18 10:55:26.571510;;;WHEEL_POS;8.322,0.00
EVENT;2026-09-18 10:55:26.571510;0.6772;;95;Port1Out
VAL;2026-09-18 10:55:26.588060;;;WHEEL_POS;8.338,0.00
VAL;2026-09-18 10:55:26.602851;;;WHEEL_POS;8.353,0.00
VAL;2026-09-18 10:55:26.641486;;;WHEEL_POS;8.392,0.00
VAL;2026-09-18 10:55:26.657623;;;WHEEL_POS;8.408,0.00
VAL;2026-09-18 10:55:26.690873;;;WHEEL_POS;8.441,0.00
VAL;2026-09-18 10:55:26.705886;;;WHEEL_POS;8.456,0.00
EVENT;2026-09-18 10:55:26.723559;0.8320000000000001;;94;Port1In
EVENT;2026-09-18 10:55:26.729149;0.8417;;95;Port1Out
VAL;2026-09-18 10:55:26.738300;;;WHEEL_POS;8.488,0.00
VAL;2026-09-18 10:55:26.759080;;;WHEEL_POS;8.509,0.00
VAL;2026-09-18 10:55:26.794829;;;WHEEL_POS;8.545,0.00
VAL;2026-09-18 10:55:26.808039;;;WHEEL_POS;8.558,0.00
VAL;2026-09-18 10:55:26.824932;;;WHEEL_POS;8.575,0.00
EVENT;2026-09-18 10:55:26.857618;0.9628000000000001;;94;Port1In
VAL;2026-09-18 10:55:26.858639;;;WHEEL_POS;8.609,0.00
EVENT;2026-09-18 10:55:26.864674;0.9774;;95;Port1Out
VAL;2026-09-18 10:55:26.875767;;;WHEEL_POS;8.626,0.00
VAL;2026-09-18 10:55:26.892700;;;WHEEL_POS;8.643,0.00
VAL;2026-09-18 10:55:26.927432;;;WHEEL_POS;8.677,0.00
VAL;2026-09-18 10:55:26.942437;;;WHEEL_POS;8.692,0.00
VAL;2026-09-18 10:55:26.975250;;;WHEEL_POS;8.725,0.00
VAL;2026-09-18 10:55:26.996046;;;WHEEL_POS;8.746,0.00
VAL;2026-09-18 10:55:27.012019;;;WHEEL_POS;8.762,0.00
EVENT;2026-09-18 10:55:27.017071;1.1280000000000001;;94;Port1In
VAL;2026-09-18 10:55:27.028303;;;WHEEL_POS;8.778,0.00
VAL;2026-09-18 10:55:27.061796;;;WHEEL_POS;8.812,0.00
VAL;2026-09-18 10:55:27.080327;;;WHEEL_POS;8.830,0.00
EVENT;2026-09-18 10:55:27.088337;1.194;;95;Port1Out
EVENT;2026-09-18 10:55:27.088337;1.1944000000000001;;94;Port1In
EVENT;2026-09-18 10:55:27.088337;1.1945000000000001;;95;Port1Out
VAL;2026-09-18 10:55:27.093843;;;WHEEL_POS;8.844,0.00
VAL;2026-09-18 10:55:27.127977;;;WHEEL_POS;8.878,0.00
EVENT;2026-09-18 10:55:27.127977;1.2426000000000001;;94;Port1In
EVENT;2026-09-18 10:55:27.159473;1.2641;;95;Port1Out
VAL;2026-09-18 10:55:27.163284;;;WHEEL_POS;8.913,0.00
VAL;2026-09-18 10:55:27.179956;;;WHEEL_POS;8.930,0.00
VAL;2026-09-18 10:55:27.196138;;;WHEEL_POS;8.946,0.00
VAL;2026-09-18 10:55:27.212450;;;WHEEL_POS;8.962,0.00
VAL;2026-09-18 10:55:27.229205;;;WHEEL_POS;8.979,0.00
VAL;2026-09-18 10:55:27.262601;;;WHEEL_POS;9.013,0.00
VAL;2026-09-18 10:55:27.277618;;;WHEEL_POS;9.028,0.00
EVENT;2026-09-18 10:55:27.295637;1.4020000000000001;;94;Port1In
VAL;2026-09-18 10:55:27.295637;;;WHEEL_POS;9.046,0.00
EVENT;2026-09-18 10:55:27.311909;1.4187;;95;Port1Out
VAL;2026-09-18 10:55:27.329022;;;WHEEL_POS;9.079,0.00
VAL;2026-09-18 10:55:27.345297;;;WHEEL_POS;9.095,0.00
VAL;2026-09-18 10:55:27.360306;;;WHEEL_POS;9.110,0.00
EVENT;2026-09-18 10:55:27.360306;1.4659;;94;Port1In
EVENT;2026-09-18 10:55:27.378474;1.4921;;95;Port1Out
VAL;2026-09-18 10:55:27.396099;;;WHEEL_POS;9.146,0.00
VAL;2026-09-18 10:55:27.430116;;;WHEEL_POS;9.180,0.00
VAL;2026-09-18 10:55:27.449877;;;WHEEL_POS;9.200,0.00
VAL;2026-09-18 10:55:27.464880;;;WHEEL_POS;9.215,0.00
VAL;2026-09-18 10:55:27.504416;;;WHEEL_POS;9.254,0.00
VAL;2026-09-18 10:55:27.531524;;;WHEEL_POS;9.282,0.00
EVENT;2026-09-18 10:55:27.565337;1.6729;;94;Port1In
VAL;2026-09-18 10:55:27.565337;;;WHEEL_POS;9.315,0.00
VAL;2026-09-18 10:55:27.599947;;;WHEEL_POS;9.350,0.00
VAL;2026-09-18 10:55:27.614956;;;WHEEL_POS;9.365,0.00
VAL;2026-09-18 10:55:27.649485;;;WHEEL_POS;9.400,0.00
EVENT;2026-09-18 10:55:27.665573;1.7811000000000001;;95;Port1Out
VAL;2026-09-18 10:55:27.688352;;;WHEEL_POS;9.438,0.00
VAL;2026-09-18 10:55:27.717399;;;WHEEL_POS;9.467,0.00
VAL;2026-09-18 10:55:27.738154;;;WHEEL_POS;9.488,0.00
VAL;2026-09-18 10:55:27.758562;;;WHEEL_POS;9.509,0.00
VAL;2026-09-18 10:55:27.788875;;;WHEEL_POS;9.539,0.00
VAL;2026-09-18 10:55:27.805039;;;WHEEL_POS;9.555,0.00
VAL;2026-09-18 10:55:27.820185;;;WHEEL_POS;9.570,0.00
EVENT;2026-09-18 10:55:27.852602;1.9577;;94;Port1In
VAL;2026-09-18 10:55:27.856674;;;WHEEL_POS;9.607,0.00
VAL;2026-09-18 10:55:27.869999;;;WHEEL_POS;9.620,0.00
VAL;2026-09-18 10:55:27.907726;;;WHEEL_POS;9.658,0.00
VAL;2026-09-18 10:55:27.924806;;;WHEEL_POS;9.675,0.00
EVENT;2026-09-18 10:55:27.924806;2.043;;95;Port1Out
VAL;2026-09-18 10:55:27.955905;;;WHEEL_POS;9.706,0.00
VAL;2026-09-18 10:55:27.971545;;;WHEEL_POS;9.722,0.00
VAL;2026-09-18 10:55:27.989879;;;WHEEL_POS;9.740,0.00
VAL;2026-09-18 10:55:28.019058;;;WHEEL_POS;9.769,0.00
VAL;2026-09-18 10:55:28.033066;;;WHEEL_POS;9.783,0.00
VAL;2026-09-18 10:55:28.069798;;;WHEEL_POS;9.820,0.00
VAL;2026-09-18 10:55:28.091314;;;WHEEL_POS;9.841,0.00
VAL;2026-09-18 10:55:28.108618;;;WHEEL_POS;9.859,0.00
EVENT;2026-09-18 10:55:28.137975;2.2463;;94;Port1In
VAL;2026-09-18 10:55:28.137975;;;WHEEL_POS;9.888,0.00
VAL;2026-09-18 10:55:28.152981;;;WHEEL_POS;9.903,0.00
VAL;2026-09-18 10:55:28.189871;;;WHEEL_POS;9.940,0.00
VAL;2026-09-18 10:55:28.205098;;;WHEEL_POS;9.955,0.00
VAL;2026-09-18 10:55:28.238548;;;WHEEL_POS;9.989,0.00
EVENT;2026-09-18 10:55:28.255751;2.3634;;95;Port1Out
VAL;2026-09-18 10:55:28.272051;;;WHEEL_POS;10.022,0.00
VAL;2026-09-18 10:55:28.289103;;;WHEEL_POS;10.039,0.00
VAL;2026-09-18 10:55:28.332388;;;WHEEL_POS;10.082,0.00
VAL;2026-09-18 10:55:28.372751;;;WHEEL_POS;10.123,0.00
VAL;2026-09-18 10:55:28.389281;;;WHEEL_POS;10.139,0.00
VAL;2026-09-18 10:55:28.408433;;;WHEEL_POS;10.158,0.00
EVENT;2026-09-18 10:55:28.408433;2.5187;;94;Port1In
VAL;2026-09-18 10:55:28.471848;;;WHEEL_POS;10.222,0.00
VAL;2026-09-18 10:55:28.491437;;;WHEEL_POS;10.241,0.00
VAL;2026-09-18 10:55:28.509543;;;WHEEL_POS;10.260,0.00
EVENT;2026-09-18 10:55:28.509543;2.6197;;95;Port1Out
VAL;2026-09-18 10:55:28.523846;;;WHEEL_POS;10.274,0.00
VAL;2026-09-18 10:55:28.542806;;;WHEEL_POS;10.293,0.00
VAL;2026-09-18 10:55:28.573646;;;WHEEL_POS;10.324,0.00
VAL;2026-09-18 10:55:28.609229;;;WHEEL_POS;10.359,0.00
VAL;2026-09-18 10:55:28.633866;;;WHEEL_POS;10.384,0.00
VAL;2026-09-18 10:55:28.653148;;;WHEEL_POS;10.403,0.00
VAL;2026-09-18 10:55:28.665161;;;WHEEL_POS;10.415,0.00
EVENT;2026-09-18 10:55:28.683306;2.7892;;94;Port1In
VAL;2026-09-18 10:55:28.700797;;;WHEEL_POS;10.451,0.00
VAL;2026-09-18 10:55:28.719824;;;WHEEL_POS;10.470,0.00
VAL;2026-09-18 10:55:28.732334;;;WHEEL_POS;10.482,0.00
EVENT;2026-09-18 10:55:28.732334;2.8382;;95;Port1Out
VAL;2026-09-18 10:55:28.767846;;;WHEEL_POS;10.518,0.00
VAL;2026-09-18 10:55:28.802541;;;WHEEL_POS;10.553,0.00
VAL;2026-09-18 10:55:28.837201;;;WHEEL_POS;10.587,0.00
VAL;2026-09-18 10:55:28.852403;;;WHEEL_POS;10.602,0.00
VAL;2026-09-18 10:55:28.886123;;;WHEEL_POS;10.636,0.00
VAL;2026-09-18 10:55:28.904805;;;WHEEL_POS;10.655,0.00
VAL;2026-09-18 10:55:28.937756;;;WHEEL_POS;10.688,0.00
VAL;2026-09-18 10:55:28.952766;;;WHEEL_POS;10.703,0.00
VAL;2026-09-18 10:55:29.012581;;;WHEEL_POS;10.758,0.00
VAL;2026-09-18 10:55:29.034596;;;WHEEL_POS;10.785,0.00
VAL;2026-09-18 10:55:29.065603;;;WHEEL_POS;10.816,0.00
VAL;2026-09-18 10:55:29.106074;;;WHEEL_POS;10.856,0.00
VAL;2026-09-18 10:55:29.120128;;;WHEEL_POS;10.870,0.00
VAL;2026-09-18 10:55:29.135216;;;WHEEL_POS;10.885,0.00
VAL;2026-09-18 10:55:29.150226;;;WHEEL_POS;10.900,0.00
VAL;2026-09-18 10:55:29.183883;;;WHEEL_POS;10.934,0.00
VAL;2026-09-18 10:55:29.220206;;;WHEEL_POS;10.970,0.00
VAL;2026-09-18 10:55:29.251706;;;WHEEL_POS;11.002,0.00
VAL;2026-09-18 10:55:29.284274;;;WHEEL_POS;11.034,0.40
VAL;2026-09-18 10:55:29.301687;;;WHEEL_POS;11.052,-0.70
EVENT;2026-09-18 10:55:29.325182;3.43;;0;RotaryEncoder1_1
TRANSITION;2026-09-18 10:55:29.325182;3.43;;Reward;
VAL;2026-09-18 10:55:29.334257;;;WHEEL_POS;11.084,-2.50
VAL;2026-09-18 10:55:29.351942;;;WHEEL_POS;11.102,-3.50
VAL;2026-09-18 10:55:29.368627;;;WHEEL_POS;11.119,-4.60
EVENT;2026-09-18 10:55:29.371906;3.4788;;158;Tup
TRANSITION;2026-09-18 10:55:29.371906;3.4788;;ITI;
VAL;2026-09-18 10:55:29.384985;;;WHEEL_POS;11.135,-5.60
VAL;2026-09-18 10:55:29.405397;;;WHEEL_POS;11.155,-6.30
VAL;2026-09-18 10:55:29.420302;;;WHEEL_POS;11.170,-6.30
VAL;2026-09-18 10:55:29.450298;;;WHEEL_POS;11.200,-6.30
VAL;2026-09-18 10:55:29.467019;;;WHEEL_POS;11.217,-6.30
VAL;2026-09-18 10:55:29.483073;;;WHEEL_POS;11.233,-6.30
VAL;2026-09-18 10:55:29.499712;;;WHEEL_POS;11.250,-6.30
VAL;2026-09-18 10:55:29.520481;;;WHEEL_POS;11.271,-6.70
VAL;2026-09-18 10:55:29.533623;;;WHEEL_POS;11.284,-7.00
VAL;2026-09-18 10:55:29.565188;;;WHEEL_POS;11.315,-7.00
VAL;2026-09-18 10:55:29.580191;;;WHEEL_POS;11.330,-7.00
VAL;2026-09-18 10:55:29.597860;;;WHEEL_POS;11.348,-7.00
VAL;2026-09-18 10:55:29.614020;;;WHEEL_POS;11.364,-7.00
VAL;2026-09-18 10:55:29.633633;;;WHEEL_POS;11.384,-6.70
VAL;2026-09-18 10:55:29.648215;;;WHEEL_POS;11.398,-6.70
VAL;2026-09-18 10:55:29.663342;;;WHEEL_POS;11.413,-6.70
VAL;2026-09-18 10:55:29.679714;;;WHEEL_POS;11.430,-6.70
VAL;2026-09-18 10:55:29.694718;;;WHEEL_POS;11.445,-6.70
VAL;2026-09-18 10:55:29.733315;;;WHEEL_POS;11.483,-6.70
VAL;2026-09-18 10:55:29.763964;;;WHEEL_POS;11.514,-6.70
VAL;2026-09-18 10:55:29.778602;;;WHEEL_POS;11.529,-6.70
VAL;2026-09-18 10:55:29.796940;;;WHEEL_POS;11.547,-6.70
VAL;2026-09-18 10:55:29.813047;;;WHEEL_POS;11.563,-6.70
VAL;2026-09-18 10:55:29.829903;;;WHEEL_POS;11.580,-6.70
VAL;2026-09-18 10:55:29.846016;;;WHEEL_POS;11.596,-6.70
VAL;2026-09-18 10:55:29.862210;;;WHEEL_POS;11.612,-6.70
EVENT;2026-09-18 10:55:29.867745;3.9788;;158;Tup
END-TRIAL;2026-09-18 10:55:29.867745;;;The trial ended;
INFO;2026-09-18 10:55:29.867745;12.074831;16.053635;TRIAL-BPOD-TIME;3.9788040000000002
STATE;2026-09-18 10:55:29.867745;0;3.43;WheelPeriod;3.43
STATE;2026-09-18 10:55:29.867745;3.43;3.4788;Reward;0.048799999999999955
STATE;2026-09-18 10:55:29.867745;3.4788;3.9788;ITI;0.5
STATE;2026-09-18 10:55:29.867745;nan;nan;NoMovement;nan
VAL;2026-09-18 10:55:29.943704;;;TRIAL_TYPE;stage1
VAL;2026-09-18 10:55:29.943704;;;MOVEMENT_DIRECTION;L
VAL;2026-09-18 10:55:29.943704;;;OUTCOME;Rewarded
VAL;2026-09-18 10:55:29.943704;;;GAIN_MULT;3.0
VAL;2026-09-18 10:55:29.943704;;;THRESHOLD_CROSSING_TIME;11.0636350440979
stdout;2026-09-18 10:55:29.943704;;;Trial 2: held 0.10s (broke 0x), Rewarded, gain=3.00x;
stdout;2026-09-18 10:55:29.943704;;;|
|;
VAL;2026-09-18 10:55:30.134374;;;TRIAL_INIT_START;11.884406566619873
VAL;2026-09-18 10:55:30.167075;;;WHEEL_POS;11.917,-6.70
VAL;2026-09-18 10:55:30.183146;;;WHEEL_POS;11.933,-6.70
VAL;2026-09-18 10:55:30.199057;;;WHEEL_POS;11.949,-6.70
VAL;2026-09-18 10:55:30.220430;;;WHEEL_POS;11.970,-6.70
VAL;2026-09-18 10:55:30.232846;;;WHEEL_POS;11.983,-6.70
VAL;2026-09-18 10:55:30.266318;;;WHEEL_POS;12.016,-6.70
VAL;2026-09-18 10:55:30.282991;;;WHEEL_POS;12.033,-6.70
VAL;2026-09-18 10:55:30.298628;;;WHEEL_POS;12.049,-6.70
VAL;2026-09-18 10:55:30.323088;;;TRIAL_START;12.048660516738892
VAL;2026-09-18 10:55:30.323088;;;QUIESCENCE_BREAKS;0
TRIAL;2026-09-18 10:55:30.371578;;;New trial;
VAL;2026-09-18 10:55:30.387721;;;WHEEL_POS;12.138,0.00
VAL;2026-09-18 10:55:30.405846;;;WHEEL_POS;12.156,0.00
VAL;2026-09-18 10:55:30.424575;;;WHEEL_POS;12.175,0.00
VAL;2026-09-18 10:55:30.438595;;;WHEEL_POS;12.189,0.00
EVENT;2026-09-18 10:55:30.438595;0.0614;;94;Port1In
EVENT;2026-09-18 10:55:30.453662;0.08030000000000001;;95;Port1Out
VAL;2026-09-18 10:55:30.468669;;;WHEEL_POS;12.219,0.00
VAL;2026-09-18 10:55:30.505457;;;WHEEL_POS;12.255,0.00
VAL;2026-09-18 10:55:30.541373;;;WHEEL_POS;12.291,0.00
VAL;2026-09-18 10:55:30.556329;;;WHEEL_POS;12.306,0.00
VAL;2026-09-18 10:55:30.571710;;;WHEEL_POS;12.322,0.00
EVENT;2026-09-18 10:55:30.571710;0.1965;;94;Port1In
EVENT;2026-09-18 10:55:30.587939;0.2146;;95;Port1Out
VAL;2026-09-18 10:55:30.604577;;;WHEEL_POS;12.355,0.00
VAL;2026-09-18 10:55:30.620934;;;WHEEL_POS;12.371,0.00
VAL;2026-09-18 10:55:30.658773;;;WHEEL_POS;12.404,0.00
VAL;2026-09-18 10:55:30.670334;;;WHEEL_POS;12.420,0.00
VAL;2026-09-18 10:55:30.686648;;;WHEEL_POS;12.437,0.00
EVENT;2026-09-18 10:55:30.686648;0.30770000000000003;;94;Port1In
VAL;2026-09-18 10:55:30.702998;;;WHEEL_POS;12.453,0.00
EVENT;2026-09-18 10:55:30.718048;0.33390000000000003;;95;Port1Out
VAL;2026-09-18 10:55:30.720579;;;WHEEL_POS;12.471,0.00
VAL;2026-09-18 10:55:30.755582;;;WHEEL_POS;12.506,0.00
VAL;2026-09-18 10:55:30.785543;;;WHEEL_POS;12.536,0.00
VAL;2026-09-18 10:55:30.821319;;;WHEEL_POS;12.571,0.00
EVENT;2026-09-18 10:55:30.836614;0.4667;;94;Port1In
VAL;2026-09-18 10:55:30.857220;;;WHEEL_POS;12.607,0.00
VAL;2026-09-18 10:55:30.873228;;;WHEEL_POS;12.623,0.00
VAL;2026-09-18 10:55:30.892386;;;WHEEL_POS;12.642,0.00
VAL;2026-09-18 10:55:30.907069;;;WHEEL_POS;12.657,0.00
VAL;2026-09-18 10:55:30.939580;;;WHEEL_POS;12.690,0.00
VAL;2026-09-18 10:55:30.972449;;;WHEEL_POS;12.722,0.00
EVENT;2026-09-18 10:55:30.984536;0.6013000000000001;;95;Port1Out
VAL;2026-09-18 10:55:31.009616;;;WHEEL_POS;12.760,0.00
VAL;2026-09-18 10:55:31.025347;;;WHEEL_POS;12.775,0.00
VAL;2026-09-18 10:55:31.043297;;;WHEEL_POS;12.793,0.00
VAL;2026-09-18 10:55:31.077156;;;WHEEL_POS;12.827,0.00
VAL;2026-09-18 10:55:31.097588;;;WHEEL_POS;12.843,0.00
VAL;2026-09-18 10:55:31.114447;;;WHEEL_POS;12.864,0.00
EVENT;2026-09-18 10:55:31.130061;0.7475;;94;Port1In
VAL;2026-09-18 10:55:31.130061;;;WHEEL_POS;12.880,0.00
VAL;2026-09-18 10:55:31.147201;;;WHEEL_POS;12.897,0.00
EVENT;2026-09-18 10:55:31.147201;0.7719;;95;Port1Out
VAL;2026-09-18 10:55:31.165115;;;WHEEL_POS;12.915,0.00
VAL;2026-09-18 10:55:31.190963;;;WHEEL_POS;12.941,0.00
EVENT;2026-09-18 10:55:31.213902;0.8311000000000001;;94;Port1In
VAL;2026-09-18 10:55:31.215935;;;WHEEL_POS;12.966,0.00
VAL;2026-09-18 10:55:31.231581;;;WHEEL_POS;12.982,0.00
EVENT;2026-09-18 10:55:31.231581;0.8592000000000001;;95;Port1Out
VAL;2026-09-18 10:55:31.247795;;;WHEEL_POS;12.998,0.00
VAL;2026-09-18 10:55:31.280405;;;WHEEL_POS;13.030,0.00
VAL;2026-09-18 10:55:31.297288;;;WHEEL_POS;13.047,0.00
VAL;2026-09-18 10:55:31.314241;;;WHEEL_POS;13.064,0.00
VAL;2026-09-18 10:55:31.346778;;;WHEEL_POS;13.097,0.00
VAL;2026-09-18 10:55:31.363027;;;WHEEL_POS;13.113,0.00
VAL;2026-09-18 10:55:31.380202;;;WHEEL_POS;13.130,0.00
EVENT;2026-09-18 10:55:31.380202;1.0075;;94;Port1In
EVENT;2026-09-18 10:55:31.396732;1.0165;;95;Port1Out
VAL;2026-09-18 10:55:31.414117;;;WHEEL_POS;13.164,0.00
VAL;2026-09-18 10:55:31.448586;;;WHEEL_POS;13.199,0.00
VAL;2026-09-18 10:55:31.463171;;;WHEEL_POS;13.213,0.00
VAL;2026-09-18 10:55:31.481252;;;WHEEL_POS;13.231,0.00
EVENT;2026-09-18 10:55:31.481252;1.1104;;94;Port1In
EVENT;2026-09-18 10:55:31.497329;1.1251;;95;Port1Out
VAL;2026-09-18 10:55:31.513810;;;WHEEL_POS;13.264,0.00
VAL;2026-09-18 10:55:31.529899;;;WHEEL_POS;13.280,0.00
VAL;2026-09-18 10:55:31.547156;;;WHEEL_POS;13.297,0.00
VAL;2026-09-18 10:55:31.581187;;;WHEEL_POS;13.331,0.00
VAL;2026-09-18 10:55:31.614694;;;WHEEL_POS;13.365,0.00
VAL;2026-09-18 10:55:31.633718;;;WHEEL_POS;13.384,0.00
EVENT;2026-09-18 10:55:31.667760;1.2805;;94;Port1In
VAL;2026-09-18 10:55:31.672574;;;WHEEL_POS;13.423,0.00
EVENT;2026-09-18 10:55:31.672574;1.2945;;95;Port1Out
VAL;2026-09-18 10:55:31.688949;;;WHEEL_POS;13.439,0.00
VAL;2026-09-18 10:55:31.709268;;;WHEEL_POS;13.459,0.00
VAL;2026-09-18 10:55:31.738399;;;WHEEL_POS;13.488,0.00
EVENT;2026-09-18 10:55:31.754591;1.3811;;94;Port1In
VAL;2026-09-18 10:55:31.775165;;;WHEEL_POS;13.525,0.00
EVENT;2026-09-18 10:55:31.775165;1.4011;;95;Port1Out
VAL;2026-09-18 10:55:31.803395;;;WHEEL_POS;13.553,0.00
VAL;2026-09-18 10:55:31.821485;;;WHEEL_POS;13.572,0.00
VAL;2026-09-18 10:55:31.870858;;;WHEEL_POS;13.621,0.00
VAL;2026-09-18 10:55:31.889037;;;WHEEL_POS;13.639,0.00
VAL;2026-09-18 10:55:31.905409;;;WHEEL_POS;13.655,0.00
VAL;2026-09-18 10:55:31.924139;;;WHEEL_POS;13.674,0.00
VAL;2026-09-18 10:55:31.938149;;;WHEEL_POS;13.688,0.00
VAL;2026-09-18 10:55:31.970346;;;WHEEL_POS;13.720,0.00
VAL;2026-09-18 10:55:32.004720;;;WHEEL_POS;13.755,0.00
VAL;2026-09-18 10:55:32.034519;;;WHEEL_POS;13.785,0.00
VAL;2026-09-18 10:55:32.067351;;;WHEEL_POS;13.817,0.00
VAL;2026-09-18 10:55:32.088551;;;WHEEL_POS;13.839,0.00
VAL;2026-09-18 10:55:32.105790;;;WHEEL_POS;13.856,0.00
VAL;2026-09-18 10:55:32.124618;;;WHEEL_POS;13.875,0.00
VAL;2026-09-18 10:55:32.156312;;;WHEEL_POS;13.906,0.00
VAL;2026-09-18 10:55:32.173695;;;WHEEL_POS;13.924,0.00
VAL;2026-09-18 10:55:32.192596;;;WHEEL_POS;13.943,0.00
VAL;2026-09-18 10:55:32.225466;;;WHEEL_POS;13.975,0.40
EVENT;2026-09-18 10:55:32.241573;1.8622;;1;RotaryEncoder1_2
TRANSITION;2026-09-18 10:55:32.241573;1.8622;;Reward;
VAL;2026-09-18 10:55:32.241573;;;WHEEL_POS;13.992,1.80
VAL;2026-09-18 10:55:32.274792;;;WHEEL_POS;14.025,3.50
VAL;2026-09-18 10:55:32.291599;;;WHEEL_POS;14.042,3.90
EVENT;2026-09-18 10:55:32.291599;1.911;;158;Tup
TRANSITION;2026-09-18 10:55:32.291599;1.911;;ITI;
VAL;2026-09-18 10:55:32.307748;;;WHEEL_POS;14.058,3.90
VAL;2026-09-18 10:55:32.329329;;;WHEEL_POS;14.079,4.20
VAL;2026-09-18 10:55:32.356870;;;WHEEL_POS;14.107,6.00
VAL;2026-09-18 10:55:32.373028;;;WHEEL_POS;14.123,7.40
VAL;2026-09-18 10:55:32.389224;;;WHEEL_POS;14.139,8.80
VAL;2026-09-18 10:55:32.405634;;;WHEEL_POS;14.156,10.20
VAL;2026-09-18 10:55:32.442865;;;WHEEL_POS;14.193,12.00
VAL;2026-09-18 10:55:32.470101;;;WHEEL_POS;14.220,13.00
VAL;2026-09-18 10:55:32.487051;;;WHEEL_POS;14.237,13.40
VAL;2026-09-18 10:55:32.503103;;;WHEEL_POS;14.253,13.70
VAL;2026-09-18 10:55:32.536654;;;WHEEL_POS;14.287,14.40
VAL;2026-09-18 10:55:32.572262;;;WHEEL_POS;14.322,14.80
VAL;2026-09-18 10:55:32.586389;;;WHEEL_POS;14.336,15.10
VAL;2026-09-18 10:55:32.621509;;;WHEEL_POS;14.372,15.10
VAL;2026-09-18 10:55:32.635804;;;WHEEL_POS;14.386,15.10
VAL;2026-09-18 10:55:32.671244;;;WHEEL_POS;14.421,15.10
VAL;2026-09-18 10:55:32.686628;;;WHEEL_POS;14.437,15.10
VAL;2026-09-18 10:55:32.703155;;;WHEEL_POS;14.453,15.10
VAL;2026-09-18 10:55:32.721711;;;WHEEL_POS;14.472,15.10
VAL;2026-09-18 10:55:32.736936;;;WHEEL_POS;14.487,15.10
VAL;2026-09-18 10:55:32.753038;;;WHEEL_POS;14.503,15.10
VAL;2026-09-18 10:55:32.773083;;;WHEEL_POS;14.523,15.10
VAL;2026-09-18 10:55:32.787245;;;WHEEL_POS;14.537,15.10
EVENT;2026-09-18 10:55:32.787245;2.411;;158;Tup
END-TRIAL;2026-09-18 10:55:32.787245;;;The trial ended;
INFO;2026-09-18 10:55:32.787245;16.562831;18.973834;TRIAL-BPOD-TIME;2.411003000000001
STATE;2026-09-18 10:55:32.787245;0;1.8622;WheelPeriod;1.8622
STATE;2026-09-18 10:55:32.787245;1.8622;1.911;Reward;0.048799999999999955
STATE;2026-09-18 10:55:32.787245;1.911;2.411;ITI;0.5
STATE;2026-09-18 10:55:32.787245;nan;nan;NoMovement;nan
VAL;2026-09-18 10:55:32.856739;;;TRIAL_TYPE;stage1
VAL;2026-09-18 10:55:32.856739;;;MOVEMENT_DIRECTION;R
VAL;2026-09-18 10:55:32.856739;;;OUTCOME;Rewarded
VAL;2026-09-18 10:55:32.856739;;;GAIN_MULT;3.0
VAL;2026-09-18 10:55:32.856739;;;THRESHOLD_CROSSING_TIME;13.983810403060913
stdout;2026-09-18 10:55:32.856739;;;Trial 3: held 0.10s (broke 0x), Rewarded, gain=3.00x;
stdout;2026-09-18 10:55:32.856739;;;|
|;
VAL;2026-09-18 10:55:33.057406;;;TRIAL_INIT_START;14.807438135147095
VAL;2026-09-18 10:55:33.089659;;;WHEEL_POS;14.840,15.10
VAL;2026-09-18 10:55:33.105733;;;WHEEL_POS;14.856,15.10
VAL;2026-09-18 10:55:33.125229;;;WHEEL_POS;14.875,15.10
VAL;2026-09-18 10:55:33.140372;;;WHEEL_POS;14.890,15.10
VAL;2026-09-18 10:55:33.156431;;;WHEEL_POS;14.906,15.10
VAL;2026-09-18 10:55:33.172586;;;WHEEL_POS;14.923,15.10
VAL;2026-09-18 10:55:33.204780;;;WHEEL_POS;14.955,15.10
VAL;2026-09-18 10:55:33.239835;;;WHEEL_POS;14.990,15.10
VAL;2026-09-18 10:55:33.252843;;;TRIAL_START;14.989867925643921
VAL;2026-09-18 10:55:33.252843;;;QUIESCENCE_BREAKS;0
TRIAL;2026-09-18 10:55:33.319541;;;New trial;
VAL;2026-09-18 10:55:33.321558;;;WHEEL_POS;15.072,0.00
VAL;2026-09-18 10:55:33.357186;;;WHEEL_POS;15.107,0.00
VAL;2026-09-18 10:55:33.370276;;;WHEEL_POS;15.120,0.00
VAL;2026-09-18 10:55:33.386518;;;WHEEL_POS;15.137,0.00
VAL;2026-09-18 10:55:33.403041;;;WHEEL_POS;15.153,0.00
VAL;2026-09-18 10:55:33.436076;;;WHEEL_POS;15.186,0.00
VAL;2026-09-18 10:55:33.468139;;;WHEEL_POS;15.218,0.00
VAL;2026-09-18 10:55:33.499398;;;WHEEL_POS;15.249,0.00
VAL;2026-09-18 10:55:33.537155;;;WHEEL_POS;15.287,0.00
VAL;2026-09-18 10:55:33.568408;;;WHEEL_POS;15.318,0.00
VAL;2026-09-18 10:55:33.584034;;;WHEEL_POS;15.334,0.00
VAL;2026-09-18 10:55:33.621806;;;WHEEL_POS;15.372,0.00
VAL;2026-09-18 10:55:33.637440;;;WHEEL_POS;15.387,0.00
VAL;2026-09-18 10:55:33.668692;;;WHEEL_POS;15.419,0.00
EVENT;2026-09-18 10:55:33.699949;0.37410000000000004;;94;Port1In
VAL;2026-09-18 10:55:33.699949;;;WHEEL_POS;15.450,0.00
VAL;2026-09-18 10:55:33.737715;;;WHEEL_POS;15.488,0.00
VAL;2026-09-18 10:55:33.768967;;;WHEEL_POS;15.519,0.00
EVENT;2026-09-18 10:55:33.798325;0.4731;;95;Port1Out
VAL;2026-09-18 10:55:33.803496;;;WHEEL_POS;15.554,0.00
VAL;2026-09-18 10:55:33.822144;;;WHEEL_POS;15.572,0.00
VAL;2026-09-18 10:55:33.837781;;;WHEEL_POS;15.588,0.00
EVENT;2026-09-18 10:55:33.853403;0.5348;;94;Port1In
VAL;2026-09-18 10:55:33.869026;;;WHEEL_POS;15.619,0.00
VAL;2026-09-18 10:55:33.906279;;;WHEEL_POS;15.656,0.00
VAL;2026-09-18 10:55:33.922328;;;WHEEL_POS;15.672,0.00
EVENT;2026-09-18 10:55:33.939465;0.6291;;95;Port1Out
VAL;2026-09-18 10:55:33.955605;;;WHEEL_POS;15.706,0.00
VAL;2026-09-18 10:55:33.972783;;;WHEEL_POS;15.723,0.00
VAL;2026-09-18 10:55:33.987798;;;WHEEL_POS;15.738,0.00
VAL;2026-09-18 10:55:34.024912;;;WHEEL_POS;15.775,0.00
VAL;2026-09-18 10:55:34.041075;;;WHEEL_POS;15.791,0.00
VAL;2026-09-18 10:55:34.056087;;;WHEEL_POS;15.806,0.00
VAL;2026-09-18 10:55:34.092190;;;WHEEL_POS;15.842,0.00
VAL;2026-09-18 10:55:34.107248;;;WHEEL_POS;15.857,0.00
VAL;2026-09-18 10:55:34.124077;;;WHEEL_POS;15.874,0.00
VAL;2026-09-18 10:55:34.158386;;;WHEEL_POS;15.908,0.00
VAL;2026-09-18 10:55:34.173390;;;WHEEL_POS;15.923,0.00
VAL;2026-09-18 10:55:34.206584;;;WHEEL_POS;15.957,0.00
VAL;2026-09-18 10:55:34.258781;;;WHEEL_POS;16.009,0.00
VAL;2026-09-18 10:55:34.277970;;;WHEEL_POS;16.028,0.00
VAL;2026-09-18 10:55:34.295223;;;WHEEL_POS;16.045,0.00
VAL;2026-09-18 10:55:34.321999;;;WHEEL_POS;16.072,0.00
VAL;2026-09-18 10:55:34.357804;;;WHEEL_POS;16.108,0.00
VAL;2026-09-18 10:55:34.376023;;;WHEEL_POS;16.126,0.00
VAL;2026-09-18 10:55:34.391028;;;WHEEL_POS;16.141,0.00
VAL;2026-09-18 10:55:34.427249;;;WHEEL_POS;16.177,0.00
VAL;2026-09-18 10:55:34.440452;;;WHEEL_POS;16.190,0.00
VAL;2026-09-18 10:55:34.471708;;;WHEEL_POS;16.222,0.00
VAL;2026-09-18 10:55:34.522363;;;WHEEL_POS;16.272,0.00
VAL;2026-09-18 10:55:34.555657;;;WHEEL_POS;16.306,0.00
VAL;2026-09-18 10:55:34.585405;;;WHEEL_POS;16.335,0.00
VAL;2026-09-18 10:55:34.620284;;;WHEEL_POS;16.370,0.00
VAL;2026-09-18 10:55:34.654442;;;WHEEL_POS;16.404,0.00
VAL;2026-09-18 10:55:34.670584;;;WHEEL_POS;16.421,0.40
VAL;2026-09-18 10:55:34.703970;;;WHEEL_POS;16.454,-0.40
EVENT;2026-09-18 10:55:34.722495;1.409;;0;RotaryEncoder1_1
TRANSITION;2026-09-18 10:55:34.722495;1.409;;Reward;
VAL;2026-09-18 10:55:34.737094;;;WHEEL_POS;16.487,-1.80
VAL;2026-09-18 10:55:34.753254;;;WHEEL_POS;16.503,-2.10
VAL;2026-09-18 10:55:34.769343;;;WHEEL_POS;16.519,-2.50
EVENT;2026-09-18 10:55:34.769343;1.4578;;158;Tup
TRANSITION;2026-09-18 10:55:34.769343;1.4578;;ITI;
VAL;2026-09-18 10:55:34.785594;;;WHEEL_POS;16.536,-2.50
VAL;2026-09-18 10:55:34.805443;;;WHEEL_POS;16.555,-2.50
VAL;2026-09-18 10:55:34.822485;;;WHEEL_POS;16.573,-2.80
VAL;2026-09-18 10:55:34.836723;;;WHEEL_POS;16.587,-3.50
VAL;2026-09-18 10:55:34.854246;;;WHEEL_POS;16.604,-4.60
VAL;2026-09-18 10:55:34.870350;;;WHEEL_POS;16.620,-4.90
VAL;2026-09-18 10:55:34.886571;;;WHEEL_POS;16.637,-5.30
VAL;2026-09-18 10:55:34.908781;;;WHEEL_POS;16.659,-4.90
VAL;2026-09-18 10:55:34.936263;;;WHEEL_POS;16.686,-4.20
VAL;2026-09-18 10:55:34.952390;;;WHEEL_POS;16.702,-3.90
VAL;2026-09-18 10:55:34.968455;;;WHEEL_POS;16.718,-3.90
VAL;2026-09-18 10:55:34.984508;;;WHEEL_POS;16.735,-3.50
VAL;2026-09-18 10:55:35.000801;;;WHEEL_POS;16.751,-3.50
VAL;2026-09-18 10:55:35.016918;;;WHEEL_POS;16.767,-3.20
VAL;2026-09-18 10:55:35.036275;;;WHEEL_POS;16.786,-3.20
VAL;2026-09-18 10:55:35.050434;;;WHEEL_POS;16.800,-3.20
VAL;2026-09-18 10:55:35.066706;;;WHEEL_POS;16.817,-3.20
VAL;2026-09-18 10:55:35.083230;;;WHEEL_POS;16.833,-3.20
VAL;2026-09-18 10:55:35.099769;;;WHEEL_POS;16.850,-3.20
VAL;2026-09-18 10:55:35.134993;;;WHEEL_POS;16.885,-3.20
VAL;2026-09-18 10:55:35.149137;;;WHEEL_POS;16.899,-3.20
VAL;2026-09-18 10:55:35.165231;;;WHEEL_POS;16.915,-3.20
VAL;2026-09-18 10:55:35.181365;;;WHEEL_POS;16.931,-3.20
VAL;2026-09-18 10:55:35.197748;;;WHEEL_POS;16.948,-3.20
VAL;2026-09-18 10:55:35.229991;;;WHEEL_POS;16.980,-3.20
VAL;2026-09-18 10:55:35.248980;;;WHEEL_POS;16.999,-3.20
VAL;2026-09-18 10:55:35.264002;;;WHEEL_POS;17.014,-3.20
EVENT;2026-09-18 10:55:35.280249;1.9578;;158;Tup
END-TRIAL;2026-09-18 10:55:35.280249;;;The trial ended;
INFO;2026-09-18 10:55:35.280249;19.504731;21.462534;TRIAL-BPOD-TIME;1.957803000000002
STATE;2026-09-18 10:55:35.280249;0;1.409;WheelPeriod;1.409
STATE;2026-09-18 10:55:35.280249;1.409;1.4578;Reward;0.048799999999999955
STATE;2026-09-18 10:55:35.280249;1.4578;1.9578;ITI;0.5
STATE;2026-09-18 10:55:35.280249;nan;nan;NoMovement;nan
VAL;2026-09-18 10:55:35.329472;;;TRIAL_TYPE;stage1
VAL;2026-09-18 10:55:35.329472;;;MOVEMENT_DIRECTION;L
VAL;2026-09-18 10:55:35.329472;;;OUTCOME;Rewarded
VAL;2026-09-18 10:55:35.329472;;;GAIN_MULT;3.0
VAL;2026-09-18 10:55:35.329472;;;THRESHOLD_CROSSING_TIME;16.462907871246337
stdout;2026-09-18 10:55:35.329472;;;Trial 4: held 0.10s (broke 0x), Rewarded, gain=3.00x;
stdout;2026-09-18 10:55:35.329472;;;|
|;
VAL;2026-09-18 10:55:35.556643;;;TRIAL_INIT_START;17.306675910949707
VAL;2026-09-18 10:55:35.577461;;;WHEEL_POS;17.327,-3.20
VAL;2026-09-18 10:55:35.606158;;;WHEEL_POS;17.356,-3.20
VAL;2026-09-18 10:55:35.622718;;;WHEEL_POS;17.373,-3.20
VAL;2026-09-18 10:55:35.638864;;;WHEEL_POS;17.389,-3.20
VAL;2026-09-18 10:55:35.655508;;;WHEEL_POS;17.406,-3.20
VAL;2026-09-18 10:55:35.671693;;;WHEEL_POS;17.422,-3.20
VAL;2026-09-18 10:55:35.706531;;;WHEEL_POS;17.457,-3.20
VAL;2026-09-18 10:55:35.722856;;;WHEEL_POS;17.473,-3.20
VAL;2026-09-18 10:55:35.736939;;;TRIAL_START;17.472888946533203
VAL;2026-09-18 10:55:35.736939;;;QUIESCENCE_BREAKS;0
TRIAL;2026-09-18 10:55:35.768108;;;New trial;
VAL;2026-09-18 10:55:35.770198;;;WHEEL_POS;17.520,0.00
VAL;2026-09-18 10:55:35.803457;;;WHEEL_POS;17.553,0.00
VAL;2026-09-18 10:55:35.822899;;;WHEEL_POS;17.573,0.00
VAL;2026-09-18 10:55:35.836610;;;WHEEL_POS;17.587,0.00
VAL;2026-09-18 10:55:35.869301;;;WHEEL_POS;17.619,0.00
VAL;2026-09-18 10:55:35.908421;;;WHEEL_POS;17.658,0.00
VAL;2026-09-18 10:55:35.944915;;;WHEEL_POS;17.695,0.00
VAL;2026-09-18 10:55:35.961371;;;WHEEL_POS;17.711,0.00
VAL;2026-09-18 10:55:35.979203;;;WHEEL_POS;17.729,0.00
VAL;2026-09-18 10:55:36.010412;;;WHEEL_POS;17.760,0.00
VAL;2026-09-18 10:55:36.030616;;;WHEEL_POS;17.781,0.00
VAL;2026-09-18 10:55:36.059258;;;WHEEL_POS;17.809,0.00
VAL;2026-09-18 10:55:36.079910;;;WHEEL_POS;17.830,0.00
VAL;2026-09-18 10:55:36.100322;;;WHEEL_POS;17.850,0.00
VAL;2026-09-18 10:55:36.123171;;;WHEEL_POS;17.873,0.00
VAL;2026-09-18 10:55:36.153390;;;WHEEL_POS;17.903,0.00
VAL;2026-09-18 10:55:36.166781;;;WHEEL_POS;17.917,0.00
VAL;2026-09-18 10:55:36.193566;;;WHEEL_POS;17.944,0.00
VAL;2026-09-18 10:55:36.217061;;;WHEEL_POS;17.967,0.00
VAL;2026-09-18 10:55:36.248704;;;WHEEL_POS;17.999,0.00
VAL;2026-09-18 10:55:36.270331;;;WHEEL_POS;18.020,0.00
VAL;2026-09-18 10:55:36.285188;;;WHEEL_POS;18.035,0.00
VAL;2026-09-18 10:55:36.310360;;;WHEEL_POS;18.060,0.00
VAL;2026-09-18 10:55:36.342082;;;WHEEL_POS;18.092,0.00
VAL;2026-09-18 10:55:36.358181;;;WHEEL_POS;18.108,0.00
VAL;2026-09-18 10:55:36.392063;;;WHEEL_POS;18.140,0.00
EVENT;2026-09-18 10:55:36.408183;0.6352;;94;Port1In
VAL;2026-09-18 10:55:36.408183;;;WHEEL_POS;18.158,0.00
EVENT;2026-09-18 10:55:36.423720;0.6493;;95;Port1Out
VAL;2026-09-18 10:55:36.426326;;;WHEEL_POS;18.176,0.00
VAL;2026-09-18 10:55:36.442473;;;WHEEL_POS;18.193,0.00
EVENT;2026-09-18 10:55:36.442473;0.6729;;94;Port1In
EVENT;2026-09-18 10:55:36.459053;0.6937;;95;Port1Out
VAL;2026-09-18 10:55:36.459053;;;WHEEL_POS;18.209,0.00
VAL;2026-09-18 10:55:36.493445;;;WHEEL_POS;18.243,0.00
VAL;2026-09-18 10:55:36.512201;;;WHEEL_POS;18.262,0.00
VAL;2026-09-18 10:55:36.527245;;;WHEEL_POS;18.277,0.00
VAL;2026-09-18 10:55:36.561761;;;WHEEL_POS;18.312,0.00
VAL;2026-09-18 10:55:36.593394;;;WHEEL_POS;18.343,0.00
VAL;2026-09-18 10:55:36.627501;;;WHEEL_POS;18.378,0.00
VAL;2026-09-18 10:55:36.660025;;;WHEEL_POS;18.410,0.00
VAL;2026-09-18 10:55:36.676110;;;WHEEL_POS;18.426,0.00
VAL;2026-09-18 10:55:36.692794;;;WHEEL_POS;18.443,0.00
VAL;2026-09-18 10:55:36.711163;;;WHEEL_POS;18.461,0.00
VAL;2026-09-18 10:55:36.725821;;;WHEEL_POS;18.476,0.00
VAL;2026-09-18 10:55:36.758121;;;WHEEL_POS;18.508,0.00
VAL;2026-09-18 10:55:36.774664;;;WHEEL_POS;18.525,0.00
VAL;2026-09-18 10:55:36.790911;;;WHEEL_POS;18.541,0.00
VAL;2026-09-18 10:55:36.827131;;;WHEEL_POS;18.577,0.00
VAL;2026-09-18 10:55:36.840157;;;WHEEL_POS;18.590,0.00
VAL;2026-09-18 10:55:36.856797;;;WHEEL_POS;18.607,0.00
VAL;2026-09-18 10:55:36.911072;;;WHEEL_POS;18.661,0.00
VAL;2026-09-18 10:55:36.930329;;;WHEEL_POS;18.680,0.00
VAL;2026-09-18 10:55:36.946502;;;WHEEL_POS;18.697,0.00
VAL;2026-09-18 10:55:36.965865;;;WHEEL_POS;18.716,0.00
VAL;2026-09-18 10:55:37.002392;;;WHEEL_POS;18.752,0.00
VAL;2026-09-18 10:55:37.024242;;;WHEEL_POS;18.774,0.00
VAL;2026-09-18 10:55:37.054779;;;WHEEL_POS;18.805,0.00
VAL;2026-09-18 10:55:37.087247;;;WHEEL_POS;18.837,0.00
VAL;2026-09-18 10:55:37.104097;;;WHEEL_POS;18.854,0.00
VAL;2026-09-18 10:55:37.124549;;;WHEEL_POS;18.875,0.00
VAL;2026-09-18 10:55:37.138745;;;WHEEL_POS;18.889,0.40
VAL;2026-09-18 10:55:37.158608;;;WHEEL_POS;18.909,0.40
VAL;2026-09-18 10:55:37.188284;;;WHEEL_POS;18.938,0.40
VAL;2026-09-18 10:55:37.204577;;;WHEEL_POS;18.955,0.40
VAL;2026-09-18 10:55:37.224416;;;WHEEL_POS;18.974,0.00
VAL;2026-09-18 10:55:37.259505;;;WHEEL_POS;19.010,0.00
VAL;2026-09-18 10:55:37.293167;;;WHEEL_POS;19.043,-0.40
VAL;2026-09-18 10:55:37.324653;;;WHEEL_POS;19.075,-0.70
EVENT;2026-09-18 10:55:37.337741;1.5723;;0;RotaryEncoder1_1
TRANSITION;2026-09-18 10:55:37.337741;1.5723;;Reward;
VAL;2026-09-18 10:55:37.354033;;;WHEEL_POS;19.104,-1.80
VAL;2026-09-18 10:55:37.370802;;;WHEEL_POS;19.121,-2.80
VAL;2026-09-18 10:55:37.389166;;;WHEEL_POS;19.139,-3.20
EVENT;2026-09-18 10:55:37.389166;1.6211;;158;Tup
TRANSITION;2026-09-18 10:55:37.389166;1.6211;;ITI;
VAL;2026-09-18 10:55:37.404568;;;WHEEL_POS;19.155,-3.50
VAL;2026-09-18 10:55:37.420306;;;WHEEL_POS;19.170,-3.90
VAL;2026-09-18 10:55:37.436386;;;WHEEL_POS;19.186,-4.20
VAL;2026-09-18 10:55:37.452486;;;WHEEL_POS;19.203,-4.20
VAL;2026-09-18 10:55:37.486886;;;WHEEL_POS;19.237,-3.90
VAL;2026-09-18 10:55:37.502841;;;WHEEL_POS;19.253,-3.90
VAL;2026-09-18 10:55:37.519279;;;WHEEL_POS;19.269,-3.90
VAL;2026-09-18 10:55:37.536462;;;WHEEL_POS;19.286,-3.90
VAL;2026-09-18 10:55:37.552555;;;WHEEL_POS;19.303,-3.90
VAL;2026-09-18 10:55:37.587695;;;WHEEL_POS;19.338,-3.20
VAL;2026-09-18 10:55:37.617908;;;WHEEL_POS;19.368,-3.20
VAL;2026-09-18 10:55:37.635080;;;WHEEL_POS;19.385,-3.20
VAL;2026-09-18 10:55:37.651172;;;WHEEL_POS;19.401,-2.80
VAL;2026-09-18 10:55:37.667504;;;WHEEL_POS;19.418,-2.80
VAL;2026-09-18 10:55:37.682508;;;WHEEL_POS;19.433,-2.50
VAL;2026-09-18 10:55:37.718902;;;WHEEL_POS;19.469,-2.50
VAL;2026-09-18 10:55:37.735676;;;WHEEL_POS;19.486,-2.10
VAL;2026-09-18 10:55:37.750681;;;WHEEL_POS;19.501,-2.10
VAL;2026-09-18 10:55:37.784427;;;WHEEL_POS;19.534,-1.80
VAL;2026-09-18 10:55:37.800515;;;WHEEL_POS;19.551,-1.40
VAL;2026-09-18 10:55:37.835957;;;WHEEL_POS;19.586,-1.40
VAL;2026-09-18 10:55:37.848962;;;WHEEL_POS;19.599,-1.40
VAL;2026-09-18 10:55:37.883363;;;WHEEL_POS;19.633,-1.40
EVENT;2026-09-18 10:55:37.883363;2.1211;;158;Tup
END-TRIAL;2026-09-18 10:55:37.883363;;;The trial ended;
INFO;2026-09-18 10:55:37.883363;21.953731;24.074834;TRIAL-BPOD-TIME;2.121102999999998
STATE;2026-09-18 10:55:37.883363;0;1.5723;WheelPeriod;1.5723
STATE;2026-09-18 10:55:37.883363;1.5723;1.6211;Reward;0.048799999999999955
STATE;2026-09-18 10:55:37.883363;1.6211;2.1211;ITI;0.5000000000000002
STATE;2026-09-18 10:55:37.883363;nan;nan;NoMovement;nan
VAL;2026-09-18 10:55:37.968015;;;TRIAL_TYPE;stage1
VAL;2026-09-18 10:55:37.968015;;;MOVEMENT_DIRECTION;L
VAL;2026-09-18 10:55:37.968015;;;OUTCOME;Rewarded
VAL;2026-09-18 10:55:37.968015;;;GAIN_MULT;3.0
VAL;2026-09-18 10:55:37.968015;;;THRESHOLD_CROSSING_TIME;19.07543591957092
stdout;2026-09-18 10:55:37.968015;;;Trial 5: held 0.10s (broke 0x), Rewarded, gain=3.00x;
stdout;2026-09-18 10:55:37.968015;;;|
|;
VAL;2026-09-18 10:55:38.151558;;;TRIAL_INIT_START;19.90159034729004
VAL;2026-09-18 10:55:38.188555;;;WHEEL_POS;19.939,-1.40
VAL;2026-09-18 10:55:38.205050;;;WHEEL_POS;19.955,-1.40
VAL;2026-09-18 10:55:38.221185;;;WHEEL_POS;19.971,-1.40
VAL;2026-09-18 10:55:38.254123;;;WHEEL_POS;20.004,-1.40
VAL;2026-09-18 10:55:38.272388;;;WHEEL_POS;20.022,-1.40
VAL;2026-09-18 10:55:38.286493;;;WHEEL_POS;20.037,-1.40
VAL;2026-09-18 10:55:38.303199;;;WHEEL_POS;20.053,-1.40
VAL;2026-09-18 10:55:38.319613;;;WHEEL_POS;20.070,-1.40
VAL;2026-09-18 10:55:38.336209;;;TRIAL_START;20.069645404815674
VAL;2026-09-18 10:55:38.336209;;;QUIESCENCE_BREAKS;0
TRIAL;2026-09-18 10:55:38.403214;;;New trial;
VAL;2026-09-18 10:55:38.403642;;;WHEEL_POS;20.154,0.00
VAL;2026-09-18 10:55:38.435581;;;WHEEL_POS;20.186,0.00
VAL;2026-09-18 10:55:38.451787;;;WHEEL_POS;20.202,0.00
VAL;2026-09-18 10:55:38.472496;;;WHEEL_POS;20.223,0.00
VAL;2026-09-18 10:55:38.487447;;;WHEEL_POS;20.237,0.00
VAL;2026-09-18 10:55:38.517733;;;WHEEL_POS;20.268,0.00
VAL;2026-09-18 10:55:38.534367;;;WHEEL_POS;20.284,0.00
VAL;2026-09-18 10:55:38.549371;;;WHEEL_POS;20.299,0.00
VAL;2026-09-18 10:55:38.583155;;;WHEEL_POS;20.333,0.00
VAL;2026-09-18 10:55:38.620471;;;WHEEL_POS;20.371,0.00
VAL;2026-09-18 10:55:38.634037;;;WHEEL_POS;20.384,0.00
VAL;2026-09-18 10:55:38.667417;;;WHEEL_POS;20.417,0.00
VAL;2026-09-18 10:55:38.683553;;;WHEEL_POS;20.434,0.00
VAL;2026-09-18 10:55:38.703735;;;WHEEL_POS;20.454,0.00
VAL;2026-09-18 10:55:38.738913;;;WHEEL_POS;20.489,0.00
VAL;2026-09-18 10:55:38.755038;;;WHEEL_POS;20.505,0.00
VAL;2026-09-18 10:55:38.770044;;;WHEEL_POS;20.520,0.00
VAL;2026-09-18 10:55:38.804906;;;WHEEL_POS;20.555,0.00
VAL;2026-09-18 10:55:38.854633;;;WHEEL_POS;20.605,0.00
VAL;2026-09-18 10:55:38.873269;;;WHEEL_POS;20.623,0.00
VAL;2026-09-18 10:55:38.892037;;;WHEEL_POS;20.642,0.00
VAL;2026-09-18 10:55:38.926119;;;WHEEL_POS;20.676,0.00
VAL;2026-09-18 10:55:38.944483;;;WHEEL_POS;20.695,0.00
VAL;2026-09-18 10:55:38.973182;;;WHEEL_POS;20.723,0.00
VAL;2026-09-18 10:55:38.992423;;;WHEEL_POS;20.742,0.00
VAL;2026-09-18 10:55:39.009084;;;WHEEL_POS;20.759,0.00
VAL;2026-09-18 10:55:39.026379;;;WHEEL_POS;20.776,0.00
VAL;2026-09-18 10:55:39.062072;;;WHEEL_POS;20.812,0.40
VAL;2026-09-18 10:55:39.074079;;;WHEEL_POS;20.824,0.40
VAL;2026-09-18 10:55:39.109934;;;WHEEL_POS;20.860,0.70
VAL;2026-09-18 10:55:39.126631;;;WHEEL_POS;20.877,0.70
VAL;2026-09-18 10:55:39.141641;;;WHEEL_POS;20.892,0.70
VAL;2026-09-18 10:55:39.179379;;;WHEEL_POS;20.929,0.70
VAL;2026-09-18 10:55:39.196217;;;WHEEL_POS;20.946,1.10
VAL;2026-09-18 10:55:39.210814;;;WHEEL_POS;20.961,1.80
EVENT;2026-09-18 10:55:39.210814;0.8022;;1;RotaryEncoder1_2
TRANSITION;2026-09-18 10:55:39.210814;0.8022;;Reward;
VAL;2026-09-18 10:55:39.227378;;;WHEEL_POS;20.977,2.80
VAL;2026-09-18 10:55:39.243372;;;WHEEL_POS;20.993,4.20
EVENT;2026-09-18 10:55:39.259490;0.8510000000000001;;158;Tup
TRANSITION;2026-09-18 10:55:39.259490;0.8510000000000001;;ITI;
VAL;2026-09-18 10:55:39.264347;;;WHEEL_POS;21.014,6.00
VAL;2026-09-18 10:55:39.295935;;;WHEEL_POS;21.046,7.70
VAL;2026-09-18 10:55:39.319438;;;WHEEL_POS;21.069,8.40
VAL;2026-09-18 10:55:39.342256;;;WHEEL_POS;21.092,8.40
VAL;2026-09-18 10:55:39.358352;;;WHEEL_POS;21.108,8.10
VAL;2026-09-18 10:55:39.374546;;;WHEEL_POS;21.125,8.10
VAL;2026-09-18 10:55:39.394833;;;WHEEL_POS;21.145,8.10
VAL;2026-09-18 10:55:39.408472;;;WHEEL_POS;21.159,8.10
VAL;2026-09-18 10:55:39.426966;;;WHEEL_POS;21.177,8.40
VAL;2026-09-18 10:55:39.441802;;;WHEEL_POS;21.192,8.40
VAL;2026-09-18 10:55:39.458451;;;WHEEL_POS;21.208,8.80
VAL;2026-09-18 10:55:39.474595;;;WHEEL_POS;21.225,8.80
VAL;2026-09-18 10:55:39.509034;;;WHEEL_POS;21.259,9.10
VAL;2026-09-18 10:55:39.539813;;;WHEEL_POS;21.290,9.10
VAL;2026-09-18 10:55:39.556306;;;WHEEL_POS;21.306,9.10
VAL;2026-09-18 10:55:39.588592;;;WHEEL_POS;21.339,9.10
VAL;2026-09-18 10:55:39.607919;;;WHEEL_POS;21.358,9.10
VAL;2026-09-18 10:55:39.623038;;;WHEEL_POS;21.373,9.10
VAL;2026-09-18 10:55:39.638401;;;WHEEL_POS;21.388,9.10
VAL;2026-09-18 10:55:39.654508;;;WHEEL_POS;21.405,9.10
VAL;2026-09-18 10:55:39.687246;;;WHEEL_POS;21.437,9.10
VAL;2026-09-18 10:55:39.703747;;;WHEEL_POS;21.454,9.10
VAL;2026-09-18 10:55:39.720937;;;WHEEL_POS;21.471,9.10
VAL;2026-09-18 10:55:39.739507;;;WHEEL_POS;21.490,9.10
EVENT;2026-09-18 10:55:39.753151;1.351;;158;Tup
END-TRIAL;2026-09-18 10:55:39.753151;;;The trial ended;
INFO;2026-09-18 10:55:39.753151;24.588731;25.939734;TRIAL-BPOD-TIME;1.3510030000000022
STATE;2026-09-18 10:55:39.753151;0;0.8022;WheelPeriod;0.8022
STATE;2026-09-18 10:55:39.753151;0.8022;0.8510000000000001;Reward;0.048800000000000066
STATE;2026-09-18 10:55:39.753151;0.8510000000000001;1.351;ITI;0.4999999999999999
STATE;2026-09-18 10:55:39.753151;nan;nan;NoMovement;nan
VAL;2026-09-18 10:55:39.753151;;;WHEEL_POS;21.503,9.10
VAL;2026-09-18 10:55:39.827173;;;TRIAL_TYPE;stage1
VAL;2026-09-18 10:55:39.827173;;;MOVEMENT_DIRECTION;R
VAL;2026-09-18 10:55:39.827173;;;OUTCOME;Rewarded
VAL;2026-09-18 10:55:39.827173;;;GAIN_MULT;3.0
VAL;2026-09-18 10:55:39.827173;;;THRESHOLD_CROSSING_TIME;20.94017616958618
stdout;2026-09-18 10:55:39.827173;;;Trial 6: held 0.10s (broke 0x), Rewarded, gain=3.00x;
stdout;2026-09-18 10:55:39.827173;;;|
|;
VAL;2026-09-18 10:55:40.005026;;;TRIAL_INIT_START;21.755058765411377
VAL;2026-09-18 10:55:40.040569;;;WHEEL_POS;21.791,9.10
VAL;2026-09-18 10:55:40.055257;;;WHEEL_POS;21.805,9.10
VAL;2026-09-18 10:55:40.074473;;;WHEEL_POS;21.825,9.10
VAL;2026-09-18 10:55:40.104073;;;WHEEL_POS;21.854,9.10
VAL;2026-09-18 10:55:40.123730;;;WHEEL_POS;21.874,9.10
VAL;2026-09-18 10:55:40.138729;;;WHEEL_POS;21.889,9.10
VAL;2026-09-18 10:55:40.154971;;;WHEEL_POS;21.905,9.10
VAL;2026-09-18 10:55:40.171073;;;WHEEL_POS;21.921,9.10
VAL;2026-09-18 10:55:40.191844;;;TRIAL_START;21.92110586166382
VAL;2026-09-18 10:55:40.191844;;;QUIESCENCE_BREAKS;0
TRIAL;2026-09-18 10:55:40.253262;;;New trial;
VAL;2026-09-18 10:55:40.269925;;;WHEEL_POS;22.020,0.00
VAL;2026-09-18 10:55:40.292781;;;WHEEL_POS;22.043,0.00
VAL;2026-09-18 10:55:40.310887;;;WHEEL_POS;22.061,0.00
VAL;2026-09-18 10:55:40.340409;;;WHEEL_POS;22.090,0.00
VAL;2026-09-18 10:55:40.356982;;;WHEEL_POS;22.107,0.00
VAL;2026-09-18 10:55:40.373333;;;WHEEL_POS;22.123,0.00
VAL;2026-09-18 10:55:40.393438;;;WHEEL_POS;22.143,0.00
VAL;2026-09-18 10:55:40.409787;;;WHEEL_POS;22.160,0.00
VAL;2026-09-18 10:55:40.437848;;;WHEEL_POS;22.188,0.00
VAL;2026-09-18 10:55:40.470087;;;WHEEL_POS;22.220,0.00
VAL;2026-09-18 10:55:40.486179;;;WHEEL_POS;22.236,0.00
VAL;2026-09-18 10:55:40.503071;;;WHEEL_POS;22.253,0.00
VAL;2026-09-18 10:55:40.536680;;;WHEEL_POS;22.287,0.00
VAL;2026-09-18 10:55:40.569935;;;WHEEL_POS;22.320,0.00
VAL;2026-09-18 10:55:40.602916;;;WHEEL_POS;22.353,0.00
VAL;2026-09-18 10:55:40.622674;;;WHEEL_POS;22.373,0.00
VAL;2026-09-18 10:55:40.637306;;;WHEEL_POS;22.387,0.00
VAL;2026-09-18 10:55:40.652312;;;WHEEL_POS;22.402,0.00
VAL;2026-09-18 10:55:40.686169;;;WHEEL_POS;22.436,0.00
VAL;2026-09-18 10:55:40.701173;;;WHEEL_POS;22.451,0.00
VAL;2026-09-18 10:55:40.716804;;;WHEEL_POS;22.467,0.00
VAL;2026-09-18 10:55:40.743944;;;WHEEL_POS;22.494,0.00
VAL;2026-09-18 10:55:40.775192;;;WHEEL_POS;22.525,0.00
VAL;2026-09-18 10:55:40.790819;;;WHEEL_POS;22.541,0.40
VAL;2026-09-18 10:55:40.822078;;;WHEEL_POS;22.572,1.40
VAL;2026-09-18 10:55:40.844228;;;WHEEL_POS;22.594,1.40
VAL;2026-09-18 10:55:40.859854;;;WHEEL_POS;22.610,1.40
EVENT;2026-09-18 10:55:40.875485;0.6233000000000001;;1;RotaryEncoder1_2
TRANSITION;2026-09-18 10:55:40.891112;0.6233000000000001;;Reward;
VAL;2026-09-18 10:55:40.891112;;;WHEEL_POS;22.641,1.80
VAL;2026-09-18 10:55:40.928752;;;WHEEL_POS;22.679,5.60
EVENT;2026-09-18 10:55:40.928752;0.6721;;158;Tup
TRANSITION;2026-09-18 10:55:40.928752;0.6721;;ITI;
VAL;2026-09-18 10:55:40.960008;;;WHEEL_POS;22.710,13.00
VAL;2026-09-18 10:55:40.994312;;;WHEEL_POS;22.744,22.10
VAL;2026-09-18 10:55:41.009845;;;WHEEL_POS;22.760,26.40
VAL;2026-09-18 10:55:41.043107;;;WHEEL_POS;22.793,28.80
VAL;2026-09-18 10:55:41.076858;;;WHEEL_POS;22.827,27.80
VAL;2026-09-18 10:55:41.108202;;;WHEEL_POS;22.858,27.80
VAL;2026-09-18 10:55:41.128797;;;WHEEL_POS;22.879,28.10
VAL;2026-09-18 10:55:41.157506;;;WHEEL_POS;22.908,28.80
VAL;2026-09-18 10:55:41.177986;;;WHEEL_POS;22.928,28.80
VAL;2026-09-18 10:55:41.206206;;;WHEEL_POS;22.956,28.80
VAL;2026-09-18 10:55:41.222341;;;WHEEL_POS;22.972,28.80
VAL;2026-09-18 10:55:41.243022;;;WHEEL_POS;22.993,28.50
VAL;2026-09-18 10:55:41.271974;;;WHEEL_POS;23.022,28.50
VAL;2026-09-18 10:55:41.288068;;;WHEEL_POS;23.038,28.50
VAL;2026-09-18 10:55:41.307090;;;WHEEL_POS;23.057,28.50
VAL;2026-09-18 10:55:41.340942;;;WHEEL_POS;23.091,28.50
VAL;2026-09-18 10:55:41.373466;;;WHEEL_POS;23.123,28.50
VAL;2026-09-18 10:55:41.389540;;;WHEEL_POS;23.140,28.50
VAL;2026-09-18 10:55:41.408475;;;WHEEL_POS;23.159,28.50
VAL;2026-09-18 10:55:41.429058;;;WHEEL_POS;23.179,28.50
EVENT;2026-09-18 10:55:41.429058;1.1721000000000001;;158;Tup
END-TRIAL;2026-09-18 10:55:41.429058;;;The trial ended;
INFO;2026-09-18 10:55:41.429058;26.446631;27.618734;TRIAL-BPOD-TIME;1.172103
STATE;2026-09-18 10:55:41.429058;0;0.6233000000000001;WheelPeriod;0.6233000000000001
STATE;2026-09-18 10:55:41.429058;0.6233000000000001;0.6721;Reward;0.048799999999999955
STATE;2026-09-18 10:55:41.429058;0.6721;1.1721000000000001;ITI;0.5000000000000001
STATE;2026-09-18 10:55:41.429058;nan;nan;NoMovement;nan
VAL;2026-09-18 10:55:41.514855;;;TRIAL_TYPE;stage1
VAL;2026-09-18 10:55:41.514855;;;MOVEMENT_DIRECTION;R
VAL;2026-09-18 10:55:41.514855;;;OUTCOME;Rewarded
VAL;2026-09-18 10:55:41.514855;;;GAIN_MULT;3.0
VAL;2026-09-18 10:55:41.514855;;;THRESHOLD_CROSSING_TIME;22.626594706344605
stdout;2026-09-18 10:55:41.514855;;;Trial 7: held 0.10s (broke 0x), Rewarded, gain=3.00x;
stdout;2026-09-18 10:55:41.514855;;;|
|;
VAL;2026-09-18 10:55:41.727073;;;TRIAL_INIT_START;23.47710609436035
VAL;2026-09-18 10:55:41.747645;;;WHEEL_POS;23.498,28.50
VAL;2026-09-18 10:55:41.760785;;;WHEEL_POS;23.511,28.50
VAL;2026-09-18 10:55:41.793941;;;WHEEL_POS;23.544,28.50
VAL;2026-09-18 10:55:41.810110;;;WHEEL_POS;23.560,28.50
VAL;2026-09-18 10:55:41.829436;;;WHEEL_POS;23.579,28.50
VAL;2026-09-18 10:55:41.844108;;;WHEEL_POS;23.594,28.50
VAL;2026-09-18 10:55:41.879652;;;WHEEL_POS;23.630,28.50
VAL;2026-09-18 10:55:41.895854;;;WHEEL_POS;23.646,28.50
VAL;2026-09-18 10:55:41.911920;;;TRIAL_START;23.645886421203613
VAL;2026-09-18 10:55:41.911920;;;QUIESCENCE_BREAKS;0
TRIAL;2026-09-18 10:55:41.943674;;;New trial;
VAL;2026-09-18 10:55:41.944707;;;WHEEL_POS;23.695,0.00
VAL;2026-09-18 10:55:41.980297;;;WHEEL_POS;23.730,0.00
EVENT;2026-09-18 10:55:41.980297;0.033600000000000005;;94;Port1In
VAL;2026-09-18 10:55:41.994764;;;WHEEL_POS;23.745,0.00
EVENT;2026-09-18 10:55:41.994764;0.0574;;95;Port1Out
VAL;2026-09-18 10:55:42.011092;;;WHEEL_POS;23.761,0.00
VAL;2026-09-18 10:55:42.029670;;;WHEEL_POS;23.780,0.00
VAL;2026-09-18 10:55:42.058797;;;WHEEL_POS;23.809,0.00
VAL;2026-09-18 10:55:42.079660;;;WHEEL_POS;23.830,0.00
VAL;2026-09-18 10:55:42.093797;;;WHEEL_POS;23.844,0.00
VAL;2026-09-18 10:55:42.129554;;;WHEEL_POS;23.880,0.00
EVENT;2026-09-18 10:55:42.129554;0.18050000000000002;;94;Port1In
EVENT;2026-09-18 10:55:42.143654;0.19410000000000002;;95;Port1Out
VAL;2026-09-18 10:55:42.143654;;;WHEEL_POS;23.894,0.00
VAL;2026-09-18 10:55:42.176302;;;WHEEL_POS;23.926,0.00
VAL;2026-09-18 10:55:42.208631;;;WHEEL_POS;23.959,0.00
EVENT;2026-09-18 10:55:42.241710;0.2849;;94;Port1In
VAL;2026-09-18 10:55:42.245432;;;WHEEL_POS;23.995,0.00
VAL;2026-09-18 10:55:42.275252;;;WHEEL_POS;24.025,0.00
EVENT;2026-09-18 10:55:42.275252;0.3291;;95;Port1Out
VAL;2026-09-18 10:55:42.290256;;;WHEEL_POS;24.040,0.00
VAL;2026-09-18 10:55:42.314049;;;WHEEL_POS;24.064,0.00
VAL;2026-09-18 10:55:42.329555;;;WHEEL_POS;24.080,0.00
EVENT;2026-09-18 10:55:42.369861;0.4279;;94;Port1In
VAL;2026-09-18 10:55:42.384868;;;WHEEL_POS;24.135,0.00
EVENT;2026-09-18 10:55:42.384868;0.4431;;95;Port1Out
VAL;2026-09-18 10:55:42.403649;;;WHEEL_POS;24.154,0.00
VAL;2026-09-18 10:55:42.420938;;;WHEEL_POS;24.171,0.00
VAL;2026-09-18 10:55:42.435458;;;WHEEL_POS;24.185,0.00
EVENT;2026-09-18 10:55:42.455213;0.501;;94;Port1In
EVENT;2026-09-18 10:55:42.455213;0.5019;;95;Port1Out
EVENT;2026-09-18 10:55:42.455213;0.502;;94;Port1In
EVENT;2026-09-18 10:55:42.455213;0.5027;;95;Port1Out
EVENT;2026-09-18 10:55:42.455213;0.5043;;94;Port1In
EVENT;2026-09-18 10:55:42.455213;0.5044000000000001;;95;Port1Out
EVENT;2026-09-18 10:55:42.455213;0.5046;;94;Port1In
EVENT;2026-09-18 10:55:42.455213;0.5047;;95;Port1Out
EVENT;2026-09-18 10:55:42.455213;0.5048;;94;Port1In
EVENT;2026-09-18 10:55:42.455213;0.5049;;95;Port1Out
EVENT;2026-09-18 10:55:42.455213;0.5052;;94;Port1In
VAL;2026-09-18 10:55:42.473131;;;WHEEL_POS;24.223,0.00
VAL;2026-09-18 10:55:42.489254;;;WHEEL_POS;24.239,0.00
EVENT;2026-09-18 10:55:42.508832;0.5572;;95;Port1Out
VAL;2026-09-18 10:55:42.529511;;;WHEEL_POS;24.280,0.00
VAL;2026-09-18 10:55:42.541647;;;WHEEL_POS;24.292,0.00
VAL;2026-09-18 10:55:42.574268;;;WHEEL_POS;24.324,0.00
VAL;2026-09-18 10:55:42.607251;;;WHEEL_POS;24.357,0.00
VAL;2026-09-18 10:55:42.623547;;;WHEEL_POS;24.374,0.00
EVENT;2026-09-18 10:55:42.630322;0.6808000000000001;;94;Port1In
VAL;2026-09-18 10:55:42.643021;;;WHEEL_POS;24.393,0.00
EVENT;2026-09-18 10:55:42.643021;0.6924;;95;Port1Out
VAL;2026-09-18 10:55:42.674245;;;WHEEL_POS;24.424,0.00
VAL;2026-09-18 10:55:42.689256;;;WHEEL_POS;24.439,0.00
VAL;2026-09-18 10:55:42.708998;;;WHEEL_POS;24.459,0.00
VAL;2026-09-18 10:55:42.729584;;;WHEEL_POS;24.480,0.00
EVENT;2026-09-18 10:55:42.729584;0.7831;;94;Port1In
VAL;2026-09-18 10:55:42.746205;;;WHEEL_POS;24.496,0.00
EVENT;2026-09-18 10:55:42.757274;0.8075;;95;Port1Out
VAL;2026-09-18 10:55:42.760322;;;WHEEL_POS;24.510,0.00
VAL;2026-09-18 10:55:42.773335;;;WHEEL_POS;24.523,0.00
VAL;2026-09-18 10:55:42.809661;;;WHEEL_POS;24.560,0.00
VAL;2026-09-18 10:55:42.829889;;;WHEEL_POS;24.580,0.00
VAL;2026-09-18 10:55:42.841396;;;WHEEL_POS;24.591,0.00
EVENT;2026-09-18 10:55:42.873418;0.9229;;94;Port1In
VAL;2026-09-18 10:55:42.878046;;;WHEEL_POS;24.628,0.00
EVENT;2026-09-18 10:55:42.883107;0.9349000000000001;;95;Port1Out
VAL;2026-09-18 10:55:42.898111;;;WHEEL_POS;24.648,0.00
VAL;2026-09-18 10:55:42.935998;;;WHEEL_POS;24.686,0.00
VAL;2026-09-18 10:55:42.952351;;;WHEEL_POS;24.702,0.00
VAL;2026-09-18 10:55:42.968684;;;WHEEL_POS;24.719,0.00
EVENT;2026-09-18 10:55:42.973372;1.0246;;94;Port1In
VAL;2026-09-18 10:55:42.987341;;;WHEEL_POS;24.737,0.00
EVENT;2026-09-18 10:55:43.000350;1.0486;;95;Port1Out
VAL;2026-09-18 10:55:43.020112;;;WHEEL_POS;24.770,0.00
VAL;2026-09-18 10:55:43.041561;;;WHEEL_POS;24.792,0.00
VAL;2026-09-18 10:55:43.070774;;;WHEEL_POS;24.821,0.00
VAL;2026-09-18 10:55:43.089303;;;WHEEL_POS;24.839,0.00
VAL;2026-09-18 10:55:43.119518;;;WHEEL_POS;24.870,0.00
EVENT;2026-09-18 10:55:43.130141;1.1882000000000001;;94;Port1In
VAL;2026-09-18 10:55:43.140770;;;WHEEL_POS;24.891,0.00
EVENT;2026-09-18 10:55:43.140770;1.1978;;95;Port1Out
VAL;2026-09-18 10:55:43.156831;;;WHEEL_POS;24.907,0.00
VAL;2026-09-18 10:55:43.189594;;;WHEEL_POS;24.940,0.00
VAL;2026-09-18 10:55:43.209815;;;WHEEL_POS;24.960,0.00
EVENT;2026-09-18 10:55:43.209815;1.2688000000000001;;94;Port1In
VAL;2026-09-18 10:55:43.222219;;;WHEEL_POS;24.972,0.00
VAL;2026-09-18 10:55:43.239649;;;WHEEL_POS;24.990,0.00
EVENT;2026-09-18 10:55:43.256515;1.3122;;95;Port1Out
VAL;2026-09-18 10:55:43.256515;;;WHEEL_POS;25.007,0.00
VAL;2026-09-18 10:55:43.289369;;;WHEEL_POS;25.039,0.00
VAL;2026-09-18 10:55:43.304771;;;WHEEL_POS;25.055,0.00
VAL;2026-09-18 10:55:43.344168;;;WHEEL_POS;25.094,0.00
VAL;2026-09-18 10:55:43.359797;;;WHEEL_POS;25.110,0.00
VAL;2026-09-18 10:55:43.384915;;;WHEEL_POS;25.135,0.00
VAL;2026-09-18 10:55:43.401168;;;WHEEL_POS;25.151,0.00
EVENT;2026-09-18 10:55:43.401168;1.4549;;94;Port1In
VAL;2026-09-18 10:55:43.436530;;;WHEEL_POS;25.187,0.00
VAL;2026-09-18 10:55:43.468038;;;WHEEL_POS;25.218,0.00
EVENT;2026-09-18 10:55:43.484945;1.5466;;95;Port1Out
VAL;2026-09-18 10:55:43.502135;;;WHEEL_POS;25.252,0.00
VAL;2026-09-18 10:55:43.518146;;;WHEEL_POS;25.268,0.00
VAL;2026-09-18 10:55:43.537250;;;WHEEL_POS;25.287,0.00
VAL;2026-09-18 10:55:43.568214;;;WHEEL_POS;25.318,0.00
VAL;2026-09-18 10:55:43.599323;;;WHEEL_POS;25.349,0.00
VAL;2026-09-18 10:55:43.634048;;;WHEEL_POS;25.384,0.00
VAL;2026-09-18 10:55:43.652505;;;WHEEL_POS;25.403,0.00
VAL;2026-09-18 10:55:43.669434;;;WHEEL_POS;25.419,0.00
VAL;2026-09-18 10:55:43.701832;;;WHEEL_POS;25.452,0.00
VAL;2026-09-18 10:55:43.717895;;;WHEEL_POS;25.468,0.00
VAL;2026-09-18 10:55:43.732935;;;WHEEL_POS;25.483,0.00
VAL;2026-09-18 10:55:43.772207;;;WHEEL_POS;25.522,0.00
VAL;2026-09-18 10:55:43.786101;;;WHEEL_POS;25.536,0.00
VAL;2026-09-18 10:55:43.818437;;;WHEEL_POS;25.568,0.00
VAL;2026-09-18 10:55:43.839343;;;WHEEL_POS;25.589,0.00
VAL;2026-09-18 10:55:43.851339;;;WHEEL_POS;25.601,0.00
VAL;2026-09-18 10:55:43.885016;;;WHEEL_POS;25.635,0.00
VAL;2026-09-18 10:55:43.905719;;;WHEEL_POS;25.655,0.00
VAL;2026-09-18 10:55:43.923975;;;WHEEL_POS;25.674,0.00
VAL;2026-09-18 10:55:43.950291;;;WHEEL_POS;25.700,0.00
VAL;2026-09-18 10:55:43.965296;;;WHEEL_POS;25.715,0.00
VAL;2026-09-18 10:55:43.999582;;;WHEEL_POS;25.750,0.00
VAL;2026-09-18 10:55:44.019378;;;WHEEL_POS;25.769,-0.70
VAL;2026-09-18 10:55:44.035958;;;WHEEL_POS;25.786,-1.40
EVENT;2026-09-18 10:55:44.036995;2.0901;;0;RotaryEncoder1_1
TRANSITION;2026-09-18 10:55:44.036995;2.0901;;Reward;
VAL;2026-09-18 10:55:44.052055;;;WHEEL_POS;25.802,-2.80
EVENT;2026-09-18 10:55:44.087402;2.1389;;158;Tup
TRANSITION;2026-09-18 10:55:44.087402;2.1389;;ITI;
VAL;2026-09-18 10:55:44.094364;;;WHEEL_POS;25.844,-7.00
VAL;2026-09-18 10:55:44.119042;;;WHEEL_POS;25.869,-9.10
VAL;2026-09-18 10:55:44.136738;;;WHEEL_POS;25.887,-9.50
VAL;2026-09-18 10:55:44.169425;;;WHEEL_POS;25.919,-9.50
VAL;2026-09-18 10:55:44.186172;;;WHEEL_POS;25.936,-9.50
VAL;2026-09-18 10:55:44.202381;;;WHEEL_POS;25.952,-9.50
VAL;2026-09-18 10:55:44.221700;;;WHEEL_POS;25.972,-9.50
VAL;2026-09-18 10:55:44.235385;;;WHEEL_POS;25.985,-9.50
VAL;2026-09-18 10:55:44.252666;;;WHEEL_POS;26.003,-9.50
VAL;2026-09-18 10:55:44.271042;;;WHEEL_POS;26.021,-9.50
VAL;2026-09-18 10:55:44.288925;;;WHEEL_POS;26.039,-9.50
VAL;2026-09-18 10:55:44.304983;;;WHEEL_POS;26.055,-9.10
VAL;2026-09-18 10:55:44.321412;;;WHEEL_POS;26.071,-9.10
VAL;2026-09-18 10:55:44.338091;;;WHEEL_POS;26.088,-9.10
VAL;2026-09-18 10:55:44.358780;;;WHEEL_POS;26.109,-9.10
VAL;2026-09-18 10:55:44.376171;;;WHEEL_POS;26.126,-9.10
VAL;2026-09-18 10:55:44.394307;;;WHEEL_POS;26.144,-9.10
VAL;2026-09-18 10:55:44.415299;;;WHEEL_POS;26.165,-9.10
VAL;2026-09-18 10:55:44.435265;;;WHEEL_POS;26.185,-9.10
VAL;2026-09-18 10:55:44.469942;;;WHEEL_POS;26.220,-9.10
VAL;2026-09-18 10:55:44.501762;;;WHEEL_POS;26.252,-9.10
VAL;2026-09-18 10:55:44.538390;;;WHEEL_POS;26.288,-9.10
VAL;2026-09-18 10:55:44.553507;;;WHEEL_POS;26.304,-9.10
VAL;2026-09-18 10:55:44.568905;;;WHEEL_POS;26.319,-9.10
EVENT;2026-09-18 10:55:44.585782;2.6389;;158;Tup
END-TRIAL;2026-09-18 10:55:44.585782;;;The trial ended;
INFO;2026-09-18 10:55:44.585782;28.129631;30.768534;TRIAL-BPOD-TIME;2.638902999999999
STATE;2026-09-18 10:55:44.585782;0;2.0901;WheelPeriod;2.0901
STATE;2026-09-18 10:55:44.585782;2.0901;2.1389;Reward;0.048799999999999955
STATE;2026-09-18 10:55:44.585782;2.1389;2.6389;ITI;0.5
STATE;2026-09-18 10:55:44.585782;nan;nan;NoMovement;nan
VAL;2026-09-18 10:55:44.659271;;;TRIAL_TYPE;stage1
VAL;2026-09-18 10:55:44.659271;;;MOVEMENT_DIRECTION;L
VAL;2026-09-18 10:55:44.659271;;;OUTCOME;Rewarded
VAL;2026-09-18 10:55:44.659271;;;GAIN_MULT;3.0
VAL;2026-09-18 10:55:44.659271;;;THRESHOLD_CROSSING_TIME;25.769621799087524
stdout;2026-09-18 10:55:44.659271;;;Trial 8: held 0.10s (broke 0x), Rewarded, gain=3.00x;
stdout;2026-09-18 10:55:44.659271;;;|
|;
VAL;2026-09-18 10:55:44.872709;;;TRIAL_INIT_START;26.622741222381592
VAL;2026-09-18 10:55:44.893418;;;WHEEL_POS;26.643,-9.10
VAL;2026-09-18 10:55:44.922218;;;WHEEL_POS;26.672,-9.10
VAL;2026-09-18 10:55:44.952506;;;WHEEL_POS;26.703,-9.10
VAL;2026-09-18 10:55:44.964558;;;WHEEL_POS;26.715,-9.10
VAL;2026-09-18 10:55:45.000348;;;WHEEL_POS;26.750,-9.10
VAL;2026-09-18 10:55:45.013483;;;WHEEL_POS;26.764,-9.10
VAL;2026-09-18 10:55:45.032258;;;TRIAL_START;26.76351571083069
VAL;2026-09-18 10:55:45.032258;;;QUIESCENCE_BREAKS;0
TRIAL;2026-09-18 10:55:45.105818;;;New trial;
VAL;2026-09-18 10:55:45.118181;;;WHEEL_POS;26.868,0.00
VAL;2026-09-18 10:55:45.151349;;;WHEEL_POS;26.901,0.00
VAL;2026-09-18 10:55:45.178727;;;WHEEL_POS;26.929,0.00
VAL;2026-09-18 10:55:45.214347;;;WHEEL_POS;26.964,0.00
VAL;2026-09-18 10:55:45.232143;;;WHEEL_POS;26.982,0.00
VAL;2026-09-18 10:55:45.259832;;;WHEEL_POS;27.010,0.00
VAL;2026-09-18 10:55:45.278432;;;WHEEL_POS;27.028,0.00
VAL;2026-09-18 10:55:45.293060;;;WHEEL_POS;27.043,0.00
VAL;2026-09-18 10:55:45.308314;;;WHEEL_POS;27.058,0.00
VAL;2026-09-18 10:55:45.329484;;;WHEEL_POS;27.080,0.00
VAL;2026-09-18 10:55:45.345043;;;WHEEL_POS;27.095,0.00
EVENT;2026-09-18 10:55:45.360681;0.24530000000000002;;94;Port1In
EVENT;2026-09-18 10:55:45.369736;0.2551;;95;Port1Out
VAL;2026-09-18 10:55:45.402259;;;WHEEL_POS;27.152,0.00
VAL;2026-09-18 10:55:45.418260;;;WHEEL_POS;27.168,0.00
VAL;2026-09-18 10:55:45.439466;;;WHEEL_POS;27.189,0.00
EVENT;2026-09-18 10:55:45.450681;0.3305;;94;Port1In
EVENT;2026-09-18 10:55:45.456152;0.34600000000000003;;95;Port1Out
VAL;2026-09-18 10:55:45.468162;;;WHEEL_POS;27.218,0.00
VAL;2026-09-18 10:55:45.500523;;;WHEEL_POS;27.251,0.00
VAL;2026-09-18 10:55:45.536326;;;WHEEL_POS;27.286,0.00
VAL;2026-09-18 10:55:45.568987;;;WHEEL_POS;27.319,0.00
VAL;2026-09-18 10:55:45.585304;;;WHEEL_POS;27.335,0.00
VAL;2026-09-18 10:55:45.600310;;;WHEEL_POS;27.350,0.00
EVENT;2026-09-18 10:55:45.600310;0.4902;;94;Port1In
VAL;2026-09-18 10:55:45.634105;;;WHEEL_POS;27.384,0.00
VAL;2026-09-18 10:55:45.660305;;;WHEEL_POS;27.410,0.00
VAL;2026-09-18 10:55:45.685995;;;WHEEL_POS;27.436,0.00
VAL;2026-09-18 10:55:45.699999;;;WHEEL_POS;27.450,0.00
VAL;2026-09-18 10:55:45.732706;;;WHEEL_POS;27.483,0.00
VAL;2026-09-18 10:55:45.751166;;;WHEEL_POS;27.501,0.00
VAL;2026-09-18 10:55:45.766795;;;WHEEL_POS;27.517,0.00
EVENT;2026-09-18 10:55:45.782431;0.6637000000000001;;95;Port1Out
VAL;2026-09-18 10:55:45.798052;;;WHEEL_POS;27.548,0.00
VAL;2026-09-18 10:55:45.832306;;;WHEEL_POS;27.582,0.00
VAL;2026-09-18 10:55:45.847936;;;WHEEL_POS;27.598,0.00
VAL;2026-09-18 10:55:45.879190;;;WHEEL_POS;27.629,0.00
VAL;2026-09-18 10:55:45.910441;;;WHEEL_POS;27.660,0.00
VAL;2026-09-18 10:55:45.948214;;;WHEEL_POS;27.698,0.00
VAL;2026-09-18 10:55:45.990866;;;WHEEL_POS;27.741,0.00
VAL;2026-09-18 10:55:46.022129;;;WHEEL_POS;27.772,0.00
VAL;2026-09-18 10:55:46.065086;;;WHEEL_POS;27.815,0.00
VAL;2026-09-18 10:55:46.085560;;;WHEEL_POS;27.836,0.00
VAL;2026-09-18 10:55:46.110679;;;WHEEL_POS;27.856,0.00
VAL;2026-09-18 10:55:46.137076;;;WHEEL_POS;27.887,0.00
VAL;2026-09-18 10:55:46.178759;;;WHEEL_POS;27.929,0.00
VAL;2026-09-18 10:55:46.199220;;;WHEEL_POS;27.949,0.00
VAL;2026-09-18 10:55:46.224480;;;WHEEL_POS;27.975,0.00
VAL;2026-09-18 10:55:46.238828;;;WHEEL_POS;27.989,0.00
VAL;2026-09-18 10:55:46.255448;;;WHEEL_POS;28.005,0.00
VAL;2026-09-18 10:55:46.289359;;;WHEEL_POS;28.039,0.00
VAL;2026-09-18 10:55:46.310334;;;WHEEL_POS;28.060,0.00
VAL;2026-09-18 10:55:46.332512;;;WHEEL_POS;28.083,0.00
VAL;2026-09-18 10:55:46.391047;;;WHEEL_POS;28.141,-0.70
EVENT;2026-09-18 10:55:46.406684;1.2872000000000001;;0;RotaryEncoder1_1
TRANSITION;2026-09-18 10:55:46.406684;1.2872000000000001;;Reward;
VAL;2026-09-18 10:55:46.410247;;;WHEEL_POS;28.160,-1.80
EVENT;2026-09-18 10:55:46.448707;1.336;;158;Tup
TRANSITION;2026-09-18 10:55:46.448707;1.336;;ITI;
VAL;2026-09-18 10:55:46.448707;;;WHEEL_POS;28.199,-2.50
VAL;2026-09-18 10:55:46.486998;;;WHEEL_POS;28.237,-4.90
VAL;2026-09-18 10:55:46.522703;;;WHEEL_POS;28.273,-7.00
VAL;2026-09-18 10:55:46.536297;;;WHEEL_POS;28.286,-7.70
VAL;2026-09-18 10:55:46.552366;;;WHEEL_POS;28.302,-8.10
VAL;2026-09-18 10:55:46.570329;;;WHEEL_POS;28.320,-7.70
VAL;2026-09-18 10:55:46.585430;;;WHEEL_POS;28.335,-6.70
VAL;2026-09-18 10:55:46.601502;;;WHEEL_POS;28.352,-6.00
VAL;2026-09-18 10:55:46.617561;;;WHEEL_POS;28.368,-5.30
VAL;2026-09-18 10:55:46.650264;;;WHEEL_POS;28.400,-4.20
VAL;2026-09-18 10:55:46.666373;;;WHEEL_POS;28.416,-3.50
VAL;2026-09-18 10:55:46.685076;;;WHEEL_POS;28.435,-3.20
VAL;2026-09-18 10:55:46.699202;;;WHEEL_POS;28.449,-2.50
VAL;2026-09-18 10:55:46.716394;;;WHEEL_POS;28.466,-2.10
VAL;2026-09-18 10:55:46.733113;;;WHEEL_POS;28.483,-1.80
VAL;2026-09-18 10:55:46.768401;;;WHEEL_POS;28.518,-1.40
VAL;2026-09-18 10:55:46.782954;;;WHEEL_POS;28.533,-1.10
VAL;2026-09-18 10:55:46.797696;;;WHEEL_POS;28.548,-1.10
VAL;2026-09-18 10:55:46.844477;;;WHEEL_POS;28.595,-0.70
VAL;2026-09-18 10:55:46.875734;;;WHEEL_POS;28.626,-0.70
VAL;2026-09-18 10:55:46.897873;;;WHEEL_POS;28.648,-0.70
VAL;2026-09-18 10:55:46.932397;;;WHEEL_POS;28.682,-0.70
EVENT;2026-09-18 10:55:46.955547;1.836;;158;Tup
END-TRIAL;2026-09-18 10:55:46.955547;;;The trial ended;
INFO;2026-09-18 10:55:46.955547;31.299631;33.135634;TRIAL-BPOD-TIME;1.8360030000000016
STATE;2026-09-18 10:55:46.955547;0;1.2872000000000001;WheelPeriod;1.2872000000000001
STATE;2026-09-18 10:55:46.955547;1.2872000000000001;1.336;Reward;0.048799999999999955
STATE;2026-09-18 10:55:46.955547;1.336;1.836;ITI;0.5
STATE;2026-09-18 10:55:46.955547;nan;nan;NoMovement;nan
VAL;2026-09-18 10:55:46.955547;;;WHEEL_POS;28.706,-0.70
VAL;2026-09-18 10:55:47.048152;;;TRIAL_TYPE;stage1
VAL;2026-09-18 10:55:47.048152;;;MOVEMENT_DIRECTION;L
VAL;2026-09-18 10:55:47.048152;;;OUTCOME;Rewarded
VAL;2026-09-18 10:55:47.048152;;;GAIN_MULT;3.0
VAL;2026-09-18 10:55:47.048152;;;THRESHOLD_CROSSING_TIME;28.14305021972656
stdout;2026-09-18 10:55:47.048152;;;Trial 9: held 0.10s (broke 0x), Rewarded, gain=3.00x;
stdout;2026-09-18 10:55:47.048152;;;|
|;
VAL;2026-09-18 10:55:47.267803;;;TRIAL_INIT_START;29.01783585548401
VAL;2026-09-18 10:55:47.302261;;;WHEEL_POS;29.052,-0.70
VAL;2026-09-18 10:55:47.319951;;;WHEEL_POS;29.070,-0.70
VAL;2026-09-18 10:55:47.336845;;;WHEEL_POS;29.087,-0.70
VAL;2026-09-18 10:55:47.354746;;;WHEEL_POS;29.105,-0.70
VAL;2026-09-18 10:55:47.369866;;;WHEEL_POS;29.120,-0.70
VAL;2026-09-18 10:55:47.385960;;;WHEEL_POS;29.136,-0.70
VAL;2026-09-18 10:55:47.402108;;;WHEEL_POS;29.152,-0.70
VAL;2026-09-18 10:55:47.420217;;;WHEEL_POS;29.170,-0.70
VAL;2026-09-18 10:55:47.434804;;;WHEEL_POS;29.185,-0.70
VAL;2026-09-18 10:55:47.455724;;;TRIAL_START;29.1848361492157
VAL;2026-09-18 10:55:47.455724;;;QUIESCENCE_BREAKS;0
TRIAL;2026-09-18 10:55:47.470035;;;New trial;
VAL;2026-09-18 10:55:47.484451;;;WHEEL_POS;29.234,0.00
VAL;2026-09-18 10:55:47.517594;;;WHEEL_POS;29.268,0.00
VAL;2026-09-18 10:55:47.552763;;;WHEEL_POS;29.303,0.00
VAL;2026-09-18 10:55:47.570931;;;WHEEL_POS;29.321,0.00
VAL;2026-09-18 10:55:47.585151;;;WHEEL_POS;29.335,0.00
VAL;2026-09-18 10:55:47.601248;;;WHEEL_POS;29.351,0.00
EVENT;2026-09-18 10:55:47.616251;0.1298;;94;Port1In
VAL;2026-09-18 10:55:47.618194;;;WHEEL_POS;29.368,0.00
EVENT;2026-09-18 10:55:47.618194;0.13970000000000002;;95;Port1Out
VAL;2026-09-18 10:55:47.634768;;;WHEEL_POS;29.385,0.00
VAL;2026-09-18 10:55:47.649774;;;WHEEL_POS;29.400,0.00
VAL;2026-09-18 10:55:47.687972;;;WHEEL_POS;29.438,0.00
VAL;2026-09-18 10:55:47.701062;;;WHEEL_POS;29.451,0.00
VAL;2026-09-18 10:55:47.717118;;;WHEEL_POS;29.467,0.00
VAL;2026-09-18 10:55:47.733801;;;WHEEL_POS;29.484,0.00
EVENT;2026-09-18 10:55:47.733801;0.2529;;94;Port1In
EVENT;2026-09-18 10:55:47.750238;0.2727;;95;Port1Out
VAL;2026-09-18 10:55:47.750238;;;WHEEL_POS;29.500,0.00
VAL;2026-09-18 10:55:47.784395;;;WHEEL_POS;29.534,0.00
VAL;2026-09-18 10:55:47.802288;;;WHEEL_POS;29.552,0.00
VAL;2026-09-18 10:55:47.816299;;;WHEEL_POS;29.566,0.00
VAL;2026-09-18 10:55:47.852356;;;WHEEL_POS;29.602,0.00
VAL;2026-09-18 10:55:47.868862;;;WHEEL_POS;29.619,0.00
VAL;2026-09-18 10:55:47.883865;;;WHEEL_POS;29.634,0.00
EVENT;2026-09-18 10:55:47.910735;0.4172;;94;Port1In
EVENT;2026-09-18 10:55:47.910735;0.42150000000000004;;95;Port1Out
VAL;2026-09-18 10:55:47.924285;;;WHEEL_POS;29.674,0.00
VAL;2026-09-18 10:55:47.953896;;;WHEEL_POS;29.704,0.00
VAL;2026-09-18 10:55:47.990059;;;WHEEL_POS;29.740,0.00
EVENT;2026-09-18 10:55:48.006226;0.5214;;94;Port1In
VAL;2026-09-18 10:55:48.006226;;;WHEEL_POS;29.756,0.00
EVENT;2026-09-18 10:55:48.006226;0.5315;;95;Port1Out
VAL;2026-09-18 10:55:48.025465;;;WHEEL_POS;29.775,0.00
VAL;2026-09-18 10:55:48.039646;;;WHEEL_POS;29.790,0.00
VAL;2026-09-18 10:55:48.072770;;;WHEEL_POS;29.823,0.00
VAL;2026-09-18 10:55:48.088849;;;WHEEL_POS;29.839,0.00
VAL;2026-09-18 10:55:48.115571;;;WHEEL_POS;29.866,0.00
EVENT;2026-09-18 10:55:48.144143;0.6606000000000001;;94;Port1In
EVENT;2026-09-18 10:55:48.144143;0.6625;;95;Port1Out
VAL;2026-09-18 10:55:48.175354;;;WHEEL_POS;29.925,0.00
VAL;2026-09-18 10:55:48.198978;;;WHEEL_POS;29.949,0.00
VAL;2026-09-18 10:55:48.211073;;;WHEEL_POS;29.961,0.00
VAL;2026-09-18 10:55:48.227523;;;WHEEL_POS;29.978,0.00
VAL;2026-09-18 10:55:48.253331;;;WHEEL_POS;30.003,0.00
VAL;2026-09-18 10:55:48.277288;;;WHEEL_POS;30.027,0.00
VAL;2026-09-18 10:55:48.293538;;;WHEEL_POS;30.044,0.00
VAL;2026-09-18 10:55:48.309707;;;WHEEL_POS;30.060,0.00
VAL;2026-09-18 10:55:48.343048;;;WHEEL_POS;30.093,0.00
VAL;2026-09-18 10:55:48.375789;;;WHEEL_POS;30.126,0.00
VAL;2026-09-18 10:55:48.410179;;;WHEEL_POS;30.160,0.00
VAL;2026-09-18 10:55:48.442087;;;WHEEL_POS;30.192,0.00
VAL;2026-09-18 10:55:48.480040;;;WHEEL_POS;30.230,0.00
VAL;2026-09-18 10:55:48.495604;;;WHEEL_POS;30.246,0.00
VAL;2026-09-18 10:55:48.511749;;;WHEEL_POS;30.262,0.00
VAL;2026-09-18 10:55:48.545328;;;WHEEL_POS;30.295,0.00
VAL;2026-09-18 10:55:48.594956;;;WHEEL_POS;30.345,0.00
VAL;2026-09-18 10:55:48.617141;;;WHEEL_POS;30.367,0.00
VAL;2026-09-18 10:55:48.634802;;;WHEEL_POS;30.385,0.00
VAL;2026-09-18 10:55:48.651624;;;WHEEL_POS;30.402,0.00
VAL;2026-09-18 10:55:48.687398;;;WHEEL_POS;30.437,0.00
VAL;2026-09-18 10:55:48.702523;;;WHEEL_POS;30.453,0.00
VAL;2026-09-18 10:55:48.719042;;;WHEEL_POS;30.469,0.00
VAL;2026-09-18 10:55:48.752132;;;WHEEL_POS;30.502,-0.40
VAL;2026-09-18 10:55:48.783395;;;WHEEL_POS;30.533,-1.40
EVENT;2026-09-18 10:55:48.783395;1.2961;;0;RotaryEncoder1_1
TRANSITION;2026-09-18 10:55:48.783395;1.2961;;Reward;
VAL;2026-09-18 10:55:48.798771;;;WHEEL_POS;30.549,-2.50
EVENT;2026-09-18 10:55:48.823599;1.3449;;158;Tup
TRANSITION;2026-09-18 10:55:48.823599;1.3449;;ITI;
VAL;2026-09-18 10:55:48.833610;;;WHEEL_POS;30.584,-3.50
VAL;2026-09-18 10:55:48.856880;;;WHEEL_POS;30.607,-4.90
VAL;2026-09-18 10:55:48.871883;;;WHEEL_POS;30.622,-6.30
VAL;2026-09-18 10:55:48.910244;;;WHEEL_POS;30.660,-8.10
VAL;2026-09-18 10:55:48.946700;;;WHEEL_POS;30.697,-7.40
VAL;2026-09-18 10:55:48.961704;;;WHEEL_POS;30.712,-6.70
VAL;2026-09-18 10:55:48.997099;;;WHEEL_POS;30.747,-6.70
VAL;2026-09-18 10:55:49.017652;;;WHEEL_POS;30.768,-6.30
VAL;2026-09-18 10:55:49.033462;;;WHEEL_POS;30.783,-6.30
VAL;2026-09-18 10:55:49.045517;;;WHEEL_POS;30.796,-6.30
VAL;2026-09-18 10:55:49.064287;;;WHEEL_POS;30.814,-6.30
VAL;2026-09-18 10:55:49.077681;;;WHEEL_POS;30.828,-6.30
VAL;2026-09-18 10:55:49.093799;;;WHEEL_POS;30.844,-6.30
VAL;2026-09-18 10:55:49.125343;;;WHEEL_POS;30.875,-6.30
VAL;2026-09-18 10:55:49.159398;;;WHEEL_POS;30.909,-6.30
VAL;2026-09-18 10:55:49.191506;;;WHEEL_POS;30.942,-6.30
VAL;2026-09-18 10:55:49.208118;;;WHEEL_POS;30.958,-6.30
VAL;2026-09-18 10:55:49.224824;;;WHEEL_POS;30.975,-6.30
VAL;2026-09-18 10:55:49.245607;;;WHEEL_POS;30.996,-6.30
VAL;2026-09-18 10:55:49.260990;;;WHEEL_POS;31.011,-6.30
VAL;2026-09-18 10:55:49.275165;;;WHEEL_POS;31.025,-6.30
VAL;2026-09-18 10:55:49.291248;;;WHEEL_POS;31.041,-6.30
VAL;2026-09-18 10:55:49.327563;;;WHEEL_POS;31.078,-6.30
EVENT;2026-09-18 10:55:49.331612;1.8449;;158;Tup
END-TRIAL;2026-09-18 10:55:49.331612;;;The trial ended;
INFO;2026-09-18 10:55:49.331612;33.665631;35.510534;TRIAL-BPOD-TIME;1.8449030000000022
STATE;2026-09-18 10:55:49.331612;0;1.2961;WheelPeriod;1.2961
STATE;2026-09-18 10:55:49.332620;1.2961;1.3449;Reward;0.048799999999999955
STATE;2026-09-18 10:55:49.332620;1.3449;1.8449;ITI;0.5
STATE;2026-09-18 10:55:49.332620;nan;nan;NoMovement;nan
VAL;2026-09-18 10:55:49.377029;;;TRIAL_TYPE;stage1
VAL;2026-09-18 10:55:49.377029;;;MOVEMENT_DIRECTION;L
VAL;2026-09-18 10:55:49.377029;;;OUTCOME;Rewarded
VAL;2026-09-18 10:55:49.377029;;;GAIN_MULT;3.0
VAL;2026-09-18 10:55:49.377029;;;THRESHOLD_CROSSING_TIME;30.516167739486693
stdout;2026-09-18 10:55:49.377029;;;Trial 10: held 0.10s (broke 0x), Rewarded, gain=3.00x;
stdout;2026-09-18 10:55:49.377029;;;|
|;
VAL;2026-09-18 10:55:49.592771;;;TRIAL_INIT_START;31.342803239822388
VAL;2026-09-18 10:55:49.623901;;;WHEEL_POS;31.374,-6.30
VAL;2026-09-18 10:55:49.641029;;;WHEEL_POS;31.391,-6.30
VAL;2026-09-18 10:55:49.657159;;;WHEEL_POS;31.407,-6.30
VAL;2026-09-18 10:55:49.689478;;;WHEEL_POS;31.440,-6.30
VAL;2026-09-18 10:55:49.722428;;;WHEEL_POS;31.472,-6.30
VAL;2026-09-18 10:55:49.739692;;;WHEEL_POS;31.490,-6.30
VAL;2026-09-18 10:55:49.756071;;;WHEEL_POS;31.506,-6.30
VAL;2026-09-18 10:55:49.771078;;;TRIAL_START;31.506104230880737
VAL;2026-09-18 10:55:49.771078;;;QUIESCENCE_BREAKS;0
TRIAL;2026-09-18 10:55:49.834745;;;New trial;
VAL;2026-09-18 10:55:49.853918;;;WHEEL_POS;31.604,0.00
VAL;2026-09-18 10:55:49.868922;;;WHEEL_POS;31.619,0.00
VAL;2026-09-18 10:55:49.907778;;;WHEEL_POS;31.658,0.00
VAL;2026-09-18 10:55:49.927162;;;WHEEL_POS;31.677,0.00
VAL;2026-09-18 10:55:49.942075;;;WHEEL_POS;31.692,0.00
VAL;2026-09-18 10:55:49.959249;;;WHEEL_POS;31.709,0.00
VAL;2026-09-18 10:55:49.975466;;;WHEEL_POS;31.725,0.00
VAL;2026-09-18 10:55:49.992065;;;WHEEL_POS;31.742,0.00
VAL;2026-09-18 10:55:50.026899;;;WHEEL_POS;31.777,0.00
EVENT;2026-09-18 10:55:50.034913;0.1847;;94;Port1In
VAL;2026-09-18 10:55:50.044525;;;WHEEL_POS;31.795,0.00
EVENT;2026-09-18 10:55:50.045545;0.1978;;95;Port1Out
VAL;2026-09-18 10:55:50.064311;;;WHEEL_POS;31.814,0.00
VAL;2026-09-18 10:55:50.076844;;;WHEEL_POS;31.827,0.00
VAL;2026-09-18 10:55:50.109904;;;WHEEL_POS;31.860,0.00
VAL;2026-09-18 10:55:50.124923;;;WHEEL_POS;31.875,0.00
VAL;2026-09-18 10:55:50.144625;;;WHEEL_POS;31.895,0.00
EVENT;2026-09-18 10:55:50.158630;0.3201;;94;Port1In
VAL;2026-09-18 10:55:50.177317;;;WHEEL_POS;31.927,0.00
EVENT;2026-09-18 10:55:50.177317;0.3355;;95;Port1Out
VAL;2026-09-18 10:55:50.193948;;;WHEEL_POS;31.944,0.00
VAL;2026-09-18 10:55:50.210295;;;WHEEL_POS;31.960,0.00
VAL;2026-09-18 10:55:50.247832;;;WHEEL_POS;31.998,0.00
VAL;2026-09-18 10:55:50.274766;;;WHEEL_POS;32.025,0.00
EVENT;2026-09-18 10:55:50.303172;0.4516;;94;Port1In
VAL;2026-09-18 10:55:50.306379;;;WHEEL_POS;32.056,0.00
VAL;2026-09-18 10:55:50.334860;;;WHEEL_POS;32.085,0.00
EVENT;2026-09-18 10:55:50.337425;0.4878;;95;Port1Out
VAL;2026-09-18 10:55:50.353914;;;WHEEL_POS;32.104,0.00
VAL;2026-09-18 10:55:50.369902;;;WHEEL_POS;32.120,0.00
VAL;2026-09-18 10:55:50.401578;;;WHEEL_POS;32.152,0.00
VAL;2026-09-18 10:55:50.435249;;;WHEEL_POS;32.185,0.00
EVENT;2026-09-18 10:55:50.435249;0.6058;;94;Port1In
EVENT;2026-09-18 10:55:50.461755;0.6158;;95;Port1Out
VAL;2026-09-18 10:55:50.461755;;;WHEEL_POS;32.212,0.00
VAL;2026-09-18 10:55:50.495139;;;WHEEL_POS;32.245,0.00
VAL;2026-09-18 10:55:50.529972;;;WHEEL_POS;32.280,0.00
VAL;2026-09-18 10:55:50.545528;;;WHEEL_POS;32.296,0.00
EVENT;2026-09-18 10:55:50.545528;0.6996;;94;Port1In
VAL;2026-09-18 10:55:50.581052;;;WHEEL_POS;32.331,0.00
VAL;2026-09-18 10:55:50.601587;;;WHEEL_POS;32.352,0.00
EVENT;2026-09-18 10:55:50.601587;0.7502000000000001;;95;Port1Out
VAL;2026-09-18 10:55:50.616279;;;WHEEL_POS;32.366,0.00
VAL;2026-09-18 10:55:50.635562;;;WHEEL_POS;32.386,0.00
VAL;2026-09-18 10:55:50.666086;;;WHEEL_POS;32.416,0.00
VAL;2026-09-18 10:55:50.696938;;;WHEEL_POS;32.447,0.00
VAL;2026-09-18 10:55:50.717772;;;WHEEL_POS;32.468,0.00
VAL;2026-09-18 10:55:50.738688;;;WHEEL_POS;32.489,0.00
VAL;2026-09-18 10:55:50.765816;;;WHEEL_POS;32.516,0.00
VAL;2026-09-18 10:55:50.786557;;;WHEEL_POS;32.537,0.00
VAL;2026-09-18 10:55:50.819434;;;WHEEL_POS;32.569,0.00
VAL;2026-09-18 10:55:50.835576;;;WHEEL_POS;32.586,0.00
VAL;2026-09-18 10:55:50.861398;;;WHEEL_POS;32.611,0.00
VAL;2026-09-18 10:55:50.879240;;;WHEEL_POS;32.629,0.00
VAL;2026-09-18 10:55:50.913078;;;WHEEL_POS;32.663,0.00
VAL;2026-09-18 10:55:50.932197;;;WHEEL_POS;32.682,0.00
VAL;2026-09-18 10:55:50.944806;;;WHEEL_POS;32.695,0.00
VAL;2026-09-18 10:55:50.983309;;;WHEEL_POS;32.733,0.00
VAL;2026-09-18 10:55:50.997633;;;WHEEL_POS;32.748,0.00
VAL;2026-09-18 10:55:51.012645;;;WHEEL_POS;32.763,0.00
VAL;2026-09-18 10:55:51.051769;;;WHEEL_POS;32.802,0.00
VAL;2026-09-18 10:55:51.083303;;;WHEEL_POS;32.833,0.00
VAL;2026-09-18 10:55:51.129074;;;WHEEL_POS;32.879,-0.40
VAL;2026-09-18 10:55:51.145742;;;WHEEL_POS;32.896,-1.10
EVENT;2026-09-18 10:55:51.178821;1.3357;;0;RotaryEncoder1_1
TRANSITION;2026-09-18 10:55:51.178821;1.3357;;Reward;
VAL;2026-09-18 10:55:51.195104;;;WHEEL_POS;32.945,-1.80
VAL;2026-09-18 10:55:51.211855;;;WHEEL_POS;32.962,-2.50
EVENT;2026-09-18 10:55:51.235930;1.3845;;158;Tup
TRANSITION;2026-09-18 10:55:51.235930;1.3845;;ITI;
VAL;2026-09-18 10:55:51.249876;;;WHEEL_POS;33.000,-3.90
VAL;2026-09-18 10:55:51.277996;;;WHEEL_POS;33.028,-4.20
VAL;2026-09-18 10:55:51.294224;;;WHEEL_POS;33.044,-4.20
VAL;2026-09-18 10:55:51.310303;;;WHEEL_POS;33.060,-3.90
VAL;2026-09-18 10:55:51.343861;;;WHEEL_POS;33.094,-3.90
VAL;2026-09-18 10:55:51.360427;;;WHEEL_POS;33.110,-3.90
VAL;2026-09-18 10:55:51.377671;;;WHEEL_POS;33.128,-3.90
VAL;2026-09-18 10:55:51.409462;;;WHEEL_POS;33.159,-3.90
VAL;2026-09-18 10:55:51.425777;;;WHEEL_POS;33.176,-3.90
VAL;2026-09-18 10:55:51.442619;;;WHEEL_POS;33.193,-3.90
VAL;2026-09-18 10:55:51.460816;;;WHEEL_POS;33.211,-3.90
VAL;2026-09-18 10:55:51.479891;;;WHEEL_POS;33.230,-3.90
VAL;2026-09-18 10:55:51.495037;;;WHEEL_POS;33.245,-3.90
VAL;2026-09-18 10:55:51.509700;;;WHEEL_POS;33.260,-3.90
VAL;2026-09-18 10:55:51.525763;;;WHEEL_POS;33.276,-3.90
VAL;2026-09-18 10:55:51.558287;;;WHEEL_POS;33.308,-3.90
VAL;2026-09-18 10:55:51.574528;;;WHEEL_POS;33.325,-3.90
VAL;2026-09-18 10:55:51.594031;;;WHEEL_POS;33.344,-3.90
VAL;2026-09-18 10:55:51.609627;;;WHEEL_POS;33.360,-3.90
VAL;2026-09-18 10:55:51.623722;;;WHEEL_POS;33.374,-3.90
VAL;2026-09-18 10:55:51.640308;;;WHEEL_POS;33.390,-3.90
VAL;2026-09-18 10:55:51.656417;;;WHEEL_POS;33.406,-3.90
VAL;2026-09-18 10:55:51.673004;;;WHEEL_POS;33.423,-3.90
VAL;2026-09-18 10:55:51.689114;;;WHEEL_POS;33.439,-3.90
VAL;2026-09-18 10:55:51.723510;;;WHEEL_POS;33.474,-3.90
EVENT;2026-09-18 10:55:51.736565;1.8845;;158;Tup
END-TRIAL;2026-09-18 10:55:51.736565;;;The trial ended;
INFO;2026-09-18 10:55:51.736565;36.031531;37.916034;TRIAL-BPOD-TIME;1.8845030000000023
STATE;2026-09-18 10:55:51.736565;0;1.3357;WheelPeriod;1.3357
STATE;2026-09-18 10:55:51.736565;1.3357;1.3845;Reward;0.048799999999999955
STATE;2026-09-18 10:55:51.736565;1.3845;1.8845;ITI;0.5
STATE;2026-09-18 10:55:51.736565;nan;nan;NoMovement;nan
VAL;2026-09-18 10:55:51.741622;;;WHEEL_POS;33.492,-3.90
VAL;2026-09-18 10:55:51.803325;;;TRIAL_TYPE;stage1
VAL;2026-09-18 10:55:51.803325;;;MOVEMENT_DIRECTION;L
VAL;2026-09-18 10:55:51.803325;;;OUTCOME;Rewarded
VAL;2026-09-18 10:55:51.803325;;;GAIN_MULT;3.0
VAL;2026-09-18 10:55:51.803325;;;THRESHOLD_CROSSING_TIME;32.920477355194095
stdout;2026-09-18 10:55:51.803325;;;Trial 11: held 0.10s (broke 0x), Rewarded, gain=3.00x;
stdout;2026-09-18 10:55:51.803325;;;|
|;
VAL;2026-09-18 10:55:52.042900;;;TRIAL_INIT_START;33.792932987213135
VAL;2026-09-18 10:55:52.060509;;;WHEEL_POS;33.811,-3.90
VAL;2026-09-18 10:55:52.075697;;;WHEEL_POS;33.826,-3.90
VAL;2026-09-18 10:55:52.108603;;;WHEEL_POS;33.859,-3.90
VAL;2026-09-18 10:55:52.140771;;;WHEEL_POS;33.891,-3.90
VAL;2026-09-18 10:55:52.173431;;;WHEEL_POS;33.923,-3.90
VAL;2026-09-18 10:55:52.206634;;;WHEEL_POS;33.957,-3.90
VAL;2026-09-18 10:55:52.222783;;;TRIAL_START;33.956666231155396
VAL;2026-09-18 10:55:52.222783;;;QUIESCENCE_BREAKS;0
TRIAL;2026-09-18 10:55:52.240366;;;New trial;
VAL;2026-09-18 10:55:52.261563;;;WHEEL_POS;34.012,0.00
VAL;2026-09-18 10:55:52.289867;;;WHEEL_POS;34.040,0.00
VAL;2026-09-18 10:55:52.322703;;;WHEEL_POS;34.073,0.00
VAL;2026-09-18 10:55:52.354872;;;WHEEL_POS;34.105,0.00
EVENT;2026-09-18 10:55:52.376576;0.1174;;95;Port1Out
VAL;2026-09-18 10:55:52.394240;;;WHEEL_POS;34.144,0.00
VAL;2026-09-18 10:55:52.426107;;;WHEEL_POS;34.176,0.00
VAL;2026-09-18 10:55:52.443347;;;WHEEL_POS;34.193,0.00
VAL;2026-09-18 10:55:52.459414;;;WHEEL_POS;34.209,0.00
VAL;2026-09-18 10:55:52.494410;;;WHEEL_POS;34.244,0.00
VAL;2026-09-18 10:55:52.507997;;;WHEEL_POS;34.258,0.00
EVENT;2026-09-18 10:55:52.507997;0.2624;;94;Port1In
EVENT;2026-09-18 10:55:52.542840;0.28300000000000003;;95;Port1Out
VAL;2026-09-18 10:55:52.542840;;;WHEEL_POS;34.293,0.00
VAL;2026-09-18 10:55:52.558965;;;WHEEL_POS;34.309,0.00
VAL;2026-09-18 10:55:52.575254;;;WHEEL_POS;34.325,0.00
EVENT;2026-09-18 10:55:52.575254;0.3296;;94;Port1In
VAL;2026-09-18 10:55:52.591899;;;WHEEL_POS;34.342,0.00
EVENT;2026-09-18 10:55:52.612208;0.3538;;95;Port1Out
VAL;2026-09-18 10:55:52.628017;;;WHEEL_POS;34.378,0.00
VAL;2026-09-18 10:55:52.645447;;;WHEEL_POS;34.395,0.00
VAL;2026-09-18 10:55:52.660465;;;WHEEL_POS;34.410,0.00
VAL;2026-09-18 10:55:52.695894;;;WHEEL_POS;34.446,0.00
VAL;2026-09-18 10:55:52.711942;;;WHEEL_POS;34.462,0.00
VAL;2026-09-18 10:55:52.730015;;;WHEEL_POS;34.480,0.00
EVENT;2026-09-18 10:55:52.744692;0.4839;;94;Port1In
EVENT;2026-09-18 10:55:52.750864;0.4934;;95;Port1Out
VAL;2026-09-18 10:55:52.762484;;;WHEEL_POS;34.513,0.00
VAL;2026-09-18 10:55:52.778792;;;WHEEL_POS;34.529,0.00
VAL;2026-09-18 10:55:52.795560;;;WHEEL_POS;34.546,0.00
VAL;2026-09-18 10:55:52.811576;;;WHEEL_POS;34.562,0.00
VAL;2026-09-18 10:55:52.844308;;;WHEEL_POS;34.594,0.00
EVENT;2026-09-18 10:55:52.844308;0.5921000000000001;;94;Port1In
VAL;2026-09-18 10:55:52.868930;;;WHEEL_POS;34.619,0.00
EVENT;2026-09-18 10:55:52.868930;0.6085;;95;Port1Out
VAL;2026-09-18 10:55:52.905622;;;WHEEL_POS;34.656,0.00
VAL;2026-09-18 10:55:52.917885;;;WHEEL_POS;34.668,0.00
VAL;2026-09-18 10:55:52.937446;;;WHEEL_POS;34.687,0.00
VAL;2026-09-18 10:55:52.993750;;;WHEEL_POS;34.744,0.00
EVENT;2026-09-18 10:55:52.994756;0.7461;;94;Port1In
VAL;2026-09-18 10:55:53.012960;;;WHEEL_POS;34.763,0.00
EVENT;2026-09-18 10:55:53.012960;0.7565000000000001;;95;Port1Out
VAL;2026-09-18 10:55:53.029095;;;WHEEL_POS;34.779,0.00
VAL;2026-09-18 10:55:53.050251;;;WHEEL_POS;34.800,0.00
VAL;2026-09-18 10:55:53.079807;;;WHEEL_POS;34.830,0.00
VAL;2026-09-18 10:55:53.096526;;;WHEEL_POS;34.847,0.00
EVENT;2026-09-18 10:55:53.112618;0.8666;;94;Port1In
VAL;2026-09-18 10:55:53.144123;;;WHEEL_POS;34.894,0.00
EVENT;2026-09-18 10:55:53.145127;0.8851;;95;Port1Out
VAL;2026-09-18 10:55:53.163442;;;WHEEL_POS;34.913,0.00
VAL;2026-09-18 10:55:53.181400;;;WHEEL_POS;34.931,0.00
VAL;2026-09-18 10:55:53.196679;;;WHEEL_POS;34.947,0.00
VAL;2026-09-18 10:55:53.231454;;;WHEEL_POS;34.981,0.00
VAL;2026-09-18 10:55:53.249307;;;WHEEL_POS;34.999,0.00
VAL;2026-09-18 10:55:53.284416;;;WHEEL_POS;35.034,0.00
VAL;2026-09-18 10:55:53.318857;;;WHEEL_POS;35.069,0.00
VAL;2026-09-18 10:55:53.337917;;;WHEEL_POS;35.088,0.00
VAL;2026-09-18 10:55:53.351671;;;WHEEL_POS;35.102,0.00
VAL;2026-09-18 10:55:53.377522;;;WHEEL_POS;35.128,0.00
VAL;2026-09-18 10:55:53.429219;;;WHEEL_POS;35.179,0.00
VAL;2026-09-18 10:55:53.455387;;;WHEEL_POS;35.205,0.00
VAL;2026-09-18 10:55:53.472237;;;WHEEL_POS;35.222,0.00
VAL;2026-09-18 10:55:53.487241;;;WHEEL_POS;35.237,0.00
VAL;2026-09-18 10:55:53.521991;;;WHEEL_POS;35.272,0.00
VAL;2026-09-18 10:55:53.570067;;;WHEEL_POS;35.320,0.00
VAL;2026-09-18 10:55:53.586668;;;WHEEL_POS;35.337,0.70
VAL;2026-09-18 10:55:53.606485;;;WHEEL_POS;35.357,0.70
VAL;2026-09-18 10:55:53.621368;;;WHEEL_POS;35.371,0.40
VAL;2026-09-18 10:55:53.638123;;;WHEEL_POS;35.388,0.00
VAL;2026-09-18 10:55:53.669926;;;WHEEL_POS;35.420,-0.70
VAL;2026-09-18 10:55:53.686809;;;WHEEL_POS;35.437,-1.10
VAL;2026-09-18 10:55:53.701819;;;WHEEL_POS;35.452,-1.40
EVENT;2026-09-18 10:55:53.719494;1.4624000000000001;;0;RotaryEncoder1_1
TRANSITION;2026-09-18 10:55:53.719494;1.4624000000000001;;Reward;
VAL;2026-09-18 10:55:53.738182;;;WHEEL_POS;35.488,-1.80
VAL;2026-09-18 10:55:53.763269;;;WHEEL_POS;35.513,-1.80
EVENT;2026-09-18 10:55:53.768834;1.5112;;158;Tup
TRANSITION;2026-09-18 10:55:53.768834;1.5112;;ITI;
VAL;2026-09-18 10:55:53.785815;;;WHEEL_POS;35.536,-1.80
VAL;2026-09-18 10:55:53.801921;;;WHEEL_POS;35.552,-2.10
VAL;2026-09-18 10:55:53.838438;;;WHEEL_POS;35.588,-2.50
VAL;2026-09-18 10:55:53.852548;;;WHEEL_POS;35.603,-2.50
VAL;2026-09-18 10:55:53.886712;;;WHEEL_POS;35.637,-2.80
VAL;2026-09-18 10:55:53.901810;;;WHEEL_POS;35.652,-2.80
VAL;2026-09-18 10:55:53.938571;;;WHEEL_POS;35.689,-2.80
VAL;2026-09-18 10:55:53.954204;;;WHEEL_POS;35.704,-2.80
VAL;2026-09-18 10:55:53.985455;;;WHEEL_POS;35.735,-2.80
VAL;2026-09-18 10:55:54.001079;;;WHEEL_POS;35.751,-2.80
VAL;2026-09-18 10:55:54.032332;;;WHEEL_POS;35.782,-2.80
VAL;2026-09-18 10:55:54.054467;;;WHEEL_POS;35.804,-2.80
VAL;2026-09-18 10:55:54.090849;;;WHEEL_POS;35.841,-2.80
VAL;2026-09-18 10:55:54.122102;;;WHEEL_POS;35.872,-2.80
VAL;2026-09-18 10:55:54.160116;;;WHEEL_POS;35.910,-2.80
VAL;2026-09-18 10:55:54.183438;;;WHEEL_POS;35.933,-2.80
VAL;2026-09-18 10:55:54.212750;;;WHEEL_POS;35.963,-2.80
VAL;2026-09-18 10:55:54.230667;;;WHEEL_POS;35.981,-2.80
VAL;2026-09-18 10:55:54.251332;;;WHEEL_POS;36.001,-2.80
EVENT;2026-09-18 10:55:54.264346;2.0112;;158;Tup
END-TRIAL;2026-09-18 10:55:54.264346;;;The trial ended;
INFO;2026-09-18 10:55:54.264346;38.439531;40.450734;TRIAL-BPOD-TIME;2.0112029999999947
STATE;2026-09-18 10:55:54.264346;0;1.4624000000000001;WheelPeriod;1.4624000000000001
STATE;2026-09-18 10:55:54.264346;1.4624000000000001;1.5112;Reward;0.048799999999999955
STATE;2026-09-18 10:55:54.264346;1.5112;2.0112;ITI;0.5
STATE;2026-09-18 10:55:54.264346;nan;nan;NoMovement;nan
VAL;2026-09-18 10:55:54.346891;;;TRIAL_TYPE;stage1
VAL;2026-09-18 10:55:54.346891;;;MOVEMENT_DIRECTION;L
VAL;2026-09-18 10:55:54.346891;;;OUTCOME;Rewarded
VAL;2026-09-18 10:55:54.346891;;;GAIN_MULT;3.0
VAL;2026-09-18 10:55:54.346891;;;THRESHOLD_CROSSING_TIME;35.45279888381958
stdout;2026-09-18 10:55:54.346891;;;Trial 12: held 0.10s (broke 0x), Rewarded, gain=3.00x;
stdout;2026-09-18 10:55:54.346891;;;|
|;
VAL;2026-09-18 10:55:54.575034;;;TRIAL_INIT_START;36.325066566467285
VAL;2026-09-18 10:55:54.611294;;;WHEEL_POS;36.361,-2.80
VAL;2026-09-18 10:55:54.625440;;;WHEEL_POS;36.375,-2.80
VAL;2026-09-18 10:55:54.640208;;;WHEEL_POS;36.390,-2.80
VAL;2026-09-18 10:55:54.655290;;;WHEEL_POS;36.405,-2.80
VAL;2026-09-18 10:55:54.672974;;;WHEEL_POS;36.423,-2.80
VAL;2026-09-18 10:55:54.689695;;;WHEEL_POS;36.440,-2.80
VAL;2026-09-18 10:55:54.706274;;;WHEEL_POS;36.456,-2.80
VAL;2026-09-18 10:55:54.722545;;;WHEEL_POS;36.473,-2.80
VAL;2026-09-18 10:55:54.741496;;;WHEEL_POS;36.492,-2.80
VAL;2026-09-18 10:55:54.754506;;;TRIAL_START;36.49152851104736
VAL;2026-09-18 10:55:54.754506;;;QUIESCENCE_BREAKS;0
TRIAL;2026-09-18 10:55:54.771830;;;New trial;
EVENT;2026-09-18 10:55:54.788409;0.0034000000000000002;;95;Port1Out
VAL;2026-09-18 10:55:54.788409;;;WHEEL_POS;36.538,0.00
VAL;2026-09-18 10:55:54.825048;;;WHEEL_POS;36.575,0.00
VAL;2026-09-18 10:55:54.856413;;;WHEEL_POS;36.606,0.00
VAL;2026-09-18 10:55:54.871654;;;WHEEL_POS;36.622,0.00
VAL;2026-09-18 10:55:54.888461;;;WHEEL_POS;36.638,0.00
VAL;2026-09-18 10:55:54.904828;;;WHEEL_POS;36.655,0.00
EVENT;2026-09-18 10:55:54.904828;0.1179;;94;Port1In
VAL;2026-09-18 10:55:54.920978;;;WHEEL_POS;36.671,0.00
EVENT;2026-09-18 10:55:54.920978;0.1436;;95;Port1Out
VAL;2026-09-18 10:55:54.939657;;;WHEEL_POS;36.690,0.00
VAL;2026-09-18 10:55:54.971629;;;WHEEL_POS;36.722,0.00
VAL;2026-09-18 10:55:54.986789;;;WHEEL_POS;36.737,0.00
EVENT;2026-09-18 10:55:55.021741;0.2346;;94;Port1In
VAL;2026-09-18 10:55:55.021741;;;WHEEL_POS;36.772,0.00
EVENT;2026-09-18 10:55:55.039822;0.2543;;95;Port1Out
VAL;2026-09-18 10:55:55.072672;;;WHEEL_POS;36.823,0.00
VAL;2026-09-18 10:55:55.088906;;;WHEEL_POS;36.839,0.00
VAL;2026-09-18 10:55:55.105672;;;WHEEL_POS;36.856,0.00
VAL;2026-09-18 10:55:55.121739;;;WHEEL_POS;36.872,0.00
VAL;2026-09-18 10:55:55.139824;;;WHEEL_POS;36.890,0.00
VAL;2026-09-18 10:55:55.170088;;;WHEEL_POS;36.920,0.00
VAL;2026-09-18 10:55:55.209394;;;WHEEL_POS;36.959,0.00
VAL;2026-09-18 10:55:55.224579;;;WHEEL_POS;36.975,0.00
VAL;2026-09-18 10:55:55.241172;;;WHEEL_POS;36.991,0.00
VAL;2026-09-18 10:55:55.273141;;;WHEEL_POS;37.023,0.00
VAL;2026-09-18 10:55:55.306542;;;WHEEL_POS;37.057,0.00
VAL;2026-09-18 10:55:55.327215;;;WHEEL_POS;37.077,0.00
VAL;2026-09-18 10:55:55.343445;;;WHEEL_POS;37.093,0.00
VAL;2026-09-18 10:55:55.376133;;;WHEEL_POS;37.126,0.00
VAL;2026-09-18 10:55:55.391137;;;WHEEL_POS;37.141,0.00
VAL;2026-09-18 10:55:55.424742;;;WHEEL_POS;37.175,0.00
VAL;2026-09-18 10:55:55.457405;;;WHEEL_POS;37.207,0.00
VAL;2026-09-18 10:55:55.489694;;;WHEEL_POS;37.240,0.00
VAL;2026-09-18 10:55:55.524915;;;WHEEL_POS;37.275,0.00
VAL;2026-09-18 10:55:55.539984;;;WHEEL_POS;37.290,0.00
VAL;2026-09-18 10:55:55.571302;;;WHEEL_POS;37.321,0.00
VAL;2026-09-18 10:55:55.603662;;;WHEEL_POS;37.354,0.00
VAL;2026-09-18 10:55:55.620927;;;WHEEL_POS;37.371,0.00
VAL;2026-09-18 10:55:55.657010;;;WHEEL_POS;37.407,0.00
VAL;2026-09-18 10:55:55.670116;;;WHEEL_POS;37.420,0.00
VAL;2026-09-18 10:55:55.686499;;;WHEEL_POS;37.437,0.00
VAL;2026-09-18 10:55:55.719424;;;WHEEL_POS;37.469,0.00
VAL;2026-09-18 10:55:55.735637;;;WHEEL_POS;37.486,0.00
VAL;2026-09-18 10:55:55.767269;;;WHEEL_POS;37.517,0.00
VAL;2026-09-18 10:55:55.788179;;;WHEEL_POS;37.538,0.00
VAL;2026-09-18 10:55:55.803628;;;WHEEL_POS;37.554,0.00
VAL;2026-09-18 10:55:55.821670;;;WHEEL_POS;37.572,0.00
VAL;2026-09-18 10:55:55.840043;;;WHEEL_POS;37.590,0.00
VAL;2026-09-18 10:55:55.887983;;;WHEEL_POS;37.638,-0.40
VAL;2026-09-18 10:55:55.904140;;;WHEEL_POS;37.654,-0.40
VAL;2026-09-18 10:55:55.925273;;;WHEEL_POS;37.675,-0.40
VAL;2026-09-18 10:55:55.940320;;;WHEEL_POS;37.690,-0.40
VAL;2026-09-18 10:55:55.956532;;;WHEEL_POS;37.707,-1.10
VAL;2026-09-18 10:55:55.995926;;;WHEEL_POS;37.746,-1.40
EVENT;2026-09-18 10:55:56.012190;1.2233;;0;RotaryEncoder1_1
TRANSITION;2026-09-18 10:55:56.012190;1.2233;;Reward;
VAL;2026-09-18 10:55:56.028831;;;WHEEL_POS;37.779,-1.80
VAL;2026-09-18 10:55:56.045482;;;WHEEL_POS;37.796,-2.10
EVENT;2026-09-18 10:55:56.061667;1.2721;;158;Tup
TRANSITION;2026-09-18 10:55:56.061667;1.2721;;ITI;
VAL;2026-09-18 10:55:56.061667;;;WHEEL_POS;37.812,-2.10
VAL;2026-09-18 10:55:56.079872;;;WHEEL_POS;37.830,-2.10
VAL;2026-09-18 10:55:56.093876;;;WHEEL_POS;37.844,-2.10
VAL;2026-09-18 10:55:56.127666;;;WHEEL_POS;37.878,-2.10
VAL;2026-09-18 10:55:56.143887;;;WHEEL_POS;37.894,-2.10
VAL;2026-09-18 10:55:56.180664;;;WHEEL_POS;37.928,-2.80
VAL;2026-09-18 10:55:56.195782;;;WHEEL_POS;37.946,-3.20
VAL;2026-09-18 10:55:56.233755;;;WHEEL_POS;37.984,-3.50
VAL;2026-09-18 10:55:56.259070;;;WHEEL_POS;38.009,-3.50
VAL;2026-09-18 10:55:56.289270;;;WHEEL_POS;38.039,-3.50
VAL;2026-09-18 10:55:56.303505;;;WHEEL_POS;38.054,-3.50
VAL;2026-09-18 10:55:56.317208;;;WHEEL_POS;38.067,-3.50
VAL;2026-09-18 10:55:56.338401;;;WHEEL_POS;38.088,-3.50
VAL;2026-09-18 10:55:56.355441;;;WHEEL_POS;38.105,-3.50
VAL;2026-09-18 10:55:56.387764;;;WHEEL_POS;38.138,-3.50
VAL;2026-09-18 10:55:56.407183;;;WHEEL_POS;38.157,-3.50
VAL;2026-09-18 10:55:56.440460;;;WHEEL_POS;38.190,-3.50
VAL;2026-09-18 10:55:56.459502;;;WHEEL_POS;38.210,-3.50
VAL;2026-09-18 10:55:56.486214;;;WHEEL_POS;38.236,-3.50
VAL;2026-09-18 10:55:56.518382;;;WHEEL_POS;38.268,-3.50
VAL;2026-09-18 10:55:56.535562;;;WHEEL_POS;38.286,-3.50
EVENT;2026-09-18 10:55:56.549577;1.7721;;158;Tup
END-TRIAL;2026-09-18 10:55:56.549577;;;The trial ended;
INFO;2026-09-18 10:55:56.549577;40.969531;42.741634;TRIAL-BPOD-TIME;1.7721029999999942
STATE;2026-09-18 10:55:56.549577;0;1.2233;WheelPeriod;1.2233
STATE;2026-09-18 10:55:56.549577;1.2233;1.2721;Reward;0.048799999999999955
STATE;2026-09-18 10:55:56.549577;1.2721;1.7721;ITI;0.5
STATE;2026-09-18 10:55:56.549577;nan;nan;NoMovement;nan
VAL;2026-09-18 10:55:56.612607;;;TRIAL_TYPE;stage1
VAL;2026-09-18 10:55:56.612607;;;MOVEMENT_DIRECTION;L
VAL;2026-09-18 10:55:56.612607;;;OUTCOME;Rewarded
VAL;2026-09-18 10:55:56.612607;;;GAIN_MULT;3.0
VAL;2026-09-18 10:55:56.612607;;;THRESHOLD_CROSSING_TIME;37.74516250686646
stdout;2026-09-18 10:55:56.612607;;;Trial 13: held 0.10s (broke 0x), Rewarded, gain=3.00x;
stdout;2026-09-18 10:55:56.612607;;;|
|;
VAL;2026-09-18 10:55:56.814169;;;TRIAL_INIT_START;38.56420159339905
VAL;2026-09-18 10:55:56.846815;;;WHEEL_POS;38.597,-3.50
VAL;2026-09-18 10:55:56.879520;;;WHEEL_POS;38.630,-3.50
VAL;2026-09-18 10:55:56.895665;;;WHEEL_POS;38.646,-3.50
VAL;2026-09-18 10:55:56.912078;;;WHEEL_POS;38.662,-3.50
VAL;2026-09-18 10:55:56.928234;;;WHEEL_POS;38.678,-3.50
VAL;2026-09-18 10:55:56.946223;;;WHEEL_POS;38.696,-3.50
VAL;2026-09-18 10:55:56.980469;;;WHEEL_POS;38.731,-3.50
VAL;2026-09-18 10:55:57.010514;;;WHEEL_POS;38.761,-3.50
VAL;2026-09-18 10:55:57.028190;;;TRIAL_START;38.76054620742798
VAL;2026-09-18 10:55:57.028190;;;QUIESCENCE_BREAKS;0
TRIAL;2026-09-18 10:55:57.076133;;;New trial;
VAL;2026-09-18 10:55:57.095810;;;WHEEL_POS;38.846,0.00
VAL;2026-09-18 10:55:57.113498;;;WHEEL_POS;38.864,0.00
VAL;2026-09-18 10:55:57.129806;;;WHEEL_POS;38.880,0.00
VAL;2026-09-18 10:55:57.162345;;;WHEEL_POS;38.912,0.00
EVENT;2026-09-18 10:55:57.162345;0.07390000000000001;;94;Port1In
EVENT;2026-09-18 10:55:57.186377;0.09630000000000001;;95;Port1Out
VAL;2026-09-18 10:55:57.189286;;;WHEEL_POS;38.939,0.00
VAL;2026-09-18 10:55:57.218161;;;WHEEL_POS;38.968,0.00
VAL;2026-09-18 10:55:57.241387;;;WHEEL_POS;38.991,0.00
EVENT;2026-09-18 10:55:57.241387;0.15560000000000002;;94;Port1In
VAL;2026-09-18 10:55:57.272248;;;WHEEL_POS;39.022,0.00
EVENT;2026-09-18 10:55:57.272248;0.1927;;95;Port1Out
VAL;2026-09-18 10:55:57.288406;;;WHEEL_POS;39.038,0.00
VAL;2026-09-18 10:55:57.304481;;;WHEEL_POS;39.055,0.00
VAL;2026-09-18 10:55:57.321123;;;WHEEL_POS;39.071,0.00
VAL;2026-09-18 10:55:57.354825;;;WHEEL_POS;39.105,0.00
VAL;2026-09-18 10:55:57.372347;;;WHEEL_POS;39.122,0.00
VAL;2026-09-18 10:55:57.388716;;;WHEEL_POS;39.139,0.00
VAL;2026-09-18 10:55:57.403727;;;WHEEL_POS;39.154,0.00
EVENT;2026-09-18 10:55:57.437630;0.3458;;94;Port1In
VAL;2026-09-18 10:55:57.441149;;;WHEEL_POS;39.191,0.00
EVENT;2026-09-18 10:55:57.441149;0.3517;;95;Port1Out
VAL;2026-09-18 10:55:57.456246;;;WHEEL_POS;39.206,0.00
VAL;2026-09-18 10:55:57.471308;;;WHEEL_POS;39.221,0.00
VAL;2026-09-18 10:55:57.489586;;;WHEEL_POS;39.240,0.00
VAL;2026-09-18 10:55:57.527390;;;WHEEL_POS;39.277,0.00
EVENT;2026-09-18 10:55:57.527390;0.4398;;94;Port1In
EVENT;2026-09-18 10:55:57.541223;0.4489;;95;Port1Out
VAL;2026-09-18 10:55:57.556414;;;WHEEL_POS;39.306,0.00
VAL;2026-09-18 10:55:57.574482;;;WHEEL_POS;39.325,0.00
VAL;2026-09-18 10:55:57.623789;;;WHEEL_POS;39.374,0.00
VAL;2026-09-18 10:55:57.643211;;;WHEEL_POS;39.393,0.00
VAL;2026-09-18 10:55:57.661367;;;WHEEL_POS;39.411,0.00
VAL;2026-09-18 10:55:57.673480;;;WHEEL_POS;39.424,0.00
EVENT;2026-09-18 10:55:57.707788;0.6165;;94;Port1In
VAL;2026-09-18 10:55:57.707788;;;WHEEL_POS;39.458,0.00
EVENT;2026-09-18 10:55:57.707788;0.6245;;95;Port1Out
VAL;2026-09-18 10:55:57.723920;;;WHEEL_POS;39.474,0.00
VAL;2026-09-18 10:55:57.745265;;;WHEEL_POS;39.495,0.00
VAL;2026-09-18 10:55:57.761422;;;WHEEL_POS;39.511,0.00
EVENT;2026-09-18 10:55:57.778436;0.6970000000000001;;94;Port1In
EVENT;2026-09-18 10:55:57.794567;0.7103;;95;Port1Out
VAL;2026-09-18 10:55:57.809576;;;WHEEL_POS;39.560,0.00
VAL;2026-09-18 10:55:57.828756;;;WHEEL_POS;39.579,0.00
VAL;2026-09-18 10:55:57.844862;;;WHEEL_POS;39.595,0.00
VAL;2026-09-18 10:55:57.860902;;;WHEEL_POS;39.611,0.00
VAL;2026-09-18 10:55:57.884133;;;WHEEL_POS;39.634,0.00
VAL;2026-09-18 10:55:57.911825;;;WHEEL_POS;39.662,0.00
EVENT;2026-09-18 10:55:57.911825;0.8302;;94;Port1In
EVENT;2026-09-18 10:55:57.927952;0.8407;;95;Port1Out
VAL;2026-09-18 10:55:57.927952;;;WHEEL_POS;39.678,0.00
VAL;2026-09-18 10:55:57.975141;;;WHEEL_POS;39.725,0.00
VAL;2026-09-18 10:55:57.991494;;;WHEEL_POS;39.742,0.00
VAL;2026-09-18 10:55:58.004557;;;WHEEL_POS;39.755,0.00
VAL;2026-09-18 10:55:58.038877;;;WHEEL_POS;39.789,0.00
VAL;2026-09-18 10:55:58.054989;;;WHEEL_POS;39.805,0.00
VAL;2026-09-18 10:55:58.072137;;;WHEEL_POS;39.822,0.00
VAL;2026-09-18 10:55:58.086148;;;WHEEL_POS;39.836,0.00
VAL;2026-09-18 10:55:58.117771;;;WHEEL_POS;39.868,0.00
VAL;2026-09-18 10:55:58.143416;;;WHEEL_POS;39.893,0.00
VAL;2026-09-18 10:55:58.159989;;;WHEEL_POS;39.910,0.00
VAL;2026-09-18 10:55:58.195325;;;WHEEL_POS;39.945,0.00
VAL;2026-09-18 10:55:58.212065;;;WHEEL_POS;39.962,0.00
VAL;2026-09-18 10:55:58.226128;;;WHEEL_POS;39.976,0.00
VAL;2026-09-18 10:55:58.271935;;;WHEEL_POS;40.022,0.00
VAL;2026-09-18 10:55:58.288163;;;WHEEL_POS;40.038,0.00
VAL;2026-09-18 10:55:58.326620;;;WHEEL_POS;40.077,0.00
VAL;2026-09-18 10:55:58.342178;;;WHEEL_POS;40.092,0.00
VAL;2026-09-18 10:55:58.357195;;;WHEEL_POS;40.107,0.00
VAL;2026-09-18 10:55:58.393875;;;WHEEL_POS;40.144,0.00
VAL;2026-09-18 10:55:58.425828;;;WHEEL_POS;40.176,0.00
VAL;2026-09-18 10:55:58.441959;;;WHEEL_POS;40.192,0.00
VAL;2026-09-18 10:55:58.481704;;;WHEEL_POS;40.232,0.40
VAL;2026-09-18 10:55:58.501404;;;WHEEL_POS;40.251,0.70
VAL;2026-09-18 10:55:58.517968;;;WHEEL_POS;40.268,1.10
VAL;2026-09-18 10:55:58.535948;;;WHEEL_POS;40.286,1.10
VAL;2026-09-18 10:55:58.568929;;;WHEEL_POS;40.319,0.00
VAL;2026-09-18 10:55:58.586037;;;WHEEL_POS;40.336,-0.70
VAL;2026-09-18 10:55:58.602682;;;WHEEL_POS;40.353,-1.10
VAL;2026-09-18 10:55:58.636054;;;WHEEL_POS;40.386,-1.10
VAL;2026-09-18 10:55:58.654728;;;WHEEL_POS;40.405,-1.10
VAL;2026-09-18 10:55:58.670228;;;WHEEL_POS;40.420,-1.10
VAL;2026-09-18 10:55:58.693557;;;WHEEL_POS;40.444,-1.40
VAL;2026-09-18 10:55:58.724946;;;WHEEL_POS;40.475,-1.40
VAL;2026-09-18 10:55:58.760746;;;WHEEL_POS;40.511,-1.40
VAL;2026-09-18 10:55:58.779470;;;WHEEL_POS;40.530,-1.40
EVENT;2026-09-18 10:55:58.794834;1.7078;;0;RotaryEncoder1_1
TRANSITION;2026-09-18 10:55:58.794834;1.7078;;Reward;
VAL;2026-09-18 10:55:58.794834;;;WHEEL_POS;40.545,-1.80
VAL;2026-09-18 10:55:58.827511;;;WHEEL_POS;40.578,-1.80
EVENT;2026-09-18 10:55:58.844492;1.7566000000000002;;158;Tup
TRANSITION;2026-09-18 10:55:58.844492;1.7566000000000002;;ITI;
VAL;2026-09-18 10:55:58.844492;;;WHEEL_POS;40.595,-1.80
VAL;2026-09-18 10:55:58.879454;;;WHEEL_POS;40.629,-2.10
VAL;2026-09-18 10:55:58.896839;;;WHEEL_POS;40.647,-2.10
VAL;2026-09-18 10:55:58.912503;;;WHEEL_POS;40.663,-2.10
VAL;2026-09-18 10:55:58.929863;;;WHEEL_POS;40.680,-2.50
VAL;2026-09-18 10:55:58.947285;;;WHEEL_POS;40.697,-2.80
VAL;2026-09-18 10:55:58.980396;;;WHEEL_POS;40.730,-3.50
VAL;2026-09-18 10:55:58.999728;;;WHEEL_POS;40.750,-3.90
VAL;2026-09-18 10:55:59.029912;;;WHEEL_POS;40.780,-4.20
VAL;2026-09-18 10:55:59.047038;;;WHEEL_POS;40.797,-4.20
VAL;2026-09-18 10:55:59.062869;;;WHEEL_POS;40.813,-4.20
VAL;2026-09-18 10:55:59.083337;;;WHEEL_POS;40.833,-4.20
VAL;2026-09-18 10:55:59.114641;;;WHEEL_POS;40.865,-4.20
VAL;2026-09-18 10:55:59.128784;;;WHEEL_POS;40.879,-4.20
VAL;2026-09-18 10:55:59.161960;;;WHEEL_POS;40.912,-4.20
VAL;2026-09-18 10:55:59.194452;;;WHEEL_POS;40.944,-4.20
VAL;2026-09-18 10:55:59.228345;;;WHEEL_POS;40.978,-4.20
VAL;2026-09-18 10:55:59.243400;;;WHEEL_POS;40.993,-4.20
VAL;2026-09-18 10:55:59.277049;;;WHEEL_POS;41.027,-4.20
VAL;2026-09-18 10:55:59.293163;;;WHEEL_POS;41.043,-4.20
VAL;2026-09-18 10:55:59.308167;;;WHEEL_POS;41.058,-4.20
VAL;2026-09-18 10:55:59.345058;;;WHEEL_POS;41.095,-4.20
EVENT;2026-09-18 10:55:59.345058;2.2566;;158;Tup
END-TRIAL;2026-09-18 10:55:59.345058;;;The trial ended;
INFO;2026-09-18 10:55:59.345058;43.271431;45.528034;TRIAL-BPOD-TIME;2.2566029999999984
STATE;2026-09-18 10:55:59.345058;0;1.7078;WheelPeriod;1.7078
STATE;2026-09-18 10:55:59.345058;1.7078;1.7566000000000002;Reward;0.04880000000000018
STATE;2026-09-18 10:55:59.345058;1.7566000000000002;2.2566;ITI;0.5
STATE;2026-09-18 10:55:59.345058;nan;nan;NoMovement;nan
VAL;2026-09-18 10:55:59.428707;;;TRIAL_TYPE;stage1
VAL;2026-09-18 10:55:59.428707;;;MOVEMENT_DIRECTION;L
VAL;2026-09-18 10:55:59.428707;;;OUTCOME;Rewarded
VAL;2026-09-18 10:55:59.428707;;;GAIN_MULT;3.0
VAL;2026-09-18 10:55:59.428707;;;THRESHOLD_CROSSING_TIME;40.53396567611694
stdout;2026-09-18 10:55:59.428707;;;Trial 14: held 0.10s (broke 0x), Rewarded, gain=3.00x;
stdout;2026-09-18 10:55:59.428707;;;|
|;
VAL;2026-09-18 10:55:59.658033;;;TRIAL_INIT_START;41.40806531906128
VAL;2026-09-18 10:55:59.673658;;;WHEEL_POS;41.424,-4.20
VAL;2026-09-18 10:55:59.704910;;;WHEEL_POS;41.455,-4.20
VAL;2026-09-18 10:55:59.740741;;;WHEEL_POS;41.491,-4.20
VAL;2026-09-18 10:55:59.757875;;;WHEEL_POS;41.508,-4.20
VAL;2026-09-18 10:55:59.789127;;;WHEEL_POS;41.539,-4.20
VAL;2026-09-18 10:55:59.822886;;;WHEEL_POS;41.573,-4.20
VAL;2026-09-18 10:55:59.842184;;;TRIAL_START;41.57291841506958
VAL;2026-09-18 10:55:59.842184;;;QUIESCENCE_BREAKS;0
TRIAL;2026-09-18 10:55:59.898336;;;New trial;
EVENT;2026-09-18 10:55:59.908389;0.0047;;94;Port1In
VAL;2026-09-18 10:55:59.908389;;;WHEEL_POS;41.658,0.00
EVENT;2026-09-18 10:55:59.918858;0.015300000000000001;;95;Port1Out
VAL;2026-09-18 10:55:59.936289;;;WHEEL_POS;41.686,0.00
VAL;2026-09-18 10:55:59.951803;;;WHEEL_POS;41.702,0.00
VAL;2026-09-18 10:55:59.984514;;;WHEEL_POS;41.735,0.00
EVENT;2026-09-18 10:56:00.017366;0.11460000000000001;;94;Port1In
VAL;2026-09-18 10:56:00.017366;;;WHEEL_POS;41.767,0.00
EVENT;2026-09-18 10:56:00.026409;0.1226;;95;Port1Out
VAL;2026-09-18 10:56:00.045268;;;WHEEL_POS;41.795,0.00
VAL;2026-09-18 10:56:00.078357;;;WHEEL_POS;41.828,0.00
VAL;2026-09-18 10:56:00.093361;;;WHEEL_POS;41.843,0.00
VAL;2026-09-18 10:56:00.127258;;;WHEEL_POS;41.877,0.00
EVENT;2026-09-18 10:56:00.166908;0.2632;;94;Port1In
VAL;2026-09-18 10:56:00.177078;;;WHEEL_POS;41.927,0.00
EVENT;2026-09-18 10:56:00.177078;0.27540000000000003;;95;Port1Out
VAL;2026-09-18 10:56:00.211271;;;WHEEL_POS;41.961,0.00
VAL;2026-09-18 10:56:00.228963;;;WHEEL_POS;41.979,0.00
EVENT;2026-09-18 10:56:00.228963;0.335;;94;Port1In
VAL;2026-09-18 10:56:00.263431;;;WHEEL_POS;42.013,0.00
EVENT;2026-09-18 10:56:00.263431;0.3635;;95;Port1Out
VAL;2026-09-18 10:56:00.294130;;;WHEEL_POS;42.044,0.00
VAL;2026-09-18 10:56:00.333615;;;WHEEL_POS;42.084,0.00
VAL;2026-09-18 10:56:00.375829;;;WHEEL_POS;42.126,0.00
EVENT;2026-09-18 10:56:00.402567;0.5088;;94;Port1In
EVENT;2026-09-18 10:56:00.417571;0.5187;;95;Port1Out
VAL;2026-09-18 10:56:00.435359;;;WHEEL_POS;42.185,0.00
VAL;2026-09-18 10:56:00.458518;;;WHEEL_POS;42.209,0.00
VAL;2026-09-18 10:56:00.475653;;;WHEEL_POS;42.226,0.00
EVENT;2026-09-18 10:56:00.486222;0.5818;;94;Port1In
VAL;2026-09-18 10:56:00.496277;;;WHEEL_POS;42.246,0.00
EVENT;2026-09-18 10:56:00.519502;0.6093000000000001;;95;Port1Out
VAL;2026-09-18 10:56:00.524681;;;WHEEL_POS;42.275,0.00
VAL;2026-09-18 10:56:00.558938;;;WHEEL_POS;42.309,0.00
VAL;2026-09-18 10:56:00.575360;;;WHEEL_POS;42.325,0.00
VAL;2026-09-18 10:56:00.595572;;;WHEEL_POS;42.346,0.00
VAL;2026-09-18 10:56:00.627877;;;WHEEL_POS;42.378,0.00
VAL;2026-09-18 10:56:00.646172;;;WHEEL_POS;42.396,0.00
VAL;2026-09-18 10:56:00.660682;;;WHEEL_POS;42.411,0.00
VAL;2026-09-18 10:56:00.702062;;;WHEEL_POS;42.452,0.00
VAL;2026-09-18 10:56:00.736795;;;WHEEL_POS;42.487,0.00
VAL;2026-09-18 10:56:00.773739;;;WHEEL_POS;42.524,0.00
VAL;2026-09-18 10:56:00.788444;;;WHEEL_POS;42.538,0.00
VAL;2026-09-18 10:56:00.802453;;;WHEEL_POS;42.552,0.00
VAL;2026-09-18 10:56:00.838890;;;WHEEL_POS;42.589,0.00
VAL;2026-09-18 10:56:00.855761;;;WHEEL_POS;42.606,0.00
VAL;2026-09-18 10:56:00.890334;;;WHEEL_POS;42.640,0.00
VAL;2026-09-18 10:56:00.931883;;;WHEEL_POS;42.682,0.00
VAL;2026-09-18 10:56:00.976642;;;WHEEL_POS;42.727,0.00
VAL;2026-09-18 10:56:00.995789;;;WHEEL_POS;42.746,0.00
VAL;2026-09-18 10:56:01.031041;;;WHEEL_POS;42.781,0.00
VAL;2026-09-18 10:56:01.079225;;;WHEEL_POS;42.829,0.00
VAL;2026-09-18 10:56:01.098405;;;WHEEL_POS;42.848,0.00
VAL;2026-09-18 10:56:01.114518;;;WHEEL_POS;42.865,0.00
VAL;2026-09-18 10:56:01.133428;;;WHEEL_POS;42.883,0.00
VAL;2026-09-18 10:56:01.147873;;;WHEEL_POS;42.898,0.00
VAL;2026-09-18 10:56:01.180573;;;WHEEL_POS;42.931,0.00
VAL;2026-09-18 10:56:01.197355;;;WHEEL_POS;42.947,0.00
VAL;2026-09-18 10:56:01.221236;;;WHEEL_POS;42.971,0.00
VAL;2026-09-18 10:56:01.246605;;;WHEEL_POS;42.997,0.00
VAL;2026-09-18 10:56:01.262229;;;WHEEL_POS;43.012,0.00
VAL;2026-09-18 10:56:01.278664;;;WHEEL_POS;43.029,0.00
VAL;2026-09-18 10:56:01.311532;;;WHEEL_POS;43.062,0.00
VAL;2026-09-18 10:56:01.328267;;;WHEEL_POS;43.078,0.00
VAL;2026-09-18 10:56:01.362636;;;WHEEL_POS;43.113,0.00
VAL;2026-09-18 10:56:01.378748;;;WHEEL_POS;43.129,0.00
VAL;2026-09-18 10:56:01.413626;;;WHEEL_POS;43.164,0.00
VAL;2026-09-18 10:56:01.450002;;;WHEEL_POS;43.200,0.40
VAL;2026-09-18 10:56:01.464148;;;WHEEL_POS;43.214,0.40
VAL;2026-09-18 10:56:01.478416;;;WHEEL_POS;43.228,0.40
VAL;2026-09-18 10:56:01.510577;;;WHEEL_POS;43.261,-0.40
VAL;2026-09-18 10:56:01.526709;;;WHEEL_POS;43.277,-0.70
VAL;2026-09-18 10:56:01.547046;;;WHEEL_POS;43.297,-1.40
EVENT;2026-09-18 10:56:01.547046;1.6528;;0;RotaryEncoder1_1
TRANSITION;2026-09-18 10:56:01.547046;1.6528;;Reward;
VAL;2026-09-18 10:56:01.579552;;;WHEEL_POS;43.330,-2.10
VAL;2026-09-18 10:56:01.594793;;;WHEEL_POS;43.345,-2.50
EVENT;2026-09-18 10:56:01.594793;1.7016;;158;Tup
TRANSITION;2026-09-18 10:56:01.594793;1.7016;;ITI;
VAL;2026-09-18 10:56:01.630462;;;WHEEL_POS;43.380,-2.80
VAL;2026-09-18 10:56:01.651341;;;WHEEL_POS;43.401,-3.20
VAL;2026-09-18 10:56:01.666347;;;WHEEL_POS;43.416,-3.20
VAL;2026-09-18 10:56:01.701304;;;WHEEL_POS;43.451,-3.90
VAL;2026-09-18 10:56:01.734641;;;WHEEL_POS;43.485,-4.60
VAL;2026-09-18 10:56:01.750694;;;WHEEL_POS;43.501,-4.60
VAL;2026-09-18 10:56:01.786403;;;WHEEL_POS;43.536,-4.90
VAL;2026-09-18 10:56:01.816688;;;WHEEL_POS;43.567,-4.90
VAL;2026-09-18 10:56:01.838134;;;WHEEL_POS;43.588,-4.90
VAL;2026-09-18 10:56:01.866861;;;WHEEL_POS;43.617,-4.90
VAL;2026-09-18 10:56:01.888693;;;WHEEL_POS;43.634,-4.90
VAL;2026-09-18 10:56:01.916849;;;WHEEL_POS;43.667,-4.60
VAL;2026-09-18 10:56:01.933438;;;WHEEL_POS;43.683,-4.60
VAL;2026-09-18 10:56:01.965203;;;WHEEL_POS;43.715,-4.60
VAL;2026-09-18 10:56:01.998971;;;WHEEL_POS;43.749,-4.60
VAL;2026-09-18 10:56:02.033592;;;WHEEL_POS;43.784,-4.60
VAL;2026-09-18 10:56:02.050167;;;WHEEL_POS;43.800,-4.60
VAL;2026-09-18 10:56:02.066571;;;WHEEL_POS;43.817,-4.60
VAL;2026-09-18 10:56:02.082693;;;WHEEL_POS;43.833,-4.60
VAL;2026-09-18 10:56:02.097702;;;WHEEL_POS;43.848,-4.60
EVENT;2026-09-18 10:56:02.097702;2.2016;;158;Tup
END-TRIAL;2026-09-18 10:56:02.097702;;;The trial ended;
INFO;2026-09-18 10:56:02.097702;46.083431;48.285034;TRIAL-BPOD-TIME;2.2016030000000057
STATE;2026-09-18 10:56:02.097702;0;1.6528;WheelPeriod;1.6528
STATE;2026-09-18 10:56:02.097702;1.6528;1.7016;Reward;0.048799999999999955
STATE;2026-09-18 10:56:02.097702;1.7016;2.2016;ITI;0.5
STATE;2026-09-18 10:56:02.097702;nan;nan;NoMovement;nan
VAL;2026-09-18 10:56:02.167624;;;TRIAL_TYPE;stage1
VAL;2026-09-18 10:56:02.167624;;;MOVEMENT_DIRECTION;L
VAL;2026-09-18 10:56:02.167624;;;OUTCOME;Rewarded
VAL;2026-09-18 10:56:02.167624;;;GAIN_MULT;3.0
VAL;2026-09-18 10:56:02.167624;;;THRESHOLD_CROSSING_TIME;43.29633799819946
stdout;2026-09-18 10:56:02.167624;;;Trial 15: held 0.10s (broke 0x), Rewarded, gain=3.00x;
stdout;2026-09-18 10:56:02.167624;;;|
|;
VAL;2026-09-18 10:56:02.403313;;;TRIAL_INIT_START;44.153345346450806
VAL;2026-09-18 10:56:02.436642;;;WHEEL_POS;44.187,-4.60
VAL;2026-09-18 10:56:02.454220;;;WHEEL_POS;44.204,-4.60
VAL;2026-09-18 10:56:02.472573;;;WHEEL_POS;44.223,-4.60
VAL;2026-09-18 10:56:02.502874;;;WHEEL_POS;44.253,-4.60
VAL;2026-09-18 10:56:02.518932;;;WHEEL_POS;44.269,-4.60
VAL;2026-09-18 10:56:02.535016;;;WHEEL_POS;44.285,-4.60
VAL;2026-09-18 10:56:02.568009;;;WHEEL_POS;44.318,-4.60
VAL;2026-09-18 10:56:02.586410;;;WHEEL_POS;44.336,-4.60
VAL;2026-09-18 10:56:02.607790;;;TRIAL_START;44.336442947387695
VAL;2026-09-18 10:56:02.607790;;;QUIESCENCE_BREAKS;0
TRIAL;2026-09-18 10:56:02.632862;;;New trial;
VAL;2026-09-18 10:56:02.633873;;;WHEEL_POS;44.384,0.00
VAL;2026-09-18 10:56:02.666583;;;WHEEL_POS;44.417,0.00
VAL;2026-09-18 10:56:02.687063;;;WHEEL_POS;44.437,0.00
VAL;2026-09-18 10:56:02.703113;;;WHEEL_POS;44.453,0.00
EVENT;2026-09-18 10:56:02.703113;0.0683;;94;Port1In
VAL;2026-09-18 10:56:02.716409;;;WHEEL_POS;44.466,0.00
EVENT;2026-09-18 10:56:02.716409;0.0818;;95;Port1Out
VAL;2026-09-18 10:56:02.733016;;;WHEEL_POS;44.483,0.00
VAL;2026-09-18 10:56:02.752133;;;WHEEL_POS;44.502,0.00
VAL;2026-09-18 10:56:02.765136;;;WHEEL_POS;44.515,0.00
EVENT;2026-09-18 10:56:02.765136;0.137;;94;Port1In
VAL;2026-09-18 10:56:02.806849;;;WHEEL_POS;44.557,0.00
VAL;2026-09-18 10:56:02.835842;;;WHEEL_POS;44.586,0.00
EVENT;2026-09-18 10:56:02.835842;0.2046;;95;Port1Out
VAL;2026-09-18 10:56:02.851876;;;WHEEL_POS;44.602,0.00
VAL;2026-09-18 10:56:02.866886;;;WHEEL_POS;44.617,0.00
VAL;2026-09-18 10:56:02.903821;;;WHEEL_POS;44.654,0.00
VAL;2026-09-18 10:56:02.947776;;;WHEEL_POS;44.698,0.00
EVENT;2026-09-18 10:56:02.952286;0.3144;;94;Port1In
EVENT;2026-09-18 10:56:02.969494;0.33190000000000003;;95;Port1Out
VAL;2026-09-18 10:56:02.969494;;;WHEEL_POS;44.720,0.00
VAL;2026-09-18 10:56:02.986147;;;WHEEL_POS;44.736,0.00
EVENT;2026-09-18 10:56:03.001210;0.3623;;94;Port1In
VAL;2026-09-18 10:56:03.002776;;;WHEEL_POS;44.753,0.00
VAL;2026-09-18 10:56:03.017789;;;WHEEL_POS;44.768,0.00
EVENT;2026-09-18 10:56:03.017789;0.3749;;95;Port1Out
EVENT;2026-09-18 10:56:03.017789;0.375;;94;Port1In
EVENT;2026-09-18 10:56:03.017789;0.37510000000000004;;95;Port1Out
EVENT;2026-09-18 10:56:03.017789;0.3758;;94;Port1In
EVENT;2026-09-18 10:56:03.017789;0.3783;;95;Port1Out
EVENT;2026-09-18 10:56:03.017789;0.3785;;94;Port1In
EVENT;2026-09-18 10:56:03.017789;0.37870000000000004;;95;Port1Out
EVENT;2026-09-18 10:56:03.017789;0.3834;;94;Port1In
EVENT;2026-09-18 10:56:03.017789;0.3841;;95;Port1Out
EVENT;2026-09-18 10:56:03.017789;0.3845;;94;Port1In
EVENT;2026-09-18 10:56:03.017789;0.3846;;95;Port1Out
EVENT;2026-09-18 10:56:03.017789;0.38470000000000004;;94;Port1In
EVENT;2026-09-18 10:56:03.017789;0.3899;;95;Port1Out
EVENT;2026-09-18 10:56:03.017789;0.3904;;94;Port1In
EVENT;2026-09-18 10:56:03.017789;0.3905;;95;Port1Out
EVENT;2026-09-18 10:56:03.017789;0.3907;;94;Port1In
VAL;2026-09-18 10:56:03.057477;;;WHEEL_POS;44.808,0.00
EVENT;2026-09-18 10:56:03.057477;0.4263;;95;Port1Out
VAL;2026-09-18 10:56:03.076058;;;WHEEL_POS;44.826,0.00
VAL;2026-09-18 10:56:03.093259;;;WHEEL_POS;44.843,0.00
VAL;2026-09-18 10:56:03.108268;;;WHEEL_POS;44.858,0.00
EVENT;2026-09-18 10:56:03.148033;0.512;;94;Port1In
VAL;2026-09-18 10:56:03.159126;;;WHEEL_POS;44.909,0.00
EVENT;2026-09-18 10:56:03.160133;0.5218;;95;Port1Out
VAL;2026-09-18 10:56:03.177823;;;WHEEL_POS;44.928,0.00
VAL;2026-09-18 10:56:03.195873;;;WHEEL_POS;44.946,0.00
VAL;2026-09-18 10:56:03.213043;;;WHEEL_POS;44.963,0.00
VAL;2026-09-18 10:56:03.227054;;;WHEEL_POS;44.977,0.00
VAL;2026-09-18 10:56:03.265766;;;WHEEL_POS;45.016,0.00
VAL;2026-09-18 10:56:03.282494;;;WHEEL_POS;45.033,0.00
VAL;2026-09-18 10:56:03.301577;;;WHEEL_POS;45.052,0.00
VAL;2026-09-18 10:56:03.334348;;;WHEEL_POS;45.084,0.00
VAL;2026-09-18 10:56:03.366341;;;WHEEL_POS;45.116,0.00
VAL;2026-09-18 10:56:03.384620;;;WHEEL_POS;45.135,0.00
VAL;2026-09-18 10:56:03.417852;;;WHEEL_POS;45.168,0.00
VAL;2026-09-18 10:56:03.432914;;;WHEEL_POS;45.183,0.00
VAL;2026-09-18 10:56:03.470692;;;WHEEL_POS;45.221,0.00
VAL;2026-09-18 10:56:03.485371;;;WHEEL_POS;45.235,0.00
VAL;2026-09-18 10:56:03.502469;;;WHEEL_POS;45.253,0.00
VAL;2026-09-18 10:56:03.518971;;;WHEEL_POS;45.269,0.00
VAL;2026-09-18 10:56:03.554230;;;WHEEL_POS;45.304,0.00
VAL;2026-09-18 10:56:03.571077;;;WHEEL_POS;45.321,0.00
VAL;2026-09-18 10:56:03.600494;;;WHEEL_POS;45.351,0.00
VAL;2026-09-18 10:56:03.633611;;;WHEEL_POS;45.384,0.00
VAL;2026-09-18 10:56:03.667577;;;WHEEL_POS;45.418,0.00
VAL;2026-09-18 10:56:03.683859;;;WHEEL_POS;45.434,0.00
VAL;2026-09-18 10:56:03.717406;;;WHEEL_POS;45.467,0.00
VAL;2026-09-18 10:56:03.754934;;;WHEEL_POS;45.505,0.00
VAL;2026-09-18 10:56:03.782198;;;WHEEL_POS;45.532,0.00
VAL;2026-09-18 10:56:03.818537;;;WHEEL_POS;45.569,0.00
VAL;2026-09-18 10:56:03.830541;;;WHEEL_POS;45.581,0.00
VAL;2026-09-18 10:56:03.854086;;;WHEEL_POS;45.604,0.00
VAL;2026-09-18 10:56:03.888780;;;WHEEL_POS;45.639,0.00
VAL;2026-09-18 10:56:03.903823;;;WHEEL_POS;45.654,0.00
VAL;2026-09-18 10:56:03.937632;;;WHEEL_POS;45.688,0.00
VAL;2026-09-18 10:56:03.970732;;;WHEEL_POS;45.721,0.00
VAL;2026-09-18 10:56:03.985740;;;WHEEL_POS;45.736,0.00
VAL;2026-09-18 10:56:04.021883;;;WHEEL_POS;45.772,0.00
VAL;2026-09-18 10:56:04.054817;;;WHEEL_POS;45.805,0.00
VAL;2026-09-18 10:56:04.087764;;;WHEEL_POS;45.838,0.00
VAL;2026-09-18 10:56:04.122199;;;WHEEL_POS;45.872,0.00
VAL;2026-09-18 10:56:04.138344;;;WHEEL_POS;45.888,0.00
VAL;2026-09-18 10:56:04.156524;;;WHEEL_POS;45.907,0.00
VAL;2026-09-18 10:56:04.186896;;;WHEEL_POS;45.937,0.00
VAL;2026-09-18 10:56:04.219910;;;WHEEL_POS;45.970,0.00
VAL;2026-09-18 10:56:04.237084;;;WHEEL_POS;45.987,0.00
VAL;2026-09-18 10:56:04.270502;;;WHEEL_POS;46.021,0.00
VAL;2026-09-18 10:56:04.288482;;;WHEEL_POS;46.039,0.00
VAL;2026-09-18 10:56:04.322848;;;WHEEL_POS;46.073,0.00
VAL;2026-09-18 10:56:04.337942;;;WHEEL_POS;46.088,0.00
VAL;2026-09-18 10:56:04.374436;;;WHEEL_POS;46.124,0.00
VAL;2026-09-18 10:56:04.404353;;;WHEEL_POS;46.154,0.00
VAL;2026-09-18 10:56:04.420874;;;WHEEL_POS;46.171,0.00
VAL;2026-09-18 10:56:04.442732;;;WHEEL_POS;46.193,0.00
VAL;2026-09-18 10:56:04.473273;;;WHEEL_POS;46.223,0.00
VAL;2026-09-18 10:56:04.491826;;;WHEEL_POS;46.242,0.00
VAL;2026-09-18 10:56:04.510290;;;WHEEL_POS;46.260,0.00
VAL;2026-09-18 10:56:04.542437;;;WHEEL_POS;46.292,0.00
VAL;2026-09-18 10:56:04.559322;;;WHEEL_POS;46.309,0.00
VAL;2026-09-18 10:56:04.578613;;;WHEEL_POS;46.329,0.00
VAL;2026-09-18 10:56:04.592830;;;WHEEL_POS;46.343,0.00
VAL;2026-09-18 10:56:04.625077;;;WHEEL_POS;46.375,0.00
VAL;2026-09-18 10:56:04.641291;;;WHEEL_POS;46.391,0.00
VAL;2026-09-18 10:56:04.657519;;;WHEEL_POS;46.408,0.00
VAL;2026-09-18 10:56:04.689941;;;WHEEL_POS;46.440,0.00
VAL;2026-09-18 10:56:04.709685;;;WHEEL_POS;46.460,0.00
VAL;2026-09-18 10:56:04.725987;;;WHEEL_POS;46.476,0.00
VAL;2026-09-18 10:56:04.759785;;;WHEEL_POS;46.510,0.00
VAL;2026-09-18 10:56:04.775842;;;WHEEL_POS;46.526,0.00
VAL;2026-09-18 10:56:04.790848;;;WHEEL_POS;46.541,0.00
VAL;2026-09-18 10:56:04.827572;;;WHEEL_POS;46.578,0.00
VAL;2026-09-18 10:56:04.843105;;;WHEEL_POS;46.593,0.00
VAL;2026-09-18 10:56:04.864693;;;WHEEL_POS;46.615,0.00
VAL;2026-09-18 10:56:04.893554;;;WHEEL_POS;46.644,0.00
VAL;2026-09-18 10:56:04.908557;;;WHEEL_POS;46.659,0.00
VAL;2026-09-18 10:56:04.943350;;;WHEEL_POS;46.693,0.00
VAL;2026-09-18 10:56:04.961484;;;WHEEL_POS;46.712,0.00
VAL;2026-09-18 10:56:04.977619;;;WHEEL_POS;46.728,0.00
VAL;2026-09-18 10:56:04.994985;;;WHEEL_POS;46.745,0.00
VAL;2026-09-18 10:56:05.030027;;;WHEEL_POS;46.780,0.00
VAL;2026-09-18 10:56:05.050301;;;WHEEL_POS;46.800,0.00
VAL;2026-09-18 10:56:05.065300;;;WHEEL_POS;46.815,0.00
VAL;2026-09-18 10:56:05.097156;;;WHEEL_POS;46.847,0.00
VAL;2026-09-18 10:56:05.131517;;;WHEEL_POS;46.882,0.00
VAL;2026-09-18 10:56:05.150703;;;WHEEL_POS;46.901,0.00
VAL;2026-09-18 10:56:05.164857;;;WHEEL_POS;46.915,0.00
VAL;2026-09-18 10:56:05.180959;;;WHEEL_POS;46.931,0.00
VAL;2026-09-18 10:56:05.195972;;;WHEEL_POS;46.946,0.00
VAL;2026-09-18 10:56:05.231495;;;WHEEL_POS;46.982,0.00
VAL;2026-09-18 10:56:05.264643;;;WHEEL_POS;47.015,0.00
VAL;2026-09-18 10:56:05.281309;;;WHEEL_POS;47.031,0.00
VAL;2026-09-18 10:56:05.298392;;;WHEEL_POS;47.048,0.00
VAL;2026-09-18 10:56:05.315200;;;WHEEL_POS;47.065,0.00
VAL;2026-09-18 10:56:05.334821;;;WHEEL_POS;47.085,0.00
VAL;2026-09-18 10:56:05.370063;;;WHEEL_POS;47.120,0.00
VAL;2026-09-18 10:56:05.384791;;;WHEEL_POS;47.135,0.00
VAL;2026-09-18 10:56:05.398802;;;WHEEL_POS;47.149,0.00
VAL;2026-09-18 10:56:05.435615;;;WHEEL_POS;47.186,0.00
VAL;2026-09-18 10:56:05.472216;;;WHEEL_POS;47.222,0.00
VAL;2026-09-18 10:56:05.492619;;;WHEEL_POS;47.243,0.00
VAL;2026-09-18 10:56:05.519129;;;WHEEL_POS;47.269,0.00
VAL;2026-09-18 10:56:05.557035;;;WHEEL_POS;47.307,0.00
VAL;2026-09-18 10:56:05.569068;;;WHEEL_POS;47.319,0.00
VAL;2026-09-18 10:56:05.585115;;;WHEEL_POS;47.335,0.00
VAL;2026-09-18 10:56:05.616361;;;WHEEL_POS;47.366,0.00
VAL;2026-09-18 10:56:05.656580;;;WHEEL_POS;47.407,0.00
VAL;2026-09-18 10:56:05.672986;;;WHEEL_POS;47.423,0.00
VAL;2026-09-18 10:56:05.705707;;;WHEEL_POS;47.456,0.00
VAL;2026-09-18 10:56:05.724131;;;WHEEL_POS;47.474,0.00
VAL;2026-09-18 10:56:05.737194;;;WHEEL_POS;47.487,0.00
VAL;2026-09-18 10:56:05.759321;;;WHEEL_POS;47.509,0.00
VAL;2026-09-18 10:56:05.788286;;;WHEEL_POS;47.538,0.00
VAL;2026-09-18 10:56:05.810322;;;WHEEL_POS;47.560,0.00
VAL;2026-09-18 10:56:05.825122;;;WHEEL_POS;47.575,0.00
VAL;2026-09-18 10:56:05.840160;;;WHEEL_POS;47.590,0.00
VAL;2026-09-18 10:56:05.857128;;;WHEEL_POS;47.607,0.00
VAL;2026-09-18 10:56:05.888724;;;WHEEL_POS;47.639,0.00
VAL;2026-09-18 10:56:05.920914;;;WHEEL_POS;47.671,0.00
VAL;2026-09-18 10:56:05.955683;;;WHEEL_POS;47.706,0.00
VAL;2026-09-18 10:56:05.972296;;;WHEEL_POS;47.722,0.00
VAL;2026-09-18 10:56:05.987312;;;WHEEL_POS;47.737,0.00
VAL;2026-09-18 10:56:06.038847;;;WHEEL_POS;47.789,0.00
VAL;2026-09-18 10:56:06.065514;;;WHEEL_POS;47.816,0.00
VAL;2026-09-18 10:56:06.094221;;;WHEEL_POS;47.844,0.00
VAL;2026-09-18 10:56:06.127522;;;WHEEL_POS;47.878,0.00
VAL;2026-09-18 10:56:06.143694;;;WHEEL_POS;47.894,0.00
VAL;2026-09-18 10:56:06.163242;;;WHEEL_POS;47.913,0.00
VAL;2026-09-18 10:56:06.192376;;;WHEEL_POS;47.942,0.00
VAL;2026-09-18 10:56:06.226816;;;WHEEL_POS;47.977,0.00
VAL;2026-09-18 10:56:06.284789;;;WHEEL_POS;48.035,0.00
VAL;2026-09-18 10:56:06.301046;;;WHEEL_POS;48.051,0.00
VAL;2026-09-18 10:56:06.317369;;;WHEEL_POS;48.067,0.00
VAL;2026-09-18 10:56:06.355943;;;WHEEL_POS;48.106,0.00
VAL;2026-09-18 10:56:06.371043;;;WHEEL_POS;48.121,0.00
VAL;2026-09-18 10:56:06.421959;;;WHEEL_POS;48.172,0.00
VAL;2026-09-18 10:56:06.439095;;;WHEEL_POS;48.189,0.00
VAL;2026-09-18 10:56:06.487398;;;WHEEL_POS;48.237,0.00
VAL;2026-09-18 10:56:06.510865;;;WHEEL_POS;48.261,0.00
VAL;2026-09-18 10:56:06.523190;;;WHEEL_POS;48.273,0.00
VAL;2026-09-18 10:56:06.539303;;;WHEEL_POS;48.289,0.00
VAL;2026-09-18 10:56:06.560628;;;WHEEL_POS;48.311,0.00
VAL;2026-09-18 10:56:06.591837;;;WHEEL_POS;48.342,0.00
VAL;2026-09-18 10:56:06.620911;;;WHEEL_POS;48.371,0.00
VAL;2026-09-18 10:56:06.640089;;;WHEEL_POS;48.390,0.00
VAL;2026-09-18 10:56:06.657130;;;WHEEL_POS;48.407,0.00
VAL;2026-09-18 10:56:06.688364;;;WHEEL_POS;48.438,0.00
VAL;2026-09-18 10:56:06.708505;;;WHEEL_POS;48.459,0.00
VAL;2026-09-18 10:56:06.726339;;;WHEEL_POS;48.476,0.00
VAL;2026-09-18 10:56:06.741822;;;WHEEL_POS;48.492,0.00
VAL;2026-09-18 10:56:06.774548;;;WHEEL_POS;48.525,0.00
VAL;2026-09-18 10:56:06.805193;;;WHEEL_POS;48.555,0.00
VAL;2026-09-18 10:56:06.836436;;;WHEEL_POS;48.586,0.00
VAL;2026-09-18 10:56:06.868196;;;WHEEL_POS;48.618,0.00
VAL;2026-09-18 10:56:06.899448;;;WHEEL_POS;48.649,0.00
VAL;2026-09-18 10:56:06.930700;;;WHEEL_POS;48.681,0.00
VAL;2026-09-18 10:56:06.984087;;;WHEEL_POS;48.734,0.00
VAL;2026-09-18 10:56:06.999713;;;WHEEL_POS;48.750,0.00
VAL;2026-09-18 10:56:07.053016;;;WHEEL_POS;48.803,0.00
VAL;2026-09-18 10:56:07.084275;;;WHEEL_POS;48.834,0.00
VAL;2026-09-18 10:56:07.099900;;;WHEEL_POS;48.850,0.00
VAL;2026-09-18 10:56:07.131154;;;WHEEL_POS;48.881,0.00
VAL;2026-09-18 10:56:07.172335;;;WHEEL_POS;48.922,0.00
VAL;2026-09-18 10:56:07.201199;;;WHEEL_POS;48.951,0.00
VAL;2026-09-18 10:56:07.214991;;;WHEEL_POS;48.965,0.00
VAL;2026-09-18 10:56:07.230163;;;WHEEL_POS;48.980,0.00
VAL;2026-09-18 10:56:07.245238;;;WHEEL_POS;48.995,0.00
VAL;2026-09-18 10:56:07.282278;;;WHEEL_POS;49.032,0.00
VAL;2026-09-18 10:56:07.296546;;;WHEEL_POS;49.047,0.00
VAL;2026-09-18 10:56:07.314235;;;WHEEL_POS;49.064,0.00
VAL;2026-09-18 10:56:07.346796;;;WHEEL_POS;49.097,0.00
VAL;2026-09-18 10:56:07.371508;;;WHEEL_POS;49.122,0.00
VAL;2026-09-18 10:56:07.398864;;;WHEEL_POS;49.149,0.00
VAL;2026-09-18 10:56:07.422367;;;WHEEL_POS;49.172,0.00
VAL;2026-09-18 10:56:07.438429;;;WHEEL_POS;49.188,0.00
VAL;2026-09-18 10:56:07.453468;;;WHEEL_POS;49.204,0.00
VAL;2026-09-18 10:56:07.489435;;;WHEEL_POS;49.239,0.00
VAL;2026-09-18 10:56:07.530700;;;WHEEL_POS;49.281,0.00
VAL;2026-09-18 10:56:07.546841;;;WHEEL_POS;49.297,0.00
VAL;2026-09-18 10:56:07.567428;;;WHEEL_POS;49.317,0.00
VAL;2026-09-18 10:56:07.580153;;;WHEEL_POS;49.330,0.00
VAL;2026-09-18 10:56:07.597121;;;WHEEL_POS;49.347,0.00
VAL;2026-09-18 10:56:07.629969;;;WHEEL_POS;49.380,0.00
VAL;2026-09-18 10:56:07.645598;;;WHEEL_POS;49.396,0.00
VAL;2026-09-18 10:56:07.667625;;;WHEEL_POS;49.418,0.00
VAL;2026-09-18 10:56:07.718043;;;WHEEL_POS;49.468,0.00
VAL;2026-09-18 10:56:07.736063;;;WHEEL_POS;49.486,0.00
VAL;2026-09-18 10:56:07.753649;;;WHEEL_POS;49.504,0.00
VAL;2026-09-18 10:56:07.768759;;;WHEEL_POS;49.519,0.00
VAL;2026-09-18 10:56:07.784974;;;WHEEL_POS;49.535,0.00
VAL;2026-09-18 10:56:07.818420;;;WHEEL_POS;49.568,0.00
VAL;2026-09-18 10:56:07.834560;;;WHEEL_POS;49.585,0.00
VAL;2026-09-18 10:56:07.853615;;;WHEEL_POS;49.604,0.00
VAL;2026-09-18 10:56:07.885812;;;WHEEL_POS;49.636,0.00
VAL;2026-09-18 10:56:07.900816;;;WHEEL_POS;49.651,0.00
VAL;2026-09-18 10:56:07.935508;;;WHEEL_POS;49.686,0.00
VAL;2026-09-18 10:56:07.953872;;;WHEEL_POS;49.704,0.00
VAL;2026-09-18 10:56:07.967876;;;WHEEL_POS;49.718,0.00
VAL;2026-09-18 10:56:08.002431;;;WHEEL_POS;49.752,0.00
VAL;2026-09-18 10:56:08.035229;;;WHEEL_POS;49.785,0.00
VAL;2026-09-18 10:56:08.070942;;;WHEEL_POS;49.821,0.00
VAL;2026-09-18 10:56:08.103551;;;WHEEL_POS;49.854,0.00
VAL;2026-09-18 10:56:08.115562;;;WHEEL_POS;49.866,0.00
VAL;2026-09-18 10:56:08.166491;;;WHEEL_POS;49.917,0.00
VAL;2026-09-18 10:56:08.191955;;;WHEEL_POS;49.942,0.00
VAL;2026-09-18 10:56:08.236480;;;WHEEL_POS;49.987,0.00
VAL;2026-09-18 10:56:08.254282;;;WHEEL_POS;50.004,0.00
VAL;2026-09-18 10:56:08.269286;;;WHEEL_POS;50.019,0.00
VAL;2026-09-18 10:56:08.303614;;;WHEEL_POS;50.054,0.00
VAL;2026-09-18 10:56:08.319742;;;WHEEL_POS;50.070,0.00
VAL;2026-09-18 10:56:08.335379;;;WHEEL_POS;50.085,0.00
VAL;2026-09-18 10:56:08.356568;;;WHEEL_POS;50.107,0.00
VAL;2026-09-18 10:56:08.390744;;;WHEEL_POS;50.141,0.00
VAL;2026-09-18 10:56:08.439736;;;WHEEL_POS;50.190,0.00
VAL;2026-09-18 10:56:08.460471;;;WHEEL_POS;50.211,0.00
VAL;2026-09-18 10:56:08.476661;;;WHEEL_POS;50.227,0.00
VAL;2026-09-18 10:56:08.507306;;;WHEEL_POS;50.257,0.00
VAL;2026-09-18 10:56:08.526474;;;WHEEL_POS;50.277,0.00
VAL;2026-09-18 10:56:08.546665;;;WHEEL_POS;50.297,0.00
VAL;2026-09-18 10:56:08.563456;;;WHEEL_POS;50.313,0.00
VAL;2026-09-18 10:56:08.596153;;;WHEEL_POS;50.346,0.00
VAL;2026-09-18 10:56:08.628082;;;WHEEL_POS;50.378,0.00
VAL;2026-09-18 10:56:08.645348;;;WHEEL_POS;50.395,0.00
VAL;2026-09-18 10:56:08.661890;;;WHEEL_POS;50.412,0.00
VAL;2026-09-18 10:56:08.678392;;;WHEEL_POS;50.428,0.00
VAL;2026-09-18 10:56:08.695145;;;WHEEL_POS;50.445,0.00
VAL;2026-09-18 10:56:08.728028;;;WHEEL_POS;50.478,0.00
VAL;2026-09-18 10:56:08.746179;;;WHEEL_POS;50.496,0.00
VAL;2026-09-18 10:56:08.760936;;;WHEEL_POS;50.511,0.00
VAL;2026-09-18 10:56:08.793120;;;WHEEL_POS;50.543,0.00
VAL;2026-09-18 10:56:08.809288;;;WHEEL_POS;50.559,0.00
VAL;2026-09-18 10:56:08.825612;;;WHEEL_POS;50.576,0.00
VAL;2026-09-18 10:56:08.861996;;;WHEEL_POS;50.612,0.00
VAL;2026-09-18 10:56:08.876362;;;WHEEL_POS;50.626,0.00
VAL;2026-09-18 10:56:08.897034;;;WHEEL_POS;50.647,0.00
VAL;2026-09-18 10:56:08.927410;;;WHEEL_POS;50.677,0.00
VAL;2026-09-18 10:56:08.942427;;;WHEEL_POS;50.692,0.00
VAL;2026-09-18 10:56:08.963878;;;WHEEL_POS;50.714,0.00
VAL;2026-09-18 10:56:08.994568;;;WHEEL_POS;50.745,0.00
VAL;2026-09-18 10:56:09.011198;;;WHEEL_POS;50.761,0.00
VAL;2026-09-18 10:56:09.028430;;;WHEEL_POS;50.778,0.00
VAL;2026-09-18 10:56:09.044406;;;WHEEL_POS;50.794,0.00
VAL;2026-09-18 10:56:09.061399;;;WHEEL_POS;50.811,0.00
VAL;2026-09-18 10:56:09.079760;;;WHEEL_POS;50.830,0.00
VAL;2026-09-18 10:56:09.095302;;;WHEEL_POS;50.845,0.00
VAL;2026-09-18 10:56:09.127450;;;WHEEL_POS;50.877,0.00
VAL;2026-09-18 10:56:09.154591;;;WHEEL_POS;50.905,0.00
VAL;2026-09-18 10:56:09.185852;;;WHEEL_POS;50.936,0.00
VAL;2026-09-18 10:56:09.209073;;;WHEEL_POS;50.959,0.00
VAL;2026-09-18 10:56:09.224641;;;WHEEL_POS;50.975,0.00
VAL;2026-09-18 10:56:09.271602;;;WHEEL_POS;51.022,0.00
VAL;2026-09-18 10:56:09.287199;;;WHEEL_POS;51.037,0.00
VAL;2026-09-18 10:56:09.321352;;;WHEEL_POS;51.071,0.00
VAL;2026-09-18 10:56:09.337278;;;WHEEL_POS;51.087,0.00
VAL;2026-09-18 10:56:09.360554;;;WHEEL_POS;51.111,0.00
VAL;2026-09-18 10:56:09.381991;;;WHEEL_POS;51.132,0.00
VAL;2026-09-18 10:56:09.398055;;;WHEEL_POS;51.148,0.00
VAL;2026-09-18 10:56:09.431445;;;WHEEL_POS;51.181,0.00
VAL;2026-09-18 10:56:09.455088;;;WHEEL_POS;51.205,0.00
VAL;2026-09-18 10:56:09.482284;;;WHEEL_POS;51.232,0.00
VAL;2026-09-18 10:56:09.498904;;;WHEEL_POS;51.249,0.00
VAL;2026-09-18 10:56:09.515124;;;WHEEL_POS;51.265,0.00
VAL;2026-09-18 10:56:09.547928;;;WHEEL_POS;51.298,0.00
VAL;2026-09-18 10:56:09.564741;;;WHEEL_POS;51.315,0.00
VAL;2026-09-18 10:56:09.583485;;;WHEEL_POS;51.334,0.00
VAL;2026-09-18 10:56:09.599589;;;WHEEL_POS;51.350,0.00
VAL;2026-09-18 10:56:09.620026;;;WHEEL_POS;51.370,0.00
VAL;2026-09-18 10:56:09.634354;;;WHEEL_POS;51.384,0.00
VAL;2026-09-18 10:56:09.654947;;;WHEEL_POS;51.405,0.00
VAL;2026-09-18 10:56:09.684087;;;WHEEL_POS;51.434,0.00
VAL;2026-09-18 10:56:09.715251;;;WHEEL_POS;51.465,0.00
VAL;2026-09-18 10:56:09.750960;;;WHEEL_POS;51.501,0.00
VAL;2026-09-18 10:56:09.768713;;;WHEEL_POS;51.519,0.00
VAL;2026-09-18 10:56:09.783723;;;WHEEL_POS;51.534,0.00
VAL;2026-09-18 10:56:09.820062;;;WHEEL_POS;51.570,0.00
VAL;2026-09-18 10:56:09.834146;;;WHEEL_POS;51.584,0.00
VAL;2026-09-18 10:56:09.855220;;;WHEEL_POS;51.605,0.00
VAL;2026-09-18 10:56:09.887029;;;WHEEL_POS;51.637,0.00
VAL;2026-09-18 10:56:09.920996;;;WHEEL_POS;51.671,0.00
VAL;2026-09-18 10:56:09.955175;;;WHEEL_POS;51.705,0.00
VAL;2026-09-18 10:56:09.972943;;;WHEEL_POS;51.723,0.00
VAL;2026-09-18 10:56:09.987975;;;WHEEL_POS;51.738,0.00
VAL;2026-09-18 10:56:10.023088;;;WHEEL_POS;51.773,0.00
VAL;2026-09-18 10:56:10.038456;;;WHEEL_POS;51.788,0.00
VAL;2026-09-18 10:56:10.071697;;;WHEEL_POS;51.822,0.00
VAL;2026-09-18 10:56:10.092071;;;WHEEL_POS;51.842,0.00
VAL;2026-09-18 10:56:10.107456;;;WHEEL_POS;51.857,0.00
VAL;2026-09-18 10:56:10.120470;;;WHEEL_POS;51.871,0.00
VAL;2026-09-18 10:56:10.155697;;;WHEEL_POS;51.906,0.00
VAL;2026-09-18 10:56:10.174685;;;WHEEL_POS;51.925,0.00
VAL;2026-09-18 10:56:10.191059;;;WHEEL_POS;51.941,0.00
VAL;2026-09-18 10:56:10.222548;;;WHEEL_POS;51.973,0.00
VAL;2026-09-18 10:56:10.237685;;;WHEEL_POS;51.988,0.00
VAL;2026-09-18 10:56:10.269422;;;WHEEL_POS;52.019,0.00
VAL;2026-09-18 10:56:10.309196;;;WHEEL_POS;52.059,0.00
VAL;2026-09-18 10:56:10.334955;;;WHEEL_POS;52.085,0.00
VAL;2026-09-18 10:56:10.347969;;;WHEEL_POS;52.098,0.00
VAL;2026-09-18 10:56:10.381367;;;WHEEL_POS;52.131,0.00
VAL;2026-09-18 10:56:10.422217;;;WHEEL_POS;52.172,0.00
VAL;2026-09-18 10:56:10.437236;;;WHEEL_POS;52.187,0.00
VAL;2026-09-18 10:56:10.470327;;;WHEEL_POS;52.220,0.00
VAL;2026-09-18 10:56:10.486449;;;WHEEL_POS;52.236,0.00
VAL;2026-09-18 10:56:10.505698;;;WHEEL_POS;52.256,0.00
VAL;2026-09-18 10:56:10.520703;;;WHEEL_POS;52.271,0.00
VAL;2026-09-18 10:56:10.555994;;;WHEEL_POS;52.306,0.00
VAL;2026-09-18 10:56:10.570504;;;WHEEL_POS;52.321,0.00
VAL;2026-09-18 10:56:10.605105;;;WHEEL_POS;52.355,0.00
VAL;2026-09-18 10:56:10.621172;;;WHEEL_POS;52.371,0.00
VAL;2026-09-18 10:56:10.638592;;;WHEEL_POS;52.389,0.00
VAL;2026-09-18 10:56:10.670208;;;WHEEL_POS;52.420,0.00
VAL;2026-09-18 10:56:10.686785;;;WHEEL_POS;52.437,0.00
VAL;2026-09-18 10:56:10.722627;;;WHEEL_POS;52.473,0.00
VAL;2026-09-18 10:56:10.745250;;;WHEEL_POS;52.495,0.00
VAL;2026-09-18 10:56:10.777577;;;WHEEL_POS;52.528,0.00
VAL;2026-09-18 10:56:10.810693;;;WHEEL_POS;52.561,0.00
VAL;2026-09-18 10:56:10.843480;;;WHEEL_POS;52.594,0.00
VAL;2026-09-18 10:56:10.861984;;;WHEEL_POS;52.612,0.00
VAL;2026-09-18 10:56:10.877363;;;WHEEL_POS;52.627,0.00
VAL;2026-09-18 10:56:10.893683;;;WHEEL_POS;52.644,0.00
VAL;2026-09-18 10:56:10.926965;;;WHEEL_POS;52.677,0.00
END-TRIAL;2026-09-18 10:56:10.926965;;;The trial ended;
stdout;2026-09-18 10:56:10.969151;;;Bpod stopped running trials (Stop/Kill) -- ending session early after trial 16.;
stdout;2026-09-18 10:56:10.969151;;;|
|;
stdout;2026-09-18 10:56:10.970152;;;Session trial count: 15 (did NOT clear the 200-trial gate);
stdout;2026-09-18 10:56:10.970152;;;|
|;
stdout;2026-09-18 10:56:10.970152;;;ADVANCE-READY: no;
stdout;2026-09-18 10:56:10.970152;;;|
|;
stdout;2026-09-18 10:56:10.970152;;;|  (needs >200 trials on 2 CONSECUTIVE sessions; history so far this run: [False, False])|;
stdout;2026-09-18 10:56:10.970152;;;|
|;
stdout;2026-09-18 10:56:10.970152;;;Threshold now 1.75deg (5% of final) -- unchanged (session didn't qualify);
stdout;2026-09-18 10:56:10.970152;;;|
|;
stdout;2026-09-18 10:56:11.339737;;;CameraRecorder: wrote 1057 frame timestamps to session_video_timestamps.csv;
stdout;2026-09-18 10:56:11.339737;;;|
|;
INFO;2026-09-18 10:56:11.351257;;;SESSION-ENDED;2026-09-18 10:56:11.351257
stdout;2026-09-18 10:56:11.423136;;;Session struct exported: C:\Ugurcan\Experimental-Tasks\_projects\AuditoryEvidenceAccum\experiments\Stage1\setups\Stage1\sessions\20260918-105512\20260918-105512_struct.mat / C:\Ugurcan\Experimental-Tasks\_projects\AuditoryEvidenceAccum\experiments\Stage1\setups\Stage1\sessions\20260918-105512\20260918-105512_struct.json;
stdout;2026-09-18 10:56:11.423136;;;|
|;
stdout;2026-09-18 10:56:11.423136;;;Close the plot window to exit.;
stdout;2026-09-18 10:56:11.423136;;;|
|;
