__UUID4__;72891b6b-4c90-4f1a-b525-5afe4d740e69
__CREATED-ON__;2026-09-18 10:57:38.684357
__DEF-URL__;http://pybpod-api.readthedocs.org
__DEF-TEXT__;This file contains data recorded during a session from the PyBpod system
__SOFTWARE__;PyBpod API v1.8.2
__HAS-HEADER__
TYPE;PC-TIME;BPOD-INITIAL-TIME;BPOD-FINAL-TIME;MSG;+INFO
INFO;2026-09-18 10:57:38.684357;;;SERIAL-PORT;COM10
INFO;2026-09-18 10:57:38.684357;;;PROTOCOL-NAME;stage2_threshold_staircase
INFO;2026-09-18 10:57:38.684357;;;CREATOR-NAME;["UM", "f519825a-ab5d-4fe9-91c0-a52f3d5afee3", "local"]
INFO;2026-09-18 10:57:38.684357;;;PROJECT-NAME;AuditoryEvidenceAccum
INFO;2026-09-18 10:57:38.685046;;;EXPERIMENT-NAME;Stage2
INFO;2026-09-18 10:57:38.685046;;;BOARD-NAME;Box3
INFO;2026-09-18 10:57:38.685046;;;SETUP-NAME;Stage2
INFO;2026-09-18 10:57:38.685046;;;BPOD-GUI-VERSION;
INFO;2026-09-18 10:57:38.685046;;;NET-PORT;36000
INFO;2026-09-18 10:57:38.685046;;;SUBJECT-NAME;['test_stage2', 'e8ad6561-0b64-48a6-b7fa-10f0543f7938']
INFO;2026-09-18 10:57:39.137996;;;This is a PYBPOD file. Find more info at http://pybpod.readthedocs.io;
INFO;2026-09-18 10:57:39.137996;;;BPOD-API-VERSION;1.8.2
INFO;2026-09-18 10:57:39.137996;;;SESSION-NAME;20260918-105737
INFO;2026-09-18 10:57:39.137996;;;SESSION-STARTED;2026-09-18 10:57:38.677951
stdout;2026-09-18 10:57:39.137996;;;Connected to Bpod on COM10;
stdout;2026-09-18 10:57:39.137996;;;|
|;
stdout;2026-09-18 10:57:39.137996;;;Resolved module 'RotaryEncoder1' on Bpod port 1;
stdout;2026-09-18 10:57:39.137996;;;|
|;
stdout;2026-09-18 10:57:39.168934;;;RotaryEncoderModule.discover: probing ['COM11', 'COM1', 'COM14'] (excluding ['COM10']);
stdout;2026-09-18 10:57:39.168934;;;|
|;
stdout;2026-09-18 10:57:41.187587;;;  COM11: ack=217;
stdout;2026-09-18 10:57:41.187587;;;|
|;
stdout;2026-09-18 10:57:43.204001;;;Connected to rotary encoder on COM11;
stdout;2026-09-18 10:57:43.204001;;;|
|;
VAL;2026-09-18 10:57:43.204001;;;REWARD_UL;4.0
stdout;2026-09-18 10:57:45.485506;;;CameraRecorder: index 0, 640x480 @ 30.0fps -> session_video.avi;
stdout;2026-09-18 10:57:45.485506;;;|
|;
VAL;2026-09-18 10:57:45.485506;;;CAMERA_START_TIME;2.2815053462982178
VAL;2026-09-18 10:57:45.485506;;;CAMERA_OUTPUT_PATH;session_video.avi
VAL;2026-09-18 10:57:45.485506;;;CAMERA_FPS;30.0
stdout;2026-09-18 10:57:45.485506;;;Dot gain calibrated to -78.99 px/wheel-deg (screen width 6144px);
stdout;2026-09-18 10:57:45.485506;;;|
|;
stdout;2026-09-18 10:57:45.485506;;;Spout should be at approximately 0.0mm retracted from Stage 1's position (per the ~2.5mm/qualifying-session schedule) -- confirm this matches the physical setup before starting.;
stdout;2026-09-18 10:57:45.485506;;;|
|;
stdout;2026-09-18 10:57:46.302524;;;Starting up to 400 trials, targeting 200 for advancement (current threshold 7.0deg = 20% of final, ITI 0.50s);
stdout;2026-09-18 10:57:46.302524;;;|
|;
VAL;2026-09-18 10:57:46.318150;;;TRIAL_INIT_START;3.1141486167907715
VAL;2026-09-18 10:57:46.338618;;;WHEEL_POS;3.135,0.00
VAL;2026-09-18 10:57:46.355757;;;WHEEL_POS;3.152,0.00
VAL;2026-09-18 10:57:46.383431;;;WHEEL_POS;3.179,0.00
VAL;2026-09-18 10:57:46.399061;;;WHEEL_POS;3.195,0.00
VAL;2026-09-18 10:57:46.430313;;;WHEEL_POS;3.226,0.00
VAL;2026-09-18 10:57:46.445938;;;WHEEL_POS;3.242,0.00
VAL;2026-09-18 10:57:46.471573;;;WHEEL_POS;3.268,0.00
VAL;2026-09-18 10:57:46.487199;;;TRIAL_START;3.2675721645355225
VAL;2026-09-18 10:57:46.487199;;;QUIESCENCE_BREAKS;0
VAL;2026-09-18 10:57:46.487199;;;THRESHOLD_DEG;7.0
TRIAL;2026-09-18 10:57:46.534970;;;New trial;
VAL;2026-09-18 10:57:46.556113;;;WHEEL_POS;3.352,0.00
VAL;2026-09-18 10:57:46.567117;;;WHEEL_POS;3.363,0.00
VAL;2026-09-18 10:57:46.598374;;;WHEEL_POS;3.394,0.00
VAL;2026-09-18 10:57:46.614001;;;WHEEL_POS;3.410,0.00
VAL;2026-09-18 10:57:46.645253;;;WHEEL_POS;3.441,0.00
VAL;2026-09-18 10:57:46.671890;;;WHEEL_POS;3.468,0.00
VAL;2026-09-18 10:57:46.703142;;;WHEEL_POS;3.499,0.00
VAL;2026-09-18 10:57:46.734398;;;WHEEL_POS;3.530,0.00
VAL;2026-09-18 10:57:46.768043;;;WHEEL_POS;3.564,0.00
VAL;2026-09-18 10:57:46.799306;;;WHEEL_POS;3.595,0.00
VAL;2026-09-18 10:57:46.830554;;;WHEEL_POS;3.627,0.00
VAL;2026-09-18 10:57:46.872327;;;WHEEL_POS;3.668,0.00
VAL;2026-09-18 10:57:46.887946;;;WHEEL_POS;3.684,0.00
VAL;2026-09-18 10:57:46.919198;;;WHEEL_POS;3.715,0.00
VAL;2026-09-18 10:57:46.956978;;;WHEEL_POS;3.753,0.00
VAL;2026-09-18 10:57:46.968982;;;WHEEL_POS;3.765,0.00
VAL;2026-09-18 10:57:47.000245;;;WHEEL_POS;3.796,0.00
VAL;2026-09-18 10:57:47.031490;;;WHEEL_POS;3.827,0.00
VAL;2026-09-18 10:57:47.047116;;;WHEEL_POS;3.843,0.00
VAL;2026-09-18 10:57:47.072752;;;WHEEL_POS;3.869,0.00
VAL;2026-09-18 10:57:47.107011;;;WHEEL_POS;3.903,0.00
VAL;2026-09-18 10:57:47.122640;;;WHEEL_POS;3.919,0.00
VAL;2026-09-18 10:57:47.157402;;;WHEEL_POS;3.953,0.00
VAL;2026-09-18 10:57:47.189517;;;WHEEL_POS;3.986,0.00
VAL;2026-09-18 10:57:47.205146;;;WHEEL_POS;4.001,0.00
VAL;2026-09-18 10:57:47.252028;;;WHEEL_POS;4.048,0.00
VAL;2026-09-18 10:57:47.273167;;;WHEEL_POS;4.069,0.00
VAL;2026-09-18 10:57:47.320051;;;WHEEL_POS;4.116,0.00
VAL;2026-09-18 10:57:47.340067;;;WHEEL_POS;4.136,0.00
VAL;2026-09-18 10:57:47.357700;;;WHEEL_POS;4.154,0.00
VAL;2026-09-18 10:57:47.374337;;;WHEEL_POS;4.170,0.00
VAL;2026-09-18 10:57:47.405591;;;WHEEL_POS;4.202,0.00
VAL;2026-09-18 10:57:47.421218;;;WHEEL_POS;4.217,0.00
VAL;2026-09-18 10:57:47.452470;;;WHEEL_POS;4.248,0.00
VAL;2026-09-18 10:57:47.473604;;;WHEEL_POS;4.270,0.00
VAL;2026-09-18 10:57:47.504859;;;WHEEL_POS;4.301,0.00
VAL;2026-09-18 10:57:47.537147;;;WHEEL_POS;4.333,0.00
VAL;2026-09-18 10:57:47.558280;;;WHEEL_POS;4.354,0.00
VAL;2026-09-18 10:57:47.577035;;;WHEEL_POS;4.373,0.00
VAL;2026-09-18 10:57:47.608291;;;WHEEL_POS;4.404,0.00
VAL;2026-09-18 10:57:47.623917;;;WHEEL_POS;4.420,0.00
VAL;2026-09-18 10:57:47.658175;;;WHEEL_POS;4.454,0.00
VAL;2026-09-18 10:57:47.673807;;;WHEEL_POS;4.470,0.00
VAL;2026-09-18 10:57:47.705058;;;WHEEL_POS;4.501,0.00
VAL;2026-09-18 10:57:47.736311;;;WHEEL_POS;4.532,0.00
VAL;2026-09-18 10:57:47.751937;;;WHEEL_POS;4.548,0.00
VAL;2026-09-18 10:57:47.778778;;;WHEEL_POS;4.575,0.00
VAL;2026-09-18 10:57:47.794408;;;WHEEL_POS;4.590,0.00
VAL;2026-09-18 10:57:47.810033;;;WHEEL_POS;4.606,0.00
VAL;2026-09-18 10:57:47.841295;;;WHEEL_POS;4.637,0.00
VAL;2026-09-18 10:57:47.874560;;;WHEEL_POS;4.671,0.00
VAL;2026-09-18 10:57:47.890186;;;WHEEL_POS;4.686,0.00
VAL;2026-09-18 10:57:47.921437;;;WHEEL_POS;4.717,0.00
VAL;2026-09-18 10:57:47.938071;;;WHEEL_POS;4.734,0.00
VAL;2026-09-18 10:57:47.958706;;;WHEEL_POS;4.755,0.00
VAL;2026-09-18 10:57:47.980392;;;WHEEL_POS;4.776,0.00
VAL;2026-09-18 10:57:48.011647;;;WHEEL_POS;4.808,0.00
VAL;2026-09-18 10:57:48.042902;;;WHEEL_POS;4.839,0.00
VAL;2026-09-18 10:57:48.074151;;;WHEEL_POS;4.870,0.00
VAL;2026-09-18 10:57:48.105406;;;WHEEL_POS;4.901,0.00
VAL;2026-09-18 10:57:48.136656;;;WHEEL_POS;4.933,0.00
VAL;2026-09-18 10:57:48.174422;;;WHEEL_POS;4.970,0.00
VAL;2026-09-18 10:57:48.197010;;;WHEEL_POS;4.993,0.00
VAL;2026-09-18 10:57:48.228264;;;WHEEL_POS;5.024,0.00
VAL;2026-09-18 10:57:48.290155;;;WHEEL_POS;5.086,0.00
VAL;2026-09-18 10:57:48.305775;;;WHEEL_POS;5.102,0.00
VAL;2026-09-18 10:57:48.340884;;;WHEEL_POS;5.137,0.00
VAL;2026-09-18 10:57:48.359028;;;WHEEL_POS;5.155,0.00
VAL;2026-09-18 10:57:48.413460;;;WHEEL_POS;5.209,0.00
VAL;2026-09-18 10:57:48.429081;;;WHEEL_POS;5.225,0.00
VAL;2026-09-18 10:57:48.474840;;;WHEEL_POS;5.271,0.00
VAL;2026-09-18 10:57:48.506098;;;WHEEL_POS;5.302,0.00
VAL;2026-09-18 10:57:48.538348;;;WHEEL_POS;5.334,0.00
VAL;2026-09-18 10:57:48.559480;;;WHEEL_POS;5.355,0.00
VAL;2026-09-18 10:57:48.581630;;;WHEEL_POS;5.378,0.00
VAL;2026-09-18 10:57:48.597263;;;WHEEL_POS;5.393,0.00
VAL;2026-09-18 10:57:48.628516;;;WHEEL_POS;5.425,0.00
VAL;2026-09-18 10:57:48.644144;;;WHEEL_POS;5.440,0.00
VAL;2026-09-18 10:57:48.675284;;;WHEEL_POS;5.471,0.00
VAL;2026-09-18 10:57:48.690909;;;WHEEL_POS;5.487,0.00
VAL;2026-09-18 10:57:48.722161;;;WHEEL_POS;5.518,0.00
VAL;2026-09-18 10:57:48.753413;;;WHEEL_POS;5.549,0.00
VAL;2026-09-18 10:57:48.775549;;;WHEEL_POS;5.572,0.00
VAL;2026-09-18 10:57:48.803013;;;WHEEL_POS;5.599,0.00
VAL;2026-09-18 10:57:48.834274;;;WHEEL_POS;5.630,0.00
VAL;2026-09-18 10:57:48.875526;;;WHEEL_POS;5.672,0.00
VAL;2026-09-18 10:57:48.906778;;;WHEEL_POS;5.703,0.00
VAL;2026-09-18 10:57:48.960112;;;WHEEL_POS;5.756,0.00
VAL;2026-09-18 10:57:48.975744;;;WHEEL_POS;5.772,0.00
VAL;2026-09-18 10:57:49.003379;;;WHEEL_POS;5.799,0.00
VAL;2026-09-18 10:57:49.034634;;;WHEEL_POS;5.831,0.00
VAL;2026-09-18 10:57:49.091522;;;WHEEL_POS;5.888,0.00
VAL;2026-09-18 10:57:49.107144;;;WHEEL_POS;5.903,0.00
VAL;2026-09-18 10:57:49.160544;;;WHEEL_POS;5.957,0.00
VAL;2026-09-18 10:57:49.176178;;;WHEEL_POS;5.972,0.00
VAL;2026-09-18 10:57:49.204123;;;WHEEL_POS;6.000,0.00
VAL;2026-09-18 10:57:49.235376;;;WHEEL_POS;6.031,0.00
VAL;2026-09-18 10:57:49.251000;;;WHEEL_POS;6.047,0.00
VAL;2026-09-18 10:57:49.276135;;;WHEEL_POS;6.072,0.00
VAL;2026-09-18 10:57:49.307388;;;WHEEL_POS;6.103,0.00
VAL;2026-09-18 10:57:49.343147;;;WHEEL_POS;6.139,0.00
VAL;2026-09-18 10:57:49.360785;;;WHEEL_POS;6.157,0.00
VAL;2026-09-18 10:57:49.420182;;;WHEEL_POS;6.216,0.00
VAL;2026-09-18 10:57:49.435805;;;WHEEL_POS;6.232,0.00
VAL;2026-09-18 10:57:49.476562;;;WHEEL_POS;6.273,0.00
VAL;2026-09-18 10:57:49.507814;;;WHEEL_POS;6.304,0.00
VAL;2026-09-18 10:57:49.540630;;;WHEEL_POS;6.337,0.00
VAL;2026-09-18 10:57:49.560773;;;WHEEL_POS;6.357,0.00
VAL;2026-09-18 10:57:49.605037;;;WHEEL_POS;6.401,0.00
VAL;2026-09-18 10:57:49.636291;;;WHEEL_POS;6.432,0.00
VAL;2026-09-18 10:57:49.676550;;;WHEEL_POS;6.473,0.00
VAL;2026-09-18 10:57:49.707803;;;WHEEL_POS;6.504,0.00
VAL;2026-09-18 10:57:49.739055;;;WHEEL_POS;6.535,0.00
VAL;2026-09-18 10:57:49.776821;;;WHEEL_POS;6.573,0.00
VAL;2026-09-18 10:57:49.805768;;;WHEEL_POS;6.602,0.00
VAL;2026-09-18 10:57:49.839112;;;WHEEL_POS;6.635,0.00
VAL;2026-09-18 10:57:49.855114;;;WHEEL_POS;6.651,0.00
VAL;2026-09-18 10:57:49.875119;;;WHEEL_POS;6.671,0.00
VAL;2026-09-18 10:57:49.891122;;;WHEEL_POS;6.687,0.00
VAL;2026-09-18 10:57:49.907126;;;WHEEL_POS;6.703,0.00
VAL;2026-09-18 10:57:49.926130;;;WHEEL_POS;6.722,0.00
VAL;2026-09-18 10:57:49.949135;;;WHEEL_POS;6.745,0.00
VAL;2026-09-18 10:57:49.965139;;;WHEEL_POS;6.761,0.00
VAL;2026-09-18 10:57:49.984143;;;WHEEL_POS;6.780,0.00
VAL;2026-09-18 10:57:50.007923;;;WHEEL_POS;6.804,0.00
VAL;2026-09-18 10:57:50.023547;;;WHEEL_POS;6.820,0.00
VAL;2026-09-18 10:57:50.039172;;;WHEEL_POS;6.835,0.00
VAL;2026-09-18 10:57:50.076946;;;WHEEL_POS;6.873,0.00
VAL;2026-09-18 10:57:50.108199;;;WHEEL_POS;6.904,0.00
VAL;2026-09-18 10:57:50.139451;;;WHEEL_POS;6.935,0.00
VAL;2026-09-18 10:57:50.155077;;;WHEEL_POS;6.951,0.00
VAL;2026-09-18 10:57:50.176337;;;WHEEL_POS;6.972,0.00
VAL;2026-09-18 10:57:50.193341;;;WHEEL_POS;6.989,0.00
VAL;2026-09-18 10:57:50.209345;;;WHEEL_POS;7.005,0.00
VAL;2026-09-18 10:57:50.225348;;;WHEEL_POS;7.021,0.00
VAL;2026-09-18 10:57:50.245660;;;WHEEL_POS;7.042,0.00
VAL;2026-09-18 10:57:50.277436;;;WHEEL_POS;7.073,0.00
VAL;2026-09-18 10:57:50.293060;;;WHEEL_POS;7.089,0.00
VAL;2026-09-18 10:57:50.324316;;;WHEEL_POS;7.120,0.00
VAL;2026-09-18 10:57:50.377316;;;WHEEL_POS;7.173,0.00
VAL;2026-09-18 10:57:50.393440;;;WHEEL_POS;7.189,0.00
VAL;2026-09-18 10:57:50.409069;;;WHEEL_POS;7.205,0.00
VAL;2026-09-18 10:57:50.440327;;;WHEEL_POS;7.236,0.00
VAL;2026-09-18 10:57:50.477587;;;WHEEL_POS;7.274,0.00
VAL;2026-09-18 10:57:50.508837;;;WHEEL_POS;7.305,0.00
VAL;2026-09-18 10:57:50.540594;;;WHEEL_POS;7.337,0.00
VAL;2026-09-18 10:57:50.577860;;;WHEEL_POS;7.374,0.00
VAL;2026-09-18 10:57:50.610050;;;WHEEL_POS;7.406,0.00
VAL;2026-09-18 10:57:50.641302;;;WHEEL_POS;7.437,0.00
VAL;2026-09-18 10:57:50.662433;;;WHEEL_POS;7.458,0.00
VAL;2026-09-18 10:57:50.678062;;;WHEEL_POS;7.474,0.00
VAL;2026-09-18 10:57:50.709314;;;WHEEL_POS;7.505,0.00
VAL;2026-09-18 10:57:50.724941;;;WHEEL_POS;7.521,0.00
VAL;2026-09-18 10:57:50.762716;;;WHEEL_POS;7.559,0.00
VAL;2026-09-18 10:57:50.778349;;;WHEEL_POS;7.574,0.00
VAL;2026-09-18 10:57:50.810838;;;WHEEL_POS;7.607,0.00
VAL;2026-09-18 10:57:50.842090;;;WHEEL_POS;7.638,0.00
VAL;2026-09-18 10:57:50.878346;;;WHEEL_POS;7.674,0.00
VAL;2026-09-18 10:57:50.893977;;;WHEEL_POS;7.690,0.00
VAL;2026-09-18 10:57:50.925225;;;WHEEL_POS;7.721,0.00
VAL;2026-09-18 10:57:50.940851;;;WHEEL_POS;7.737,0.00
VAL;2026-09-18 10:57:50.978624;;;WHEEL_POS;7.775,0.00
VAL;2026-09-18 10:57:51.011257;;;WHEEL_POS;7.807,0.00
VAL;2026-09-18 10:57:51.026892;;;WHEEL_POS;7.823,0.00
VAL;2026-09-18 10:57:51.063141;;;WHEEL_POS;7.859,0.00
VAL;2026-09-18 10:57:51.078769;;;WHEEL_POS;7.875,0.00
VAL;2026-09-18 10:57:51.110020;;;WHEEL_POS;7.906,0.00
VAL;2026-09-18 10:57:51.146097;;;WHEEL_POS;7.942,0.00
VAL;2026-09-18 10:57:51.165102;;;WHEEL_POS;7.960,0.00
VAL;2026-09-18 10:57:51.181105;;;WHEEL_POS;7.977,0.00
VAL;2026-09-18 10:57:51.197108;;;WHEEL_POS;7.993,0.00
VAL;2026-09-18 10:57:51.217114;;;WHEEL_POS;8.012,0.00
VAL;2026-09-18 10:57:51.241118;;;WHEEL_POS;8.037,0.00
VAL;2026-09-18 10:57:51.257121;;;WHEEL_POS;8.053,0.00
VAL;2026-09-18 10:57:51.284129;;;WHEEL_POS;8.080,0.00
VAL;2026-09-18 10:57:51.300132;;;WHEEL_POS;8.096,0.00
VAL;2026-09-18 10:57:51.316135;;;WHEEL_POS;8.112,0.00
VAL;2026-09-18 10:57:51.336141;;;WHEEL_POS;8.132,0.00
VAL;2026-09-18 10:57:51.353144;;;WHEEL_POS;8.149,0.00
VAL;2026-09-18 10:57:51.369147;;;WHEEL_POS;8.165,0.00
VAL;2026-09-18 10:57:51.385151;;;WHEEL_POS;8.181,0.00
VAL;2026-09-18 10:57:51.405155;;;WHEEL_POS;8.201,0.00
VAL;2026-09-18 10:57:51.422159;;;WHEEL_POS;8.218,0.00
VAL;2026-09-18 10:57:51.438162;;;WHEEL_POS;8.234,0.00
VAL;2026-09-18 10:57:51.456168;;;WHEEL_POS;8.252,0.00
VAL;2026-09-18 10:57:51.473170;;;WHEEL_POS;8.269,0.00
VAL;2026-09-18 10:57:51.489175;;;WHEEL_POS;8.285,0.00
VAL;2026-09-18 10:57:51.505178;;;WHEEL_POS;8.301,0.00
VAL;2026-09-18 10:57:51.531184;;;WHEEL_POS;8.327,0.00
VAL;2026-09-18 10:57:51.548187;;;WHEEL_POS;8.344,0.00
VAL;2026-09-18 10:57:51.564191;;;WHEEL_POS;8.360,0.00
VAL;2026-09-18 10:57:51.586197;;;WHEEL_POS;8.382,0.00
VAL;2026-09-18 10:57:51.614583;;;WHEEL_POS;8.411,0.00
VAL;2026-09-18 10:57:51.630208;;;WHEEL_POS;8.426,0.00
VAL;2026-09-18 10:57:51.663464;;;WHEEL_POS;8.459,0.00
VAL;2026-09-18 10:57:51.679097;;;WHEEL_POS;8.475,0.00
VAL;2026-09-18 10:57:51.710350;;;WHEEL_POS;8.506,0.00
VAL;2026-09-18 10:57:51.741598;;;WHEEL_POS;8.538,0.00
VAL;2026-09-18 10:57:51.779369;;;WHEEL_POS;8.575,0.00
VAL;2026-09-18 10:57:51.815475;;;WHEEL_POS;8.611,0.00
VAL;2026-09-18 10:57:51.846727;;;WHEEL_POS;8.643,0.00
VAL;2026-09-18 10:57:51.863747;;;WHEEL_POS;8.660,0.00
VAL;2026-09-18 10:57:51.895009;;;WHEEL_POS;8.691,0.00
VAL;2026-09-18 10:57:51.926254;;;WHEEL_POS;8.722,0.00
VAL;2026-09-18 10:57:51.954389;;;WHEEL_POS;8.750,0.00
VAL;2026-09-18 10:57:51.979528;;;WHEEL_POS;8.776,0.00
VAL;2026-09-18 10:57:52.015619;;;WHEEL_POS;8.812,0.00
VAL;2026-09-18 10:57:52.046871;;;WHEEL_POS;8.843,0.00
VAL;2026-09-18 10:57:52.079632;;;WHEEL_POS;8.876,0.00
VAL;2026-09-18 10:57:52.110885;;;WHEEL_POS;8.907,0.00
VAL;2026-09-18 10:57:52.142136;;;WHEEL_POS;8.938,0.00
VAL;2026-09-18 10:57:52.179911;;;WHEEL_POS;8.976,0.00
VAL;2026-09-18 10:57:52.217163;;;WHEEL_POS;9.013,0.00
VAL;2026-09-18 10:57:52.248415;;;WHEEL_POS;9.044,0.00
VAL;2026-09-18 10:57:52.264545;;;WHEEL_POS;9.061,0.00
VAL;2026-09-18 10:57:52.280174;;;WHEEL_POS;9.076,0.00
VAL;2026-09-18 10:57:52.311426;;;WHEEL_POS;9.107,0.00
VAL;2026-09-18 10:57:52.345286;;;WHEEL_POS;9.141,0.00
VAL;2026-09-18 10:57:52.364426;;;WHEEL_POS;9.160,0.00
VAL;2026-09-18 10:57:52.401691;;;WHEEL_POS;9.198,0.00
VAL;2026-09-18 10:57:52.417322;;;WHEEL_POS;9.213,0.00
VAL;2026-09-18 10:57:52.448574;;;WHEEL_POS;9.245,0.00
VAL;2026-09-18 10:57:52.480333;;;WHEEL_POS;9.276,0.00
VAL;2026-09-18 10:57:52.495962;;;WHEEL_POS;9.292,0.00
VAL;2026-09-18 10:57:52.527213;;;WHEEL_POS;9.323,0.00
VAL;2026-09-18 10:57:52.559472;;;WHEEL_POS;9.355,0.00
VAL;2026-09-18 10:57:52.601750;;;WHEEL_POS;9.398,0.00
VAL;2026-09-18 10:57:52.621666;;;WHEEL_POS;9.418,0.00
VAL;2026-09-18 10:57:52.664926;;;WHEEL_POS;9.461,0.00
VAL;2026-09-18 10:57:52.696184;;;WHEEL_POS;9.492,0.00
VAL;2026-09-18 10:57:52.727444;;;WHEEL_POS;9.523,0.00
VAL;2026-09-18 10:57:52.758689;;;WHEEL_POS;9.555,0.00
VAL;2026-09-18 10:57:52.780824;;;WHEEL_POS;9.577,0.00
VAL;2026-09-18 10:57:52.820117;;;WHEEL_POS;9.616,0.00
VAL;2026-09-18 10:57:52.851369;;;WHEEL_POS;9.647,0.00
VAL;2026-09-18 10:57:52.896651;;;WHEEL_POS;9.693,0.00
VAL;2026-09-18 10:57:52.927910;;;WHEEL_POS;9.724,0.00
VAL;2026-09-18 10:57:52.959154;;;WHEEL_POS;9.755,0.00
VAL;2026-09-18 10:57:52.981290;;;WHEEL_POS;9.777,0.00
VAL;2026-09-18 10:57:53.023569;;;WHEEL_POS;9.820,0.00
VAL;2026-09-18 10:57:53.065835;;;WHEEL_POS;9.862,0.00
VAL;2026-09-18 10:57:53.097096;;;WHEEL_POS;9.893,0.00
VAL;2026-09-18 10:57:53.128352;;;WHEEL_POS;9.924,0.00
VAL;2026-09-18 10:57:53.159600;;;WHEEL_POS;9.956,0.00
VAL;2026-09-18 10:57:53.181734;;;WHEEL_POS;9.978,0.00
VAL;2026-09-18 10:57:53.224010;;;WHEEL_POS;10.020,0.00
VAL;2026-09-18 10:57:53.266275;;;WHEEL_POS;10.062,0.00
VAL;2026-09-18 10:57:53.281913;;;WHEEL_POS;10.078,0.00
VAL;2026-09-18 10:57:53.313164;;;WHEEL_POS;10.109,0.00
VAL;2026-09-18 10:57:53.346309;;;WHEEL_POS;10.142,0.00
VAL;2026-09-18 10:57:53.366443;;;WHEEL_POS;10.162,0.00
VAL;2026-09-18 10:57:53.382072;;;WHEEL_POS;10.178,0.00
VAL;2026-09-18 10:57:53.424342;;;WHEEL_POS;10.220,0.00
VAL;2026-09-18 10:57:53.439968;;;WHEEL_POS;10.236,0.00
VAL;2026-09-18 10:57:53.482240;;;WHEEL_POS;10.278,0.00
VAL;2026-09-18 10:57:53.497867;;;WHEEL_POS;10.294,0.00
VAL;2026-09-18 10:57:53.529124;;;WHEEL_POS;10.325,0.00
VAL;2026-09-18 10:57:53.566740;;;WHEEL_POS;10.363,0.00
VAL;2026-09-18 10:57:53.582370;;;WHEEL_POS;10.378,0.00
VAL;2026-09-18 10:57:53.597998;;;WHEEL_POS;10.394,0.00
VAL;2026-09-18 10:57:53.624143;;;WHEEL_POS;10.420,0.00
VAL;2026-09-18 10:57:53.655395;;;WHEEL_POS;10.451,0.00
VAL;2026-09-18 10:57:53.687021;;;WHEEL_POS;10.483,0.00
VAL;2026-09-18 10:57:53.722699;;;WHEEL_POS;10.519,0.00
VAL;2026-09-18 10:57:53.753956;;;WHEEL_POS;10.550,0.00
VAL;2026-09-18 10:57:53.785204;;;WHEEL_POS;10.581,0.00
VAL;2026-09-18 10:57:53.823478;;;WHEEL_POS;10.619,0.00
VAL;2026-09-18 10:57:53.839110;;;WHEEL_POS;10.635,0.00
VAL;2026-09-18 10:57:53.870361;;;WHEEL_POS;10.666,0.00
VAL;2026-09-18 10:57:53.907629;;;WHEEL_POS;10.704,0.00
VAL;2026-09-18 10:57:53.928764;;;WHEEL_POS;10.725,0.00
VAL;2026-09-18 10:57:53.960019;;;WHEEL_POS;10.756,0.00
VAL;2026-09-18 10:57:54.007917;;;WHEEL_POS;10.804,0.00
VAL;2026-09-18 10:57:54.023548;;;WHEEL_POS;10.820,0.00
VAL;2026-09-18 10:57:54.047684;;;WHEEL_POS;10.844,0.00
VAL;2026-09-18 10:57:54.078940;;;WHEEL_POS;10.875,0.00
VAL;2026-09-18 10:57:54.123708;;;WHEEL_POS;10.920,0.00
VAL;2026-09-18 10:57:54.154960;;;WHEEL_POS;10.951,0.00
VAL;2026-09-18 10:57:54.186212;;;WHEEL_POS;10.982,0.00
VAL;2026-09-18 10:57:54.223989;;;WHEEL_POS;11.020,0.00
VAL;2026-09-18 10:57:54.264590;;;WHEEL_POS;11.061,0.00
VAL;2026-09-18 10:57:54.280215;;;WHEEL_POS;11.076,0.00
VAL;2026-09-18 10:57:54.323971;;;WHEEL_POS;11.120,0.00
VAL;2026-09-18 10:57:54.363305;;;WHEEL_POS;11.159,0.00
VAL;2026-09-18 10:57:54.394557;;;WHEEL_POS;11.191,0.00
VAL;2026-09-18 10:57:54.424198;;;WHEEL_POS;11.220,0.00
VAL;2026-09-18 10:57:54.449426;;;WHEEL_POS;11.245,0.00
VAL;2026-09-18 10:57:54.465059;;;WHEEL_POS;11.261,0.00
VAL;2026-09-18 10:57:54.496305;;;WHEEL_POS;11.292,0.00
VAL;2026-09-18 10:57:54.524441;;;WHEEL_POS;11.320,0.00
VAL;2026-09-18 10:57:54.547090;;;WHEEL_POS;11.343,0.00
VAL;2026-09-18 10:57:54.562725;;;WHEEL_POS;11.359,0.00
VAL;2026-09-18 10:57:54.593977;;;WHEEL_POS;11.390,0.00
VAL;2026-09-18 10:57:54.624621;;;WHEEL_POS;11.421,0.00
VAL;2026-09-18 10:57:54.650309;;;WHEEL_POS;11.446,0.00
VAL;2026-09-18 10:57:54.665934;;;WHEEL_POS;11.462,0.00
VAL;2026-09-18 10:57:54.697187;;;WHEEL_POS;11.493,0.00
VAL;2026-09-18 10:57:54.724820;;;WHEEL_POS;11.521,0.00
VAL;2026-09-18 10:57:54.756072;;;WHEEL_POS;11.552,0.00
VAL;2026-09-18 10:57:54.787325;;;WHEEL_POS;11.583,0.00
VAL;2026-09-18 10:57:54.809477;;;WHEEL_POS;11.605,0.00
VAL;2026-09-18 10:57:54.825109;;;WHEEL_POS;11.621,0.00
VAL;2026-09-18 10:57:54.866801;;;WHEEL_POS;11.663,0.00
VAL;2026-09-18 10:57:54.882425;;;WHEEL_POS;11.678,0.00
VAL;2026-09-18 10:57:54.898051;;;WHEEL_POS;11.694,0.00
VAL;2026-09-18 10:57:54.940818;;;WHEEL_POS;11.737,0.00
VAL;2026-09-18 10:57:54.956440;;;WHEEL_POS;11.752,0.00
VAL;2026-09-18 10:57:54.972064;;;WHEEL_POS;11.768,0.00
VAL;2026-09-18 10:57:55.009831;;;WHEEL_POS;11.806,0.00
VAL;2026-09-18 10:57:55.025462;;;WHEEL_POS;11.821,0.00
VAL;2026-09-18 10:57:55.067710;;;WHEEL_POS;11.864,0.00
VAL;2026-09-18 10:57:55.083332;;;WHEEL_POS;11.879,0.00
VAL;2026-09-18 10:57:55.098956;;;WHEEL_POS;11.895,0.00
VAL;2026-09-18 10:57:55.125590;;;WHEEL_POS;11.922,0.00
VAL;2026-09-18 10:57:55.156842;;;WHEEL_POS;11.953,0.00
VAL;2026-09-18 10:57:55.203722;;;WHEEL_POS;12.000,0.00
VAL;2026-09-18 10:57:55.225865;;;WHEEL_POS;12.022,0.00
VAL;2026-09-18 10:57:55.251503;;;WHEEL_POS;12.048,0.00
VAL;2026-09-18 10:57:55.267133;;;WHEEL_POS;12.063,0.00
VAL;2026-09-18 10:57:55.298380;;;WHEEL_POS;12.094,0.00
VAL;2026-09-18 10:57:55.326017;;;WHEEL_POS;12.122,0.00
VAL;2026-09-18 10:57:55.371782;;;WHEEL_POS;12.168,0.00
VAL;2026-09-18 10:57:55.410543;;;WHEEL_POS;12.207,0.00
VAL;2026-09-18 10:57:55.426181;;;WHEEL_POS;12.222,0.00
VAL;2026-09-18 10:57:55.458417;;;WHEEL_POS;12.254,0.00
VAL;2026-09-18 10:57:55.474043;;;WHEEL_POS;12.270,0.00
VAL;2026-09-18 10:57:55.505295;;;WHEEL_POS;12.301,0.00
VAL;2026-09-18 10:57:55.526428;;;WHEEL_POS;12.322,0.00
VAL;2026-09-18 10:57:55.548953;;;WHEEL_POS;12.345,0.00
VAL;2026-09-18 10:57:55.565585;;;WHEEL_POS;12.362,0.00
VAL;2026-09-18 10:57:55.581212;;;WHEEL_POS;12.377,0.00
VAL;2026-09-18 10:57:55.626478;;;WHEEL_POS;12.422,0.00
VAL;2026-09-18 10:57:55.674373;;;WHEEL_POS;12.470,0.00
VAL;2026-09-18 10:57:55.689994;;;WHEEL_POS;12.486,0.00
VAL;2026-09-18 10:57:55.742383;;;WHEEL_POS;12.538,0.00
VAL;2026-09-18 10:57:55.758006;;;WHEEL_POS;12.554,0.00
VAL;2026-09-18 10:57:55.804886;;;WHEEL_POS;12.601,0.00
VAL;2026-09-18 10:57:55.827031;;;WHEEL_POS;12.623,0.00
VAL;2026-09-18 10:57:55.860086;;;WHEEL_POS;12.656,0.00
VAL;2026-09-18 10:57:55.891341;;;WHEEL_POS;12.687,0.00
VAL;2026-09-18 10:57:55.911473;;;WHEEL_POS;12.707,0.00
VAL;2026-09-18 10:57:55.927102;;;WHEEL_POS;12.723,0.00
VAL;2026-09-18 10:57:55.954749;;;WHEEL_POS;12.751,0.00
VAL;2026-09-18 10:57:55.985998;;;WHEEL_POS;12.782,0.00
VAL;2026-09-18 10:57:56.027262;;;WHEEL_POS;12.823,0.00
VAL;2026-09-18 10:57:56.060337;;;WHEEL_POS;12.856,0.00
VAL;2026-09-18 10:57:56.075964;;;WHEEL_POS;12.872,0.00
VAL;2026-09-18 10:57:56.111725;;;WHEEL_POS;12.908,0.00
VAL;2026-09-18 10:57:56.127356;;;WHEEL_POS;12.923,0.00
VAL;2026-09-18 10:57:56.142986;;;WHEEL_POS;12.939,0.00
VAL;2026-09-18 10:57:56.174234;;;WHEEL_POS;12.970,0.00
VAL;2026-09-18 10:57:56.212005;;;WHEEL_POS;13.008,0.00
VAL;2026-09-18 10:57:56.227636;;;WHEEL_POS;13.024,0.00
VAL;2026-09-18 10:57:56.276367;;;WHEEL_POS;13.072,0.00
VAL;2026-09-18 10:57:56.291988;;;WHEEL_POS;13.088,0.00
VAL;2026-09-18 10:57:56.343379;;;WHEEL_POS;13.139,0.00
VAL;2026-09-18 10:57:56.366048;;;WHEEL_POS;13.162,0.00
VAL;2026-09-18 10:57:56.412314;;;WHEEL_POS;13.208,0.00
VAL;2026-09-18 10:57:56.427952;;;WHEEL_POS;13.224,0.00
VAL;2026-09-18 10:57:56.476344;;;WHEEL_POS;13.272,0.00
VAL;2026-09-18 10:57:56.491966;;;WHEEL_POS;13.288,0.00
EVENT;2026-09-18 10:57:56.550874;10.0;;158;Tup
TRANSITION;2026-09-18 10:57:56.550874;10.0;;NoMovement;
EVENT;2026-09-18 10:57:56.550874;10.0001;;158;Tup
TRANSITION;2026-09-18 10:57:56.550874;10.0001;;ITI;
VAL;2026-09-18 10:57:56.550874;;;WHEEL_POS;13.347,0.00
VAL;2026-09-18 10:57:56.582134;;;WHEEL_POS;13.378,0.00
VAL;2026-09-18 10:57:56.628409;;;WHEEL_POS;13.424,0.00
VAL;2026-09-18 10:57:56.647076;;;WHEEL_POS;13.443,0.00
VAL;2026-09-18 10:57:56.678337;;;WHEEL_POS;13.474,0.00
VAL;2026-09-18 10:57:56.693959;;;WHEEL_POS;13.490,0.00
VAL;2026-09-18 10:57:56.744346;;;WHEEL_POS;13.540,0.00
VAL;2026-09-18 10:57:56.759968;;;WHEEL_POS;13.556,0.00
VAL;2026-09-18 10:57:56.806850;;;WHEEL_POS;13.603,0.00
VAL;2026-09-18 10:57:56.828997;;;WHEEL_POS;13.625,0.00
VAL;2026-09-18 10:57:56.864667;;;WHEEL_POS;13.661,0.00
VAL;2026-09-18 10:57:56.895924;;;WHEEL_POS;13.692,0.00
VAL;2026-09-18 10:57:56.929182;;;WHEEL_POS;13.725,0.00
VAL;2026-09-18 10:57:56.960441;;;WHEEL_POS;13.756,0.00
VAL;2026-09-18 10:57:56.991687;;;WHEEL_POS;13.788,0.00
VAL;2026-09-18 10:57:57.029451;;;WHEEL_POS;13.825,0.00
EVENT;2026-09-18 10:57:57.049921;10.5001;;158;Tup
END-TRIAL;2026-09-18 10:57:57.049921;;;The trial ended;
INFO;2026-09-18 10:57:57.049921;7.741931;18.242034;TRIAL-BPOD-TIME;10.500103
STATE;2026-09-18 10:57:57.049921;0;10.0;WheelPeriod;10.0
STATE;2026-09-18 10:57:57.049921;10.0;10.0001;NoMovement;9.999999999976694e-05
STATE;2026-09-18 10:57:57.049921;10.0001;10.5001;ITI;0.5
STATE;2026-09-18 10:57:57.049921;nan;nan;RewardL;nan
STATE;2026-09-18 10:57:57.049921;nan;nan;RewardR;nan
STATE;2026-09-18 10:57:57.049921;nan;nan;NoRewardL;nan
STATE;2026-09-18 10:57:57.049921;nan;nan;NoRewardR;nan
VAL;2026-09-18 10:57:57.081176;;;TRIAL_TYPE;stage2
VAL;2026-09-18 10:57:57.081176;;;MOVEMENT_DIRECTION;None
VAL;2026-09-18 10:57:57.081176;;;OUTCOME;NoMovement
VAL;2026-09-18 10:57:57.081176;;;DIRECTION_RATIO;0.5
stdout;2026-09-18 10:57:57.081176;;;Trial 1: threshold=7.0deg, NoMovement, direction_ratio=0.50;
stdout;2026-09-18 10:57:57.081176;;;|
|;
VAL;2026-09-18 10:57:57.253162;;;TRIAL_INIT_START;14.049161195755005
VAL;2026-09-18 10:57:57.284414;;;WHEEL_POS;14.080,0.00
VAL;2026-09-18 10:57:57.300039;;;WHEEL_POS;14.096,0.00
VAL;2026-09-18 10:57:57.330171;;;WHEEL_POS;14.126,0.00
VAL;2026-09-18 10:57:57.366499;;;WHEEL_POS;14.162,0.00
VAL;2026-09-18 10:57:57.397752;;;WHEEL_POS;14.194,0.00
VAL;2026-09-18 10:57:57.430016;;;WHEEL_POS;14.226,0.00
VAL;2026-09-18 10:57:57.451147;;;TRIAL_START;14.226015329360962
VAL;2026-09-18 10:57:57.451147;;;QUIESCENCE_BREAKS;0
VAL;2026-09-18 10:57:57.451147;;;THRESHOLD_DEG;7.0
TRIAL;2026-09-18 10:57:57.498032;;;New trial;
VAL;2026-09-18 10:57:57.514658;;;WHEEL_POS;14.311,0.00
VAL;2026-09-18 10:57:57.530286;;;WHEEL_POS;14.326,0.00
VAL;2026-09-18 10:57:57.545912;;;WHEEL_POS;14.342,0.00
VAL;2026-09-18 10:57:57.571547;;;WHEEL_POS;14.368,0.00
VAL;2026-09-18 10:57:57.587174;;;WHEEL_POS;14.383,0.00
VAL;2026-09-18 10:57:57.630437;;;WHEEL_POS;14.426,0.00
VAL;2026-09-18 10:57:57.651612;;;WHEEL_POS;14.448,0.00
VAL;2026-09-18 10:57:57.667242;;;WHEEL_POS;14.463,0.00
VAL;2026-09-18 10:57:57.698492;;;WHEEL_POS;14.494,0.00
VAL;2026-09-18 10:57:57.715123;;;WHEEL_POS;14.511,0.00
VAL;2026-09-18 10:57:57.730756;;;WHEEL_POS;14.527,0.00
VAL;2026-09-18 10:57:57.762005;;;WHEEL_POS;14.558,0.00
VAL;2026-09-18 10:57:57.793266;;;WHEEL_POS;14.589,0.00
VAL;2026-09-18 10:57:57.831017;;;WHEEL_POS;14.627,0.00
VAL;2026-09-18 10:57:57.866293;;;WHEEL_POS;14.662,0.00
VAL;2026-09-18 10:57:57.897544;;;WHEEL_POS;14.694,0.00
VAL;2026-09-18 10:57:57.931307;;;WHEEL_POS;14.727,0.00
VAL;2026-09-18 10:57:57.962558;;;WHEEL_POS;14.759,0.00
VAL;2026-09-18 10:57:57.993809;;;WHEEL_POS;14.790,0.00
VAL;2026-09-18 10:57:58.031583;;;WHEEL_POS;14.828,0.00
VAL;2026-09-18 10:57:58.068348;;;WHEEL_POS;14.864,0.00
VAL;2026-09-18 10:57:58.099605;;;WHEEL_POS;14.896,0.00
VAL;2026-09-18 10:57:58.131863;;;WHEEL_POS;14.928,0.00
VAL;2026-09-18 10:57:58.163116;;;WHEEL_POS;14.959,0.00
VAL;2026-09-18 10:57:58.194368;;;WHEEL_POS;14.990,0.00
VAL;2026-09-18 10:57:58.209992;;;WHEEL_POS;15.006,0.00
VAL;2026-09-18 10:57:58.232129;;;WHEEL_POS;15.028,0.00
VAL;2026-09-18 10:57:58.267884;;;WHEEL_POS;15.064,0.00
VAL;2026-09-18 10:57:58.284522;;;WHEEL_POS;15.081,0.00
VAL;2026-09-18 10:57:58.300157;;;WHEEL_POS;15.096,0.00
VAL;2026-09-18 10:57:58.332414;;;WHEEL_POS;15.128,0.00
VAL;2026-09-18 10:57:58.366846;;;WHEEL_POS;15.163,0.00
VAL;2026-09-18 10:57:58.398094;;;WHEEL_POS;15.194,0.00
VAL;2026-09-18 10:57:58.432359;;;WHEEL_POS;15.228,0.00
VAL;2026-09-18 10:57:58.463608;;;WHEEL_POS;15.260,0.00
VAL;2026-09-18 10:57:58.501233;;;WHEEL_POS;15.297,0.00
VAL;2026-09-18 10:57:58.532376;;;WHEEL_POS;15.328,0.00
VAL;2026-09-18 10:57:58.548002;;;WHEEL_POS;15.344,0.00
VAL;2026-09-18 10:57:58.572673;;;WHEEL_POS;15.369,0.00
VAL;2026-09-18 10:57:58.603925;;;WHEEL_POS;15.400,0.00
VAL;2026-09-18 10:57:58.648196;;;WHEEL_POS;15.444,0.00
VAL;2026-09-18 10:57:58.663812;;;WHEEL_POS;15.460,0.00
VAL;2026-09-18 10:57:58.701607;;;WHEEL_POS;15.498,0.00
VAL;2026-09-18 10:57:58.748373;;;WHEEL_POS;15.544,0.00
VAL;2026-09-18 10:57:58.764000;;;WHEEL_POS;15.560,0.00
VAL;2026-09-18 10:57:58.795251;;;WHEEL_POS;15.591,0.00
VAL;2026-09-18 10:57:58.848642;;;WHEEL_POS;15.645,0.00
VAL;2026-09-18 10:57:58.864267;;;WHEEL_POS;15.660,0.00
VAL;2026-09-18 10:57:58.885395;;;WHEEL_POS;15.681,0.00
VAL;2026-09-18 10:57:58.917487;;;WHEEL_POS;15.713,0.00
VAL;2026-09-18 10:57:58.943628;;;WHEEL_POS;15.740,0.00
VAL;2026-09-18 10:57:58.974885;;;WHEEL_POS;15.771,0.00
VAL;2026-09-18 10:57:59.006133;;;WHEEL_POS;15.802,0.00
VAL;2026-09-18 10:57:59.048897;;;WHEEL_POS;15.845,0.00
VAL;2026-09-18 10:57:59.064520;;;WHEEL_POS;15.861,0.00
VAL;2026-09-18 10:57:59.080146;;;WHEEL_POS;15.876,0.00
VAL;2026-09-18 10:57:59.103254;;;WHEEL_POS;15.899,0.00
VAL;2026-09-18 10:57:59.133397;;;WHEEL_POS;15.929,0.00
VAL;2026-09-18 10:57:59.180281;;;WHEEL_POS;15.976,0.00
VAL;2026-09-18 10:57:59.195902;;;WHEEL_POS;15.992,0.00
VAL;2026-09-18 10:57:59.233662;;;WHEEL_POS;16.030,0.00
VAL;2026-09-18 10:57:59.264913;;;WHEEL_POS;16.061,0.00
VAL;2026-09-18 10:57:59.303978;;;WHEEL_POS;16.100,0.00
VAL;2026-09-18 10:57:59.333624;;;WHEEL_POS;16.130,0.00
VAL;2026-09-18 10:57:59.367452;;;WHEEL_POS;16.163,0.00
VAL;2026-09-18 10:57:59.398709;;;WHEEL_POS;16.195,0.00
VAL;2026-09-18 10:57:59.449099;;;WHEEL_POS;16.245,0.00
VAL;2026-09-18 10:57:59.464724;;;WHEEL_POS;16.261,0.00
VAL;2026-09-18 10:57:59.503982;;;WHEEL_POS;16.300,0.00
VAL;2026-09-18 10:57:59.533624;;;WHEEL_POS;16.330,0.00
VAL;2026-09-18 10:57:59.589054;;;WHEEL_POS;16.385,0.00
VAL;2026-09-18 10:57:59.604676;;;WHEEL_POS;16.401,0.00
VAL;2026-09-18 10:57:59.649441;;;WHEEL_POS;16.445,0.00
VAL;2026-09-18 10:57:59.665064;;;WHEEL_POS;16.461,0.00
VAL;2026-09-18 10:57:59.705124;;;WHEEL_POS;16.501,0.00
VAL;2026-09-18 10:57:59.733767;;;WHEEL_POS;16.530,0.00
VAL;2026-09-18 10:57:59.765019;;;WHEEL_POS;16.561,0.00
VAL;2026-09-18 10:57:59.796273;;;WHEEL_POS;16.592,0.00
VAL;2026-09-18 10:57:59.849658;;;WHEEL_POS;16.646,0.00
VAL;2026-09-18 10:57:59.875295;;;WHEEL_POS;16.671,0.00
VAL;2026-09-18 10:57:59.905972;;;WHEEL_POS;16.702,0.00
VAL;2026-09-18 10:57:59.939634;;;WHEEL_POS;16.736,0.00
VAL;2026-09-18 10:57:59.955270;;;WHEEL_POS;16.751,0.00
VAL;2026-09-18 10:57:59.970897;;;WHEEL_POS;16.767,0.00
VAL;2026-09-18 10:58:00.002153;;;WHEEL_POS;16.798,0.00
VAL;2026-09-18 10:58:00.034411;;;WHEEL_POS;16.830,0.00
VAL;2026-09-18 10:58:00.050037;;;WHEEL_POS;16.846,0.00
VAL;2026-09-18 10:58:00.081290;;;WHEEL_POS;16.877,0.00
VAL;2026-09-18 10:58:00.106761;;;WHEEL_POS;16.903,0.00
VAL;2026-09-18 10:58:00.134397;;;WHEEL_POS;16.930,0.00
VAL;2026-09-18 10:58:00.165650;;;WHEEL_POS;16.962,0.00
VAL;2026-09-18 10:58:00.196900;;;WHEEL_POS;16.993,0.00
VAL;2026-09-18 10:58:00.234672;;;WHEEL_POS;17.031,0.00
VAL;2026-09-18 10:58:00.265921;;;WHEEL_POS;17.062,0.00
VAL;2026-09-18 10:58:00.308250;;;WHEEL_POS;17.104,0.00
VAL;2026-09-18 10:58:00.334886;;;WHEEL_POS;17.131,0.00
VAL;2026-09-18 10:58:00.367829;;;WHEEL_POS;17.164,0.00
VAL;2026-09-18 10:58:00.414709;;;WHEEL_POS;17.211,0.00
VAL;2026-09-18 10:58:00.434859;;;WHEEL_POS;17.231,0.00
VAL;2026-09-18 10:58:00.466107;;;WHEEL_POS;17.262,0.00
VAL;2026-09-18 10:58:00.508864;;;WHEEL_POS;17.305,0.00
VAL;2026-09-18 10:58:00.534999;;;WHEEL_POS;17.331,0.00
VAL;2026-09-18 10:58:00.573737;;;WHEEL_POS;17.370,0.00
VAL;2026-09-18 10:58:00.589366;;;WHEEL_POS;17.385,0.00
VAL;2026-09-18 10:58:00.604993;;;WHEEL_POS;17.401,0.00
VAL;2026-09-18 10:58:00.635134;;;WHEEL_POS;17.431,0.00
VAL;2026-09-18 10:58:00.682614;;;WHEEL_POS;17.479,0.00
VAL;2026-09-18 10:58:00.709283;;;WHEEL_POS;17.505,0.00
VAL;2026-09-18 10:58:00.735423;;;WHEEL_POS;17.531,0.00
VAL;2026-09-18 10:58:00.751048;;;WHEEL_POS;17.547,0.00
VAL;2026-09-18 10:58:00.782296;;;WHEEL_POS;17.578,0.00
VAL;2026-09-18 10:58:00.797922;;;WHEEL_POS;17.594,0.00
VAL;2026-09-18 10:58:00.835700;;;WHEEL_POS;17.632,0.00
VAL;2026-09-18 10:58:00.882582;;;WHEEL_POS;17.679,0.00
VAL;2026-09-18 10:58:00.908731;;;WHEEL_POS;17.705,0.00
VAL;2026-09-18 10:58:00.935868;;;WHEEL_POS;17.732,0.00
VAL;2026-09-18 10:58:00.967122;;;WHEEL_POS;17.763,0.00
VAL;2026-09-18 10:58:00.998371;;;WHEEL_POS;17.794,0.00
VAL;2026-09-18 10:58:01.013998;;;WHEEL_POS;17.810,0.00
VAL;2026-09-18 10:58:01.036135;;;WHEEL_POS;17.832,0.00
VAL;2026-09-18 10:58:01.067385;;;WHEEL_POS;17.863,0.00
VAL;2026-09-18 10:58:01.101651;;;WHEEL_POS;17.898,0.00
VAL;2026-09-18 10:58:01.152046;;;WHEEL_POS;17.948,0.00
VAL;2026-09-18 10:58:01.167675;;;WHEEL_POS;17.964,0.00
VAL;2026-09-18 10:58:01.214554;;;WHEEL_POS;18.011,0.00
VAL;2026-09-18 10:58:01.236696;;;WHEEL_POS;18.033,0.00
VAL;2026-09-18 10:58:01.267948;;;WHEEL_POS;18.064,0.00
VAL;2026-09-18 10:58:01.304219;;;WHEEL_POS;18.100,0.00
VAL;2026-09-18 10:58:01.321356;;;WHEEL_POS;18.117,0.00
VAL;2026-09-18 10:58:01.336985;;;WHEEL_POS;18.133,0.00
VAL;2026-09-18 10:58:01.367130;;;WHEEL_POS;18.163,0.00
VAL;2026-09-18 10:58:01.414011;;;WHEEL_POS;18.210,0.00
VAL;2026-09-18 10:58:01.437157;;;WHEEL_POS;18.233,0.00
VAL;2026-09-18 10:58:01.484040;;;WHEEL_POS;18.280,0.00
VAL;2026-09-18 10:58:01.505520;;;WHEEL_POS;18.302,0.00
VAL;2026-09-18 10:58:01.521652;;;WHEEL_POS;18.318,0.00
VAL;2026-09-18 10:58:01.537286;;;WHEEL_POS;18.333,0.00
VAL;2026-09-18 10:58:01.575574;;;WHEEL_POS;18.372,0.00
VAL;2026-09-18 10:58:01.606827;;;WHEEL_POS;18.403,0.00
VAL;2026-09-18 10:58:01.637464;;;WHEEL_POS;18.433,0.00
VAL;2026-09-18 10:58:01.668718;;;WHEEL_POS;18.465,0.00
VAL;2026-09-18 10:58:01.704793;;;WHEEL_POS;18.501,0.00
VAL;2026-09-18 10:58:01.721929;;;WHEEL_POS;18.518,0.00
VAL;2026-09-18 10:58:01.737563;;;WHEEL_POS;18.534,0.00
VAL;2026-09-18 10:58:01.768810;;;WHEEL_POS;18.565,0.00
VAL;2026-09-18 10:58:01.822218;;;WHEEL_POS;18.618,0.00
VAL;2026-09-18 10:58:01.837852;;;WHEEL_POS;18.634,0.00
VAL;2026-09-18 10:58:01.884735;;;WHEEL_POS;18.681,0.00
VAL;2026-09-18 10:58:01.906234;;;WHEEL_POS;18.702,0.00
VAL;2026-09-18 10:58:01.922366;;;WHEEL_POS;18.718,0.00
VAL;2026-09-18 10:58:01.938000;;;WHEEL_POS;18.734,0.00
VAL;2026-09-18 10:58:01.969247;;;WHEEL_POS;18.765,0.00
VAL;2026-09-18 10:58:01.984874;;;WHEEL_POS;18.781,0.00
VAL;2026-09-18 10:58:02.016129;;;WHEEL_POS;18.812,0.00
VAL;2026-09-18 10:58:02.038266;;;WHEEL_POS;18.834,0.00
VAL;2026-09-18 10:58:02.069519;;;WHEEL_POS;18.866,0.00
VAL;2026-09-18 10:58:02.085145;;;WHEEL_POS;18.881,0.00
VAL;2026-09-18 10:58:02.122743;;;WHEEL_POS;18.919,0.00
VAL;2026-09-18 10:58:02.153999;;;WHEEL_POS;18.950,0.00
VAL;2026-09-18 10:58:02.185256;;;WHEEL_POS;18.981,0.00
VAL;2026-09-18 10:58:02.216503;;;WHEEL_POS;19.013,0.00
VAL;2026-09-18 10:58:02.254269;;;WHEEL_POS;19.050,0.00
VAL;2026-09-18 10:58:02.269889;;;WHEEL_POS;19.066,0.00
VAL;2026-09-18 10:58:02.306941;;;WHEEL_POS;19.103,0.00
VAL;2026-09-18 10:58:02.338709;;;WHEEL_POS;19.135,0.00
VAL;2026-09-18 10:58:02.369433;;;WHEEL_POS;19.165,0.00
VAL;2026-09-18 10:58:02.385064;;;WHEEL_POS;19.181,0.00
VAL;2026-09-18 10:58:02.416311;;;WHEEL_POS;19.212,0.00
VAL;2026-09-18 10:58:02.438946;;;WHEEL_POS;19.235,0.00
VAL;2026-09-18 10:58:02.470199;;;WHEEL_POS;19.266,0.00
VAL;2026-09-18 10:58:02.506957;;;WHEEL_POS;19.303,0.00
VAL;2026-09-18 10:58:02.539219;;;WHEEL_POS;19.335,0.00
VAL;2026-09-18 10:58:02.592611;;;WHEEL_POS;19.389,0.00
VAL;2026-09-18 10:58:02.608233;;;WHEEL_POS;19.404,0.00
VAL;2026-09-18 10:58:02.654998;;;WHEEL_POS;19.451,0.00
VAL;2026-09-18 10:58:02.670620;;;WHEEL_POS;19.467,0.00
VAL;2026-09-18 10:58:02.686248;;;WHEEL_POS;19.482,0.00
VAL;2026-09-18 10:58:02.723710;;;WHEEL_POS;19.520,0.00
VAL;2026-09-18 10:58:02.754968;;;WHEEL_POS;19.551,0.00
VAL;2026-09-18 10:58:02.786226;;;WHEEL_POS;19.582,0.00
VAL;2026-09-18 10:58:02.817473;;;WHEEL_POS;19.613,0.00
VAL;2026-09-18 10:58:02.839607;;;WHEEL_POS;19.636,0.00
VAL;2026-09-18 10:58:02.870861;;;WHEEL_POS;19.667,0.00
VAL;2026-09-18 10:58:02.924263;;;WHEEL_POS;19.720,0.00
VAL;2026-09-18 10:58:02.939892;;;WHEEL_POS;19.736,0.00
VAL;2026-09-18 10:58:02.986772;;;WHEEL_POS;19.783,0.00
VAL;2026-09-18 10:58:03.002396;;;WHEEL_POS;19.798,0.00
VAL;2026-09-18 10:58:03.024529;;;WHEEL_POS;19.821,0.00
VAL;2026-09-18 10:58:03.040161;;;WHEEL_POS;19.836,0.00
VAL;2026-09-18 10:58:03.071411;;;WHEEL_POS;19.867,0.00
VAL;2026-09-18 10:58:03.087037;;;WHEEL_POS;19.883,0.00
VAL;2026-09-18 10:58:03.136916;;;WHEEL_POS;19.933,0.00
VAL;2026-09-18 10:58:03.175058;;;WHEEL_POS;19.971,0.00
VAL;2026-09-18 10:58:03.206319;;;WHEEL_POS;20.002,0.00
VAL;2026-09-18 10:58:03.237575;;;WHEEL_POS;20.034,0.00
VAL;2026-09-18 10:58:03.268823;;;WHEEL_POS;20.065,0.00
VAL;2026-09-18 10:58:03.306589;;;WHEEL_POS;20.103,0.00
VAL;2026-09-18 10:58:03.322212;;;WHEEL_POS;20.118,0.00
VAL;2026-09-18 10:58:03.354000;;;WHEEL_POS;20.150,0.00
VAL;2026-09-18 10:58:03.391265;;;WHEEL_POS;20.187,0.00
VAL;2026-09-18 10:58:03.422518;;;WHEEL_POS;20.219,0.00
VAL;2026-09-18 10:58:03.453769;;;WHEEL_POS;20.250,0.00
VAL;2026-09-18 10:58:03.491543;;;WHEEL_POS;20.288,0.00
VAL;2026-09-18 10:58:03.522789;;;WHEEL_POS;20.319,0.00
VAL;2026-09-18 10:58:03.546922;;;WHEEL_POS;20.343,0.00
VAL;2026-09-18 10:58:03.575956;;;WHEEL_POS;20.372,0.00
VAL;2026-09-18 10:58:03.607212;;;WHEEL_POS;20.403,0.00
VAL;2026-09-18 10:58:03.638465;;;WHEEL_POS;20.434,0.00
VAL;2026-09-18 10:58:03.669716;;;WHEEL_POS;20.466,0.00
VAL;2026-09-18 10:58:03.691852;;;WHEEL_POS;20.488,0.00
VAL;2026-09-18 10:58:03.723104;;;WHEEL_POS;20.519,0.00
VAL;2026-09-18 10:58:03.748075;;;WHEEL_POS;20.544,0.00
VAL;2026-09-18 10:58:03.791849;;;WHEEL_POS;20.588,0.00
VAL;2026-09-18 10:58:03.838731;;;WHEEL_POS;20.635,0.00
VAL;2026-09-18 10:58:03.854351;;;WHEEL_POS;20.650,0.00
VAL;2026-09-18 10:58:03.892121;;;WHEEL_POS;20.688,0.00
VAL;2026-09-18 10:58:03.907745;;;WHEEL_POS;20.704,0.00
VAL;2026-09-18 10:58:03.940467;;;WHEEL_POS;20.736,0.00
VAL;2026-09-18 10:58:03.956103;;;WHEEL_POS;20.752,0.00
VAL;2026-09-18 10:58:03.992361;;;WHEEL_POS;20.788,0.00
VAL;2026-09-18 10:58:04.007990;;;WHEEL_POS;20.804,0.00
VAL;2026-09-18 10:58:04.039240;;;WHEEL_POS;20.835,0.00
VAL;2026-09-18 10:58:04.054867;;;WHEEL_POS;20.851,0.00
VAL;2026-09-18 10:58:04.092633;;;WHEEL_POS;20.889,0.00
VAL;2026-09-18 10:58:04.123886;;;WHEEL_POS;20.920,0.00
VAL;2026-09-18 10:58:04.148909;;;WHEEL_POS;20.945,0.00
VAL;2026-09-18 10:58:04.192667;;;WHEEL_POS;20.989,0.00
VAL;2026-09-18 10:58:04.223921;;;WHEEL_POS;21.020,0.00
VAL;2026-09-18 10:58:04.270799;;;WHEEL_POS;21.067,0.00
VAL;2026-09-18 10:58:04.292947;;;WHEEL_POS;21.089,0.00
VAL;2026-09-18 10:58:04.334871;;;WHEEL_POS;21.131,0.00
VAL;2026-09-18 10:58:04.369906;;;WHEEL_POS;21.166,0.00
VAL;2026-09-18 10:58:04.393045;;;WHEEL_POS;21.189,0.00
VAL;2026-09-18 10:58:04.424292;;;WHEEL_POS;21.220,0.00
VAL;2026-09-18 10:58:04.455549;;;WHEEL_POS;21.252,0.00
VAL;2026-09-18 10:58:04.508936;;;WHEEL_POS;21.305,0.00
VAL;2026-09-18 10:58:04.524556;;;WHEEL_POS;21.321,0.00
VAL;2026-09-18 10:58:04.551691;;;WHEEL_POS;21.348,0.00
VAL;2026-09-18 10:58:04.577768;;;WHEEL_POS;21.374,0.00
VAL;2026-09-18 10:58:04.609027;;;WHEEL_POS;21.405,0.00
VAL;2026-09-18 10:58:04.640286;;;WHEEL_POS;21.436,0.00
VAL;2026-09-18 10:58:04.671530;;;WHEEL_POS;21.468,0.00
VAL;2026-09-18 10:58:04.693664;;;WHEEL_POS;21.490,0.00
VAL;2026-09-18 10:58:04.724918;;;WHEEL_POS;21.521,0.00
VAL;2026-09-18 10:58:04.752363;;;WHEEL_POS;21.548,0.00
VAL;2026-09-18 10:58:04.793630;;;WHEEL_POS;21.590,0.00
VAL;2026-09-18 10:58:04.824882;;;WHEEL_POS;21.621,0.00
VAL;2026-09-18 10:58:04.856135;;;WHEEL_POS;21.652,0.00
VAL;2026-09-18 10:58:04.893893;;;WHEEL_POS;21.690,0.00
VAL;2026-09-18 10:58:04.925146;;;WHEEL_POS;21.721,0.00
VAL;2026-09-18 10:58:04.953383;;;WHEEL_POS;21.749,0.00
VAL;2026-09-18 10:58:04.994145;;;WHEEL_POS;21.790,0.00
VAL;2026-09-18 10:58:05.025400;;;WHEEL_POS;21.821,0.00
VAL;2026-09-18 10:58:05.056649;;;WHEEL_POS;21.853,0.00
VAL;2026-09-18 10:58:05.094409;;;WHEEL_POS;21.890,0.00
VAL;2026-09-18 10:58:05.125660;;;WHEEL_POS;21.922,0.00
VAL;2026-09-18 10:58:05.154155;;;WHEEL_POS;21.950,0.00
VAL;2026-09-18 10:58:05.194441;;;WHEEL_POS;21.990,0.00
VAL;2026-09-18 10:58:05.225693;;;WHEEL_POS;22.022,0.00
VAL;2026-09-18 10:58:05.256945;;;WHEEL_POS;22.053,0.00
VAL;2026-09-18 10:58:05.310334;;;WHEEL_POS;22.106,0.00
VAL;2026-09-18 10:58:05.325955;;;WHEEL_POS;22.122,0.00
VAL;2026-09-18 10:58:05.354749;;;WHEEL_POS;22.151,0.00
VAL;2026-09-18 10:58:05.394521;;;WHEEL_POS;22.191,0.00
VAL;2026-09-18 10:58:05.410146;;;WHEEL_POS;22.206,0.00
VAL;2026-09-18 10:58:05.441403;;;WHEEL_POS;22.237,0.00
VAL;2026-09-18 10:58:05.472650;;;WHEEL_POS;22.269,0.00
VAL;2026-09-18 10:58:05.494783;;;WHEEL_POS;22.291,0.00
VAL;2026-09-18 10:58:05.526036;;;WHEEL_POS;22.322,0.00
VAL;2026-09-18 10:58:05.564665;;;WHEEL_POS;22.361,0.00
VAL;2026-09-18 10:58:05.594804;;;WHEEL_POS;22.391,0.00
VAL;2026-09-18 10:58:05.626056;;;WHEEL_POS;22.422,0.00
VAL;2026-09-18 10:58:05.657308;;;WHEEL_POS;22.453,0.00
VAL;2026-09-18 10:58:05.710695;;;WHEEL_POS;22.507,0.00
VAL;2026-09-18 10:58:05.726320;;;WHEEL_POS;22.522,0.00
VAL;2026-09-18 10:58:05.756796;;;WHEEL_POS;22.553,0.00
VAL;2026-09-18 10:58:05.795071;;;WHEEL_POS;22.591,0.00
VAL;2026-09-18 10:58:05.826322;;;WHEEL_POS;22.622,0.00
VAL;2026-09-18 10:58:05.841963;;;WHEEL_POS;22.638,0.00
VAL;2026-09-18 10:58:05.873202;;;WHEEL_POS;22.669,0.00
VAL;2026-09-18 10:58:05.910968;;;WHEEL_POS;22.707,0.00
VAL;2026-09-18 10:58:05.926589;;;WHEEL_POS;22.723,0.00
VAL;2026-09-18 10:58:05.941930;;;WHEEL_POS;22.738,0.00
VAL;2026-09-18 10:58:05.979702;;;WHEEL_POS;22.776,0.00
VAL;2026-09-18 10:58:05.995331;;;WHEEL_POS;22.791,0.00
VAL;2026-09-18 10:58:06.026585;;;WHEEL_POS;22.823,0.00
VAL;2026-09-18 10:58:06.057836;;;WHEEL_POS;22.854,0.00
VAL;2026-09-18 10:58:06.111226;;;WHEEL_POS;22.907,0.00
VAL;2026-09-18 10:58:06.126849;;;WHEEL_POS;22.923,0.00
VAL;2026-09-18 10:58:06.158307;;;WHEEL_POS;22.954,0.00
VAL;2026-09-18 10:58:06.195577;;;WHEEL_POS;22.992,0.00
VAL;2026-09-18 10:58:06.211204;;;WHEEL_POS;23.007,0.00
VAL;2026-09-18 10:58:06.242462;;;WHEEL_POS;23.038,0.00
VAL;2026-09-18 10:58:06.273709;;;WHEEL_POS;23.070,0.00
VAL;2026-09-18 10:58:06.295844;;;WHEEL_POS;23.092,0.00
VAL;2026-09-18 10:58:06.327100;;;WHEEL_POS;23.123,0.00
VAL;2026-09-18 10:58:06.458508;;;WHEEL_POS;23.255,0.00
VAL;2026-09-18 10:58:06.643502;;;WHEEL_POS;23.440,0.00
VAL;2026-09-18 10:58:06.682334;;;WHEEL_POS;23.478,0.00
VAL;2026-09-18 10:58:06.724597;;;WHEEL_POS;23.521,0.00
VAL;2026-09-18 10:58:06.754993;;;WHEEL_POS;23.551,0.00
VAL;2026-09-18 10:58:06.775105;;;WHEEL_POS;23.571,0.00
VAL;2026-09-18 10:58:06.795191;;;WHEEL_POS;23.591,0.00
VAL;2026-09-18 10:58:06.815489;;;WHEEL_POS;23.611,0.00
VAL;2026-09-18 10:58:06.845665;;;WHEEL_POS;23.642,0.00
VAL;2026-09-18 10:58:06.875980;;;WHEEL_POS;23.672,0.00
VAL;2026-09-18 10:58:06.896060;;;WHEEL_POS;23.692,0.00
VAL;2026-09-18 10:58:06.924286;;;WHEEL_POS;23.720,0.00
VAL;2026-09-18 10:58:06.956530;;;WHEEL_POS;23.753,0.00
VAL;2026-09-18 10:58:06.976624;;;WHEEL_POS;23.773,0.00
VAL;2026-09-18 10:58:07.004978;;;WHEEL_POS;23.801,0.00
VAL;2026-09-18 10:58:07.037151;;;WHEEL_POS;23.833,0.00
VAL;2026-09-18 10:58:07.057243;;;WHEEL_POS;23.853,0.00
VAL;2026-09-18 10:58:07.085483;;;WHEEL_POS;23.881,0.00
VAL;2026-09-18 10:58:07.117659;;;WHEEL_POS;23.914,0.00
VAL;2026-09-18 10:58:07.137863;;;WHEEL_POS;23.934,0.00
VAL;2026-09-18 10:58:07.168371;;;WHEEL_POS;23.964,0.00
VAL;2026-09-18 10:58:07.198535;;;WHEEL_POS;23.995,0.00
VAL;2026-09-18 10:58:07.218635;;;WHEEL_POS;24.015,0.00
VAL;2026-09-18 10:58:07.246861;;;WHEEL_POS;24.043,0.00
VAL;2026-09-18 10:58:07.279024;;;WHEEL_POS;24.075,0.00
VAL;2026-09-18 10:58:07.309224;;;WHEEL_POS;24.105,0.00
VAL;2026-09-18 10:58:07.339354;;;WHEEL_POS;24.135,0.00
VAL;2026-09-18 10:58:07.357422;;;WHEEL_POS;24.153,0.00
VAL;2026-09-18 10:58:07.387706;;;WHEEL_POS;24.184,0.00
VAL;2026-09-18 10:58:07.417792;;;WHEEL_POS;24.214,0.00
VAL;2026-09-18 10:58:07.449053;;;WHEEL_POS;24.245,0.00
VAL;2026-09-18 10:58:07.484144;;;WHEEL_POS;24.280,0.00
VAL;2026-09-18 10:58:07.503328;;;WHEEL_POS;24.299,0.00
EVENT;2026-09-18 10:58:07.503328;10.0;;158;Tup
TRANSITION;2026-09-18 10:58:07.503328;10.0;;NoMovement;
EVENT;2026-09-18 10:58:07.503328;10.0001;;158;Tup
TRANSITION;2026-09-18 10:58:07.503328;10.0001;;ITI;
VAL;2026-09-18 10:58:07.517834;;;WHEEL_POS;24.314,0.00
VAL;2026-09-18 10:58:07.549091;;;WHEEL_POS;24.345,0.00
VAL;2026-09-18 10:58:07.580347;;;WHEEL_POS;24.376,0.00
VAL;2026-09-18 10:58:07.611595;;;WHEEL_POS;24.408,0.00
VAL;2026-09-18 10:58:07.633730;;;WHEEL_POS;24.430,0.00
VAL;2026-09-18 10:58:07.664987;;;WHEEL_POS;24.461,0.00
VAL;2026-09-18 10:58:07.697413;;;WHEEL_POS;24.493,0.00
VAL;2026-09-18 10:58:07.717966;;;WHEEL_POS;24.514,0.00
VAL;2026-09-18 10:58:07.749225;;;WHEEL_POS;24.545,0.00
VAL;2026-09-18 10:58:07.780475;;;WHEEL_POS;24.576,0.00
VAL;2026-09-18 10:58:07.818251;;;WHEEL_POS;24.614,0.00
VAL;2026-09-18 10:58:07.833887;;;WHEEL_POS;24.630,0.00
VAL;2026-09-18 10:58:07.876144;;;WHEEL_POS;24.672,0.00
VAL;2026-09-18 10:58:07.918299;;;WHEEL_POS;24.714,0.00
VAL;2026-09-18 10:58:07.972205;;;WHEEL_POS;24.768,0.00
VAL;2026-09-18 10:58:08.003454;;;WHEEL_POS;24.799,0.00
EVENT;2026-09-18 10:58:08.003454;10.5001;;158;Tup
END-TRIAL;2026-09-18 10:58:08.003454;;;The trial ended;
INFO;2026-09-18 10:58:08.003454;18.700831;29.200934;TRIAL-BPOD-TIME;10.500103
STATE;2026-09-18 10:58:08.003454;0;10.0;WheelPeriod;10.0
STATE;2026-09-18 10:58:08.003454;10.0;10.0001;NoMovement;9.999999999976694e-05
STATE;2026-09-18 10:58:08.003454;10.0001;10.5001;ITI;0.5
STATE;2026-09-18 10:58:08.003454;nan;nan;RewardL;nan
STATE;2026-09-18 10:58:08.003454;nan;nan;RewardR;nan
STATE;2026-09-18 10:58:08.003454;nan;nan;NoRewardL;nan
STATE;2026-09-18 10:58:08.003454;nan;nan;NoRewardR;nan
VAL;2026-09-18 10:58:08.118651;;;TRIAL_TYPE;stage2
VAL;2026-09-18 10:58:08.118651;;;MOVEMENT_DIRECTION;None
VAL;2026-09-18 10:58:08.118651;;;OUTCOME;NoMovement
VAL;2026-09-18 10:58:08.118651;;;DIRECTION_RATIO;0.5
stdout;2026-09-18 10:58:08.118651;;;Trial 2: threshold=7.0deg, NoMovement, direction_ratio=0.50;
stdout;2026-09-18 10:58:08.118651;;;|
|;
VAL;2026-09-18 10:58:08.341367;;;TRIAL_INIT_START;25.13736653327942
VAL;2026-09-18 10:58:08.379476;;;WHEEL_POS;25.175,0.00
VAL;2026-09-18 10:58:08.410732;;;WHEEL_POS;25.207,0.00
VAL;2026-09-18 10:58:08.441985;;;WHEEL_POS;25.238,0.00
VAL;2026-09-18 10:58:08.473236;;;WHEEL_POS;25.269,0.00
VAL;2026-09-18 10:58:08.500938;;;WHEEL_POS;25.297,0.00
VAL;2026-09-18 10:58:08.536243;;;WHEEL_POS;25.332,0.00
VAL;2026-09-18 10:58:08.551869;;;TRIAL_START;25.332242488861084
VAL;2026-09-18 10:58:08.551869;;;QUIESCENCE_BREAKS;0
VAL;2026-09-18 10:58:08.551869;;;THRESHOLD_DEG;7.0
TRIAL;2026-09-18 10:58:08.611263;;;New trial;
VAL;2026-09-18 10:58:08.611263;;;WHEEL_POS;25.407,0.00
VAL;2026-09-18 10:58:08.642513;;;WHEEL_POS;25.439,0.00
VAL;2026-09-18 10:58:08.658138;;;WHEEL_POS;25.454,0.00
VAL;2026-09-18 10:58:08.689781;;;WHEEL_POS;25.486,0.00
VAL;2026-09-18 10:58:08.736052;;;WHEEL_POS;25.532,0.00
VAL;2026-09-18 10:58:08.767305;;;WHEEL_POS;25.563,0.00
VAL;2026-09-18 10:58:08.811573;;;WHEEL_POS;25.608,0.00
VAL;2026-09-18 10:58:08.842819;;;WHEEL_POS;25.639,0.00
VAL;2026-09-18 10:58:08.882628;;;WHEEL_POS;25.679,0.00
VAL;2026-09-18 10:58:08.912571;;;WHEEL_POS;25.709,0.00
VAL;2026-09-18 10:58:08.933149;;;WHEEL_POS;25.729,0.00
VAL;2026-09-18 10:58:08.961797;;;WHEEL_POS;25.758,0.00
VAL;2026-09-18 10:58:08.994077;;;WHEEL_POS;25.790,0.00
VAL;2026-09-18 10:58:09.014168;;;WHEEL_POS;25.810,0.00
VAL;2026-09-18 10:58:09.042406;;;WHEEL_POS;25.838,0.00
VAL;2026-09-18 10:58:09.074560;;;WHEEL_POS;25.871,0.00
VAL;2026-09-18 10:58:09.094667;;;WHEEL_POS;25.891,0.00
VAL;2026-09-18 10:58:09.124868;;;WHEEL_POS;25.921,0.00
VAL;2026-09-18 10:58:09.155497;;;WHEEL_POS;25.951,0.00
VAL;2026-09-18 10:58:09.185132;;;WHEEL_POS;25.981,0.00
VAL;2026-09-18 10:58:09.215296;;;WHEEL_POS;26.011,0.00
VAL;2026-09-18 10:58:09.245471;;;WHEEL_POS;26.041,0.00
VAL;2026-09-18 10:58:09.276034;;;WHEEL_POS;26.072,0.00
VAL;2026-09-18 10:58:09.304160;;;WHEEL_POS;26.100,0.00
VAL;2026-09-18 10:58:09.336329;;;WHEEL_POS;26.132,0.00
VAL;2026-09-18 10:58:09.366978;;;WHEEL_POS;26.163,0.00
VAL;2026-09-18 10:58:09.397112;;;WHEEL_POS;26.193,0.00
VAL;2026-09-18 10:58:09.417174;;;WHEEL_POS;26.213,0.00
VAL;2026-09-18 10:58:09.437351;;;WHEEL_POS;26.233,0.00
VAL;2026-09-18 10:58:09.457477;;;WHEEL_POS;26.253,0.00
VAL;2026-09-18 10:58:09.477545;;;WHEEL_POS;26.274,0.00
VAL;2026-09-18 10:58:09.497658;;;WHEEL_POS;26.294,0.00
VAL;2026-09-18 10:58:09.517863;;;WHEEL_POS;26.314,0.00
VAL;2026-09-18 10:58:09.537991;;;WHEEL_POS;26.334,0.00
VAL;2026-09-18 10:58:09.558055;;;WHEEL_POS;26.354,0.00
VAL;2026-09-18 10:58:09.578105;;;WHEEL_POS;26.374,0.00
VAL;2026-09-18 10:58:09.598255;;;WHEEL_POS;26.394,0.00
VAL;2026-09-18 10:58:09.618330;;;WHEEL_POS;26.414,0.00
VAL;2026-09-18 10:58:09.638400;;;WHEEL_POS;26.434,0.00
VAL;2026-09-18 10:58:09.658472;;;WHEEL_POS;26.454,0.00
VAL;2026-09-18 10:58:09.686676;;;WHEEL_POS;26.483,0.00
VAL;2026-09-18 10:58:09.708759;;;WHEEL_POS;26.505,0.00
VAL;2026-09-18 10:58:09.728822;;;WHEEL_POS;26.525,0.00
VAL;2026-09-18 10:58:09.748964;;;WHEEL_POS;26.545,0.00
VAL;2026-09-18 10:58:09.769100;;;WHEEL_POS;26.565,0.00
VAL;2026-09-18 10:58:09.789166;;;WHEEL_POS;26.585,0.00
VAL;2026-09-18 10:58:09.817358;;;WHEEL_POS;26.605,0.00
VAL;2026-09-18 10:58:09.849470;;;WHEEL_POS;26.645,0.00
VAL;2026-09-18 10:58:09.869540;;;WHEEL_POS;26.666,0.00
VAL;2026-09-18 10:58:09.897736;;;WHEEL_POS;26.694,0.00
VAL;2026-09-18 10:58:09.929886;;;WHEEL_POS;26.726,0.00
VAL;2026-09-18 10:58:09.949937;;;WHEEL_POS;26.746,0.00
VAL;2026-09-18 10:58:09.970100;;;WHEEL_POS;26.766,0.00
VAL;2026-09-18 10:58:10.010276;;;WHEEL_POS;26.806,0.00
VAL;2026-09-18 10:58:10.030328;;;WHEEL_POS;26.826,0.00
VAL;2026-09-18 10:58:10.058467;;;WHEEL_POS;26.854,0.00
VAL;2026-09-18 10:58:10.090577;;;WHEEL_POS;26.887,0.00
VAL;2026-09-18 10:58:10.110644;;;WHEEL_POS;26.907,0.00
VAL;2026-09-18 10:58:10.130818;;;WHEEL_POS;26.927,0.00
VAL;2026-09-18 10:58:10.150919;;;WHEEL_POS;26.947,0.00
VAL;2026-09-18 10:58:10.170981;;;WHEEL_POS;26.967,0.00
VAL;2026-09-18 10:58:10.191032;;;WHEEL_POS;26.987,0.00
VAL;2026-09-18 10:58:10.211196;;;WHEEL_POS;27.007,0.00
VAL;2026-09-18 10:58:10.231272;;;WHEEL_POS;27.027,0.00
VAL;2026-09-18 10:58:10.259368;;;WHEEL_POS;27.055,0.00
VAL;2026-09-18 10:58:10.291590;;;WHEEL_POS;27.088,0.00
VAL;2026-09-18 10:58:10.311643;;;WHEEL_POS;27.108,0.00
VAL;2026-09-18 10:58:10.331814;;;WHEEL_POS;27.128,0.00
VAL;2026-09-18 10:58:10.351870;;;WHEEL_POS;27.148,0.00
VAL;2026-09-18 10:58:10.369728;;;WHEEL_POS;27.166,0.00
VAL;2026-09-18 10:58:10.400982;;;WHEEL_POS;27.197,0.00
VAL;2026-09-18 10:58:10.432234;;;WHEEL_POS;27.228,0.00
VAL;2026-09-18 10:58:10.470019;;;WHEEL_POS;27.266,0.00
VAL;2026-09-18 10:58:10.487229;;;WHEEL_POS;27.283,0.00
VAL;2026-09-18 10:58:10.508452;;;WHEEL_POS;27.304,0.00
VAL;2026-09-18 10:58:10.524087;;;WHEEL_POS;27.320,0.00
VAL;2026-09-18 10:58:10.561347;;;WHEEL_POS;27.357,0.00
VAL;2026-09-18 10:58:10.585480;;;WHEEL_POS;27.381,0.00
VAL;2026-09-18 10:58:10.601112;;;WHEEL_POS;27.397,0.00
VAL;2026-09-18 10:58:10.632359;;;WHEEL_POS;27.428,0.00
VAL;2026-09-18 10:58:10.647985;;;WHEEL_POS;27.444,0.00
VAL;2026-09-18 10:58:10.685763;;;WHEEL_POS;27.482,0.00
VAL;2026-09-18 10:58:10.710404;;;WHEEL_POS;27.506,0.00
VAL;2026-09-18 10:58:10.726036;;;WHEEL_POS;27.522,0.00
VAL;2026-09-18 10:58:10.761821;;;WHEEL_POS;27.558,0.00
VAL;2026-09-18 10:58:10.785958;;;WHEEL_POS;27.582,0.00
VAL;2026-09-18 10:58:10.817212;;;WHEEL_POS;27.613,0.00
VAL;2026-09-18 10:58:10.864091;;;WHEEL_POS;27.660,0.00
VAL;2026-09-18 10:58:10.886237;;;WHEEL_POS;27.682,0.00
VAL;2026-09-18 10:58:10.933121;;;WHEEL_POS;27.729,0.00
VAL;2026-09-18 10:58:10.948742;;;WHEEL_POS;27.745,0.00
VAL;2026-09-18 10:58:10.986398;;;WHEEL_POS;27.782,0.00
VAL;2026-09-18 10:58:11.002020;;;WHEEL_POS;27.798,0.00
VAL;2026-09-18 10:58:11.048899;;;WHEEL_POS;27.845,0.00
VAL;2026-09-18 10:58:11.064522;;;WHEEL_POS;27.861,0.00
VAL;2026-09-18 10:58:11.086658;;;WHEEL_POS;27.883,0.00
VAL;2026-09-18 10:58:11.117909;;;WHEEL_POS;27.914,0.00
VAL;2026-09-18 10:58:11.164873;;;WHEEL_POS;27.961,0.00
VAL;2026-09-18 10:58:11.186515;;;WHEEL_POS;27.983,0.00
VAL;2026-09-18 10:58:11.233399;;;WHEEL_POS;28.029,0.00
VAL;2026-09-18 10:58:11.249020;;;WHEEL_POS;28.045,0.00
VAL;2026-09-18 10:58:11.286779;;;WHEEL_POS;28.083,0.00
VAL;2026-09-18 10:58:11.318035;;;WHEEL_POS;28.114,0.00
VAL;2026-09-18 10:58:11.349284;;;WHEEL_POS;28.145,0.00
VAL;2026-09-18 10:58:11.389420;;;WHEEL_POS;28.185,0.00
VAL;2026-09-18 10:58:11.405051;;;WHEEL_POS;28.201,0.00
VAL;2026-09-18 10:58:11.451932;;;WHEEL_POS;28.248,0.00
VAL;2026-09-18 10:58:11.498062;;;WHEEL_POS;28.294,0.00
VAL;2026-09-18 10:58:11.529320;;;WHEEL_POS;28.325,0.00
VAL;2026-09-18 10:58:11.560571;;;WHEEL_POS;28.357,0.00
VAL;2026-09-18 10:58:11.589717;;;WHEEL_POS;28.386,0.00
VAL;2026-09-18 10:58:11.605346;;;WHEEL_POS;28.401,0.00
VAL;2026-09-18 10:58:11.620972;;;WHEEL_POS;28.417,0.00
VAL;2026-09-18 10:58:11.652229;;;WHEEL_POS;28.448,0.00
VAL;2026-09-18 10:58:11.710643;;;WHEEL_POS;28.507,0.00
VAL;2026-09-18 10:58:11.726269;;;WHEEL_POS;28.522,0.00
VAL;2026-09-18 10:58:11.757520;;;WHEEL_POS;28.554,0.00
VAL;2026-09-18 10:58:11.790716;;;WHEEL_POS;28.587,0.00
VAL;2026-09-18 10:58:11.806344;;;WHEEL_POS;28.602,0.00
VAL;2026-09-18 10:58:11.837596;;;WHEEL_POS;28.634,0.00
VAL;2026-09-18 10:58:11.853222;;;WHEEL_POS;28.649,0.00
VAL;2026-09-18 10:58:11.872238;;;WHEEL_POS;28.668,0.00
VAL;2026-09-18 10:58:11.903495;;;WHEEL_POS;28.699,0.00
VAL;2026-09-18 10:58:11.919121;;;WHEEL_POS;28.715,0.00
VAL;2026-09-18 10:58:11.957392;;;WHEEL_POS;28.753,0.00
VAL;2026-09-18 10:58:11.990850;;;WHEEL_POS;28.787,0.00
VAL;2026-09-18 10:58:12.022106;;;WHEEL_POS;28.818,0.00
VAL;2026-09-18 10:58:12.037732;;;WHEEL_POS;28.834,0.00
VAL;2026-09-18 10:58:12.072490;;;WHEEL_POS;28.868,0.00
VAL;2026-09-18 10:58:12.103745;;;WHEEL_POS;28.900,0.00
VAL;2026-09-18 10:58:12.150632;;;WHEEL_POS;28.947,0.00
VAL;2026-09-18 10:58:12.166251;;;WHEEL_POS;28.962,0.00
VAL;2026-09-18 10:58:12.191201;;;WHEEL_POS;28.987,0.00
VAL;2026-09-18 10:58:12.222455;;;WHEEL_POS;29.018,0.00
VAL;2026-09-18 10:58:12.238082;;;WHEEL_POS;29.034,0.00
VAL;2026-09-18 10:58:12.272853;;;WHEEL_POS;29.069,0.00
VAL;2026-09-18 10:58:12.304113;;;WHEEL_POS;29.100,0.00
VAL;2026-09-18 10:58:12.335370;;;WHEEL_POS;29.131,0.00
VAL;2026-09-18 10:58:12.366617;;;WHEEL_POS;29.163,0.00
VAL;2026-09-18 10:58:12.391592;;;WHEEL_POS;29.188,0.00
VAL;2026-09-18 10:58:12.407224;;;WHEEL_POS;29.203,0.00
VAL;2026-09-18 10:58:12.438472;;;WHEEL_POS;29.234,0.00
VAL;2026-09-18 10:58:12.473253;;;WHEEL_POS;29.269,0.00
VAL;2026-09-18 10:58:12.514631;;;WHEEL_POS;29.311,0.00
VAL;2026-09-18 10:58:12.545887;;;WHEEL_POS;29.342,0.00
VAL;2026-09-18 10:58:12.592183;;;WHEEL_POS;29.388,0.00
VAL;2026-09-18 10:58:12.623437;;;WHEEL_POS;29.419,0.00
VAL;2026-09-18 10:58:12.639067;;;WHEEL_POS;29.435,0.00
VAL;2026-09-18 10:58:12.673837;;;WHEEL_POS;29.470,0.00
VAL;2026-09-18 10:58:12.705099;;;WHEEL_POS;29.501,0.00
VAL;2026-09-18 10:58:12.732550;;;WHEEL_POS;29.529,0.00
VAL;2026-09-18 10:58:12.748182;;;WHEEL_POS;29.544,0.00
VAL;2026-09-18 10:58:12.808102;;;WHEEL_POS;29.604,0.00
VAL;2026-09-18 10:58:12.823725;;;WHEEL_POS;29.620,0.00
VAL;2026-09-18 10:58:12.854977;;;WHEEL_POS;29.651,0.00
VAL;2026-09-18 10:58:12.889255;;;WHEEL_POS;29.685,0.00
VAL;2026-09-18 10:58:12.904881;;;WHEEL_POS;29.701,0.00
VAL;2026-09-18 10:58:12.936140;;;WHEEL_POS;29.732,0.00
VAL;2026-09-18 10:58:12.967387;;;WHEEL_POS;29.763,0.00
VAL;2026-09-18 10:58:12.993029;;;WHEEL_POS;29.789,0.00
VAL;2026-09-18 10:58:13.024284;;;WHEEL_POS;29.820,0.00
VAL;2026-09-18 10:58:13.039911;;;WHEEL_POS;29.836,0.00
VAL;2026-09-18 10:58:13.074182;;;WHEEL_POS;29.870,0.00
VAL;2026-09-18 10:58:13.089816;;;WHEEL_POS;29.886,0.00
VAL;2026-09-18 10:58:13.136699;;;WHEEL_POS;29.933,0.00
VAL;2026-09-18 10:58:13.152321;;;WHEEL_POS;29.948,0.00
VAL;2026-09-18 10:58:13.167947;;;WHEEL_POS;29.964,0.00
VAL;2026-09-18 10:58:13.193910;;;WHEEL_POS;29.990,0.00
VAL;2026-09-18 10:58:13.209545;;;WHEEL_POS;30.006,0.00
VAL;2026-09-18 10:58:13.240790;;;WHEEL_POS;30.037,0.00
VAL;2026-09-18 10:58:13.274568;;;WHEEL_POS;30.071,0.00
VAL;2026-09-18 10:58:13.290198;;;WHEEL_POS;30.086,0.00
VAL;2026-09-18 10:58:13.321451;;;WHEEL_POS;30.117,0.00
VAL;2026-09-18 10:58:13.337081;;;WHEEL_POS;30.133,0.00
VAL;2026-09-18 10:58:13.368328;;;WHEEL_POS;30.164,0.00
VAL;2026-09-18 10:58:13.394273;;;WHEEL_POS;30.190,0.00
VAL;2026-09-18 10:58:13.425528;;;WHEEL_POS;30.222,0.00
VAL;2026-09-18 10:58:13.441155;;;WHEEL_POS;30.237,0.00
VAL;2026-09-18 10:58:13.474932;;;WHEEL_POS;30.271,0.00
VAL;2026-09-18 10:58:13.531282;;;WHEEL_POS;30.327,0.00
VAL;2026-09-18 10:58:13.546904;;;WHEEL_POS;30.343,0.00
VAL;2026-09-18 10:58:13.595228;;;WHEEL_POS;30.391,0.00
VAL;2026-09-18 10:58:13.626482;;;WHEEL_POS;30.422,0.00
VAL;2026-09-18 10:58:13.642109;;;WHEEL_POS;30.438,0.00
VAL;2026-09-18 10:58:13.674874;;;WHEEL_POS;30.471,0.00
VAL;2026-09-18 10:58:13.706132;;;WHEEL_POS;30.502,0.00
VAL;2026-09-18 10:58:13.733267;;;WHEEL_POS;30.529,0.00
VAL;2026-09-18 10:58:13.764521;;;WHEEL_POS;30.561,0.00
VAL;2026-09-18 10:58:13.796197;;;WHEEL_POS;30.592,0.00
VAL;2026-09-18 10:58:13.827450;;;WHEEL_POS;30.623,0.00
VAL;2026-09-18 10:58:13.843077;;;WHEEL_POS;30.639,0.00
VAL;2026-09-18 10:58:13.874848;;;WHEEL_POS;30.671,0.00
VAL;2026-09-18 10:58:13.906105;;;WHEEL_POS;30.702,0.00
VAL;2026-09-18 10:58:13.937364;;;WHEEL_POS;30.733,0.00
VAL;2026-09-18 10:58:13.975120;;;WHEEL_POS;30.771,0.00
VAL;2026-09-18 10:58:13.996255;;;WHEEL_POS;30.792,0.00
VAL;2026-09-18 10:58:14.011888;;;WHEEL_POS;30.808,0.00
VAL;2026-09-18 10:58:14.043136;;;WHEEL_POS;30.839,0.00
VAL;2026-09-18 10:58:14.075403;;;WHEEL_POS;30.871,0.00
VAL;2026-09-18 10:58:14.106658;;;WHEEL_POS;30.903,0.00
VAL;2026-09-18 10:58:14.137917;;;WHEEL_POS;30.934,0.00
VAL;2026-09-18 10:58:14.169163;;;WHEEL_POS;30.965,0.00
VAL;2026-09-18 10:58:14.197120;;;WHEEL_POS;30.993,0.00
VAL;2026-09-18 10:58:14.228375;;;WHEEL_POS;31.024,0.00
VAL;2026-09-18 10:58:14.244001;;;WHEEL_POS;31.040,0.00
VAL;2026-09-18 10:58:14.275770;;;WHEEL_POS;31.072,0.00
VAL;2026-09-18 10:58:14.307027;;;WHEEL_POS;31.103,0.00
VAL;2026-09-18 10:58:14.338282;;;WHEEL_POS;31.134,0.00
VAL;2026-09-18 10:58:14.369531;;;WHEEL_POS;31.166,0.00
VAL;2026-09-18 10:58:14.396985;;;WHEEL_POS;31.193,0.00
VAL;2026-09-18 10:58:14.413626;;;WHEEL_POS;31.210,0.00
VAL;2026-09-18 10:58:14.444869;;;WHEEL_POS;31.241,0.00
VAL;2026-09-18 10:58:14.476004;;;WHEEL_POS;31.272,0.00
VAL;2026-09-18 10:58:14.531998;;;WHEEL_POS;31.328,0.00
VAL;2026-09-18 10:58:14.547619;;;WHEEL_POS;31.344,0.00
VAL;2026-09-18 10:58:14.599670;;;WHEEL_POS;31.396,0.00
VAL;2026-09-18 10:58:14.630926;;;WHEEL_POS;31.427,0.00
VAL;2026-09-18 10:58:14.662177;;;WHEEL_POS;31.458,0.00
VAL;2026-09-18 10:58:14.691826;;;WHEEL_POS;31.488,0.00
VAL;2026-09-18 10:58:14.750240;;;WHEEL_POS;31.546,0.00
VAL;2026-09-18 10:58:14.765860;;;WHEEL_POS;31.562,0.00
VAL;2026-09-18 10:58:14.802811;;;WHEEL_POS;31.599,0.00
VAL;2026-09-18 10:58:14.834064;;;WHEEL_POS;31.630,0.00
VAL;2026-09-18 10:58:14.865322;;;WHEEL_POS;31.661,0.00
VAL;2026-09-18 10:58:14.891960;;;WHEEL_POS;31.688,0.00
VAL;2026-09-18 10:58:14.923213;;;WHEEL_POS;31.719,0.00
VAL;2026-09-18 10:58:14.954464;;;WHEEL_POS;31.750,0.00
VAL;2026-09-18 10:58:14.970091;;;WHEEL_POS;31.766,0.00
VAL;2026-09-18 10:58:14.992230;;;WHEEL_POS;31.788,0.00
VAL;2026-09-18 10:58:15.019542;;;WHEEL_POS;31.816,0.00
VAL;2026-09-18 10:58:15.035167;;;WHEEL_POS;31.831,0.00
VAL;2026-09-18 10:58:15.066420;;;WHEEL_POS;31.862,0.00
VAL;2026-09-18 10:58:15.092054;;;WHEEL_POS;31.888,0.00
VAL;2026-09-18 10:58:15.123312;;;WHEEL_POS;31.919,0.00
VAL;2026-09-18 10:58:15.154558;;;WHEEL_POS;31.951,0.00
VAL;2026-09-18 10:58:15.170184;;;WHEEL_POS;31.966,0.00
VAL;2026-09-18 10:58:15.192325;;;WHEEL_POS;31.988,0.00
VAL;2026-09-18 10:58:15.220278;;;WHEEL_POS;32.016,0.00
VAL;2026-09-18 10:58:15.235903;;;WHEEL_POS;32.032,0.00
VAL;2026-09-18 10:58:15.267157;;;WHEEL_POS;32.063,0.00
VAL;2026-09-18 10:58:15.307925;;;WHEEL_POS;32.104,0.00
VAL;2026-09-18 10:58:15.323545;;;WHEEL_POS;32.120,0.00
VAL;2026-09-18 10:58:15.339171;;;WHEEL_POS;32.135,0.00
VAL;2026-09-18 10:58:15.376941;;;WHEEL_POS;32.173,0.00
VAL;2026-09-18 10:58:15.392571;;;WHEEL_POS;32.189,0.00
VAL;2026-09-18 10:58:15.421005;;;WHEEL_POS;32.217,0.00
VAL;2026-09-18 10:58:15.452257;;;WHEEL_POS;32.248,0.00
VAL;2026-09-18 10:58:15.492518;;;WHEEL_POS;32.289,0.00
VAL;2026-09-18 10:58:15.517221;;;WHEEL_POS;32.313,0.00
VAL;2026-09-18 10:58:15.548469;;;WHEEL_POS;32.344,0.00
VAL;2026-09-18 10:58:15.564095;;;WHEEL_POS;32.360,0.00
VAL;2026-09-18 10:58:15.592743;;;WHEEL_POS;32.389,0.00
VAL;2026-09-18 10:58:15.621814;;;WHEEL_POS;32.418,0.00
VAL;2026-09-18 10:58:15.653067;;;WHEEL_POS;32.449,0.00
VAL;2026-09-18 10:58:15.708455;;;WHEEL_POS;32.504,0.00
VAL;2026-09-18 10:58:15.736090;;;WHEEL_POS;32.532,0.00
VAL;2026-09-18 10:58:15.777357;;;WHEEL_POS;32.573,0.00
VAL;2026-09-18 10:58:15.792989;;;WHEEL_POS;32.589,0.00
VAL;2026-09-18 10:58:15.838293;;;WHEEL_POS;32.634,0.00
VAL;2026-09-18 10:58:15.853914;;;WHEEL_POS;32.650,0.00
VAL;2026-09-18 10:58:15.877431;;;WHEEL_POS;32.673,0.00
VAL;2026-09-18 10:58:15.893067;;;WHEEL_POS;32.689,0.00
VAL;2026-09-18 10:58:15.924312;;;WHEEL_POS;32.720,0.00
VAL;2026-09-18 10:58:15.941943;;;WHEEL_POS;32.738,0.00
VAL;2026-09-18 10:58:15.957574;;;WHEEL_POS;32.754,0.00
VAL;2026-09-18 10:58:16.007887;;;WHEEL_POS;32.804,0.00
VAL;2026-09-18 10:58:16.023516;;;WHEEL_POS;32.820,0.00
VAL;2026-09-18 10:58:16.070397;;;WHEEL_POS;32.866,0.00
VAL;2026-09-18 10:58:16.093533;;;WHEEL_POS;32.890,0.00
VAL;2026-09-18 10:58:16.109160;;;WHEEL_POS;32.905,0.00
VAL;2026-09-18 10:58:16.140417;;;WHEEL_POS;32.936,0.00
VAL;2026-09-18 10:58:16.171664;;;WHEEL_POS;32.968,0.00
VAL;2026-09-18 10:58:16.193798;;;WHEEL_POS;32.990,0.00
VAL;2026-09-18 10:58:16.225779;;;WHEEL_POS;33.022,0.00
VAL;2026-09-18 10:58:16.257031;;;WHEEL_POS;33.053,0.00
VAL;2026-09-18 10:58:16.293811;;;WHEEL_POS;33.090,0.00
VAL;2026-09-18 10:58:16.340694;;;WHEEL_POS;33.137,0.00
VAL;2026-09-18 10:58:16.356315;;;WHEEL_POS;33.152,0.00
VAL;2026-09-18 10:58:16.371941;;;WHEEL_POS;33.168,0.00
VAL;2026-09-18 10:58:16.394072;;;WHEEL_POS;33.190,0.00
VAL;2026-09-18 10:58:16.427447;;;WHEEL_POS;33.223,0.00
VAL;2026-09-18 10:58:16.443073;;;WHEEL_POS;33.239,0.00
VAL;2026-09-18 10:58:16.478342;;;WHEEL_POS;33.274,0.00
VAL;2026-09-18 10:58:16.493974;;;WHEEL_POS;33.290,0.00
VAL;2026-09-18 10:58:16.518226;;;WHEEL_POS;33.314,0.00
VAL;2026-09-18 10:58:16.549478;;;WHEEL_POS;33.345,0.00
VAL;2026-09-18 10:58:16.565105;;;WHEEL_POS;33.361,0.00
VAL;2026-09-18 10:58:16.594240;;;WHEEL_POS;33.390,0.00
VAL;2026-09-18 10:58:16.627506;;;WHEEL_POS;33.424,0.00
VAL;2026-09-18 10:58:16.643131;;;WHEEL_POS;33.439,0.00
VAL;2026-09-18 10:58:16.678897;;;WHEEL_POS;33.475,0.00
VAL;2026-09-18 10:58:16.694526;;;WHEEL_POS;33.491,0.00
VAL;2026-09-18 10:58:16.710152;;;WHEEL_POS;33.506,0.00
VAL;2026-09-18 10:58:16.736785;;;WHEEL_POS;33.533,0.00
VAL;2026-09-18 10:58:16.768042;;;WHEEL_POS;33.564,0.00
VAL;2026-09-18 10:58:16.794677;;;WHEEL_POS;33.591,0.00
VAL;2026-09-18 10:58:16.828497;;;WHEEL_POS;33.624,0.00
VAL;2026-09-18 10:58:16.859741;;;WHEEL_POS;33.656,0.00
VAL;2026-09-18 10:58:16.894505;;;WHEEL_POS;33.691,0.00
VAL;2026-09-18 10:58:16.925750;;;WHEEL_POS;33.722,0.00
VAL;2026-09-18 10:58:16.957009;;;WHEEL_POS;33.753,0.00
VAL;2026-09-18 10:58:17.011902;;;WHEEL_POS;33.808,0.00
VAL;2026-09-18 10:58:17.029733;;;WHEEL_POS;33.826,0.00
VAL;2026-09-18 10:58:17.076616;;;WHEEL_POS;33.873,0.00
VAL;2026-09-18 10:58:17.094760;;;WHEEL_POS;33.891,0.00
VAL;2026-09-18 10:58:17.126012;;;WHEEL_POS;33.922,0.00
VAL;2026-09-18 10:58:17.157264;;;WHEEL_POS;33.953,0.00
VAL;2026-09-18 10:58:17.195021;;;WHEEL_POS;33.991,0.00
VAL;2026-09-18 10:58:17.231123;;;WHEEL_POS;34.027,0.00
VAL;2026-09-18 10:58:17.279517;;;WHEEL_POS;34.076,0.00
VAL;2026-09-18 10:58:17.296507;;;WHEEL_POS;34.093,0.00
VAL;2026-09-18 10:58:17.312135;;;WHEEL_POS;34.108,0.00
VAL;2026-09-18 10:58:17.343394;;;WHEEL_POS;34.139,0.00
VAL;2026-09-18 10:58:17.379643;;;WHEEL_POS;34.176,0.00
VAL;2026-09-18 10:58:17.395272;;;WHEEL_POS;34.191,0.00
VAL;2026-09-18 10:58:17.432650;;;WHEEL_POS;34.229,0.00
VAL;2026-09-18 10:58:17.463902;;;WHEEL_POS;34.260,0.00
VAL;2026-09-18 10:58:17.501879;;;WHEEL_POS;34.298,0.00
VAL;2026-09-18 10:58:17.518509;;;WHEEL_POS;34.315,0.00
VAL;2026-09-18 10:58:17.549768;;;WHEEL_POS;34.346,0.00
VAL;2026-09-18 10:58:17.565388;;;WHEEL_POS;34.361,0.00
VAL;2026-09-18 10:58:17.610651;;;WHEEL_POS;34.407,0.00
VAL;2026-09-18 10:58:17.632794;;;WHEEL_POS;34.429,0.00
VAL;2026-09-18 10:58:17.664046;;;WHEEL_POS;34.460,0.00
VAL;2026-09-18 10:58:17.695192;;;WHEEL_POS;34.491,0.00
VAL;2026-09-18 10:58:17.737952;;;WHEEL_POS;34.534,0.00
VAL;2026-09-18 10:58:17.769209;;;WHEEL_POS;34.565,0.00
VAL;2026-09-18 10:58:17.795344;;;WHEEL_POS;34.591,0.00
VAL;2026-09-18 10:58:17.810969;;;WHEEL_POS;34.607,0.00
VAL;2026-09-18 10:58:17.834645;;;WHEEL_POS;34.631,0.00
VAL;2026-09-18 10:58:17.865894;;;WHEEL_POS;34.662,0.00
VAL;2026-09-18 10:58:17.895527;;;WHEEL_POS;34.692,0.00
VAL;2026-09-18 10:58:17.926780;;;WHEEL_POS;34.723,0.00
VAL;2026-09-18 10:58:17.973663;;;WHEEL_POS;34.770,0.00
VAL;2026-09-18 10:58:17.995812;;;WHEEL_POS;34.792,0.00
VAL;2026-09-18 10:58:18.035384;;;WHEEL_POS;34.831,0.00
VAL;2026-09-18 10:58:18.051012;;;WHEEL_POS;34.847,0.00
VAL;2026-09-18 10:58:18.111405;;;WHEEL_POS;34.907,0.00
VAL;2026-09-18 10:58:18.127027;;;WHEEL_POS;34.923,0.00
VAL;2026-09-18 10:58:18.173907;;;WHEEL_POS;34.970,0.00
VAL;2026-09-18 10:58:18.196047;;;WHEEL_POS;34.992,0.00
VAL;2026-09-18 10:58:18.236135;;;WHEEL_POS;35.032,0.00
VAL;2026-09-18 10:58:18.267391;;;WHEEL_POS;35.063,0.00
VAL;2026-09-18 10:58:18.296029;;;WHEEL_POS;35.092,0.00
VAL;2026-09-18 10:58:18.327280;;;WHEEL_POS;35.123,0.00
VAL;2026-09-18 10:58:18.358532;;;WHEEL_POS;35.155,0.00
VAL;2026-09-18 10:58:18.396307;;;WHEEL_POS;35.192,0.00
VAL;2026-09-18 10:58:18.436881;;;WHEEL_POS;35.233,0.00
VAL;2026-09-18 10:58:18.468134;;;WHEEL_POS;35.264,0.00
VAL;2026-09-18 10:58:18.502838;;;WHEEL_POS;35.299,0.00
VAL;2026-09-18 10:58:18.534097;;;WHEEL_POS;35.330,0.00
VAL;2026-09-18 10:58:18.565347;;;WHEEL_POS;35.361,0.00
VAL;2026-09-18 10:58:18.596484;;;WHEEL_POS;35.392,0.00
EVENT;2026-09-18 10:58:18.622452;10.0;;158;Tup
TRANSITION;2026-09-18 10:58:18.622452;10.0;;NoMovement;
EVENT;2026-09-18 10:58:18.622452;10.0001;;158;Tup
TRANSITION;2026-09-18 10:58:18.622452;10.0001;;ITI;
VAL;2026-09-18 10:58:18.653709;;;WHEEL_POS;35.450,0.00
VAL;2026-09-18 10:58:18.669332;;;WHEEL_POS;35.465,0.00
VAL;2026-09-18 10:58:18.696467;;;WHEEL_POS;35.492,0.00
VAL;2026-09-18 10:58:18.712099;;;WHEEL_POS;35.508,0.00
VAL;2026-09-18 10:58:18.740204;;;WHEEL_POS;35.536,0.00
VAL;2026-09-18 10:58:18.771456;;;WHEEL_POS;35.567,0.00
VAL;2026-09-18 10:58:18.796591;;;WHEEL_POS;35.593,0.00
VAL;2026-09-18 10:58:18.854021;;;WHEEL_POS;35.650,0.00
VAL;2026-09-18 10:58:18.869643;;;WHEEL_POS;35.666,0.00
VAL;2026-09-18 10:58:18.912416;;;WHEEL_POS;35.708,0.00
VAL;2026-09-18 10:58:18.928034;;;WHEEL_POS;35.724,0.00
VAL;2026-09-18 10:58:18.981119;;;WHEEL_POS;35.777,0.00
VAL;2026-09-18 10:58:19.012383;;;WHEEL_POS;35.808,0.00
VAL;2026-09-18 10:58:19.038518;;;WHEEL_POS;35.835,0.00
VAL;2026-09-18 10:58:19.054152;;;WHEEL_POS;35.850,0.00
VAL;2026-09-18 10:58:19.096905;;;WHEEL_POS;35.893,0.00
EVENT;2026-09-18 10:58:19.112537;10.5001;;158;Tup
END-TRIAL;2026-09-18 10:58:19.112537;;;The trial ended;
INFO;2026-09-18 10:58:19.112537;29.811631;40.311734;TRIAL-BPOD-TIME;10.500103000000003
STATE;2026-09-18 10:58:19.112537;0;10.0;WheelPeriod;10.0
STATE;2026-09-18 10:58:19.112537;10.0;10.0001;NoMovement;9.999999999976694e-05
STATE;2026-09-18 10:58:19.112537;10.0001;10.5001;ITI;0.5
STATE;2026-09-18 10:58:19.112537;nan;nan;RewardL;nan
STATE;2026-09-18 10:58:19.112537;nan;nan;RewardR;nan
STATE;2026-09-18 10:58:19.112537;nan;nan;NoRewardL;nan
STATE;2026-09-18 10:58:19.112537;nan;nan;NoRewardR;nan
VAL;2026-09-18 10:58:19.181543;;;TRIAL_TYPE;stage2
VAL;2026-09-18 10:58:19.181543;;;MOVEMENT_DIRECTION;None
VAL;2026-09-18 10:58:19.181543;;;OUTCOME;NoMovement
VAL;2026-09-18 10:58:19.181543;;;DIRECTION_RATIO;0.5
stdout;2026-09-18 10:58:19.181543;;;Trial 3: threshold=7.0deg, NoMovement, direction_ratio=0.50;
stdout;2026-09-18 10:58:19.181543;;;|
|;
VAL;2026-09-18 10:58:19.355698;;;TRIAL_INIT_START;36.151697874069214
VAL;2026-09-18 10:58:19.397456;;;WHEEL_POS;36.193,0.00
VAL;2026-09-18 10:58:19.413084;;;WHEEL_POS;36.209,0.00
VAL;2026-09-18 10:58:19.439530;;;WHEEL_POS;36.236,0.00
VAL;2026-09-18 10:58:19.455156;;;WHEEL_POS;36.251,0.00
VAL;2026-09-18 10:58:19.502503;;;WHEEL_POS;36.299,0.00
VAL;2026-09-18 10:58:19.519138;;;WHEEL_POS;36.315,0.00
VAL;2026-09-18 10:58:19.534764;;;TRIAL_START;36.31513690948486
VAL;2026-09-18 10:58:19.534764;;;QUIESCENCE_BREAKS;0
VAL;2026-09-18 10:58:19.534764;;;THRESHOLD_DEG;7.0
TRIAL;2026-09-18 10:58:19.581643;;;New trial;
VAL;2026-09-18 10:58:19.597268;;;WHEEL_POS;36.393,0.00
VAL;2026-09-18 10:58:19.639528;;;WHEEL_POS;36.436,0.00
VAL;2026-09-18 10:58:19.655154;;;WHEEL_POS;36.451,0.00
VAL;2026-09-18 10:58:19.697417;;;WHEEL_POS;36.493,0.00
VAL;2026-09-18 10:58:19.741178;;;WHEEL_POS;36.537,0.00
VAL;2026-09-18 10:58:19.772434;;;WHEEL_POS;36.568,0.00
VAL;2026-09-18 10:58:19.813206;;;WHEEL_POS;36.609,0.00
VAL;2026-09-18 10:58:19.839889;;;WHEEL_POS;36.636,0.00
VAL;2026-09-18 10:58:19.882156;;;WHEEL_POS;36.678,0.00
VAL;2026-09-18 10:58:19.897786;;;WHEEL_POS;36.694,0.00
VAL;2026-09-18 10:58:19.929036;;;WHEEL_POS;36.725,0.00
VAL;2026-09-18 10:58:19.957670;;;WHEEL_POS;36.754,0.00
VAL;2026-09-18 10:58:19.997948;;;WHEEL_POS;36.794,0.00
VAL;2026-09-18 10:58:20.041014;;;WHEEL_POS;36.837,0.00
VAL;2026-09-18 10:58:20.072269;;;WHEEL_POS;36.868,0.00
VAL;2026-09-18 10:58:20.097907;;;WHEEL_POS;36.894,0.00
VAL;2026-09-18 10:58:20.129161;;;WHEEL_POS;36.925,0.00
VAL;2026-09-18 10:58:20.160411;;;WHEEL_POS;36.956,0.00
VAL;2026-09-18 10:58:20.176037;;;WHEEL_POS;36.972,0.00
VAL;2026-09-18 10:58:20.198172;;;WHEEL_POS;36.994,0.00
VAL;2026-09-18 10:58:20.257412;;;WHEEL_POS;37.053,0.00
VAL;2026-09-18 10:58:20.273032;;;WHEEL_POS;37.069,0.00
VAL;2026-09-18 10:58:20.313797;;;WHEEL_POS;37.110,0.00
VAL;2026-09-18 10:58:20.329419;;;WHEEL_POS;37.125,0.00
VAL;2026-09-18 10:58:20.345044;;;WHEEL_POS;37.141,0.00
VAL;2026-09-18 10:58:20.382820;;;WHEEL_POS;37.179,0.00
VAL;2026-09-18 10:58:20.398453;;;WHEEL_POS;37.194,0.00
VAL;2026-09-18 10:58:20.414078;;;WHEEL_POS;37.210,0.00
VAL;2026-09-18 10:58:20.442557;;;WHEEL_POS;37.239,0.00
VAL;2026-09-18 10:58:20.458189;;;WHEEL_POS;37.254,0.00
VAL;2026-09-18 10:58:20.503525;;;WHEEL_POS;37.300,0.00
VAL;2026-09-18 10:58:20.520157;;;WHEEL_POS;37.316,0.00
VAL;2026-09-18 10:58:20.551414;;;WHEEL_POS;37.347,0.00
VAL;2026-09-18 10:58:20.582661;;;WHEEL_POS;37.379,0.00
VAL;2026-09-18 10:58:20.613919;;;WHEEL_POS;37.410,0.00
VAL;2026-09-18 10:58:20.642561;;;WHEEL_POS;37.439,0.00
VAL;2026-09-18 10:58:20.658187;;;WHEEL_POS;37.454,0.00
VAL;2026-09-18 10:58:20.698457;;;WHEEL_POS;37.494,0.00
VAL;2026-09-18 10:58:20.714083;;;WHEEL_POS;37.510,0.00
VAL;2026-09-18 10:58:20.742258;;;WHEEL_POS;37.538,0.00
VAL;2026-09-18 10:58:20.773511;;;WHEEL_POS;37.570,0.00
VAL;2026-09-18 10:58:20.798646;;;WHEEL_POS;37.595,0.00
VAL;2026-09-18 10:58:20.843894;;;WHEEL_POS;37.640,0.00
VAL;2026-09-18 10:58:20.883158;;;WHEEL_POS;37.679,0.00
VAL;2026-09-18 10:58:20.914418;;;WHEEL_POS;37.710,0.00
VAL;2026-09-18 10:58:20.930043;;;WHEEL_POS;37.726,0.00
VAL;2026-09-18 10:58:20.961304;;;WHEEL_POS;37.757,0.00
VAL;2026-09-18 10:58:20.999057;;;WHEEL_POS;37.795,0.00
VAL;2026-09-18 10:58:21.045281;;;WHEEL_POS;37.841,0.00
VAL;2026-09-18 10:58:21.083546;;;WHEEL_POS;37.880,0.00
VAL;2026-09-18 10:58:21.114807;;;WHEEL_POS;37.911,0.00
VAL;2026-09-18 10:58:21.146059;;;WHEEL_POS;37.942,0.00
VAL;2026-09-18 10:58:21.177311;;;WHEEL_POS;37.973,0.00
VAL;2026-09-18 10:58:21.199451;;;WHEEL_POS;37.995,0.00
VAL;2026-09-18 10:58:21.215081;;;WHEEL_POS;38.011,0.00
VAL;2026-09-18 10:58:21.246411;;;WHEEL_POS;38.042,0.00
VAL;2026-09-18 10:58:21.262038;;;WHEEL_POS;38.058,0.00
VAL;2026-09-18 10:58:21.299305;;;WHEEL_POS;38.095,0.00
VAL;2026-09-18 10:58:21.314925;;;WHEEL_POS;38.111,0.00
VAL;2026-09-18 10:58:21.361809;;;WHEEL_POS;38.158,0.00
VAL;2026-09-18 10:58:21.377430;;;WHEEL_POS;38.173,0.00
VAL;2026-09-18 10:58:21.415193;;;WHEEL_POS;38.211,0.00
VAL;2026-09-18 10:58:21.431551;;;WHEEL_POS;38.228,0.00
VAL;2026-09-18 10:58:21.447180;;;WHEEL_POS;38.243,0.00
VAL;2026-09-18 10:58:21.483953;;;WHEEL_POS;38.280,0.00
VAL;2026-09-18 10:58:21.536462;;;WHEEL_POS;38.332,0.00
VAL;2026-09-18 10:58:21.552085;;;WHEEL_POS;38.348,0.00
VAL;2026-09-18 10:58:21.599481;;;WHEEL_POS;38.395,0.00
VAL;2026-09-18 10:58:21.615106;;;WHEEL_POS;38.411,0.00
VAL;2026-09-18 10:58:21.662494;;;WHEEL_POS;38.458,0.00
VAL;2026-09-18 10:58:21.678115;;;WHEEL_POS;38.474,0.00
VAL;2026-09-18 10:58:21.715384;;;WHEEL_POS;38.511,0.00
VAL;2026-09-18 10:58:21.743530;;;WHEEL_POS;38.540,0.00
VAL;2026-09-18 10:58:21.774788;;;WHEEL_POS;38.571,0.00
VAL;2026-09-18 10:58:21.799927;;;WHEEL_POS;38.596,0.00
VAL;2026-09-18 10:58:21.832451;;;WHEEL_POS;38.628,0.00
VAL;2026-09-18 10:58:21.863707;;;WHEEL_POS;38.660,0.00
VAL;2026-09-18 10:58:21.899972;;;WHEEL_POS;38.696,0.00
VAL;2026-09-18 10:58:21.931219;;;WHEEL_POS;38.727,0.00
VAL;2026-09-18 10:58:21.962476;;;WHEEL_POS;38.758,0.00
VAL;2026-09-18 10:58:22.015868;;;WHEEL_POS;38.812,0.00
VAL;2026-09-18 10:58:22.033316;;;WHEEL_POS;38.829,0.00
VAL;2026-09-18 10:58:22.048945;;;WHEEL_POS;38.845,0.00
VAL;2026-09-18 10:58:22.084717;;;WHEEL_POS;38.881,0.00
VAL;2026-09-18 10:58:22.100352;;;WHEEL_POS;38.896,0.00
VAL;2026-09-18 10:58:22.115978;;;WHEEL_POS;38.912,0.00
VAL;2026-09-18 10:58:22.147237;;;WHEEL_POS;38.943,0.00
VAL;2026-09-18 10:58:22.178483;;;WHEEL_POS;38.974,0.00
VAL;2026-09-18 10:58:22.200616;;;WHEEL_POS;38.997,0.00
VAL;2026-09-18 10:58:22.234381;;;WHEEL_POS;39.030,0.00
VAL;2026-09-18 10:58:22.250009;;;WHEEL_POS;39.046,0.00
VAL;2026-09-18 10:58:22.285281;;;WHEEL_POS;39.081,0.00
VAL;2026-09-18 10:58:22.300916;;;WHEEL_POS;39.097,0.00
VAL;2026-09-18 10:58:22.347795;;;WHEEL_POS;39.144,0.00
VAL;2026-09-18 10:58:22.363418;;;WHEEL_POS;39.159,0.00
VAL;2026-09-18 10:58:22.379044;;;WHEEL_POS;39.175,0.00
VAL;2026-09-18 10:58:22.401179;;;WHEEL_POS;39.197,0.00
VAL;2026-09-18 10:58:22.435649;;;WHEEL_POS;39.232,0.00
VAL;2026-09-18 10:58:22.451277;;;WHEEL_POS;39.247,0.00
VAL;2026-09-18 10:58:22.466910;;;WHEEL_POS;39.263,0.00
VAL;2026-09-18 10:58:22.504176;;;WHEEL_POS;39.300,0.00
VAL;2026-09-18 10:58:22.535434;;;WHEEL_POS;39.331,0.00
VAL;2026-09-18 10:58:22.551057;;;WHEEL_POS;39.347,0.00
VAL;2026-09-18 10:58:22.585824;;;WHEEL_POS;39.382,0.00
VAL;2026-09-18 10:58:22.601458;;;WHEEL_POS;39.397,0.00
VAL;2026-09-18 10:58:22.617083;;;WHEEL_POS;39.413,0.00
VAL;2026-09-18 10:58:22.651344;;;WHEEL_POS;39.447,0.00
VAL;2026-09-18 10:58:22.686097;;;WHEEL_POS;39.482,0.00
VAL;2026-09-18 10:58:22.701726;;;WHEEL_POS;39.498,0.00
VAL;2026-09-18 10:58:22.745135;;;WHEEL_POS;39.541,0.00
VAL;2026-09-18 10:58:22.776387;;;WHEEL_POS;39.572,0.00
VAL;2026-09-18 10:58:22.802020;;;WHEEL_POS;39.598,0.00
VAL;2026-09-18 10:58:22.835780;;;WHEEL_POS;39.632,0.00
VAL;2026-09-18 10:58:22.851408;;;WHEEL_POS;39.647,0.00
VAL;2026-09-18 10:58:22.867042;;;WHEEL_POS;39.663,0.00
VAL;2026-09-18 10:58:22.902305;;;WHEEL_POS;39.698,0.00
VAL;2026-09-18 10:58:22.917930;;;WHEEL_POS;39.714,0.00
VAL;2026-09-18 10:58:22.949182;;;WHEEL_POS;39.745,0.00
VAL;2026-09-18 10:58:22.986942;;;WHEEL_POS;39.783,0.00
VAL;2026-09-18 10:58:23.018201;;;WHEEL_POS;39.814,0.00
VAL;2026-09-18 10:58:23.050495;;;WHEEL_POS;39.846,0.00
VAL;2026-09-18 10:58:23.087255;;;WHEEL_POS;39.883,0.00
VAL;2026-09-18 10:58:23.118513;;;WHEEL_POS;39.915,0.00
VAL;2026-09-18 10:58:23.134139;;;WHEEL_POS;39.930,0.00
VAL;2026-09-18 10:58:23.181019;;;WHEEL_POS;39.977,0.00
VAL;2026-09-18 10:58:23.203161;;;WHEEL_POS;39.999,0.00
VAL;2026-09-18 10:58:23.234414;;;WHEEL_POS;40.030,0.00
VAL;2026-09-18 10:58:23.249925;;;WHEEL_POS;40.046,0.00
VAL;2026-09-18 10:58:23.281184;;;WHEEL_POS;40.077,0.00
VAL;2026-09-18 10:58:23.303318;;;WHEEL_POS;40.099,0.00
VAL;2026-09-18 10:58:23.318947;;;WHEEL_POS;40.115,0.00
VAL;2026-09-18 10:58:23.350196;;;WHEEL_POS;40.146,0.00
VAL;2026-09-18 10:58:23.387960;;;WHEEL_POS;40.177,0.00
VAL;2026-09-18 10:58:23.403593;;;WHEEL_POS;40.200,0.00
VAL;2026-09-18 10:58:23.434844;;;WHEEL_POS;40.231,0.00
VAL;2026-09-18 10:58:23.468122;;;WHEEL_POS;40.264,0.00
VAL;2026-09-18 10:58:23.506388;;;WHEEL_POS;40.302,0.00
VAL;2026-09-18 10:58:23.522019;;;WHEEL_POS;40.318,0.00
VAL;2026-09-18 10:58:23.553269;;;WHEEL_POS;40.349,0.00
VAL;2026-09-18 10:58:23.568895;;;WHEEL_POS;40.365,0.00
VAL;2026-09-18 10:58:23.604178;;;WHEEL_POS;40.400,0.00
VAL;2026-09-18 10:58:23.651058;;;WHEEL_POS;40.447,0.00
VAL;2026-09-18 10:58:23.668203;;;WHEEL_POS;40.464,0.00
VAL;2026-09-18 10:58:23.720093;;;WHEEL_POS;40.516,0.00
VAL;2026-09-18 10:58:23.746733;;;WHEEL_POS;40.543,0.00
VAL;2026-09-18 10:58:23.777988;;;WHEEL_POS;40.574,0.00
VAL;2026-09-18 10:58:23.804623;;;WHEEL_POS;40.601,0.00
VAL;2026-09-18 10:58:23.835880;;;WHEEL_POS;40.632,0.00
VAL;2026-09-18 10:58:23.889209;;;WHEEL_POS;40.685,0.00
VAL;2026-09-18 10:58:23.920469;;;WHEEL_POS;40.716,0.00
VAL;2026-09-18 10:58:23.936095;;;WHEEL_POS;40.732,0.00
VAL;2026-09-18 10:58:23.956750;;;WHEEL_POS;40.753,0.00
VAL;2026-09-18 10:58:23.989512;;;WHEEL_POS;40.786,0.00
VAL;2026-09-18 10:58:24.005141;;;WHEEL_POS;40.801,0.00
VAL;2026-09-18 10:58:24.036393;;;WHEEL_POS;40.832,0.00
VAL;2026-09-18 10:58:24.070166;;;WHEEL_POS;40.866,0.00
VAL;2026-09-18 10:58:24.105432;;;WHEEL_POS;40.901,0.00
VAL;2026-09-18 10:58:24.136679;;;WHEEL_POS;40.933,0.00
VAL;2026-09-18 10:58:24.167938;;;WHEEL_POS;40.964,0.00
VAL;2026-09-18 10:58:24.205695;;;WHEEL_POS;41.002,0.00
VAL;2026-09-18 10:58:24.236948;;;WHEEL_POS;41.033,0.00
VAL;2026-09-18 10:58:24.290166;;;WHEEL_POS;41.086,0.00
VAL;2026-09-18 10:58:24.305797;;;WHEEL_POS;41.102,0.00
VAL;2026-09-18 10:58:24.352675;;;WHEEL_POS;41.149,0.00
VAL;2026-09-18 10:58:24.368305;;;WHEEL_POS;41.164,0.00
VAL;2026-09-18 10:58:24.406061;;;WHEEL_POS;41.202,0.00
VAL;2026-09-18 10:58:24.437313;;;WHEEL_POS;41.233,0.00
VAL;2026-09-18 10:58:24.455776;;;WHEEL_POS;41.252,0.00
VAL;2026-09-18 10:58:24.471405;;;WHEEL_POS;41.267,0.00
VAL;2026-09-18 10:58:24.506847;;;WHEEL_POS;41.303,0.00
VAL;2026-09-18 10:58:24.522475;;;WHEEL_POS;41.318,0.00
VAL;2026-09-18 10:58:24.553733;;;WHEEL_POS;41.350,0.00
VAL;2026-09-18 10:58:24.590486;;;WHEEL_POS;41.386,0.00
VAL;2026-09-18 10:58:24.606116;;;WHEEL_POS;41.402,0.00
VAL;2026-09-18 10:58:24.637367;;;WHEEL_POS;41.433,0.00
VAL;2026-09-18 10:58:24.672944;;;WHEEL_POS;41.469,0.00
VAL;2026-09-18 10:58:24.706216;;;WHEEL_POS;41.502,0.00
VAL;2026-09-18 10:58:24.747477;;;WHEEL_POS;41.543,0.00
VAL;2026-09-18 10:58:24.763105;;;WHEEL_POS;41.559,0.00
VAL;2026-09-18 10:58:24.806375;;;WHEEL_POS;41.602,0.00
VAL;2026-09-18 10:58:24.822001;;;WHEEL_POS;41.618,0.00
VAL;2026-09-18 10:58:24.858656;;;WHEEL_POS;41.655,0.00
VAL;2026-09-18 10:58:24.874285;;;WHEEL_POS;41.670,0.00
VAL;2026-09-18 10:58:24.906560;;;WHEEL_POS;41.703,0.00
VAL;2026-09-18 10:58:24.953440;;;WHEEL_POS;41.749,0.00
VAL;2026-09-18 10:58:24.969067;;;WHEEL_POS;41.765,0.00
VAL;2026-09-18 10:58:25.022455;;;WHEEL_POS;41.818,0.00
VAL;2026-09-18 10:58:25.038076;;;WHEEL_POS;41.834,0.00
VAL;2026-09-18 10:58:25.075154;;;WHEEL_POS;41.871,0.00
VAL;2026-09-18 10:58:25.106930;;;WHEEL_POS;41.903,0.00
VAL;2026-09-18 10:58:25.153810;;;WHEEL_POS;41.950,0.00
VAL;2026-09-18 10:58:25.169436;;;WHEEL_POS;41.965,0.00
VAL;2026-09-18 10:58:25.222822;;;WHEEL_POS;42.019,0.00
VAL;2026-09-18 10:58:25.238444;;;WHEEL_POS;42.034,1.10
VAL;2026-09-18 10:58:25.258892;;;WHEEL_POS;42.055,1.80
VAL;2026-09-18 10:58:25.291665;;;WHEEL_POS;42.088,3.20
VAL;2026-09-18 10:58:25.307295;;;WHEEL_POS;42.103,3.90
VAL;2026-09-18 10:58:25.338547;;;WHEEL_POS;42.135,3.90
VAL;2026-09-18 10:58:25.354179;;;WHEEL_POS;42.150,3.50
VAL;2026-09-18 10:58:25.385426;;;WHEEL_POS;42.181,3.20
VAL;2026-09-18 10:58:25.407560;;;WHEEL_POS;42.204,2.50
VAL;2026-09-18 10:58:25.438813;;;WHEEL_POS;42.235,1.10
VAL;2026-09-18 10:58:25.475883;;;WHEEL_POS;42.272,1.10
VAL;2026-09-18 10:58:25.510539;;;WHEEL_POS;42.307,1.80
VAL;2026-09-18 10:58:25.526167;;;WHEEL_POS;42.322,1.80
VAL;2026-09-18 10:58:25.557423;;;WHEEL_POS;42.353,1.80
VAL;2026-09-18 10:58:25.592177;;;WHEEL_POS;42.388,1.40
VAL;2026-09-18 10:58:25.607805;;;WHEEL_POS;42.404,0.70
VAL;2026-09-18 10:58:25.639059;;;WHEEL_POS;42.435,-1.40
VAL;2026-09-18 10:58:25.676661;;;WHEEL_POS;42.473,-3.90
VAL;2026-09-18 10:58:25.707803;;;WHEEL_POS;42.504,-6.30
EVENT;2026-09-18 10:58:25.707803;6.119800000000001;;0;RotaryEncoder1_1
TRANSITION;2026-09-18 10:58:25.707803;6.119800000000001;;RewardL;
VAL;2026-09-18 10:58:25.748065;;;WHEEL_POS;42.544,-9.10
EVENT;2026-09-18 10:58:25.763689;6.1686000000000005;;158;Tup
TRANSITION;2026-09-18 10:58:25.763689;6.1686000000000005;;ITI;
VAL;2026-09-18 10:58:25.779316;;;WHEEL_POS;42.575,-9.80
VAL;2026-09-18 10:58:25.807953;;;WHEEL_POS;42.604,-9.80
VAL;2026-09-18 10:58:25.839204;;;WHEEL_POS;42.635,-9.80
VAL;2026-09-18 10:58:25.877779;;;WHEEL_POS;42.674,-8.40
VAL;2026-09-18 10:58:25.907912;;;WHEEL_POS;42.704,-8.10
VAL;2026-09-18 10:58:25.939164;;;WHEEL_POS;42.735,-8.10
VAL;2026-09-18 10:58:25.970417;;;WHEEL_POS;42.766,-8.10
VAL;2026-09-18 10:58:25.986043;;;WHEEL_POS;42.782,-8.10
VAL;2026-09-18 10:58:26.008175;;;WHEEL_POS;42.804,-8.10
VAL;2026-09-18 10:58:26.039428;;;WHEEL_POS;42.835,-8.10
VAL;2026-09-18 10:58:26.062884;;;WHEEL_POS;42.859,-8.10
VAL;2026-09-18 10:58:26.078511;;;WHEEL_POS;42.875,-8.10
VAL;2026-09-18 10:58:26.108143;;;WHEEL_POS;42.904,-8.10
VAL;2026-09-18 10:58:26.139396;;;WHEEL_POS;42.935,-8.10
VAL;2026-09-18 10:58:26.155023;;;WHEEL_POS;42.951,-8.10
VAL;2026-09-18 10:58:26.186275;;;WHEEL_POS;42.982,-8.10
VAL;2026-09-18 10:58:26.208411;;;WHEEL_POS;43.004,-8.10
VAL;2026-09-18 10:58:26.224035;;;WHEEL_POS;43.020,-8.10
VAL;2026-09-18 10:58:26.255287;;;WHEEL_POS;43.051,-8.10
EVENT;2026-09-18 10:58:26.263604;6.6686000000000005;;158;Tup
END-TRIAL;2026-09-18 10:58:26.263604;;;The trial ended;
INFO;2026-09-18 10:58:26.263604;40.789531;47.458134;TRIAL-BPOD-TIME;6.6686030000000045
STATE;2026-09-18 10:58:26.263604;0;6.119800000000001;WheelPeriod;6.119800000000001
STATE;2026-09-18 10:58:26.263604;6.119800000000001;6.1686000000000005;RewardL;0.048799999999999955
STATE;2026-09-18 10:58:26.263604;6.1686000000000005;6.6686000000000005;ITI;0.5
STATE;2026-09-18 10:58:26.263604;nan;nan;RewardR;nan
STATE;2026-09-18 10:58:26.263604;nan;nan;NoRewardL;nan
STATE;2026-09-18 10:58:26.263604;nan;nan;NoRewardR;nan
STATE;2026-09-18 10:58:26.263604;nan;nan;NoMovement;nan
VAL;2026-09-18 10:58:26.323996;;;TRIAL_TYPE;stage2
VAL;2026-09-18 10:58:26.323996;;;MOVEMENT_DIRECTION;L
VAL;2026-09-18 10:58:26.323996;;;OUTCOME;Rewarded
VAL;2026-09-18 10:58:26.323996;;;DIRECTION_RATIO;0.0
VAL;2026-09-18 10:58:26.323996;;;THRESHOLD_CROSSING_TIME;42.49744191627502
stdout;2026-09-18 10:58:26.323996;;;Trial 4: threshold=7.0deg, Rewarded, direction_ratio=0.00;
stdout;2026-09-18 10:58:26.323996;;;|
|;
VAL;2026-09-18 10:58:26.509492;;;TRIAL_INIT_START;43.30549168586731
VAL;2026-09-18 10:58:26.525121;;;WHEEL_POS;43.321,-8.10
VAL;2026-09-18 10:58:26.556374;;;WHEEL_POS;43.352,-8.10
VAL;2026-09-18 10:58:26.572000;;;WHEEL_POS;43.368,-8.10
VAL;2026-09-18 10:58:26.609259;;;WHEEL_POS;43.405,-8.10
VAL;2026-09-18 10:58:26.640510;;;WHEEL_POS;43.437,-8.10
VAL;2026-09-18 10:58:26.656136;;;WHEEL_POS;43.452,-8.10
VAL;2026-09-18 10:58:26.681268;;;TRIAL_START;43.45213532447815
VAL;2026-09-18 10:58:26.681268;;;QUIESCENCE_BREAKS;0
VAL;2026-09-18 10:58:26.681268;;;THRESHOLD_DEG;7.0
TRIAL;2026-09-18 10:58:26.733555;;;New trial;
VAL;2026-09-18 10:58:26.749191;;;WHEEL_POS;43.545,0.00
VAL;2026-09-18 10:58:26.780443;;;WHEEL_POS;43.576,0.00
VAL;2026-09-18 10:58:26.809578;;;WHEEL_POS;43.606,0.00
VAL;2026-09-18 10:58:26.825204;;;WHEEL_POS;43.621,0.00
VAL;2026-09-18 10:58:26.856457;;;WHEEL_POS;43.652,0.00
VAL;2026-09-18 10:58:26.881408;;;WHEEL_POS;43.677,0.00
VAL;2026-09-18 10:58:26.909542;;;WHEEL_POS;43.706,0.00
VAL;2026-09-18 10:58:26.940798;;;WHEEL_POS;43.737,0.00
VAL;2026-09-18 10:58:26.987677;;;WHEEL_POS;43.784,0.00
VAL;2026-09-18 10:58:27.009821;;;WHEEL_POS;43.806,0.00
VAL;2026-09-18 10:58:27.041073;;;WHEEL_POS;43.837,0.00
VAL;2026-09-18 10:58:27.082804;;;WHEEL_POS;43.879,0.00
VAL;2026-09-18 10:58:27.109938;;;WHEEL_POS;43.906,0.00
VAL;2026-09-18 10:58:27.141192;;;WHEEL_POS;43.937,0.00
VAL;2026-09-18 10:58:27.172442;;;WHEEL_POS;43.968,0.00
VAL;2026-09-18 10:58:27.194588;;;WHEEL_POS;43.991,0.00
VAL;2026-09-18 10:58:27.210219;;;WHEEL_POS;44.006,0.00
VAL;2026-09-18 10:58:27.241470;;;WHEEL_POS;44.037,0.70
VAL;2026-09-18 10:58:27.283916;;;WHEEL_POS;44.080,0.70
VAL;2026-09-18 10:58:27.310050;;;WHEEL_POS;44.106,1.10
VAL;2026-09-18 10:58:27.341303;;;WHEEL_POS;44.137,1.40
VAL;2026-09-18 10:58:27.388186;;;WHEEL_POS;44.184,3.20
VAL;2026-09-18 10:58:27.410326;;;WHEEL_POS;44.206,4.60
VAL;2026-09-18 10:58:27.441576;;;WHEEL_POS;44.238,5.30
VAL;2026-09-18 10:58:27.457208;;;WHEEL_POS;44.253,5.30
VAL;2026-09-18 10:58:27.483357;;;WHEEL_POS;44.279,5.30
VAL;2026-09-18 10:58:27.510492;;;WHEEL_POS;44.306,5.30
VAL;2026-09-18 10:58:27.534687;;;WHEEL_POS;44.331,6.30
EVENT;2026-09-18 10:58:27.550310;0.8032;;1;RotaryEncoder1_2
TRANSITION;2026-09-18 10:58:27.550310;0.8032;;RewardR;
VAL;2026-09-18 10:58:27.565936;;;WHEEL_POS;44.362,7.40
EVENT;2026-09-18 10:58:27.595068;0.8520000000000001;;158;Tup
TRANSITION;2026-09-18 10:58:27.595068;0.8520000000000001;;ITI;
VAL;2026-09-18 10:58:27.610696;;;WHEEL_POS;44.407,7.70
VAL;2026-09-18 10:58:27.641948;;;WHEEL_POS;44.438,7.70
VAL;2026-09-18 10:58:27.686210;;;WHEEL_POS;44.482,7.70
VAL;2026-09-18 10:58:27.710845;;;WHEEL_POS;44.507,7.70
VAL;2026-09-18 10:58:27.752641;;;WHEEL_POS;44.549,7.70
VAL;2026-09-18 10:58:27.783894;;;WHEEL_POS;44.580,7.40
VAL;2026-09-18 10:58:27.811027;;;WHEEL_POS;44.607,7.00
VAL;2026-09-18 10:58:27.842281;;;WHEEL_POS;44.638,6.30
VAL;2026-09-18 10:58:27.886404;;;WHEEL_POS;44.682,6.30
VAL;2026-09-18 10:58:27.911039;;;WHEEL_POS;44.707,6.30
VAL;2026-09-18 10:58:27.942170;;;WHEEL_POS;44.738,6.30
VAL;2026-09-18 10:58:27.973426;;;WHEEL_POS;44.769,6.30
VAL;2026-09-18 10:58:27.989051;;;WHEEL_POS;44.785,6.30
VAL;2026-09-18 10:58:28.011185;;;WHEEL_POS;44.807,6.30
VAL;2026-09-18 10:58:28.042438;;;WHEEL_POS;44.838,6.30
VAL;2026-09-18 10:58:28.095532;;;WHEEL_POS;44.892,6.30
EVENT;2026-09-18 10:58:28.095532;1.352;;158;Tup
END-TRIAL;2026-09-18 10:58:28.095532;;;The trial ended;
INFO;2026-09-18 10:58:28.095532;47.941431;49.293434;TRIAL-BPOD-TIME;1.3520029999999963
STATE;2026-09-18 10:58:28.095532;0;0.8032;WheelPeriod;0.8032
STATE;2026-09-18 10:58:28.095532;0.8032;0.8520000000000001;RewardR;0.048800000000000066
STATE;2026-09-18 10:58:28.095532;0.8520000000000001;1.352;ITI;0.5
STATE;2026-09-18 10:58:28.095532;nan;nan;RewardL;nan
STATE;2026-09-18 10:58:28.095532;nan;nan;NoRewardL;nan
STATE;2026-09-18 10:58:28.095532;nan;nan;NoRewardR;nan
STATE;2026-09-18 10:58:28.095532;nan;nan;NoMovement;nan
VAL;2026-09-18 10:58:28.158049;;;TRIAL_TYPE;stage2
VAL;2026-09-18 10:58:28.158049;;;MOVEMENT_DIRECTION;R
VAL;2026-09-18 10:58:28.158049;;;OUTCOME;Rewarded
VAL;2026-09-18 10:58:28.158049;;;DIRECTION_RATIO;0.5
VAL;2026-09-18 10:58:28.158049;;;THRESHOLD_CROSSING_TIME;44.33275436706543
stdout;2026-09-18 10:58:28.158049;;;Trial 5: threshold=7.0deg, Rewarded, direction_ratio=0.50;
stdout;2026-09-18 10:58:28.158049;;;|
|;
VAL;2026-09-18 10:58:28.340864;;;TRIAL_INIT_START;45.13686394691467
VAL;2026-09-18 10:58:28.372116;;;WHEEL_POS;45.168,6.30
VAL;2026-09-18 10:58:28.411878;;;WHEEL_POS;45.208,6.30
VAL;2026-09-18 10:58:28.443130;;;WHEEL_POS;45.239,6.30
VAL;2026-09-18 10:58:28.474195;;;WHEEL_POS;45.270,6.30
VAL;2026-09-18 10:58:28.512529;;;WHEEL_POS;45.309,6.30
VAL;2026-09-18 10:58:28.528160;;;TRIAL_START;45.30852818489075
VAL;2026-09-18 10:58:28.528160;;;QUIESCENCE_BREAKS;0
VAL;2026-09-18 10:58:28.528160;;;THRESHOLD_DEG;7.0
TRIAL;2026-09-18 10:58:28.575038;;;New trial;
VAL;2026-09-18 10:58:28.596169;;;WHEEL_POS;45.392,0.00
VAL;2026-09-18 10:58:28.611799;;;WHEEL_POS;45.408,0.00
VAL;2026-09-18 10:58:28.643051;;;WHEEL_POS;45.439,0.00
VAL;2026-09-18 10:58:28.674993;;;WHEEL_POS;45.471,0.00
VAL;2026-09-18 10:58:28.696127;;;WHEEL_POS;45.492,0.00
VAL;2026-09-18 10:58:28.711756;;;WHEEL_POS;45.508,0.00
VAL;2026-09-18 10:58:28.753015;;;WHEEL_POS;45.549,0.00
VAL;2026-09-18 10:58:28.784271;;;WHEEL_POS;45.580,0.00
VAL;2026-09-18 10:58:28.811910;;;WHEEL_POS;45.608,0.00
VAL;2026-09-18 10:58:28.843163;;;WHEEL_POS;45.639,0.00
VAL;2026-09-18 10:58:28.876247;;;WHEEL_POS;45.672,0.00
VAL;2026-09-18 10:58:28.896380;;;WHEEL_POS;45.692,0.00
VAL;2026-09-18 10:58:28.912012;;;WHEEL_POS;45.708,0.00
VAL;2026-09-18 10:58:28.943262;;;WHEEL_POS;45.739,-0.40
VAL;2026-09-18 10:58:28.973454;;;WHEEL_POS;45.769,-0.40
VAL;2026-09-18 10:58:28.996599;;;WHEEL_POS;45.793,-0.40
VAL;2026-09-18 10:58:29.012230;;;WHEEL_POS;45.808,-0.70
VAL;2026-09-18 10:58:29.043482;;;WHEEL_POS;45.839,-1.80
VAL;2026-09-18 10:58:29.059114;;;WHEEL_POS;45.855,-2.10
VAL;2026-09-18 10:58:29.096879;;;WHEEL_POS;45.893,-3.50
VAL;2026-09-18 10:58:29.112507;;;WHEEL_POS;45.909,-4.20
VAL;2026-09-18 10:58:29.128139;;;WHEEL_POS;45.924,-4.90
VAL;2026-09-18 10:58:29.159385;;;WHEEL_POS;45.955,-5.60
VAL;2026-09-18 10:58:29.190643;;;WHEEL_POS;45.987,-6.00
VAL;2026-09-18 10:58:29.212783;;;WHEEL_POS;46.009,-6.00
VAL;2026-09-18 10:58:29.259664;;;WHEEL_POS;46.056,-6.00
VAL;2026-09-18 10:58:29.277170;;;WHEEL_POS;46.073,-6.00
VAL;2026-09-18 10:58:29.297306;;;WHEEL_POS;46.093,-6.00
VAL;2026-09-18 10:58:29.328571;;;WHEEL_POS;46.125,-6.00
VAL;2026-09-18 10:58:29.344188;;;WHEEL_POS;46.140,-6.00
VAL;2026-09-18 10:58:29.375440;;;WHEEL_POS;46.171,-6.00
VAL;2026-09-18 10:58:29.397576;;;WHEEL_POS;46.194,-6.00
VAL;2026-09-18 10:58:29.413206;;;WHEEL_POS;46.209,-6.30
EVENT;2026-09-18 10:58:29.428832;0.8474;;0;RotaryEncoder1_1
TRANSITION;2026-09-18 10:58:29.428832;0.8474;;RewardL;
VAL;2026-09-18 10:58:29.444458;;;WHEEL_POS;46.240,-7.00
VAL;2026-09-18 10:58:29.460084;;;WHEEL_POS;46.256,-7.40
EVENT;2026-09-18 10:58:29.477575;0.8962;;158;Tup
TRANSITION;2026-09-18 10:58:29.477575;0.8962;;ITI;
VAL;2026-09-18 10:58:29.497717;;;WHEEL_POS;46.294,-8.40
VAL;2026-09-18 10:58:29.528947;;;WHEEL_POS;46.325,-9.10
VAL;2026-09-18 10:58:29.560199;;;WHEEL_POS;46.356,-9.80
VAL;2026-09-18 10:58:29.597955;;;WHEEL_POS;46.394,-9.80
VAL;2026-09-18 10:58:29.613584;;;WHEEL_POS;46.410,-9.80
VAL;2026-09-18 10:58:29.629210;;;WHEEL_POS;46.425,-9.80
VAL;2026-09-18 10:58:29.660462;;;WHEEL_POS;46.456,-9.80
VAL;2026-09-18 10:58:29.677594;;;WHEEL_POS;46.474,-9.80
VAL;2026-09-18 10:58:29.698228;;;WHEEL_POS;46.494,-9.50
VAL;2026-09-18 10:58:29.713857;;;WHEEL_POS;46.510,-8.80
VAL;2026-09-18 10:58:29.754118;;;WHEEL_POS;46.550,-8.10
VAL;2026-09-18 10:58:29.785371;;;WHEEL_POS;46.581,-7.40
VAL;2026-09-18 10:58:29.814005;;;WHEEL_POS;46.610,-7.00
VAL;2026-09-18 10:58:29.845257;;;WHEEL_POS;46.641,-6.70
VAL;2026-09-18 10:58:29.878303;;;WHEEL_POS;46.674,-6.70
VAL;2026-09-18 10:58:29.898435;;;WHEEL_POS;46.694,-6.70
VAL;2026-09-18 10:58:29.929697;;;WHEEL_POS;46.726,-6.70
VAL;2026-09-18 10:58:29.945317;;;WHEEL_POS;46.741,-6.70
VAL;2026-09-18 10:58:29.976569;;;WHEEL_POS;46.773,-6.70
EVENT;2026-09-18 10:58:29.992196;1.3962;;158;Tup
END-TRIAL;2026-09-18 10:58:29.992196;;;The trial ended;
INFO;2026-09-18 10:58:29.992196;49.784431;51.180634;TRIAL-BPOD-TIME;1.3962029999999999
STATE;2026-09-18 10:58:29.998708;0;0.8474;WheelPeriod;0.8474
VAL;2026-09-18 10:58:29.998708;;;WHEEL_POS;46.795,-6.70
STATE;2026-09-18 10:58:29.998708;0.8474;0.8962;RewardL;0.048799999999999955
STATE;2026-09-18 10:58:29.998708;0.8962;1.3962;ITI;0.5000000000000001
STATE;2026-09-18 10:58:29.998708;nan;nan;RewardR;nan
STATE;2026-09-18 10:58:29.998708;nan;nan;NoRewardL;nan
STATE;2026-09-18 10:58:29.998708;nan;nan;NoRewardR;nan
STATE;2026-09-18 10:58:29.998708;nan;nan;NoMovement;nan
VAL;2026-09-18 10:58:30.061221;;;TRIAL_TYPE;stage2
VAL;2026-09-18 10:58:30.061221;;;MOVEMENT_DIRECTION;L
VAL;2026-09-18 10:58:30.061221;;;OUTCOME;Rewarded
VAL;2026-09-18 10:58:30.061221;;;DIRECTION_RATIO;0.3333333333333333
VAL;2026-09-18 10:58:30.061221;;;THRESHOLD_CROSSING_TIME;46.218436767959595
stdout;2026-09-18 10:58:30.061221;;;Trial 6: threshold=7.0deg, Rewarded, direction_ratio=0.33;
stdout;2026-09-18 10:58:30.061221;;;|
|;
VAL;2026-09-18 10:58:30.241473;;;TRIAL_INIT_START;47.037471771240234
VAL;2026-09-18 10:58:30.278073;;;WHEEL_POS;47.074,-6.70
VAL;2026-09-18 10:58:30.298708;;;WHEEL_POS;47.095,-6.70
VAL;2026-09-18 10:58:30.314338;;;WHEEL_POS;47.110,-6.70
VAL;2026-09-18 10:58:30.329964;;;WHEEL_POS;47.126,-6.70
VAL;2026-09-18 10:58:30.361216;;;WHEEL_POS;47.157,-6.70
VAL;2026-09-18 10:58:30.392468;;;WHEEL_POS;47.188,-6.70
VAL;2026-09-18 10:58:30.414609;;;WHEEL_POS;47.211,-6.70
VAL;2026-09-18 10:58:30.430235;;;TRIAL_START;47.21060824394226
VAL;2026-09-18 10:58:30.430235;;;QUIESCENCE_BREAKS;0
VAL;2026-09-18 10:58:30.430235;;;THRESHOLD_DEG;7.0
TRIAL;2026-09-18 10:58:30.499125;;;New trial;
VAL;2026-09-18 10:58:30.513726;;;WHEEL_POS;47.310,0.00
VAL;2026-09-18 10:58:30.529356;;;WHEEL_POS;47.325,0.00
VAL;2026-09-18 10:58:30.544981;;;WHEEL_POS;47.341,0.00
VAL;2026-09-18 10:58:30.589744;;;WHEEL_POS;47.386,0.00
VAL;2026-09-18 10:58:30.614876;;;WHEEL_POS;47.411,0.00
VAL;2026-09-18 10:58:30.646127;;;WHEEL_POS;47.442,0.00
VAL;2026-09-18 10:58:30.680958;;;WHEEL_POS;47.477,0.00
VAL;2026-09-18 10:58:30.714723;;;WHEEL_POS;47.511,0.00
VAL;2026-09-18 10:58:30.755114;;;WHEEL_POS;47.551,0.00
VAL;2026-09-18 10:58:30.786359;;;WHEEL_POS;47.582,0.00
VAL;2026-09-18 10:58:30.814997;;;WHEEL_POS;47.611,0.00
VAL;2026-09-18 10:58:30.846249;;;WHEEL_POS;47.642,0.00
VAL;2026-09-18 10:58:30.881801;;;WHEEL_POS;47.678,0.00
VAL;2026-09-18 10:58:30.899434;;;WHEEL_POS;47.695,0.00
VAL;2026-09-18 10:58:30.915067;;;WHEEL_POS;47.711,0.00
VAL;2026-09-18 10:58:30.946315;;;WHEEL_POS;47.742,0.00
VAL;2026-09-18 10:58:30.977573;;;WHEEL_POS;47.774,0.00
VAL;2026-09-18 10:58:30.993193;;;WHEEL_POS;47.789,0.00
VAL;2026-09-18 10:58:31.015328;;;WHEEL_POS;47.811,0.00
VAL;2026-09-18 10:58:31.030958;;;WHEEL_POS;47.827,0.00
VAL;2026-09-18 10:58:31.062205;;;WHEEL_POS;47.858,0.00
VAL;2026-09-18 10:58:31.099776;;;WHEEL_POS;47.896,-0.70
VAL;2026-09-18 10:58:31.131030;;;WHEEL_POS;47.927,-1.40
VAL;2026-09-18 10:58:31.162283;;;WHEEL_POS;47.958,-2.50
VAL;2026-09-18 10:58:31.193536;;;WHEEL_POS;47.990,-3.20
VAL;2026-09-18 10:58:31.215673;;;WHEEL_POS;48.012,-3.20
VAL;2026-09-18 10:58:31.246929;;;WHEEL_POS;48.043,-3.50
VAL;2026-09-18 10:58:31.282673;;;WHEEL_POS;48.079,-4.20
VAL;2026-09-18 10:58:31.300305;;;WHEEL_POS;48.096,-4.60
VAL;2026-09-18 10:58:31.315941;;;WHEEL_POS;48.112,-4.60
VAL;2026-09-18 10:58:31.347186;;;WHEEL_POS;48.143,-4.60
VAL;2026-09-18 10:58:31.394069;;;WHEEL_POS;48.190,-4.60
VAL;2026-09-18 10:58:31.416210;;;WHEEL_POS;48.212,-4.90
VAL;2026-09-18 10:58:31.463091;;;WHEEL_POS;48.259,-5.60
EVENT;2026-09-18 10:58:31.481721;0.9687;;0;RotaryEncoder1_1
TRANSITION;2026-09-18 10:58:31.481721;0.9687;;RewardL;
VAL;2026-09-18 10:58:31.483080;;;WHEEL_POS;48.279,-7.00
VAL;2026-09-18 10:58:31.500717;;;WHEEL_POS;48.297,-8.10
EVENT;2026-09-18 10:58:31.529909;1.0175;;158;Tup
TRANSITION;2026-09-18 10:58:31.529909;1.0175;;ITI;
VAL;2026-09-18 10:58:31.529909;;;WHEEL_POS;48.326,-8.80
VAL;2026-09-18 10:58:31.561160;;;WHEEL_POS;48.357,-8.80
VAL;2026-09-18 10:58:31.600850;;;WHEEL_POS;48.397,-8.40
VAL;2026-09-18 10:58:31.616482;;;WHEEL_POS;48.412,-8.40
VAL;2026-09-18 10:58:31.632108;;;WHEEL_POS;48.428,-8.10
VAL;2026-09-18 10:58:31.663360;;;WHEEL_POS;48.459,-7.70
VAL;2026-09-18 10:58:31.701128;;;WHEEL_POS;48.497,-7.00
VAL;2026-09-18 10:58:31.716758;;;WHEEL_POS;48.513,-6.70
VAL;2026-09-18 10:58:31.756557;;;WHEEL_POS;48.553,-5.60
VAL;2026-09-18 10:58:31.787809;;;WHEEL_POS;48.584,-5.30
VAL;2026-09-18 10:58:31.816941;;;WHEEL_POS;48.613,-4.60
VAL;2026-09-18 10:58:31.848195;;;WHEEL_POS;48.644,-4.60
VAL;2026-09-18 10:58:31.883369;;;WHEEL_POS;48.679,-4.20
VAL;2026-09-18 10:58:31.901505;;;WHEEL_POS;48.698,-4.20
VAL;2026-09-18 10:58:31.917134;;;WHEEL_POS;48.713,-4.20
VAL;2026-09-18 10:58:31.958392;;;WHEEL_POS;48.754,-4.20
VAL;2026-09-18 10:58:31.974020;;;WHEEL_POS;48.770,-4.20
VAL;2026-09-18 10:58:32.017281;;;WHEEL_POS;48.813,-4.20
EVENT;2026-09-18 10:58:32.017281;1.5175;;158;Tup
END-TRIAL;2026-09-18 10:58:32.017281;;;The trial ended;
INFO;2026-09-18 10:58:32.017281;51.702331;53.219834;TRIAL-BPOD-TIME;1.5175029999999978
STATE;2026-09-18 10:58:32.017281;0;0.9687;WheelPeriod;0.9687
STATE;2026-09-18 10:58:32.017281;0.9687;1.0175;RewardL;0.048800000000000066
STATE;2026-09-18 10:58:32.017281;1.0175;1.5175;ITI;0.5
STATE;2026-09-18 10:58:32.017281;nan;nan;RewardR;nan
STATE;2026-09-18 10:58:32.017281;nan;nan;NoRewardL;nan
STATE;2026-09-18 10:58:32.017281;nan;nan;NoRewardR;nan
STATE;2026-09-18 10:58:32.017281;nan;nan;NoMovement;nan
VAL;2026-09-18 10:58:32.083799;;;TRIAL_TYPE;stage2
VAL;2026-09-18 10:58:32.083799;;;MOVEMENT_DIRECTION;L
VAL;2026-09-18 10:58:32.083799;;;OUTCOME;Rewarded
VAL;2026-09-18 10:58:32.083799;;;DIRECTION_RATIO;0.25
VAL;2026-09-18 10:58:32.083799;;;THRESHOLD_CROSSING_TIME;48.263824530792235
stdout;2026-09-18 10:58:32.083799;;;Trial 7: threshold=7.0deg, Rewarded, direction_ratio=0.25;
stdout;2026-09-18 10:58:32.083799;;;|
|;
VAL;2026-09-18 10:58:32.270313;;;TRIAL_INIT_START;49.066312313079834
VAL;2026-09-18 10:58:32.301777;;;WHEEL_POS;49.098,-4.20
VAL;2026-09-18 10:58:32.333029;;;WHEEL_POS;49.129,-4.20
VAL;2026-09-18 10:58:32.364280;;;WHEEL_POS;49.160,-4.20
VAL;2026-09-18 10:58:32.395533;;;WHEEL_POS;49.192,-4.20
VAL;2026-09-18 10:58:32.417664;;;WHEEL_POS;49.214,-4.20
VAL;2026-09-18 10:58:32.448917;;;WHEEL_POS;49.245,-4.20
VAL;2026-09-18 10:58:32.464545;;;TRIAL_START;49.244916915893555
VAL;2026-09-18 10:58:32.464545;;;QUIESCENCE_BREAKS;0
VAL;2026-09-18 10:58:32.464545;;;THRESHOLD_DEG;7.0
TRIAL;2026-09-18 10:58:32.531012;;;New trial;
VAL;2026-09-18 10:58:32.546637;;;WHEEL_POS;49.343,0.00
VAL;2026-09-18 10:58:32.590401;;;WHEEL_POS;49.386,0.00
VAL;2026-09-18 10:58:32.618038;;;WHEEL_POS;49.414,0.00
VAL;2026-09-18 10:58:32.649290;;;WHEEL_POS;49.445,0.00
VAL;2026-09-18 10:58:32.686616;;;WHEEL_POS;49.483,0.00
VAL;2026-09-18 10:58:32.702628;;;WHEEL_POS;49.499,0.00
VAL;2026-09-18 10:58:32.733883;;;WHEEL_POS;49.530,0.00
VAL;2026-09-18 10:58:32.757554;;;WHEEL_POS;49.554,0.00
VAL;2026-09-18 10:58:32.773185;;;WHEEL_POS;49.569,0.00
VAL;2026-09-18 10:58:32.818444;;;WHEEL_POS;49.614,0.00
VAL;2026-09-18 10:58:32.834070;;;WHEEL_POS;49.630,0.00
VAL;2026-09-18 10:58:32.865321;;;WHEEL_POS;49.661,0.00
VAL;2026-09-18 10:58:32.886800;;;WHEEL_POS;49.682,0.00
VAL;2026-09-18 10:58:32.902812;;;WHEEL_POS;49.699,0.00
VAL;2026-09-18 10:58:32.934067;;;WHEEL_POS;49.730,0.00
VAL;2026-09-18 10:58:32.965318;;;WHEEL_POS;49.761,0.00
VAL;2026-09-18 10:58:32.980945;;;WHEEL_POS;49.777,0.00
VAL;2026-09-18 10:58:33.018730;;;WHEEL_POS;49.815,0.00
VAL;2026-09-18 10:58:33.065612;;;WHEEL_POS;49.862,0.00
VAL;2026-09-18 10:58:33.081234;;;WHEEL_POS;49.877,0.00
VAL;2026-09-18 10:58:33.119008;;;WHEEL_POS;49.915,0.00
VAL;2026-09-18 10:58:33.134631;;;WHEEL_POS;49.931,0.00
VAL;2026-09-18 10:58:33.165883;;;WHEEL_POS;49.962,0.00
VAL;2026-09-18 10:58:33.203644;;;WHEEL_POS;50.000,0.00
VAL;2026-09-18 10:58:33.219273;;;WHEEL_POS;50.015,0.00
VAL;2026-09-18 10:58:33.234898;;;WHEEL_POS;50.031,0.00
VAL;2026-09-18 10:58:33.266151;;;WHEEL_POS;50.062,0.00
VAL;2026-09-18 10:58:33.303623;;;WHEEL_POS;50.100,1.10
VAL;2026-09-18 10:58:33.334878;;;WHEEL_POS;50.131,1.80
VAL;2026-09-18 10:58:33.366130;;;WHEEL_POS;50.162,3.20
VAL;2026-09-18 10:58:33.397382;;;WHEEL_POS;50.193,4.20
VAL;2026-09-18 10:58:33.419515;;;WHEEL_POS;50.216,5.30
VAL;2026-09-18 10:58:33.435147;;;WHEEL_POS;50.231,6.70
EVENT;2026-09-18 10:58:33.435147;0.8937;;1;RotaryEncoder1_2
TRANSITION;2026-09-18 10:58:33.435147;0.8937;;RewardR;
VAL;2026-09-18 10:58:33.466395;;;WHEEL_POS;50.262,8.80
VAL;2026-09-18 10:58:33.482020;;;WHEEL_POS;50.278,9.50
EVENT;2026-09-18 10:58:33.490035;0.9425;;158;Tup
TRANSITION;2026-09-18 10:58:33.490035;0.9425;;ITI;
VAL;2026-09-18 10:58:33.504052;;;WHEEL_POS;50.300,10.20
VAL;2026-09-18 10:58:33.531243;;;WHEEL_POS;50.327,10.50
VAL;2026-09-18 10:58:33.562494;;;WHEEL_POS;50.358,10.50
VAL;2026-09-18 10:58:33.604183;;;WHEEL_POS;50.400,10.50
VAL;2026-09-18 10:58:33.619812;;;WHEEL_POS;50.416,10.50
VAL;2026-09-18 10:58:33.651066;;;WHEEL_POS;50.447,10.50
VAL;2026-09-18 10:58:33.690191;;;WHEEL_POS;50.486,10.20
VAL;2026-09-18 10:58:33.719824;;;WHEEL_POS;50.516,10.20
VAL;2026-09-18 10:58:33.758086;;;WHEEL_POS;50.554,10.20
VAL;2026-09-18 10:58:33.789337;;;WHEEL_POS;50.585,10.50
VAL;2026-09-18 10:58:33.819972;;;WHEEL_POS;50.616,10.50
VAL;2026-09-18 10:58:33.851224;;;WHEEL_POS;50.647,10.50
VAL;2026-09-18 10:58:33.882475;;;WHEEL_POS;50.678,10.50
VAL;2026-09-18 10:58:33.904340;;;WHEEL_POS;50.700,10.50
VAL;2026-09-18 10:58:33.935595;;;WHEEL_POS;50.732,10.50
VAL;2026-09-18 10:58:33.951225;;;WHEEL_POS;50.747,10.50
VAL;2026-09-18 10:58:33.974402;;;WHEEL_POS;50.770,10.50
EVENT;2026-09-18 10:58:33.990029;1.4425000000000001;;158;Tup
END-TRIAL;2026-09-18 10:58:33.990029;;;The trial ended;
INFO;2026-09-18 10:58:33.990029;53.737331;55.179834;TRIAL-BPOD-TIME;1.442503000000002
STATE;2026-09-18 10:58:33.990029;0;0.8937;WheelPeriod;0.8937
STATE;2026-09-18 10:58:33.990029;0.8937;0.9425;RewardR;0.048799999999999955
STATE;2026-09-18 10:58:33.990029;0.9425;1.4425000000000001;ITI;0.5000000000000001
STATE;2026-09-18 10:58:33.990029;nan;nan;RewardL;nan
STATE;2026-09-18 10:58:33.990029;nan;nan;NoRewardL;nan
STATE;2026-09-18 10:58:33.990029;nan;nan;NoRewardR;nan
STATE;2026-09-18 10:58:33.990029;nan;nan;NoMovement;nan
VAL;2026-09-18 10:58:33.990029;;;WHEEL_POS;50.786,10.50
VAL;2026-09-18 10:58:34.091201;;;TRIAL_TYPE;stage2
VAL;2026-09-18 10:58:34.091201;;;MOVEMENT_DIRECTION;R
VAL;2026-09-18 10:58:34.091201;;;OUTCOME;Rewarded
VAL;2026-09-18 10:58:34.091201;;;DIRECTION_RATIO;0.4
VAL;2026-09-18 10:58:34.091201;;;THRESHOLD_CROSSING_TIME;50.22071086997986
stdout;2026-09-18 10:58:34.091201;;;Trial 8: threshold=7.0deg, Rewarded, direction_ratio=0.40;
stdout;2026-09-18 10:58:34.091201;;;|
|;
VAL;2026-09-18 10:58:34.259681;;;TRIAL_INIT_START;51.05568051338196
VAL;2026-09-18 10:58:34.291945;;;WHEEL_POS;51.088,10.50
VAL;2026-09-18 10:58:34.320080;;;WHEEL_POS;51.116,10.50
VAL;2026-09-18 10:58:34.351330;;;WHEEL_POS;51.147,10.50
VAL;2026-09-18 10:58:34.382582;;;WHEEL_POS;51.179,10.50
VAL;2026-09-18 10:58:34.398210;;;WHEEL_POS;51.194,10.50
VAL;2026-09-18 10:58:34.420345;;;WHEEL_POS;51.216,10.50
VAL;2026-09-18 10:58:34.435974;;;TRIAL_START;51.216344594955444
VAL;2026-09-18 10:58:34.435974;;;QUIESCENCE_BREAKS;0
VAL;2026-09-18 10:58:34.435974;;;THRESHOLD_DEG;7.0
TRIAL;2026-09-18 10:58:34.515964;;;New trial;
VAL;2026-09-18 10:58:34.531596;;;WHEEL_POS;51.328,0.00
VAL;2026-09-18 10:58:34.547220;;;WHEEL_POS;51.343,0.00
VAL;2026-09-18 10:58:34.592984;;;WHEEL_POS;51.389,0.00
VAL;2026-09-18 10:58:34.620620;;;WHEEL_POS;51.417,0.00
VAL;2026-09-18 10:58:34.636246;;;WHEEL_POS;51.432,0.00
VAL;2026-09-18 10:58:34.667499;;;WHEEL_POS;51.463,0.00
VAL;2026-09-18 10:58:34.704807;;;WHEEL_POS;51.501,0.00
VAL;2026-09-18 10:58:34.736063;;;WHEEL_POS;51.532,0.00
VAL;2026-09-18 10:58:34.758699;;;WHEEL_POS;51.555,0.00
VAL;2026-09-18 10:58:34.789948;;;WHEEL_POS;51.586,0.00
VAL;2026-09-18 10:58:34.836213;;;WHEEL_POS;51.632,0.00
VAL;2026-09-18 10:58:34.851835;;;WHEEL_POS;51.648,0.00
VAL;2026-09-18 10:58:34.883086;;;WHEEL_POS;51.679,0.00
VAL;2026-09-18 10:58:34.905111;;;WHEEL_POS;51.701,0.00
VAL;2026-09-18 10:58:34.936369;;;WHEEL_POS;51.732,0.00
VAL;2026-09-18 10:58:34.951996;;;WHEEL_POS;51.748,0.00
VAL;2026-09-18 10:58:34.983253;;;WHEEL_POS;51.779,0.00
VAL;2026-09-18 10:58:35.021008;;;WHEEL_POS;51.817,-0.40
VAL;2026-09-18 10:58:35.052262;;;WHEEL_POS;51.848,-0.70
VAL;2026-09-18 10:58:35.083511;;;WHEEL_POS;51.880,-1.10
VAL;2026-09-18 10:58:35.105530;;;WHEEL_POS;51.902,-1.80
VAL;2026-09-18 10:58:35.121164;;;WHEEL_POS;51.917,-2.10
VAL;2026-09-18 10:58:35.152412;;;WHEEL_POS;51.948,-2.80
VAL;2026-09-18 10:58:35.168037;;;WHEEL_POS;51.964,-3.20
VAL;2026-09-18 10:58:35.205813;;;WHEEL_POS;52.002,-3.90
VAL;2026-09-18 10:58:35.221445;;;WHEEL_POS;52.017,-4.60
VAL;2026-09-18 10:58:35.237071;;;WHEEL_POS;52.033,-4.90
VAL;2026-09-18 10:58:35.268327;;;WHEEL_POS;52.064,-6.00
VAL;2026-09-18 10:58:35.305854;;;WHEEL_POS;52.102,-6.30
VAL;2026-09-18 10:58:35.337112;;;WHEEL_POS;52.133,-6.70
EVENT;2026-09-18 10:58:35.352735;0.8316;;0;RotaryEncoder1_1
TRANSITION;2026-09-18 10:58:35.352735;0.8316;;RewardL;
VAL;2026-09-18 10:58:35.368362;;;WHEEL_POS;52.164,-7.00
VAL;2026-09-18 10:58:35.383988;;;WHEEL_POS;52.180,-7.00
EVENT;2026-09-18 10:58:35.406118;0.8804000000000001;;158;Tup
TRANSITION;2026-09-18 10:58:35.406118;0.8804000000000001;;ITI;
VAL;2026-09-18 10:58:35.421747;;;WHEEL_POS;52.218,-7.40
VAL;2026-09-18 10:58:35.452999;;;WHEEL_POS;52.249,-7.70
VAL;2026-09-18 10:58:35.484252;;;WHEEL_POS;52.280,-7.70
VAL;2026-09-18 10:58:35.506131;;;WHEEL_POS;52.302,-7.70
VAL;2026-09-18 10:58:35.531814;;;WHEEL_POS;52.328,-7.70
VAL;2026-09-18 10:58:35.563066;;;WHEEL_POS;52.359,-7.70
VAL;2026-09-18 10:58:35.593200;;;WHEEL_POS;52.389,-7.40
VAL;2026-09-18 10:58:35.621835;;;WHEEL_POS;52.418,-7.00
VAL;2026-09-18 10:58:35.653087;;;WHEEL_POS;52.449,-6.30
VAL;2026-09-18 10:58:35.698860;;;WHEEL_POS;52.495,-6.00
VAL;2026-09-18 10:58:35.721991;;;WHEEL_POS;52.518,-6.00
VAL;2026-09-18 10:58:35.759787;;;WHEEL_POS;52.556,-6.00
VAL;2026-09-18 10:58:35.791039;;;WHEEL_POS;52.587,-6.00
VAL;2026-09-18 10:58:35.822174;;;WHEEL_POS;52.618,-6.00
VAL;2026-09-18 10:58:35.862931;;;WHEEL_POS;52.659,-6.00
VAL;2026-09-18 10:58:35.878559;;;WHEEL_POS;52.675,-6.00
VAL;2026-09-18 10:58:35.899735;;;WHEEL_POS;52.696,-6.00
EVENT;2026-09-18 10:58:35.906740;1.3804;;158;Tup
END-TRIAL;2026-09-18 10:58:35.906740;;;The trial ended;
INFO;2026-09-18 10:58:35.906740;55.715331;57.095734;TRIAL-BPOD-TIME;1.3804030000000012
STATE;2026-09-18 10:58:35.906740;0;0.8316;WheelPeriod;0.8316
STATE;2026-09-18 10:58:35.906740;0.8316;0.8804000000000001;RewardL;0.048800000000000066
STATE;2026-09-18 10:58:35.906740;0.8804000000000001;1.3804;ITI;0.5
STATE;2026-09-18 10:58:35.906740;nan;nan;RewardR;nan
STATE;2026-09-18 10:58:35.906740;nan;nan;NoRewardL;nan
STATE;2026-09-18 10:58:35.906740;nan;nan;NoRewardR;nan
STATE;2026-09-18 10:58:35.906740;nan;nan;NoMovement;nan
VAL;2026-09-18 10:58:35.958639;;;TRIAL_TYPE;stage2
VAL;2026-09-18 10:58:35.958639;;;MOVEMENT_DIRECTION;L
VAL;2026-09-18 10:58:35.958639;;;OUTCOME;Rewarded
VAL;2026-09-18 10:58:35.958639;;;DIRECTION_RATIO;0.3333333333333333
VAL;2026-09-18 10:58:35.958639;;;THRESHOLD_CROSSING_TIME;52.143563319778444
stdout;2026-09-18 10:58:35.958639;;;Trial 9: threshold=7.0deg, Rewarded, direction_ratio=0.33;
stdout;2026-09-18 10:58:35.958639;;;|
|;
VAL;2026-09-18 10:58:36.142920;;;TRIAL_INIT_START;52.93891954421997
VAL;2026-09-18 10:58:36.174172;;;WHEEL_POS;52.970,-6.00
VAL;2026-09-18 10:58:36.206797;;;WHEEL_POS;53.003,-6.00
VAL;2026-09-18 10:58:36.222437;;;WHEEL_POS;53.018,-6.00
VAL;2026-09-18 10:58:36.238063;;;WHEEL_POS;53.034,-6.00
VAL;2026-09-18 10:58:36.269316;;;WHEEL_POS;53.065,-6.00
VAL;2026-09-18 10:58:36.306678;;;WHEEL_POS;53.103,-6.00
VAL;2026-09-18 10:58:36.322310;;;WHEEL_POS;53.118,-6.00
VAL;2026-09-18 10:58:36.337935;;;TRIAL_START;53.11830925941467
VAL;2026-09-18 10:58:36.337935;;;QUIESCENCE_BREAKS;0
VAL;2026-09-18 10:58:36.337935;;;THRESHOLD_DEG;7.0
TRIAL;2026-09-18 10:58:36.422587;;;New trial;
VAL;2026-09-18 10:58:36.438214;;;WHEEL_POS;53.234,0.00
VAL;2026-09-18 10:58:36.453839;;;WHEEL_POS;53.250,0.00
VAL;2026-09-18 10:58:36.485092;;;WHEEL_POS;53.281,0.00
VAL;2026-09-18 10:58:36.516422;;;WHEEL_POS;53.312,0.00
VAL;2026-09-18 10:58:36.532050;;;WHEEL_POS;53.328,0.00
VAL;2026-09-18 10:58:36.563303;;;WHEEL_POS;53.359,0.00
VAL;2026-09-18 10:58:36.593438;;;WHEEL_POS;53.389,0.00
VAL;2026-09-18 10:58:36.622577;;;WHEEL_POS;53.419,0.00
VAL;2026-09-18 10:58:36.638207;;;WHEEL_POS;53.434,0.00
VAL;2026-09-18 10:58:36.669456;;;WHEEL_POS;53.465,0.00
VAL;2026-09-18 10:58:36.702476;;;WHEEL_POS;53.498,0.00
VAL;2026-09-18 10:58:36.722619;;;WHEEL_POS;53.519,0.40
VAL;2026-09-18 10:58:36.760919;;;WHEEL_POS;53.557,0.40
VAL;2026-09-18 10:58:36.792172;;;WHEEL_POS;53.588,0.40
VAL;2026-09-18 10:58:36.822810;;;WHEEL_POS;53.619,0.40
VAL;2026-09-18 10:58:36.854065;;;WHEEL_POS;53.650,0.40
VAL;2026-09-18 10:58:36.885315;;;WHEEL_POS;53.681,0.40
VAL;2026-09-18 10:58:36.907458;;;WHEEL_POS;53.703,0.70
VAL;2026-09-18 10:58:36.938714;;;WHEEL_POS;53.735,0.70
VAL;2026-09-18 10:58:36.969965;;;WHEEL_POS;53.766,1.40
VAL;2026-09-18 10:58:37.007734;;;WHEEL_POS;53.804,2.10
VAL;2026-09-18 10:58:37.023364;;;WHEEL_POS;53.819,2.50
VAL;2026-09-18 10:58:37.038991;;;WHEEL_POS;53.835,2.80
VAL;2026-09-18 10:58:37.070242;;;WHEEL_POS;53.866,3.20
VAL;2026-09-18 10:58:37.103510;;;WHEEL_POS;53.900,3.90
VAL;2026-09-18 10:58:37.123643;;;WHEEL_POS;53.920,4.20
VAL;2026-09-18 10:58:37.154896;;;WHEEL_POS;53.951,4.90
VAL;2026-09-18 10:58:37.186147;;;WHEEL_POS;53.982,5.30
VAL;2026-09-18 10:58:37.223934;;;WHEEL_POS;54.020,5.30
VAL;2026-09-18 10:58:37.255186;;;WHEEL_POS;54.051,5.30
VAL;2026-09-18 10:58:37.286439;;;WHEEL_POS;54.082,5.30
VAL;2026-09-18 10:58:37.305377;;;WHEEL_POS;54.101,5.30
VAL;2026-09-18 10:58:37.324009;;;WHEEL_POS;54.120,5.30
VAL;2026-09-18 10:58:37.355265;;;WHEEL_POS;54.151,5.60
VAL;2026-09-18 10:58:37.386513;;;WHEEL_POS;54.183,5.60
VAL;2026-09-18 10:58:37.402138;;;WHEEL_POS;54.198,5.60
VAL;2026-09-18 10:58:37.424278;;;WHEEL_POS;54.220,5.60
VAL;2026-09-18 10:58:37.455525;;;WHEEL_POS;54.252,5.60
VAL;2026-09-18 10:58:37.471153;;;WHEEL_POS;54.267,5.60
VAL;2026-09-18 10:58:37.506611;;;WHEEL_POS;54.303,5.60
VAL;2026-09-18 10:58:37.548426;;;WHEEL_POS;54.344,5.60
VAL;2026-09-18 10:58:37.564050;;;WHEEL_POS;54.360,5.60
VAL;2026-09-18 10:58:37.594236;;;WHEEL_POS;54.390,5.60
VAL;2026-09-18 10:58:37.624380;;;WHEEL_POS;54.420,5.60
VAL;2026-09-18 10:58:37.640005;;;WHEEL_POS;54.436,5.60
VAL;2026-09-18 10:58:37.671263;;;WHEEL_POS;54.467,5.60
VAL;2026-09-18 10:58:37.697835;;;WHEEL_POS;54.494,6.00
VAL;2026-09-18 10:58:37.740147;;;WHEEL_POS;54.536,6.30
VAL;2026-09-18 10:58:37.761297;;;WHEEL_POS;54.557,6.70
VAL;2026-09-18 10:58:37.776923;;;WHEEL_POS;54.573,6.70
EVENT;2026-09-18 10:58:37.776923;1.347;;1;RotaryEncoder1_2
TRANSITION;2026-09-18 10:58:37.776923;1.347;;RewardR;
VAL;2026-09-18 10:58:37.809181;;;WHEEL_POS;54.605,7.40
VAL;2026-09-18 10:58:37.824809;;;WHEEL_POS;54.621,7.70
EVENT;2026-09-18 10:58:37.824809;1.3958000000000002;;158;Tup
TRANSITION;2026-09-18 10:58:37.824809;1.3958000000000002;;ITI;
VAL;2026-09-18 10:58:37.856062;;;WHEEL_POS;54.652,7.70
VAL;2026-09-18 10:58:37.887314;;;WHEEL_POS;54.683,7.70
VAL;2026-09-18 10:58:37.924929;;;WHEEL_POS;54.721,7.40
VAL;2026-09-18 10:58:37.956182;;;WHEEL_POS;54.752,7.40
VAL;2026-09-18 10:58:37.987434;;;WHEEL_POS;54.783,7.40
VAL;2026-09-18 10:58:38.003060;;;WHEEL_POS;54.799,7.40
VAL;2026-09-18 10:58:38.025195;;;WHEEL_POS;54.821,7.00
VAL;2026-09-18 10:58:38.056447;;;WHEEL_POS;54.852,6.70
VAL;2026-09-18 10:58:38.072073;;;WHEEL_POS;54.868,6.70
VAL;2026-09-18 10:58:38.107837;;;WHEEL_POS;54.904,6.70
VAL;2026-09-18 10:58:38.125317;;;WHEEL_POS;54.921,6.70
VAL;2026-09-18 10:58:38.156569;;;WHEEL_POS;54.953,6.70
VAL;2026-09-18 10:58:38.172195;;;WHEEL_POS;54.968,7.00
VAL;2026-09-18 10:58:38.203447;;;WHEEL_POS;54.999,7.00
VAL;2026-09-18 10:58:38.225581;;;WHEEL_POS;55.022,7.00
VAL;2026-09-18 10:58:38.241209;;;WHEEL_POS;55.037,7.00
VAL;2026-09-18 10:58:38.288089;;;WHEEL_POS;55.084,7.00
VAL;2026-09-18 10:58:38.308731;;;WHEEL_POS;55.105,7.00
EVENT;2026-09-18 10:58:38.325862;1.8958000000000002;;158;Tup
END-TRIAL;2026-09-18 10:58:38.325862;;;The trial ended;
INFO;2026-09-18 10:58:38.325862;57.625231;59.521034;TRIAL-BPOD-TIME;1.8958030000000008
STATE;2026-09-18 10:58:38.325862;0;1.347;WheelPeriod;1.347
STATE;2026-09-18 10:58:38.325862;1.347;1.3958000000000002;RewardR;0.04880000000000018
STATE;2026-09-18 10:58:38.325862;1.3958000000000002;1.8958000000000002;ITI;0.5
STATE;2026-09-18 10:58:38.325862;nan;nan;RewardL;nan
STATE;2026-09-18 10:58:38.325862;nan;nan;NoRewardL;nan
STATE;2026-09-18 10:58:38.325862;nan;nan;NoRewardR;nan
STATE;2026-09-18 10:58:38.325862;nan;nan;NoMovement;nan
VAL;2026-09-18 10:58:38.325862;;;WHEEL_POS;55.122,7.00
VAL;2026-09-18 10:58:38.410508;;;TRIAL_TYPE;stage2
VAL;2026-09-18 10:58:38.410508;;;MOVEMENT_DIRECTION;R
VAL;2026-09-18 10:58:38.410508;;;OUTCOME;Rewarded
VAL;2026-09-18 10:58:38.410508;;;DIRECTION_RATIO;0.42857142857142855
VAL;2026-09-18 10:58:38.410508;;;THRESHOLD_CROSSING_TIME;54.56558620643616
stdout;2026-09-18 10:58:38.410508;;;Trial 10: threshold=7.0deg, Rewarded, direction_ratio=0.43;
stdout;2026-09-18 10:58:38.410508;;;|
|;
VAL;2026-09-18 10:58:38.610662;;;TRIAL_INIT_START;55.40666127204895
VAL;2026-09-18 10:58:38.641919;;;WHEEL_POS;55.438,7.00
VAL;2026-09-18 10:58:38.673170;;;WHEEL_POS;55.469,7.00
VAL;2026-09-18 10:58:38.698719;;;WHEEL_POS;55.495,7.00
VAL;2026-09-18 10:58:38.728919;;;WHEEL_POS;55.525,7.00
VAL;2026-09-18 10:58:38.765238;;;WHEEL_POS;55.561,7.00
VAL;2026-09-18 10:58:38.796491;;;WHEEL_POS;55.592,7.00
VAL;2026-09-18 10:58:38.810996;;;TRIAL_START;55.59248971939087
VAL;2026-09-18 10:58:38.810996;;;QUIESCENCE_BREAKS;0
VAL;2026-09-18 10:58:38.810996;;;THRESHOLD_DEG;7.0
TRIAL;2026-09-18 10:58:38.889130;;;New trial;
VAL;2026-09-18 10:58:38.904754;;;WHEEL_POS;55.701,0.00
VAL;2026-09-18 10:58:38.929477;;;WHEEL_POS;55.725,0.00
VAL;2026-09-18 10:58:38.945104;;;WHEEL_POS;55.741,0.00
VAL;2026-09-18 10:58:38.974779;;;WHEEL_POS;55.771,0.00
VAL;2026-09-18 10:58:39.011531;;;WHEEL_POS;55.808,0.00
VAL;2026-09-18 10:58:39.027159;;;WHEEL_POS;55.823,0.00
VAL;2026-09-18 10:58:39.058412;;;WHEEL_POS;55.854,0.00
VAL;2026-09-18 10:58:39.074038;;;WHEEL_POS;55.870,0.00
VAL;2026-09-18 10:58:39.105296;;;WHEEL_POS;55.901,0.00
VAL;2026-09-18 10:58:39.130300;;;WHEEL_POS;55.926,0.00
VAL;2026-09-18 10:58:39.145926;;;WHEEL_POS;55.942,0.00
VAL;2026-09-18 10:58:39.177181;;;WHEEL_POS;55.973,0.00
VAL;2026-09-18 10:58:39.211935;;;WHEEL_POS;56.008,0.00
VAL;2026-09-18 10:58:39.243190;;;WHEEL_POS;56.039,0.00
VAL;2026-09-18 10:58:39.274442;;;WHEEL_POS;56.070,0.00
VAL;2026-09-18 10:58:39.305694;;;WHEEL_POS;56.102,0.00
VAL;2026-09-18 10:58:39.330683;;;WHEEL_POS;56.127,0.00
VAL;2026-09-18 10:58:39.361936;;;WHEEL_POS;56.158,0.00
VAL;2026-09-18 10:58:39.393188;;;WHEEL_POS;56.189,0.00
VAL;2026-09-18 10:58:39.427950;;;WHEEL_POS;56.224,0.00
VAL;2026-09-18 10:58:39.459197;;;WHEEL_POS;56.255,-0.40
VAL;2026-09-18 10:58:39.490458;;;WHEEL_POS;56.286,-1.10
VAL;2026-09-18 10:58:39.533637;;;WHEEL_POS;56.330,-1.40
VAL;2026-09-18 10:58:39.549268;;;WHEEL_POS;56.345,-1.40
VAL;2026-09-18 10:58:39.595076;;;WHEEL_POS;56.391,-2.10
VAL;2026-09-18 10:58:39.628336;;;WHEEL_POS;56.424,-2.50
VAL;2026-09-18 10:58:39.659585;;;WHEEL_POS;56.456,-2.50
VAL;2026-09-18 10:58:39.675212;;;WHEEL_POS;56.471,-2.80
VAL;2026-09-18 10:58:39.699709;;;WHEEL_POS;56.496,-2.80
VAL;2026-09-18 10:58:39.731915;;;WHEEL_POS;56.528,-2.80
VAL;2026-09-18 10:58:39.766217;;;WHEEL_POS;56.562,-2.80
VAL;2026-09-18 10:58:39.797467;;;WHEEL_POS;56.593,-2.80
VAL;2026-09-18 10:58:39.812972;;;WHEEL_POS;56.609,-2.80
VAL;2026-09-18 10:58:39.844228;;;WHEEL_POS;56.640,-2.80
VAL;2026-09-18 10:58:39.878987;;;WHEEL_POS;56.675,-2.80
VAL;2026-09-18 10:58:39.915791;;;WHEEL_POS;56.712,-2.80
VAL;2026-09-18 10:58:39.932422;;;WHEEL_POS;56.728,-2.80
VAL;2026-09-18 10:58:39.959057;;;WHEEL_POS;56.755,-2.80
VAL;2026-09-18 10:58:39.990310;;;WHEEL_POS;56.786,-2.80
VAL;2026-09-18 10:58:40.029087;;;WHEEL_POS;56.825,-2.80
VAL;2026-09-18 10:58:40.060335;;;WHEEL_POS;56.856,-2.80
VAL;2026-09-18 10:58:40.075961;;;WHEEL_POS;56.872,-2.80
VAL;2026-09-18 10:58:40.107216;;;WHEEL_POS;56.903,-2.80
VAL;2026-09-18 10:58:40.133226;;;WHEEL_POS;56.929,-2.80
VAL;2026-09-18 10:58:40.164485;;;WHEEL_POS;56.960,-2.80
VAL;2026-09-18 10:58:40.195731;;;WHEEL_POS;56.992,-2.80
VAL;2026-09-18 10:58:40.229493;;;WHEEL_POS;57.025,-2.80
VAL;2026-09-18 10:58:40.260741;;;WHEEL_POS;57.057,-2.80
VAL;2026-09-18 10:58:40.292000;;;WHEEL_POS;57.088,-2.80
VAL;2026-09-18 10:58:40.349407;;;WHEEL_POS;57.145,-2.80
VAL;2026-09-18 10:58:40.365028;;;WHEEL_POS;57.161,-2.80
VAL;2026-09-18 10:58:40.414424;;;WHEEL_POS;57.210,-2.80
VAL;2026-09-18 10:58:40.430056;;;WHEEL_POS;57.226,-2.80
VAL;2026-09-18 10:58:40.476939;;;WHEEL_POS;57.273,-2.80
VAL;2026-09-18 10:58:40.492569;;;WHEEL_POS;57.289,-2.80
VAL;2026-09-18 10:58:40.551853;;;WHEEL_POS;57.348,-2.80
VAL;2026-09-18 10:58:40.610751;;;WHEEL_POS;57.407,-3.90
VAL;2026-09-18 10:58:40.630399;;;WHEEL_POS;57.426,-4.60
VAL;2026-09-18 10:58:40.646024;;;WHEEL_POS;57.442,-5.30
VAL;2026-09-18 10:58:40.682788;;;WHEEL_POS;57.479,-6.00
VAL;2026-09-18 10:58:40.698420;;;WHEEL_POS;57.494,-6.30
VAL;2026-09-18 10:58:40.715055;;;WHEEL_POS;57.511,-6.70
VAL;2026-09-18 10:58:40.741725;;;WHEEL_POS;57.538,-6.70
EVENT;2026-09-18 10:58:40.741725;1.8482;;0;RotaryEncoder1_1
TRANSITION;2026-09-18 10:58:40.741725;1.8482;;RewardL;
VAL;2026-09-18 10:58:40.766913;;;WHEEL_POS;57.563,-7.00
EVENT;2026-09-18 10:58:40.782539;1.897;;158;Tup
TRANSITION;2026-09-18 10:58:40.782539;1.897;;ITI;
VAL;2026-09-18 10:58:40.798165;;;WHEEL_POS;57.594,-7.00
VAL;2026-09-18 10:58:40.830928;;;WHEEL_POS;57.627,-7.40
VAL;2026-09-18 10:58:40.862181;;;WHEEL_POS;57.658,-7.40
VAL;2026-09-18 10:58:40.893433;;;WHEEL_POS;57.689,-7.40
VAL;2026-09-18 10:58:40.926072;;;WHEEL_POS;57.722,-7.40
VAL;2026-09-18 10:58:40.957327;;;WHEEL_POS;57.753,-7.00
VAL;2026-09-18 10:58:40.988579;;;WHEEL_POS;57.785,-7.00
VAL;2026-09-18 10:58:41.031339;;;WHEEL_POS;57.827,-7.00
VAL;2026-09-18 10:58:41.062592;;;WHEEL_POS;57.859,-7.00
VAL;2026-09-18 10:58:41.078217;;;WHEEL_POS;57.874,-7.00
VAL;2026-09-18 10:58:41.109469;;;WHEEL_POS;57.905,-7.00
VAL;2026-09-18 10:58:41.126984;;;WHEEL_POS;57.923,-7.00
VAL;2026-09-18 10:58:41.158241;;;WHEEL_POS;57.954,-7.00
VAL;2026-09-18 10:58:41.189492;;;WHEEL_POS;57.985,-7.00
VAL;2026-09-18 10:58:41.205119;;;WHEEL_POS;58.001,-7.00
VAL;2026-09-18 10:58:41.231750;;;WHEEL_POS;58.028,-7.00
VAL;2026-09-18 10:58:41.263005;;;WHEEL_POS;58.059,-7.00
EVENT;2026-09-18 10:58:41.294261;2.3970000000000002;;158;Tup
END-TRIAL;2026-09-18 10:58:41.294261;;;The trial ended;
INFO;2026-09-18 10:58:41.294261;60.089231;62.486234;TRIAL-BPOD-TIME;2.397003000000005
STATE;2026-09-18 10:58:41.294261;0;1.8482;WheelPeriod;1.8482
STATE;2026-09-18 10:58:41.294261;1.8482;1.897;RewardL;0.048799999999999955
STATE;2026-09-18 10:58:41.294261;1.897;2.3970000000000002;ITI;0.5000000000000002
STATE;2026-09-18 10:58:41.294261;nan;nan;RewardR;nan
STATE;2026-09-18 10:58:41.294261;nan;nan;NoRewardL;nan
STATE;2026-09-18 10:58:41.294261;nan;nan;NoRewardR;nan
STATE;2026-09-18 10:58:41.294261;nan;nan;NoMovement;nan
VAL;2026-09-18 10:58:41.294261;;;WHEEL_POS;58.090,-7.00
VAL;2026-09-18 10:58:41.408312;;;TRIAL_TYPE;stage2
VAL;2026-09-18 10:58:41.408312;;;MOVEMENT_DIRECTION;L
VAL;2026-09-18 10:58:41.408312;;;OUTCOME;Rewarded
VAL;2026-09-18 10:58:41.408312;;;DIRECTION_RATIO;0.375
VAL;2026-09-18 10:58:41.408312;;;THRESHOLD_CROSSING_TIME;57.533328688812254
stdout;2026-09-18 10:58:41.408312;;;Trial 11: threshold=7.0deg, Rewarded, direction_ratio=0.38;
stdout;2026-09-18 10:58:41.408312;;;|
|;
VAL;2026-09-18 10:58:41.611240;;;TRIAL_INIT_START;58.40723943710327
VAL;2026-09-18 10:58:41.632376;;;WHEEL_POS;58.428,-7.00
VAL;2026-09-18 10:58:41.647999;;;WHEEL_POS;58.444,-7.00
VAL;2026-09-18 10:58:41.684222;;;WHEEL_POS;58.480,-7.00
VAL;2026-09-18 10:58:41.699851;;;WHEEL_POS;58.496,-7.00
VAL;2026-09-18 10:58:41.731507;;;WHEEL_POS;58.528,-7.00
VAL;2026-09-18 10:58:41.768775;;;WHEEL_POS;58.565,-7.00
VAL;2026-09-18 10:58:41.800027;;;WHEEL_POS;58.596,-7.00
VAL;2026-09-18 10:58:41.817157;;;TRIAL_START;58.59602618217468
VAL;2026-09-18 10:58:41.817157;;;QUIESCENCE_BREAKS;0
VAL;2026-09-18 10:58:41.817157;;;THRESHOLD_DEG;7.0
TRIAL;2026-09-18 10:58:41.864043;;;New trial;
VAL;2026-09-18 10:58:41.879664;;;WHEEL_POS;58.676,0.00
VAL;2026-09-18 10:58:41.895289;;;WHEEL_POS;58.691,0.00
VAL;2026-09-18 10:58:41.931932;;;WHEEL_POS;58.728,0.00
VAL;2026-09-18 10:58:41.963188;;;WHEEL_POS;58.759,0.00
VAL;2026-09-18 10:58:41.994440;;;WHEEL_POS;58.790,0.00
VAL;2026-09-18 10:58:42.033204;;;WHEEL_POS;58.829,0.00
VAL;2026-09-18 10:58:42.064456;;;WHEEL_POS;58.860,0.00
VAL;2026-09-18 10:58:42.080088;;;WHEEL_POS;58.876,0.00
VAL;2026-09-18 10:58:42.111334;;;WHEEL_POS;58.907,0.00
VAL;2026-09-18 10:58:42.134618;;;WHEEL_POS;58.931,0.00
VAL;2026-09-18 10:58:42.150252;;;WHEEL_POS;58.946,0.00
VAL;2026-09-18 10:58:42.181499;;;WHEEL_POS;58.977,0.00
VAL;2026-09-18 10:58:42.197126;;;WHEEL_POS;58.993,0.00
VAL;2026-09-18 10:58:42.233410;;;WHEEL_POS;59.029,-1.10
VAL;2026-09-18 10:58:42.249037;;;WHEEL_POS;59.045,-1.40
VAL;2026-09-18 10:58:42.280291;;;WHEEL_POS;59.076,-1.80
VAL;2026-09-18 10:58:42.311541;;;WHEEL_POS;59.108,-1.80
VAL;2026-09-18 10:58:42.336788;;;WHEEL_POS;59.133,-1.80
VAL;2026-09-18 10:58:42.352425;;;WHEEL_POS;59.148,-1.80
VAL;2026-09-18 10:58:42.383671;;;WHEEL_POS;59.180,-1.80
VAL;2026-09-18 10:58:42.417941;;;WHEEL_POS;59.214,-1.80
VAL;2026-09-18 10:58:42.433572;;;WHEEL_POS;59.230,-1.80
VAL;2026-09-18 10:58:42.449197;;;WHEEL_POS;59.245,-1.80
VAL;2026-09-18 10:58:42.480452;;;WHEEL_POS;59.276,-1.80
VAL;2026-09-18 10:58:42.517211;;;WHEEL_POS;59.313,-1.80
VAL;2026-09-18 10:58:42.552537;;;WHEEL_POS;59.349,-2.10
VAL;2026-09-18 10:58:42.568157;;;WHEEL_POS;59.364,-2.80
VAL;2026-09-18 10:58:42.611466;;;WHEEL_POS;59.407,-3.20
VAL;2026-09-18 10:58:42.634110;;;WHEEL_POS;59.430,-3.90
VAL;2026-09-18 10:58:42.665360;;;WHEEL_POS;59.461,-4.90
VAL;2026-09-18 10:58:42.700040;;;WHEEL_POS;59.496,-6.00
VAL;2026-09-18 10:58:42.738961;;;WHEEL_POS;59.535,-6.00
VAL;2026-09-18 10:58:42.754429;;;WHEEL_POS;59.550,-6.00
VAL;2026-09-18 10:58:42.785684;;;WHEEL_POS;59.582,-6.00
VAL;2026-09-18 10:58:42.818951;;;WHEEL_POS;59.615,-6.00
VAL;2026-09-18 10:58:42.834583;;;WHEEL_POS;59.631,-6.00
VAL;2026-09-18 10:58:42.850207;;;WHEEL_POS;59.646,-6.00
VAL;2026-09-18 10:58:42.881464;;;WHEEL_POS;59.677,-6.00
VAL;2026-09-18 10:58:42.912712;;;WHEEL_POS;59.709,-6.00
VAL;2026-09-18 10:58:42.939676;;;WHEEL_POS;59.736,-6.00
VAL;2026-09-18 10:58:42.955309;;;WHEEL_POS;59.751,-6.00
VAL;2026-09-18 10:58:42.986557;;;WHEEL_POS;59.783,-6.00
VAL;2026-09-18 10:58:43.002183;;;WHEEL_POS;59.798,-6.00
VAL;2026-09-18 10:58:43.034957;;;WHEEL_POS;59.831,-6.30
VAL;2026-09-18 10:58:43.066205;;;WHEEL_POS;59.862,-6.70
EVENT;2026-09-18 10:58:43.066205;1.2018;;0;RotaryEncoder1_1
TRANSITION;2026-09-18 10:58:43.066205;1.2018;;RewardL;
VAL;2026-09-18 10:58:43.097459;;;WHEEL_POS;59.893,-7.40
EVENT;2026-09-18 10:58:43.119590;1.2506000000000002;;158;Tup
TRANSITION;2026-09-18 10:58:43.119590;1.2506000000000002;;ITI;
VAL;2026-09-18 10:58:43.140054;;;WHEEL_POS;59.936,-8.40
VAL;2026-09-18 10:58:43.171309;;;WHEEL_POS;59.967,-8.80
VAL;2026-09-18 10:58:43.186934;;;WHEEL_POS;59.983,-9.10
VAL;2026-09-18 10:58:43.219690;;;WHEEL_POS;60.016,-9.50
VAL;2026-09-18 10:58:43.235319;;;WHEEL_POS;60.031,-9.50
VAL;2026-09-18 10:58:43.266571;;;WHEEL_POS;60.063,-9.50
VAL;2026-09-18 10:58:43.282196;;;WHEEL_POS;60.078,-9.50
VAL;2026-09-18 10:58:43.313449;;;WHEEL_POS;60.109,-9.50
VAL;2026-09-18 10:58:43.340922;;;WHEEL_POS;60.137,-9.50
VAL;2026-09-18 10:58:43.372176;;;WHEEL_POS;60.168,-9.10
VAL;2026-09-18 10:58:43.403429;;;WHEEL_POS;60.199,-9.10
VAL;2026-09-18 10:58:43.420059;;;WHEEL_POS;60.216,-9.10
VAL;2026-09-18 10:58:43.435687;;;WHEEL_POS;60.232,-9.10
VAL;2026-09-18 10:58:43.466940;;;WHEEL_POS;60.263,-9.10
VAL;2026-09-18 10:58:43.498193;;;WHEEL_POS;60.294,-9.10
VAL;2026-09-18 10:58:43.541543;;;WHEEL_POS;60.338,-9.10
VAL;2026-09-18 10:58:43.572797;;;WHEEL_POS;60.369,-9.10
VAL;2026-09-18 10:58:43.596469;;;WHEEL_POS;60.392,-9.10
VAL;2026-09-18 10:58:43.612096;;;WHEEL_POS;60.408,-9.10
EVENT;2026-09-18 10:58:43.620601;1.7506000000000002;;158;Tup
END-TRIAL;2026-09-18 10:58:43.620601;;;The trial ended;
INFO;2026-09-18 10:58:43.620601;63.067231;64.817834;TRIAL-BPOD-TIME;1.7506030000000052
STATE;2026-09-18 10:58:43.620601;0;1.2018;WheelPeriod;1.2018
STATE;2026-09-18 10:58:43.620601;1.2018;1.2506000000000002;RewardL;0.04880000000000018
STATE;2026-09-18 10:58:43.620601;1.2506000000000002;1.7506000000000002;ITI;0.5
STATE;2026-09-18 10:58:43.620601;nan;nan;RewardR;nan
STATE;2026-09-18 10:58:43.620601;nan;nan;NoRewardL;nan
STATE;2026-09-18 10:58:43.620601;nan;nan;NoRewardR;nan
STATE;2026-09-18 10:58:43.620601;nan;nan;NoMovement;nan
VAL;2026-09-18 10:58:43.701422;;;TRIAL_TYPE;stage2
VAL;2026-09-18 10:58:43.701422;;;MOVEMENT_DIRECTION;L
VAL;2026-09-18 10:58:43.701422;;;OUTCOME;Rewarded
VAL;2026-09-18 10:58:43.701422;;;DIRECTION_RATIO;0.3333333333333333
VAL;2026-09-18 10:58:43.701422;;;THRESHOLD_CROSSING_TIME;59.86184204750061
stdout;2026-09-18 10:58:43.701422;;;Trial 12: threshold=7.0deg, Rewarded, direction_ratio=0.33;
stdout;2026-09-18 10:58:43.701422;;;|
|;
VAL;2026-09-18 10:58:43.890851;;;TRIAL_INIT_START;60.68684983253479
VAL;2026-09-18 10:58:43.942131;;;WHEEL_POS;60.738,-9.10
VAL;2026-09-18 10:58:43.960011;;;WHEEL_POS;60.756,-9.10
VAL;2026-09-18 10:58:43.975644;;;WHEEL_POS;60.772,-9.10
VAL;2026-09-18 10:58:44.006893;;;WHEEL_POS;60.803,-9.10
VAL;2026-09-18 10:58:44.036028;;;WHEEL_POS;60.832,-9.10
VAL;2026-09-18 10:58:44.067280;;;WHEEL_POS;60.863,-9.10
VAL;2026-09-18 10:58:44.082907;;;WHEEL_POS;60.879,-9.10
VAL;2026-09-18 10:58:44.098532;;;TRIAL_START;60.87890648841858
VAL;2026-09-18 10:58:44.098532;;;QUIESCENCE_BREAKS;0
VAL;2026-09-18 10:58:44.098532;;;THRESHOLD_DEG;7.0
TRIAL;2026-09-18 10:58:44.143322;;;New trial;
VAL;2026-09-18 10:58:44.158956;;;WHEEL_POS;60.955,0.00
VAL;2026-09-18 10:58:44.190208;;;WHEEL_POS;60.986,0.00
VAL;2026-09-18 10:58:44.236468;;;WHEEL_POS;61.032,0.00
VAL;2026-09-18 10:58:44.267721;;;WHEEL_POS;61.064,0.00
VAL;2026-09-18 10:58:44.298973;;;WHEEL_POS;61.095,0.00
VAL;2026-09-18 10:58:44.336739;;;WHEEL_POS;61.133,0.40
VAL;2026-09-18 10:58:44.359373;;;WHEEL_POS;61.155,0.40
VAL;2026-09-18 10:58:44.375005;;;WHEEL_POS;61.171,0.40
VAL;2026-09-18 10:58:44.406252;;;WHEEL_POS;61.202,0.70
VAL;2026-09-18 10:58:44.452518;;;WHEEL_POS;61.249,1.40
VAL;2026-09-18 10:58:44.468139;;;WHEEL_POS;61.264,1.40
VAL;2026-09-18 10:58:44.499390;;;WHEEL_POS;61.295,1.80
VAL;2026-09-18 10:58:44.522583;;;WHEEL_POS;61.319,2.10
VAL;2026-09-18 10:58:44.543719;;;WHEEL_POS;61.340,2.10
VAL;2026-09-18 10:58:44.559349;;;WHEEL_POS;61.355,2.10
VAL;2026-09-18 10:58:44.596131;;;WHEEL_POS;61.392,2.80
VAL;2026-09-18 10:58:44.637390;;;WHEEL_POS;61.433,3.90
VAL;2026-09-18 10:58:44.653019;;;WHEEL_POS;61.449,4.20
VAL;2026-09-18 10:58:44.684270;;;WHEEL_POS;61.480,4.90
VAL;2026-09-18 10:58:44.721734;;;WHEEL_POS;61.518,5.30
VAL;2026-09-18 10:58:44.737367;;;WHEEL_POS;61.533,5.60
VAL;2026-09-18 10:58:44.757031;;;WHEEL_POS;61.553,6.00
VAL;2026-09-18 10:58:44.772661;;;WHEEL_POS;61.569,6.00
VAL;2026-09-18 10:58:44.803912;;;WHEEL_POS;61.600,6.30
EVENT;2026-09-18 10:58:44.822043;0.6708000000000001;;1;RotaryEncoder1_2
TRANSITION;2026-09-18 10:58:44.822043;0.6708000000000001;;RewardR;
VAL;2026-09-18 10:58:44.837671;;;WHEEL_POS;61.634,7.00
VAL;2026-09-18 10:58:44.868923;;;WHEEL_POS;61.665,7.40
EVENT;2026-09-18 10:58:44.868923;0.7196;;158;Tup
TRANSITION;2026-09-18 10:58:44.868923;0.7196;;ITI;
VAL;2026-09-18 10:58:44.900176;;;WHEEL_POS;61.696,7.70
VAL;2026-09-18 10:58:44.937935;;;WHEEL_POS;61.734,8.10
VAL;2026-09-18 10:58:44.961713;;;WHEEL_POS;61.758,8.10
VAL;2026-09-18 10:58:44.992965;;;WHEEL_POS;61.789,8.10
VAL;2026-09-18 10:58:45.038230;;;WHEEL_POS;61.834,8.40
VAL;2026-09-18 10:58:45.069482;;;WHEEL_POS;61.865,8.40
VAL;2026-09-18 10:58:45.085108;;;WHEEL_POS;61.881,8.10
VAL;2026-09-18 10:58:45.116360;;;WHEEL_POS;61.912,8.10
VAL;2026-09-18 10:58:45.138494;;;WHEEL_POS;61.934,8.10
VAL;2026-09-18 10:58:45.162449;;;WHEEL_POS;61.958,8.10
VAL;2026-09-18 10:58:45.178075;;;WHEEL_POS;61.974,8.10
VAL;2026-09-18 10:58:45.209327;;;WHEEL_POS;62.005,8.40
VAL;2026-09-18 10:58:45.238462;;;WHEEL_POS;62.034,8.40
VAL;2026-09-18 10:58:45.269714;;;WHEEL_POS;62.066,8.40
VAL;2026-09-18 10:58:45.300966;;;WHEEL_POS;62.097,8.40
VAL;2026-09-18 10:58:45.338727;;;WHEEL_POS;62.135,8.40
VAL;2026-09-18 10:58:45.363208;;;WHEEL_POS;62.159,8.40
EVENT;2026-09-18 10:58:45.378835;1.2196;;158;Tup
END-TRIAL;2026-09-18 10:58:45.378835;;;The trial ended;
INFO;2026-09-18 10:58:45.378835;65.352231;66.571834;TRIAL-BPOD-TIME;1.2196029999999922
STATE;2026-09-18 10:58:45.378835;0;0.6708000000000001;WheelPeriod;0.6708000000000001
STATE;2026-09-18 10:58:45.378835;0.6708000000000001;0.7196;RewardR;0.048799999999999955
STATE;2026-09-18 10:58:45.378835;0.7196;1.2196;ITI;0.5
STATE;2026-09-18 10:58:45.378835;nan;nan;RewardL;nan
STATE;2026-09-18 10:58:45.378835;nan;nan;NoRewardL;nan
STATE;2026-09-18 10:58:45.378835;nan;nan;NoRewardR;nan
STATE;2026-09-18 10:58:45.378835;nan;nan;NoMovement;nan
VAL;2026-09-18 10:58:45.454349;;;TRIAL_TYPE;stage2
VAL;2026-09-18 10:58:45.454349;;;MOVEMENT_DIRECTION;R
VAL;2026-09-18 10:58:45.454349;;;OUTCOME;Rewarded
VAL;2026-09-18 10:58:45.454349;;;DIRECTION_RATIO;0.4
VAL;2026-09-18 10:58:45.454349;;;THRESHOLD_CROSSING_TIME;61.610121756362915
stdout;2026-09-18 10:58:45.454349;;;Trial 13: threshold=7.0deg, Rewarded, direction_ratio=0.40;
stdout;2026-09-18 10:58:45.454349;;;|
|;
VAL;2026-09-18 10:58:45.650646;;;TRIAL_INIT_START;62.44664549827576
VAL;2026-09-18 10:58:45.681897;;;WHEEL_POS;62.478,8.40
VAL;2026-09-18 10:58:45.707858;;;WHEEL_POS;62.504,8.40
VAL;2026-09-18 10:58:45.738994;;;WHEEL_POS;62.535,8.40
VAL;2026-09-18 10:58:45.757706;;;WHEEL_POS;62.554,8.40
VAL;2026-09-18 10:58:45.773337;;;WHEEL_POS;62.569,8.40
VAL;2026-09-18 10:58:45.804591;;;WHEEL_POS;62.601,8.40
VAL;2026-09-18 10:58:45.838855;;;WHEEL_POS;62.635,8.40
VAL;2026-09-18 10:58:45.854480;;;TRIAL_START;62.634854555130005
VAL;2026-09-18 10:58:45.854480;;;QUIESCENCE_BREAKS;0
VAL;2026-09-18 10:58:45.854480;;;THRESHOLD_DEG;7.0
TRIAL;2026-09-18 10:58:45.901373;;;New trial;
VAL;2026-09-18 10:58:45.923489;;;WHEEL_POS;62.719,0.00
VAL;2026-09-18 10:58:45.939119;;;WHEEL_POS;62.735,0.00
VAL;2026-09-18 10:58:45.964252;;;WHEEL_POS;62.760,0.00
VAL;2026-09-18 10:58:45.995504;;;WHEEL_POS;62.792,0.00
VAL;2026-09-18 10:58:46.011130;;;WHEEL_POS;62.807,0.00
VAL;2026-09-18 10:58:46.039265;;;WHEEL_POS;62.835,0.00
VAL;2026-09-18 10:58:46.070517;;;WHEEL_POS;62.867,0.00
VAL;2026-09-18 10:58:46.101770;;;WHEEL_POS;62.898,0.00
VAL;2026-09-18 10:58:46.139529;;;WHEEL_POS;62.936,0.00
VAL;2026-09-18 10:58:46.164972;;;WHEEL_POS;62.961,0.00
VAL;2026-09-18 10:58:46.196220;;;WHEEL_POS;62.992,0.00
VAL;2026-09-18 10:58:46.239492;;;WHEEL_POS;63.035,0.00
VAL;2026-09-18 10:58:46.255119;;;WHEEL_POS;63.051,0.00
VAL;2026-09-18 10:58:46.286376;;;WHEEL_POS;63.082,-0.40
VAL;2026-09-18 10:58:46.317621;;;WHEEL_POS;63.114,-1.40
VAL;2026-09-18 10:58:46.339755;;;WHEEL_POS;63.136,-2.10
VAL;2026-09-18 10:58:46.365720;;;WHEEL_POS;63.162,-2.80
VAL;2026-09-18 10:58:46.396968;;;WHEEL_POS;63.193,-3.90
VAL;2026-09-18 10:58:46.439740;;;WHEEL_POS;63.236,-5.30
VAL;2026-09-18 10:58:46.470990;;;WHEEL_POS;63.267,-6.30
VAL;2026-09-18 10:58:46.502245;;;WHEEL_POS;63.298,-6.70
EVENT;2026-09-18 10:58:46.502245;0.5942000000000001;;0;RotaryEncoder1_1
TRANSITION;2026-09-18 10:58:46.502245;0.5942000000000001;;RewardL;
VAL;2026-09-18 10:58:46.540449;;;WHEEL_POS;63.336,-7.40
EVENT;2026-09-18 10:58:46.550995;0.643;;158;Tup
TRANSITION;2026-09-18 10:58:46.550995;0.643;;ITI;
VAL;2026-09-18 10:58:46.566623;;;WHEEL_POS;63.363,-7.70
VAL;2026-09-18 10:58:46.582249;;;WHEEL_POS;63.378,-8.10
VAL;2026-09-18 10:58:46.603883;;;WHEEL_POS;63.400,-8.80
VAL;2026-09-18 10:58:46.640142;;;WHEEL_POS;63.436,-9.80
VAL;2026-09-18 10:58:46.671395;;;WHEEL_POS;63.467,-9.80
VAL;2026-09-18 10:58:46.692876;;;WHEEL_POS;63.489,-9.80
VAL;2026-09-18 10:58:46.708505;;;WHEEL_POS;63.505,-9.80
VAL;2026-09-18 10:58:46.724636;;;WHEEL_POS;63.521,-9.80
VAL;2026-09-18 10:58:46.740264;;;WHEEL_POS;63.536,-9.80
VAL;2026-09-18 10:58:46.758790;;;WHEEL_POS;63.555,-9.50
VAL;2026-09-18 10:58:46.774418;;;WHEEL_POS;63.570,-9.50
VAL;2026-09-18 10:58:46.790045;;;WHEEL_POS;63.586,-9.50
VAL;2026-09-18 10:58:46.824802;;;WHEEL_POS;63.621,-9.50
VAL;2026-09-18 10:58:46.840430;;;WHEEL_POS;63.636,-9.50
VAL;2026-09-18 10:58:46.856056;;;WHEEL_POS;63.652,-9.50
VAL;2026-09-18 10:58:46.887308;;;WHEEL_POS;63.683,-9.50
VAL;2026-09-18 10:58:46.902935;;;WHEEL_POS;63.699,-9.50
VAL;2026-09-18 10:58:46.940694;;;WHEEL_POS;63.737,-9.50
VAL;2026-09-18 10:58:46.968141;;;WHEEL_POS;63.764,-9.50
VAL;2026-09-18 10:58:46.999393;;;WHEEL_POS;63.795,-9.50
VAL;2026-09-18 10:58:47.015019;;;WHEEL_POS;63.811,-9.50
VAL;2026-09-18 10:58:47.040653;;;WHEEL_POS;63.837,-9.50
EVENT;2026-09-18 10:58:47.056280;1.143;;158;Tup
END-TRIAL;2026-09-18 10:58:47.056280;;;The trial ended;
INFO;2026-09-18 10:58:47.056280;67.108131;68.251134;TRIAL-BPOD-TIME;1.143002999999993
STATE;2026-09-18 10:58:47.056280;0;0.5942000000000001;WheelPeriod;0.5942000000000001
STATE;2026-09-18 10:58:47.056280;0.5942000000000001;0.643;RewardL;0.048799999999999955
STATE;2026-09-18 10:58:47.056280;0.643;1.143;ITI;0.5
STATE;2026-09-18 10:58:47.056280;nan;nan;RewardR;nan
STATE;2026-09-18 10:58:47.056280;nan;nan;NoRewardL;nan
STATE;2026-09-18 10:58:47.056280;nan;nan;NoRewardR;nan
STATE;2026-09-18 10:58:47.056280;nan;nan;NoMovement;nan
VAL;2026-09-18 10:58:47.103163;;;TRIAL_TYPE;stage2
VAL;2026-09-18 10:58:47.103163;;;MOVEMENT_DIRECTION;L
VAL;2026-09-18 10:58:47.103163;;;OUTCOME;Rewarded
VAL;2026-09-18 10:58:47.103163;;;DIRECTION_RATIO;0.36363636363636365
VAL;2026-09-18 10:58:47.103163;;;THRESHOLD_CROSSING_TIME;63.2915717212677
stdout;2026-09-18 10:58:47.103163;;;Trial 14: threshold=7.0deg, Rewarded, direction_ratio=0.36;
stdout;2026-09-18 10:58:47.103163;;;|
|;
VAL;2026-09-18 10:58:47.295100;;;TRIAL_INIT_START;64.09109902381897
VAL;2026-09-18 10:58:47.341356;;;WHEEL_POS;64.137,-9.50
VAL;2026-09-18 10:58:47.368991;;;WHEEL_POS;64.165,-9.50
VAL;2026-09-18 10:58:47.400243;;;WHEEL_POS;64.196,-9.50
VAL;2026-09-18 10:58:47.441511;;;WHEEL_POS;64.238,-9.50
VAL;2026-09-18 10:58:47.457135;;;WHEEL_POS;64.253,-9.50
VAL;2026-09-18 10:58:47.472762;;;TRIAL_START;64.25313425064087
VAL;2026-09-18 10:58:47.472762;;;QUIESCENCE_BREAKS;0
VAL;2026-09-18 10:58:47.472762;;;THRESHOLD_DEG;7.0
TRIAL;2026-09-18 10:58:47.525927;;;New trial;
VAL;2026-09-18 10:58:47.541559;;;WHEEL_POS;64.338,0.00
VAL;2026-09-18 10:58:47.569846;;;WHEEL_POS;64.366,0.00
VAL;2026-09-18 10:58:47.604103;;;WHEEL_POS;64.400,0.00
VAL;2026-09-18 10:58:47.641863;;;WHEEL_POS;64.438,0.00
VAL;2026-09-18 10:58:47.673115;;;WHEEL_POS;64.469,0.00
VAL;2026-09-18 10:58:47.707708;;;WHEEL_POS;64.504,0.00
VAL;2026-09-18 10:58:47.741958;;;WHEEL_POS;64.538,0.00
VAL;2026-09-18 10:58:47.758687;;;WHEEL_POS;64.555,0.00
VAL;2026-09-18 10:58:47.789946;;;WHEEL_POS;64.586,0.00
VAL;2026-09-18 10:58:47.826202;;;WHEEL_POS;64.622,0.00
VAL;2026-09-18 10:58:47.841836;;;WHEEL_POS;64.638,0.00
VAL;2026-09-18 10:58:47.880602;;;WHEEL_POS;64.677,0.00
VAL;2026-09-18 10:58:47.911856;;;WHEEL_POS;64.708,0.00
VAL;2026-09-18 10:58:47.944000;;;WHEEL_POS;64.740,0.00
VAL;2026-09-18 10:58:47.971159;;;WHEEL_POS;64.767,0.00
VAL;2026-09-18 10:58:48.002416;;;WHEEL_POS;64.798,0.00
VAL;2026-09-18 10:58:48.057804;;;WHEEL_POS;64.854,0.40
VAL;2026-09-18 10:58:48.073424;;;WHEEL_POS;64.869,0.40
VAL;2026-09-18 10:58:48.089051;;;WHEEL_POS;64.885,0.70
VAL;2026-09-18 10:58:48.126822;;;WHEEL_POS;64.923,1.80
VAL;2026-09-18 10:58:48.142455;;;WHEEL_POS;64.938,3.20
VAL;2026-09-18 10:58:48.187558;;;WHEEL_POS;64.984,6.00
VAL;2026-09-18 10:58:48.203180;;;WHEEL_POS;64.999,6.70
EVENT;2026-09-18 10:58:48.218806;0.6794;;1;RotaryEncoder1_2
TRANSITION;2026-09-18 10:58:48.218806;0.6794;;RewardR;
VAL;2026-09-18 10:58:48.242441;;;WHEEL_POS;65.038,7.40
VAL;2026-09-18 10:58:48.258067;;;WHEEL_POS;65.054,7.70
EVENT;2026-09-18 10:58:48.258067;0.7282000000000001;;158;Tup
TRANSITION;2026-09-18 10:58:48.258067;0.7282000000000001;;ITI;
VAL;2026-09-18 10:58:48.289318;;;WHEEL_POS;65.085,8.40
VAL;2026-09-18 10:58:48.320572;;;WHEEL_POS;65.117,8.80
VAL;2026-09-18 10:58:48.342704;;;WHEEL_POS;65.139,8.80
VAL;2026-09-18 10:58:48.372794;;;WHEEL_POS;65.169,8.80
VAL;2026-09-18 10:58:48.404046;;;WHEEL_POS;65.200,9.10
VAL;2026-09-18 10:58:48.442806;;;WHEEL_POS;65.239,9.10
VAL;2026-09-18 10:58:48.474058;;;WHEEL_POS;65.270,9.10
VAL;2026-09-18 10:58:48.505310;;;WHEEL_POS;65.301,8.80
VAL;2026-09-18 10:58:48.522446;;;WHEEL_POS;65.318,8.40
VAL;2026-09-18 10:58:48.541975;;;WHEEL_POS;65.338,8.40
VAL;2026-09-18 10:58:48.558101;;;WHEEL_POS;65.354,8.10
VAL;2026-09-18 10:58:48.573729;;;WHEEL_POS;65.370,8.10
VAL;2026-09-18 10:58:48.604903;;;WHEEL_POS;65.401,8.10
VAL;2026-09-18 10:58:48.643159;;;WHEEL_POS;65.439,8.10
VAL;2026-09-18 10:58:48.674416;;;WHEEL_POS;65.470,8.10
VAL;2026-09-18 10:58:48.695353;;;WHEEL_POS;65.491,8.10
VAL;2026-09-18 10:58:48.727610;;;WHEEL_POS;65.524,8.10
VAL;2026-09-18 10:58:48.743240;;;WHEEL_POS;65.539,8.10
EVENT;2026-09-18 10:58:48.760865;1.2282;;158;Tup
END-TRIAL;2026-09-18 10:58:48.760865;;;The trial ended;
INFO;2026-09-18 10:58:48.760865;68.729131;69.957334;TRIAL-BPOD-TIME;1.2282030000000077
STATE;2026-09-18 10:58:48.760865;0;0.6794;WheelPeriod;0.6794
STATE;2026-09-18 10:58:48.760865;0.6794;0.7282000000000001;RewardR;0.048800000000000066
STATE;2026-09-18 10:58:48.760865;0.7282000000000001;1.2282;ITI;0.4999999999999999
STATE;2026-09-18 10:58:48.760865;nan;nan;RewardL;nan
STATE;2026-09-18 10:58:48.760865;nan;nan;NoRewardL;nan
STATE;2026-09-18 10:58:48.760865;nan;nan;NoRewardR;nan
STATE;2026-09-18 10:58:48.760865;nan;nan;NoMovement;nan
VAL;2026-09-18 10:58:48.807750;;;TRIAL_TYPE;stage2
VAL;2026-09-18 10:58:48.807750;;;MOVEMENT_DIRECTION;R
VAL;2026-09-18 10:58:48.807750;;;OUTCOME;Rewarded
VAL;2026-09-18 10:58:48.807750;;;DIRECTION_RATIO;0.4166666666666667
VAL;2026-09-18 10:58:48.807750;;;THRESHOLD_CROSSING_TIME;65.00132659378052
stdout;2026-09-18 10:58:48.807750;;;Trial 15: threshold=7.0deg, Rewarded, direction_ratio=0.42;
stdout;2026-09-18 10:58:48.807750;;;|
|;
VAL;2026-09-18 10:58:48.992583;;;TRIAL_INIT_START;65.78858256340027
VAL;2026-09-18 10:58:49.028342;;;WHEEL_POS;65.824,8.10
VAL;2026-09-18 10:58:49.043971;;;WHEEL_POS;65.840,8.10
VAL;2026-09-18 10:58:49.075223;;;WHEEL_POS;65.871,8.10
VAL;2026-09-18 10:58:49.106475;;;WHEEL_POS;65.902,8.10
VAL;2026-09-18 10:58:49.122102;;;WHEEL_POS;65.918,8.10
VAL;2026-09-18 10:58:49.144235;;;WHEEL_POS;65.940,8.10
VAL;2026-09-18 10:58:49.176425;;;WHEEL_POS;65.972,8.10
VAL;2026-09-18 10:58:49.192051;;;TRIAL_START;65.97242426872253
VAL;2026-09-18 10:58:49.192051;;;QUIESCENCE_BREAKS;0
VAL;2026-09-18 10:58:49.192051;;;THRESHOLD_DEG;7.0
TRIAL;2026-09-18 10:58:49.275697;;;New trial;
VAL;2026-09-18 10:58:49.275697;;;WHEEL_POS;66.072,0.00
VAL;2026-09-18 10:58:49.306947;;;WHEEL_POS;66.103,0.00
VAL;2026-09-18 10:58:49.344709;;;WHEEL_POS;66.141,0.00
VAL;2026-09-18 10:58:49.377224;;;WHEEL_POS;66.173,0.00
VAL;2026-09-18 10:58:49.408476;;;WHEEL_POS;66.204,0.00
VAL;2026-09-18 10:58:49.429105;;;WHEEL_POS;66.225,0.00
VAL;2026-09-18 10:58:49.460360;;;WHEEL_POS;66.256,0.00
VAL;2026-09-18 10:58:49.475986;;;WHEEL_POS;66.272,0.00
VAL;2026-09-18 10:58:49.507243;;;WHEEL_POS;66.303,0.00
VAL;2026-09-18 10:58:49.541578;;;WHEEL_POS;66.338,-0.40
VAL;2026-09-18 10:58:49.562349;;;WHEEL_POS;66.358,-0.40
VAL;2026-09-18 10:58:49.577978;;;WHEEL_POS;66.374,-0.40
VAL;2026-09-18 10:58:49.605152;;;WHEEL_POS;66.401,-0.40
VAL;2026-09-18 10:58:49.644929;;;WHEEL_POS;66.441,-1.80
VAL;2026-09-18 10:58:49.676181;;;WHEEL_POS;66.472,-2.80
VAL;2026-09-18 10:58:49.707954;;;WHEEL_POS;66.504,-3.50
VAL;2026-09-18 10:58:49.745211;;;WHEEL_POS;66.541,-5.30
EVENT;2026-09-18 10:58:49.763554;0.4837;;0;RotaryEncoder1_1
TRANSITION;2026-09-18 10:58:49.763554;0.4837;;RewardL;
VAL;2026-09-18 10:58:49.779186;;;WHEEL_POS;66.575,-8.10
EVENT;2026-09-18 10:58:49.810435;0.5325;;158;Tup
TRANSITION;2026-09-18 10:58:49.810435;0.5325;;ITI;
VAL;2026-09-18 10:58:49.810435;;;WHEEL_POS;66.606,-9.10
VAL;2026-09-18 10:58:49.845194;;;WHEEL_POS;66.641,-9.10
VAL;2026-09-18 10:58:49.876446;;;WHEEL_POS;66.672,-9.10
VAL;2026-09-18 10:58:49.892072;;;WHEEL_POS;66.688,-9.50
VAL;2026-09-18 10:58:49.923324;;;WHEEL_POS;66.719,-9.50
VAL;2026-09-18 10:58:49.945457;;;WHEEL_POS;66.741,-9.50
VAL;2026-09-18 10:58:49.964402;;;WHEEL_POS;66.760,-9.50
VAL;2026-09-18 10:58:49.980030;;;WHEEL_POS;66.776,-9.50
VAL;2026-09-18 10:58:50.011282;;;WHEEL_POS;66.807,-9.50
VAL;2026-09-18 10:58:50.029913;;;WHEEL_POS;66.826,-9.50
VAL;2026-09-18 10:58:50.045542;;;WHEEL_POS;66.842,-9.50
VAL;2026-09-18 10:58:50.061167;;;WHEEL_POS;66.857,-9.50
VAL;2026-09-18 10:58:50.092419;;;WHEEL_POS;66.888,-9.50
VAL;2026-09-18 10:58:50.108046;;;WHEEL_POS;66.904,-9.50
VAL;2026-09-18 10:58:50.145806;;;WHEEL_POS;66.942,-9.50
VAL;2026-09-18 10:58:50.180887;;;WHEEL_POS;66.977,-9.50
VAL;2026-09-18 10:58:50.212138;;;WHEEL_POS;67.008,-9.50
VAL;2026-09-18 10:58:50.245896;;;WHEEL_POS;67.042,-9.50
VAL;2026-09-18 10:58:50.277148;;;WHEEL_POS;67.073,-9.50
VAL;2026-09-18 10:58:50.308400;;;WHEEL_POS;67.104,-9.50
EVENT;2026-09-18 10:58:50.308400;1.0325;;158;Tup
END-TRIAL;2026-09-18 10:58:50.308400;;;The trial ended;
INFO;2026-09-18 10:58:50.308400;70.474131;71.506634;TRIAL-BPOD-TIME;1.0325030000000055
STATE;2026-09-18 10:58:50.308400;0;0.4837;WheelPeriod;0.4837
STATE;2026-09-18 10:58:50.308400;0.4837;0.5325;RewardL;0.048799999999999955
STATE;2026-09-18 10:58:50.308400;0.5325;1.0325;ITI;0.5
STATE;2026-09-18 10:58:50.308400;nan;nan;RewardR;nan
STATE;2026-09-18 10:58:50.308400;nan;nan;NoRewardL;nan
STATE;2026-09-18 10:58:50.308400;nan;nan;NoRewardR;nan
STATE;2026-09-18 10:58:50.308400;nan;nan;NoMovement;nan
VAL;2026-09-18 10:58:50.382406;;;TRIAL_TYPE;stage2
VAL;2026-09-18 10:58:50.382406;;;MOVEMENT_DIRECTION;L
VAL;2026-09-18 10:58:50.382406;;;OUTCOME;Rewarded
VAL;2026-09-18 10:58:50.382406;;;DIRECTION_RATIO;0.38461538461538464
VAL;2026-09-18 10:58:50.382406;;;THRESHOLD_CROSSING_TIME;66.5553962814331
stdout;2026-09-18 10:58:50.382406;;;Trial 16: threshold=7.0deg, Rewarded, direction_ratio=0.38;
stdout;2026-09-18 10:58:50.382406;;;|
|;
VAL;2026-09-18 10:58:50.589048;;;TRIAL_INIT_START;67.38504719734192
VAL;2026-09-18 10:58:50.605679;;;WHEEL_POS;67.402,-9.50
VAL;2026-09-18 10:58:50.647438;;;WHEEL_POS;67.443,-9.50
VAL;2026-09-18 10:58:50.678692;;;WHEEL_POS;67.475,-9.50
VAL;2026-09-18 10:58:50.709649;;;WHEEL_POS;67.506,-9.50
VAL;2026-09-18 10:58:50.747413;;;WHEEL_POS;67.543,-9.50
VAL;2026-09-18 10:58:50.767120;;;TRIAL_START;67.54341173171997
VAL;2026-09-18 10:58:50.767120;;;QUIESCENCE_BREAKS;0
VAL;2026-09-18 10:58:50.767120;;;THRESHOLD_DEG;7.0
TRIAL;2026-09-18 10:58:50.814006;;;New trial;
VAL;2026-09-18 10:58:50.831688;;;WHEEL_POS;67.628,0.00
VAL;2026-09-18 10:58:50.862950;;;WHEEL_POS;67.659,0.40
VAL;2026-09-18 10:58:50.894202;;;WHEEL_POS;67.690,1.10
VAL;2026-09-18 10:58:50.925454;;;WHEEL_POS;67.721,1.40
VAL;2026-09-18 10:58:50.947588;;;WHEEL_POS;67.744,1.80
VAL;2026-09-18 10:58:50.998801;;;WHEEL_POS;67.795,1.80
VAL;2026-09-18 10:58:51.014433;;;WHEEL_POS;67.810,1.80
VAL;2026-09-18 10:58:51.032056;;;WHEEL_POS;67.828,1.40
VAL;2026-09-18 10:58:51.047685;;;WHEEL_POS;67.844,0.70
VAL;2026-09-18 10:58:51.078937;;;WHEEL_POS;67.875,0.40
VAL;2026-09-18 10:58:51.110189;;;WHEEL_POS;67.906,-0.40
VAL;2026-09-18 10:58:51.147954;;;WHEEL_POS;67.944,-2.80
VAL;2026-09-18 10:58:51.184163;;;WHEEL_POS;67.980,-5.60
EVENT;2026-09-18 10:58:51.215417;0.38670000000000004;;0;RotaryEncoder1_1
TRANSITION;2026-09-18 10:58:51.215417;0.38670000000000004;;RewardL;
VAL;2026-09-18 10:58:51.215417;;;WHEEL_POS;68.011,-7.00
VAL;2026-09-18 10:58:51.232545;;;WHEEL_POS;68.029,-7.40
VAL;2026-09-18 10:58:51.248175;;;WHEEL_POS;68.044,-8.40
EVENT;2026-09-18 10:58:51.263800;0.4355;;158;Tup
TRANSITION;2026-09-18 10:58:51.263800;0.4355;;ITI;
VAL;2026-09-18 10:58:51.279428;;;WHEEL_POS;68.075,-9.50
VAL;2026-09-18 10:58:51.295052;;;WHEEL_POS;68.091,-9.80
VAL;2026-09-18 10:58:51.326304;;;WHEEL_POS;68.122,-10.20
VAL;2026-09-18 10:58:51.348439;;;WHEEL_POS;68.144,-10.20
VAL;2026-09-18 10:58:51.369494;;;WHEEL_POS;68.165,-10.20
VAL;2026-09-18 10:58:51.385123;;;WHEEL_POS;68.181,-10.20
VAL;2026-09-18 10:58:51.416375;;;WHEEL_POS;68.212,-10.20
VAL;2026-09-18 10:58:51.433005;;;WHEEL_POS;68.229,-10.20
VAL;2026-09-18 10:58:51.464259;;;WHEEL_POS;68.260,-10.20
VAL;2026-09-18 10:58:51.495512;;;WHEEL_POS;68.292,-10.20
VAL;2026-09-18 10:58:51.511137;;;WHEEL_POS;68.307,-10.20
VAL;2026-09-18 10:58:51.543230;;;WHEEL_POS;68.339,-10.20
VAL;2026-09-18 10:58:51.558859;;;WHEEL_POS;68.355,-10.20
VAL;2026-09-18 10:58:51.590572;;;WHEEL_POS;68.387,-10.20
VAL;2026-09-18 10:58:51.606200;;;WHEEL_POS;68.402,-10.20
VAL;2026-09-18 10:58:51.648960;;;WHEEL_POS;68.445,-10.20
VAL;2026-09-18 10:58:51.680212;;;WHEEL_POS;68.476,-10.20
VAL;2026-09-18 10:58:51.710180;;;WHEEL_POS;68.506,-10.20
VAL;2026-09-18 10:58:51.748940;;;WHEEL_POS;68.545,-10.20
EVENT;2026-09-18 10:58:51.764292;0.9355;;158;Tup
END-TRIAL;2026-09-18 10:58:51.764292;;;The trial ended;
INFO;2026-09-18 10:58:51.769327;72.022131;72.957634;TRIAL-BPOD-TIME;0.9355029999999971
STATE;2026-09-18 10:58:51.769327;0;0.38670000000000004;WheelPeriod;0.38670000000000004
STATE;2026-09-18 10:58:51.769327;0.38670000000000004;0.4355;RewardL;0.048799999999999955
STATE;2026-09-18 10:58:51.769327;0.4355;0.9355;ITI;0.5
STATE;2026-09-18 10:58:51.769327;nan;nan;RewardR;nan
STATE;2026-09-18 10:58:51.769327;nan;nan;NoRewardL;nan
STATE;2026-09-18 10:58:51.769327;nan;nan;NoRewardR;nan
STATE;2026-09-18 10:58:51.769327;nan;nan;NoMovement;nan
VAL;2026-09-18 10:58:51.864489;;;TRIAL_TYPE;stage2
VAL;2026-09-18 10:58:51.864489;;;MOVEMENT_DIRECTION;L
VAL;2026-09-18 10:58:51.864489;;;OUTCOME;Rewarded
VAL;2026-09-18 10:58:51.864489;;;DIRECTION_RATIO;0.35714285714285715
VAL;2026-09-18 10:58:51.864489;;;THRESHOLD_CROSSING_TIME;67.99670514030457
stdout;2026-09-18 10:58:51.864489;;;Trial 17: threshold=7.0deg, Rewarded, direction_ratio=0.36;
stdout;2026-09-18 10:58:51.864489;;;|
|;
VAL;2026-09-18 10:58:52.036703;;;TRIAL_INIT_START;68.83270168304443
VAL;2026-09-18 10:58:52.067954;;;WHEEL_POS;68.864,-10.20
VAL;2026-09-18 10:58:52.099206;;;WHEEL_POS;68.895,-10.20
VAL;2026-09-18 10:58:52.133966;;;WHEEL_POS;68.930,-10.20
VAL;2026-09-18 10:58:52.149597;;;WHEEL_POS;68.946,-10.20
VAL;2026-09-18 10:58:52.165224;;;WHEEL_POS;68.961,-10.20
VAL;2026-09-18 10:58:52.188191;;;WHEEL_POS;68.984,-9.80
VAL;2026-09-18 10:58:52.219442;;;WHEEL_POS;69.015,-9.80
VAL;2026-09-18 10:58:52.233947;;;TRIAL_START;69.01544117927551
VAL;2026-09-18 10:58:52.233947;;;QUIESCENCE_BREAKS;0
VAL;2026-09-18 10:58:52.233947;;;THRESHOLD_DEG;7.0
TRIAL;2026-09-18 10:58:52.312087;;;New trial;
VAL;2026-09-18 10:58:52.312087;;;WHEEL_POS;69.108,0.00
VAL;2026-09-18 10:58:52.349841;;;WHEEL_POS;69.146,0.00
VAL;2026-09-18 10:58:52.388907;;;WHEEL_POS;69.185,0.00
VAL;2026-09-18 10:58:52.420159;;;WHEEL_POS;69.216,0.00
VAL;2026-09-18 10:58:52.449792;;;WHEEL_POS;69.246,0.00
VAL;2026-09-18 10:58:52.481044;;;WHEEL_POS;69.277,0.00
VAL;2026-09-18 10:58:52.512299;;;WHEEL_POS;69.308,-1.40
VAL;2026-09-18 10:58:52.534348;;;WHEEL_POS;69.330,-2.50
VAL;2026-09-18 10:58:52.559481;;;WHEEL_POS;69.355,-3.50
VAL;2026-09-18 10:58:52.591344;;;WHEEL_POS;69.387,-5.30
VAL;2026-09-18 10:58:52.606975;;;WHEEL_POS;69.403,-6.00
EVENT;2026-09-18 10:58:52.622601;0.30910000000000004;;0;RotaryEncoder1_1
TRANSITION;2026-09-18 10:58:52.622601;0.30910000000000004;;RewardL;
VAL;2026-09-18 10:58:52.650235;;;WHEEL_POS;69.446,-8.80
EVENT;2026-09-18 10:58:52.665862;0.3579;;158;Tup
TRANSITION;2026-09-18 10:58:52.665862;0.3579;;ITI;
VAL;2026-09-18 10:58:52.681488;;;WHEEL_POS;69.477,-9.10
VAL;2026-09-18 10:58:52.715096;;;WHEEL_POS;69.511,-9.10
VAL;2026-09-18 10:58:52.750355;;;WHEEL_POS;69.546,-9.10
VAL;2026-09-18 10:58:52.773354;;;WHEEL_POS;69.569,-9.10
VAL;2026-09-18 10:58:52.788983;;;WHEEL_POS;69.585,-9.10
VAL;2026-09-18 10:58:52.820236;;;WHEEL_POS;69.616,-9.50
VAL;2026-09-18 10:58:52.850370;;;WHEEL_POS;69.646,-9.50
VAL;2026-09-18 10:58:52.881623;;;WHEEL_POS;69.678,-9.50
VAL;2026-09-18 10:58:52.897254;;;WHEEL_POS;69.693,-9.50
VAL;2026-09-18 10:58:52.928503;;;WHEEL_POS;69.725,-9.50
VAL;2026-09-18 10:58:52.950638;;;WHEEL_POS;69.747,-9.50
VAL;2026-09-18 10:58:52.966265;;;WHEEL_POS;69.762,-9.50
VAL;2026-09-18 10:58:52.990727;;;WHEEL_POS;69.787,-9.50
VAL;2026-09-18 10:58:53.021979;;;WHEEL_POS;69.818,-9.50
VAL;2026-09-18 10:58:53.050615;;;WHEEL_POS;69.847,-9.50
VAL;2026-09-18 10:58:53.081866;;;WHEEL_POS;69.878,-9.50
VAL;2026-09-18 10:58:53.113119;;;WHEEL_POS;69.909,-9.50
VAL;2026-09-18 10:58:53.150880;;;WHEEL_POS;69.947,-9.50
EVENT;2026-09-18 10:58:53.175833;0.8579;;158;Tup
END-TRIAL;2026-09-18 10:58:53.175833;;;The trial ended;
INFO;2026-09-18 10:58:53.175833;73.509031;74.366934;TRIAL-BPOD-TIME;0.8579030000000074
STATE;2026-09-18 10:58:53.175833;0;0.30910000000000004;WheelPeriod;0.30910000000000004
STATE;2026-09-18 10:58:53.175833;0.30910000000000004;0.3579;RewardL;0.048799999999999955
STATE;2026-09-18 10:58:53.175833;0.3579;0.8579;ITI;0.5
STATE;2026-09-18 10:58:53.175833;nan;nan;RewardR;nan
STATE;2026-09-18 10:58:53.175833;nan;nan;NoRewardL;nan
STATE;2026-09-18 10:58:53.175833;nan;nan;NoRewardR;nan
STATE;2026-09-18 10:58:53.175833;nan;nan;NoMovement;nan
VAL;2026-09-18 10:58:53.207091;;;TRIAL_TYPE;stage2
VAL;2026-09-18 10:58:53.207091;;;MOVEMENT_DIRECTION;L
VAL;2026-09-18 10:58:53.207091;;;OUTCOME;Rewarded
VAL;2026-09-18 10:58:53.207091;;;DIRECTION_RATIO;0.3333333333333333
VAL;2026-09-18 10:58:53.207091;;;THRESHOLD_CROSSING_TIME;69.40156015548706
stdout;2026-09-18 10:58:53.207091;;;Trial 18: threshold=7.0deg, Rewarded, direction_ratio=0.33;
stdout;2026-09-18 10:58:53.207091;;;|
|;
VAL;2026-09-18 10:58:53.376668;;;TRIAL_INIT_START;70.1726667881012
VAL;2026-09-18 10:58:53.392296;;;WHEEL_POS;70.188,-9.50
VAL;2026-09-18 10:58:53.407922;;;WHEEL_POS;70.204,-9.50
VAL;2026-09-18 10:58:53.451681;;;WHEEL_POS;70.248,-9.50
VAL;2026-09-18 10:58:53.482933;;;WHEEL_POS;70.279,-9.50
VAL;2026-09-18 10:58:53.514186;;;WHEEL_POS;70.310,-9.50
VAL;2026-09-18 10:58:53.536239;;;WHEEL_POS;70.332,-9.50
VAL;2026-09-18 10:58:53.560427;;;TRIAL_START;70.33223795890808
VAL;2026-09-18 10:58:53.560427;;;QUIESCENCE_BREAKS;0
VAL;2026-09-18 10:58:53.560427;;;THRESHOLD_DEG;7.0
TRIAL;2026-09-18 10:58:53.608289;;;New trial;
VAL;2026-09-18 10:58:53.623907;;;WHEEL_POS;70.420,0.00
VAL;2026-09-18 10:58:53.652042;;;WHEEL_POS;70.448,0.00
VAL;2026-09-18 10:58:53.683294;;;WHEEL_POS;70.479,0.00
VAL;2026-09-18 10:58:53.725052;;;WHEEL_POS;70.521,0.00
VAL;2026-09-18 10:58:53.752185;;;WHEEL_POS;70.548,-0.70
VAL;2026-09-18 10:58:53.778135;;;WHEEL_POS;70.574,-1.80
VAL;2026-09-18 10:58:53.793764;;;WHEEL_POS;70.590,-2.50
VAL;2026-09-18 10:58:53.825020;;;WHEEL_POS;70.621,-4.20
VAL;2026-09-18 10:58:53.852161;;;WHEEL_POS;70.648,-6.30
EVENT;2026-09-18 10:58:53.852161;0.24230000000000002;;0;RotaryEncoder1_1
TRANSITION;2026-09-18 10:58:53.852161;0.24230000000000002;;RewardL;
VAL;2026-09-18 10:58:53.883413;;;WHEEL_POS;70.679,-9.10
EVENT;2026-09-18 10:58:53.899040;0.2911;;158;Tup
TRANSITION;2026-09-18 10:58:53.899040;0.2911;;ITI;
VAL;2026-09-18 10:58:53.914665;;;WHEEL_POS;70.711,-9.80
VAL;2026-09-18 10:58:53.930292;;;WHEEL_POS;70.726,-9.50
VAL;2026-09-18 10:58:53.952426;;;WHEEL_POS;70.748,-9.50
VAL;2026-09-18 10:58:53.978941;;;WHEEL_POS;70.775,-9.50
VAL;2026-09-18 10:58:54.010195;;;WHEEL_POS;70.806,-9.50
VAL;2026-09-18 10:58:54.052456;;;WHEEL_POS;70.848,-9.10
VAL;2026-09-18 10:58:54.068082;;;WHEEL_POS;70.864,-9.10
VAL;2026-09-18 10:58:54.099334;;;WHEEL_POS;70.895,-8.80
VAL;2026-09-18 10:58:54.114959;;;WHEEL_POS;70.911,-8.80
VAL;2026-09-18 10:58:54.152720;;;WHEEL_POS;70.949,-8.80
VAL;2026-09-18 10:58:54.195333;;;WHEEL_POS;70.991,-8.80
VAL;2026-09-18 10:58:54.226585;;;WHEEL_POS;71.023,-8.80
VAL;2026-09-18 10:58:54.252719;;;WHEEL_POS;71.049,-8.80
VAL;2026-09-18 10:58:54.283972;;;WHEEL_POS;71.080,-8.80
VAL;2026-09-18 10:58:54.315225;;;WHEEL_POS;71.111,-8.80
VAL;2026-09-18 10:58:54.352983;;;WHEEL_POS;71.149,-8.80
VAL;2026-09-18 10:58:54.396089;;;WHEEL_POS;71.192,-8.80
EVENT;2026-09-18 10:58:54.411716;0.7911;;158;Tup
END-TRIAL;2026-09-18 10:58:54.411716;;;The trial ended;
INFO;2026-09-18 10:58:54.411716;74.810031;75.601134;TRIAL-BPOD-TIME;0.7911030000000068
STATE;2026-09-18 10:58:54.411716;0;0.24230000000000002;WheelPeriod;0.24230000000000002
STATE;2026-09-18 10:58:54.411716;0.24230000000000002;0.2911;RewardL;0.04880000000000001
STATE;2026-09-18 10:58:54.411716;0.2911;0.7911;ITI;0.5
STATE;2026-09-18 10:58:54.411716;nan;nan;RewardR;nan
STATE;2026-09-18 10:58:54.411716;nan;nan;NoRewardL;nan
STATE;2026-09-18 10:58:54.411716;nan;nan;NoRewardR;nan
STATE;2026-09-18 10:58:54.411716;nan;nan;NoMovement;nan
VAL;2026-09-18 10:58:54.468607;;;TRIAL_TYPE;stage2
VAL;2026-09-18 10:58:54.468607;;;MOVEMENT_DIRECTION;L
VAL;2026-09-18 10:58:54.468607;;;OUTCOME;Rewarded
VAL;2026-09-18 10:58:54.468607;;;DIRECTION_RATIO;0.3125
VAL;2026-09-18 10:58:54.468607;;;THRESHOLD_CROSSING_TIME;70.64658829193115
stdout;2026-09-18 10:58:54.468607;;;Trial 19: threshold=7.0deg, Rewarded, direction_ratio=0.31;
stdout;2026-09-18 10:58:54.468607;;;|
|;
VAL;2026-09-18 10:58:54.641268;;;TRIAL_INIT_START;71.43726778030396
VAL;2026-09-18 10:58:54.672530;;;WHEEL_POS;71.469,-8.80
VAL;2026-09-18 10:58:54.713115;;;WHEEL_POS;71.509,-8.80
VAL;2026-09-18 10:58:54.752880;;;WHEEL_POS;71.549,-8.80
VAL;2026-09-18 10:58:54.781854;;;WHEEL_POS;71.578,-8.80
VAL;2026-09-18 10:58:54.797485;;;WHEEL_POS;71.593,-8.80
VAL;2026-09-18 10:58:54.813112;;;TRIAL_START;71.59348464012146
VAL;2026-09-18 10:58:54.813112;;;QUIESCENCE_BREAKS;0
VAL;2026-09-18 10:58:54.813112;;;THRESHOLD_DEG;7.0
TRIAL;2026-09-18 10:58:54.868504;;;New trial;
VAL;2026-09-18 10:58:54.884126;;;WHEEL_POS;71.680,0.00
VAL;2026-09-18 10:58:54.899752;;;WHEEL_POS;71.696,-1.40
VAL;2026-09-18 10:58:54.931005;;;WHEEL_POS;71.727,-3.20
VAL;2026-09-18 10:58:54.953138;;;WHEEL_POS;71.749,-3.90
VAL;2026-09-18 10:58:54.998228;;;WHEEL_POS;71.794,-6.00
EVENT;2026-09-18 10:58:55.013855;0.13870000000000002;;0;RotaryEncoder1_1
TRANSITION;2026-09-18 10:58:55.013855;0.13870000000000002;;RewardL;
VAL;2026-09-18 10:58:55.029481;;;WHEEL_POS;71.825,-7.40
VAL;2026-09-18 10:58:55.053116;;;WHEEL_POS;71.849,-8.10
EVENT;2026-09-18 10:58:55.053116;0.1875;;158;Tup
TRANSITION;2026-09-18 10:58:55.053116;0.1875;;ITI;
VAL;2026-09-18 10:58:55.084369;;;WHEEL_POS;71.880,-8.80
VAL;2026-09-18 10:58:55.099995;;;WHEEL_POS;71.896,-9.10
VAL;2026-09-18 10:58:55.137752;;;WHEEL_POS;71.934,-9.50
VAL;2026-09-18 10:58:55.153382;;;WHEEL_POS;71.949,-9.50
VAL;2026-09-18 10:58:55.169008;;;WHEEL_POS;71.965,-9.50
VAL;2026-09-18 10:58:55.198999;;;WHEEL_POS;71.995,-9.50
VAL;2026-09-18 10:58:55.230253;;;WHEEL_POS;72.026,-9.50
VAL;2026-09-18 10:58:55.253388;;;WHEEL_POS;72.049,-9.50
VAL;2026-09-18 10:58:55.269015;;;WHEEL_POS;72.065,-9.50
VAL;2026-09-18 10:58:55.300267;;;WHEEL_POS;72.096,-9.10
VAL;2026-09-18 10:58:55.331518;;;WHEEL_POS;72.128,-9.10
VAL;2026-09-18 10:58:55.353652;;;WHEEL_POS;72.150,-9.10
VAL;2026-09-18 10:58:55.399757;;;WHEEL_POS;72.196,-9.10
VAL;2026-09-18 10:58:55.431011;;;WHEEL_POS;72.227,-9.10
VAL;2026-09-18 10:58:55.453645;;;WHEEL_POS;72.250,-9.10
VAL;2026-09-18 10:58:55.484897;;;WHEEL_POS;72.281,-9.10
VAL;2026-09-18 10:58:55.516150;;;WHEEL_POS;72.312,-9.10
VAL;2026-09-18 10:58:55.538183;;;WHEEL_POS;72.334,-9.10
VAL;2026-09-18 10:58:55.561858;;;WHEEL_POS;72.358,-9.10
EVENT;2026-09-18 10:58:55.561858;0.6875;;158;Tup
END-TRIAL;2026-09-18 10:58:55.561858;;;The trial ended;
INFO;2026-09-18 10:58:55.561858;76.069031;76.756534;TRIAL-BPOD-TIME;0.6875030000000066
STATE;2026-09-18 10:58:55.561858;0;0.13870000000000002;WheelPeriod;0.13870000000000002
STATE;2026-09-18 10:58:55.561858;0.13870000000000002;0.1875;RewardL;0.04879999999999998
STATE;2026-09-18 10:58:55.561858;0.1875;0.6875;ITI;0.5
STATE;2026-09-18 10:58:55.561858;nan;nan;RewardR;nan
STATE;2026-09-18 10:58:55.561858;nan;nan;NoRewardL;nan
STATE;2026-09-18 10:58:55.561858;nan;nan;NoRewardR;nan
STATE;2026-09-18 10:58:55.561858;nan;nan;NoMovement;nan
VAL;2026-09-18 10:58:55.609217;;;TRIAL_TYPE;stage2
VAL;2026-09-18 10:58:55.609217;;;MOVEMENT_DIRECTION;L
VAL;2026-09-18 10:58:55.609217;;;OUTCOME;Rewarded
VAL;2026-09-18 10:58:55.609217;;;DIRECTION_RATIO;0.29411764705882354
VAL;2026-09-18 10:58:55.609217;;;THRESHOLD_CROSSING_TIME;71.80320333595276
stdout;2026-09-18 10:58:55.609217;;;Trial 20: threshold=7.0deg, Rewarded, direction_ratio=0.29;
stdout;2026-09-18 10:58:55.609217;;;|
|;
VAL;2026-09-18 10:58:55.784723;;;TRIAL_INIT_START;72.58072185516357
VAL;2026-09-18 10:58:55.800350;;;WHEEL_POS;72.596,-9.10
VAL;2026-09-18 10:58:55.815978;;;WHEEL_POS;72.612,-9.10
VAL;2026-09-18 10:58:55.854750;;;WHEEL_POS;72.651,-9.10
VAL;2026-09-18 10:58:55.880885;;;WHEEL_POS;72.677,-9.10
VAL;2026-09-18 10:58:55.912135;;;WHEEL_POS;72.708,-9.10
VAL;2026-09-18 10:58:55.945286;;;WHEEL_POS;72.741,-9.10
VAL;2026-09-18 10:58:55.960914;;;TRIAL_START;72.74128484725952
VAL;2026-09-18 10:58:55.960914;;;QUIESCENCE_BREAKS;0
VAL;2026-09-18 10:58:55.960914;;;THRESHOLD_DEG;7.0
TRIAL;2026-09-18 10:58:56.032495;;;New trial;
VAL;2026-09-18 10:58:56.039503;;;WHEEL_POS;72.836,-0.40
VAL;2026-09-18 10:58:56.055133;;;WHEEL_POS;72.851,-1.10
VAL;2026-09-18 10:58:56.086386;;;WHEEL_POS;72.882,-3.90
VAL;2026-09-18 10:58:56.117637;;;WHEEL_POS;72.914,-5.60
EVENT;2026-09-18 10:58:56.139771;0.1096;;0;RotaryEncoder1_1
TRANSITION;2026-09-18 10:58:56.139771;0.1096;;RewardL;
VAL;2026-09-18 10:58:56.155401;;;WHEEL_POS;72.951,-7.40
VAL;2026-09-18 10:58:56.186361;;;WHEEL_POS;72.982,-8.40
EVENT;2026-09-18 10:58:56.186361;0.1584;;158;Tup
TRANSITION;2026-09-18 10:58:56.186361;0.1584;;ITI;
VAL;2026-09-18 10:58:56.217616;;;WHEEL_POS;73.014,-8.80
VAL;2026-09-18 10:58:56.233242;;;WHEEL_POS;73.029,-8.80
VAL;2026-09-18 10:58:56.255381;;;WHEEL_POS;73.051,-8.80
VAL;2026-09-18 10:58:56.271012;;;WHEEL_POS;73.067,-8.80
VAL;2026-09-18 10:58:56.302259;;;WHEEL_POS;73.098,-8.80
VAL;2026-09-18 10:58:56.340018;;;WHEEL_POS;73.136,-8.80
VAL;2026-09-18 10:58:56.355647;;;WHEEL_POS;73.152,-8.80
VAL;2026-09-18 10:58:56.371273;;;WHEEL_POS;73.167,-8.40
VAL;2026-09-18 10:58:56.387106;;;WHEEL_POS;73.183,-8.40
VAL;2026-09-18 10:58:56.418361;;;WHEEL_POS;73.214,-8.10
VAL;2026-09-18 10:58:56.433986;;;WHEEL_POS;73.230,-8.10
VAL;2026-09-18 10:58:56.455624;;;WHEEL_POS;73.252,-8.10
VAL;2026-09-18 10:58:56.471249;;;WHEEL_POS;73.267,-8.10
VAL;2026-09-18 10:58:56.502501;;;WHEEL_POS;73.299,-8.10
VAL;2026-09-18 10:58:56.518128;;;WHEEL_POS;73.314,-8.10
VAL;2026-09-18 10:58:56.540158;;;WHEEL_POS;73.336,-8.10
VAL;2026-09-18 10:58:56.561794;;;WHEEL_POS;73.358,-8.10
VAL;2026-09-18 10:58:56.594582;;;WHEEL_POS;73.391,-8.10
VAL;2026-09-18 10:58:56.625837;;;WHEEL_POS;73.422,-8.10
VAL;2026-09-18 10:58:56.655974;;;WHEEL_POS;73.452,-8.10
VAL;2026-09-18 10:58:56.687226;;;WHEEL_POS;73.483,-8.10
EVENT;2026-09-18 10:58:56.698598;0.6584;;158;Tup
END-TRIAL;2026-09-18 10:58:56.698598;;;The trial ended;
INFO;2026-09-18 10:58:56.698598;77.229031;77.887434;TRIAL-BPOD-TIME;0.6584029999999927
STATE;2026-09-18 10:58:56.698598;0;0.1096;WheelPeriod;0.1096
STATE;2026-09-18 10:58:56.698598;0.1096;0.1584;RewardL;0.04880000000000001
STATE;2026-09-18 10:58:56.698598;0.1584;0.6584;ITI;0.5
STATE;2026-09-18 10:58:56.698598;nan;nan;RewardR;nan
STATE;2026-09-18 10:58:56.698598;nan;nan;NoRewardL;nan
STATE;2026-09-18 10:58:56.698598;nan;nan;NoRewardR;nan
STATE;2026-09-18 10:58:56.698598;nan;nan;NoMovement;nan
VAL;2026-09-18 10:58:56.767996;;;TRIAL_TYPE;stage2
VAL;2026-09-18 10:58:56.767996;;;MOVEMENT_DIRECTION;L
VAL;2026-09-18 10:58:56.767996;;;OUTCOME;Rewarded
VAL;2026-09-18 10:58:56.767996;;;DIRECTION_RATIO;0.2777777777777778
VAL;2026-09-18 10:58:56.767996;;;THRESHOLD_CROSSING_TIME;72.92246978721619
stdout;2026-09-18 10:58:56.767996;;;Trial 21: threshold=7.0deg, Rewarded, direction_ratio=0.28;
stdout;2026-09-18 10:58:56.767996;;;|
|;
VAL;2026-09-18 10:58:56.941167;;;TRIAL_INIT_START;73.73716616630554
VAL;2026-09-18 10:58:56.956796;;;WHEEL_POS;73.753,-8.10
VAL;2026-09-18 10:58:56.988797;;;WHEEL_POS;73.785,-8.10
VAL;2026-09-18 10:58:57.004428;;;WHEEL_POS;73.800,-8.10
VAL;2026-09-18 10:58:57.041187;;;WHEEL_POS;73.837,-8.10
VAL;2026-09-18 10:58:57.056817;;;WHEEL_POS;73.853,-8.10
VAL;2026-09-18 10:58:57.088069;;;WHEEL_POS;73.884,-8.10
VAL;2026-09-18 10:58:57.103695;;;TRIAL_START;73.88406825065613
VAL;2026-09-18 10:58:57.103695;;;QUIESCENCE_BREAKS;0
VAL;2026-09-18 10:58:57.103695;;;THRESHOLD_DEG;7.0
TRIAL;2026-09-18 10:58:57.157107;;;New trial;
VAL;2026-09-18 10:58:57.157107;;;WHEEL_POS;73.953,0.00
VAL;2026-09-18 10:58:57.189631;;;WHEEL_POS;73.986,0.00
VAL;2026-09-18 10:58:57.205259;;;WHEEL_POS;74.001,0.00
VAL;2026-09-18 10:58:57.241516;;;WHEEL_POS;74.038,0.00
VAL;2026-09-18 10:58:57.257145;;;WHEEL_POS;74.053,0.00
VAL;2026-09-18 10:58:57.288397;;;WHEEL_POS;74.084,0.00
VAL;2026-09-18 10:58:57.304022;;;WHEEL_POS;74.100,0.00
VAL;2026-09-18 10:58:57.335274;;;WHEEL_POS;74.131,0.00
VAL;2026-09-18 10:58:57.357407;;;WHEEL_POS;74.153,0.00
VAL;2026-09-18 10:58:57.373038;;;WHEEL_POS;74.169,0.00
VAL;2026-09-18 10:58:57.406203;;;WHEEL_POS;74.202,0.00
VAL;2026-09-18 10:58:57.441958;;;WHEEL_POS;74.238,0.00
VAL;2026-09-18 10:58:57.473213;;;WHEEL_POS;74.269,0.00
VAL;2026-09-18 10:58:57.504465;;;WHEEL_POS;74.300,0.00
VAL;2026-09-18 10:58:57.525111;;;WHEEL_POS;74.321,0.00
VAL;2026-09-18 10:58:57.577526;;;WHEEL_POS;74.374,0.00
VAL;2026-09-18 10:58:57.594736;;;WHEEL_POS;74.391,0.00
VAL;2026-09-18 10:58:57.610365;;;WHEEL_POS;74.406,0.00
VAL;2026-09-18 10:58:57.642126;;;WHEEL_POS;74.438,0.00
VAL;2026-09-18 10:58:57.673383;;;WHEEL_POS;74.469,0.00
VAL;2026-09-18 10:58:57.714728;;;WHEEL_POS;74.511,0.00
VAL;2026-09-18 10:58:57.757986;;;WHEEL_POS;74.554,0.00
VAL;2026-09-18 10:58:57.785182;;;WHEEL_POS;74.581,0.00
VAL;2026-09-18 10:58:57.807880;;;WHEEL_POS;74.604,0.00
VAL;2026-09-18 10:58:57.858270;;;WHEEL_POS;74.654,0.00
VAL;2026-09-18 10:58:57.873894;;;WHEEL_POS;74.670,0.00
VAL;2026-09-18 10:58:57.920776;;;WHEEL_POS;74.717,-0.70
VAL;2026-09-18 10:58:57.936398;;;WHEEL_POS;74.732,-1.40
VAL;2026-09-18 10:58:57.974164;;;WHEEL_POS;74.770,-2.80
VAL;2026-09-18 10:58:57.993143;;;WHEEL_POS;74.789,-3.90
VAL;2026-09-18 10:58:58.008772;;;WHEEL_POS;74.805,-4.90
VAL;2026-09-18 10:58:58.043036;;;WHEEL_POS;74.839,-6.00
VAL;2026-09-18 10:58:58.058669;;;WHEEL_POS;74.855,-6.70
EVENT;2026-09-18 10:58:58.074295;0.9107000000000001;;0;RotaryEncoder1_1
TRANSITION;2026-09-18 10:58:58.074295;0.9107000000000001;;RewardL;
VAL;2026-09-18 10:58:58.089921;;;WHEEL_POS;74.886,-7.00
VAL;2026-09-18 10:58:58.121174;;;WHEEL_POS;74.917,-7.40
EVENT;2026-09-18 10:58:58.121174;0.9595;;158;Tup
TRANSITION;2026-09-18 10:58:58.121174;0.9595;;ITI;
VAL;2026-09-18 10:58:58.158937;;;WHEEL_POS;74.955,-7.40
VAL;2026-09-18 10:58:58.193672;;;WHEEL_POS;74.990,-7.40
VAL;2026-09-18 10:58:58.209302;;;WHEEL_POS;75.005,-7.40
VAL;2026-09-18 10:58:58.243557;;;WHEEL_POS;75.040,-7.40
VAL;2026-09-18 10:58:58.259185;;;WHEEL_POS;75.055,-7.40
VAL;2026-09-18 10:58:58.290437;;;WHEEL_POS;75.086,-7.40
VAL;2026-09-18 10:58:58.306063;;;WHEEL_POS;75.102,-7.40
VAL;2026-09-18 10:58:58.337315;;;WHEEL_POS;75.133,-7.40
VAL;2026-09-18 10:58:58.359448;;;WHEEL_POS;75.155,-7.40
VAL;2026-09-18 10:58:58.394509;;;WHEEL_POS;75.191,-7.40
VAL;2026-09-18 10:58:58.410136;;;WHEEL_POS;75.206,-7.40
VAL;2026-09-18 10:58:58.443892;;;WHEEL_POS;75.240,-7.40
VAL;2026-09-18 10:58:58.459521;;;WHEEL_POS;75.256,-7.40
VAL;2026-09-18 10:58:58.490773;;;WHEEL_POS;75.287,-7.40
VAL;2026-09-18 10:58:58.522025;;;WHEEL_POS;75.318,-7.40
VAL;2026-09-18 10:58:58.566817;;;WHEEL_POS;75.363,-7.40
VAL;2026-09-18 10:58:58.611137;;;WHEEL_POS;75.407,-7.40
EVENT;2026-09-18 10:58:58.626764;1.4595;;158;Tup
END-TRIAL;2026-09-18 10:58:58.626764;;;The trial ended;
INFO;2026-09-18 10:58:58.626764;78.356031;79.815534;TRIAL-BPOD-TIME;1.459502999999998
STATE;2026-09-18 10:58:58.626764;0;0.9107000000000001;WheelPeriod;0.9107000000000001
STATE;2026-09-18 10:58:58.626764;0.9107000000000001;0.9595;RewardL;0.048799999999999955
STATE;2026-09-18 10:58:58.626764;0.9595;1.4595;ITI;0.5
STATE;2026-09-18 10:58:58.626764;nan;nan;RewardR;nan
STATE;2026-09-18 10:58:58.626764;nan;nan;NoRewardL;nan
STATE;2026-09-18 10:58:58.626764;nan;nan;NoRewardR;nan
STATE;2026-09-18 10:58:58.626764;nan;nan;NoMovement;nan
VAL;2026-09-18 10:58:58.675652;;;TRIAL_TYPE;stage2
VAL;2026-09-18 10:58:58.675652;;;MOVEMENT_DIRECTION;L
VAL;2026-09-18 10:58:58.675652;;;OUTCOME;Rewarded
VAL;2026-09-18 10:58:58.675652;;;DIRECTION_RATIO;0.2631578947368421
VAL;2026-09-18 10:58:58.675652;;;THRESHOLD_CROSSING_TIME;74.86380616493226
stdout;2026-09-18 10:58:58.675652;;;Trial 22: threshold=7.0deg, Rewarded, direction_ratio=0.26;
stdout;2026-09-18 10:58:58.675652;;;|
|;
VAL;2026-09-18 10:58:58.860445;;;TRIAL_INIT_START;75.65644407272339
VAL;2026-09-18 10:58:58.891697;;;WHEEL_POS;75.688,-7.40
VAL;2026-09-18 10:58:58.922949;;;WHEEL_POS;75.719,-7.40
VAL;2026-09-18 10:58:58.965164;;;WHEEL_POS;75.761,-7.40
VAL;2026-09-18 10:58:58.980793;;;WHEEL_POS;75.777,-7.40
VAL;2026-09-18 10:58:59.012000;;;WHEEL_POS;75.808,-7.40
VAL;2026-09-18 10:58:59.045255;;;WHEEL_POS;75.841,-7.40
VAL;2026-09-18 10:58:59.060885;;;TRIAL_START;75.84125423431396
VAL;2026-09-18 10:58:59.060885;;;QUIESCENCE_BREAKS;0
VAL;2026-09-18 10:58:59.060885;;;THRESHOLD_DEG;7.0
TRIAL;2026-09-18 10:58:59.107763;;;New trial;
VAL;2026-09-18 10:58:59.123389;;;WHEEL_POS;75.919,0.00
VAL;2026-09-18 10:58:59.139014;;;WHEEL_POS;75.935,0.00
VAL;2026-09-18 10:58:59.161149;;;WHEEL_POS;75.957,0.00
VAL;2026-09-18 10:58:59.197265;;;WHEEL_POS;75.993,0.00
VAL;2026-09-18 10:58:59.212892;;;WHEEL_POS;76.009,0.00
VAL;2026-09-18 10:58:59.245648;;;WHEEL_POS;76.042,0.00
VAL;2026-09-18 10:58:59.261276;;;WHEEL_POS;76.057,0.00
VAL;2026-09-18 10:58:59.292529;;;WHEEL_POS;76.089,0.00
VAL;2026-09-18 10:58:59.308155;;;WHEEL_POS;76.104,0.00
VAL;2026-09-18 10:58:59.339411;;;WHEEL_POS;76.135,0.00
VAL;2026-09-18 10:58:59.361546;;;WHEEL_POS;76.158,0.00
VAL;2026-09-18 10:58:59.377172;;;WHEEL_POS;76.173,-0.40
VAL;2026-09-18 10:58:59.414076;;;WHEEL_POS;76.210,-2.80
VAL;2026-09-18 10:58:59.461466;;;WHEEL_POS;76.257,-5.60
VAL;2026-09-18 10:58:59.477085;;;WHEEL_POS;76.273,-6.30
VAL;2026-09-18 10:58:59.508338;;;WHEEL_POS;76.304,-6.30
VAL;2026-09-18 10:58:59.523972;;;WHEEL_POS;76.320,-6.70
EVENT;2026-09-18 10:58:59.540104;0.4152;;0;RotaryEncoder1_1
TRANSITION;2026-09-18 10:58:59.540104;0.4152;;RewardL;
VAL;2026-09-18 10:58:59.567245;;;WHEEL_POS;76.363,-7.40
EVENT;2026-09-18 10:58:59.582871;0.464;;158;Tup
TRANSITION;2026-09-18 10:58:59.582871;0.464;;ITI;
VAL;2026-09-18 10:58:59.612046;;;WHEEL_POS;76.408,-7.70
VAL;2026-09-18 10:58:59.646303;;;WHEEL_POS;76.442,-7.70
VAL;2026-09-18 10:58:59.661930;;;WHEEL_POS;76.458,-7.70
VAL;2026-09-18 10:58:59.693182;;;WHEEL_POS;76.489,-7.40
VAL;2026-09-18 10:58:59.719611;;;WHEEL_POS;76.516,-7.40
VAL;2026-09-18 10:58:59.735237;;;WHEEL_POS;76.531,-7.40
VAL;2026-09-18 10:58:59.761869;;;WHEEL_POS;76.558,-7.40
VAL;2026-09-18 10:58:59.788048;;;WHEEL_POS;76.584,-7.40
VAL;2026-09-18 10:58:59.820046;;;WHEEL_POS;76.616,-7.40
VAL;2026-09-18 10:58:59.865811;;;WHEEL_POS;76.662,-7.40
VAL;2026-09-18 10:58:59.897066;;;WHEEL_POS;76.693,-7.40
VAL;2026-09-18 10:58:59.928318;;;WHEEL_POS;76.724,-7.40
VAL;2026-09-18 10:58:59.946457;;;WHEEL_POS;76.742,-7.40
VAL;2026-09-18 10:58:59.962084;;;WHEEL_POS;76.758,-7.40
VAL;2026-09-18 10:58:59.993336;;;WHEEL_POS;76.789,-7.40
VAL;2026-09-18 10:59:00.021301;;;WHEEL_POS;76.817,-7.40
VAL;2026-09-18 10:59:00.062064;;;WHEEL_POS;76.858,-7.40
EVENT;2026-09-18 10:59:00.077689;0.9640000000000001;;158;Tup
END-TRIAL;2026-09-18 10:59:00.077689;;;The trial ended;
INFO;2026-09-18 10:59:00.077689;80.313031;81.277034;TRIAL-BPOD-TIME;0.9640030000000053
STATE;2026-09-18 10:59:00.077689;0;0.4152;WheelPeriod;0.4152
STATE;2026-09-18 10:59:00.077689;0.4152;0.464;RewardL;0.04880000000000001
STATE;2026-09-18 10:59:00.077689;0.464;0.9640000000000001;ITI;0.5
STATE;2026-09-18 10:59:00.077689;nan;nan;RewardR;nan
STATE;2026-09-18 10:59:00.077689;nan;nan;NoRewardL;nan
STATE;2026-09-18 10:59:00.077689;nan;nan;NoRewardR;nan
STATE;2026-09-18 10:59:00.077689;nan;nan;NoMovement;nan
VAL;2026-09-18 10:59:00.140194;;;TRIAL_TYPE;stage2
VAL;2026-09-18 10:59:00.140194;;;MOVEMENT_DIRECTION;L
VAL;2026-09-18 10:59:00.140194;;;OUTCOME;Rewarded
VAL;2026-09-18 10:59:00.140194;;;DIRECTION_RATIO;0.25
VAL;2026-09-18 10:59:00.140194;;;THRESHOLD_CROSSING_TIME;76.31896210212707
stdout;2026-09-18 10:59:00.140194;;;Trial 23: threshold=7.0deg, Rewarded, direction_ratio=0.25;
stdout;2026-09-18 10:59:00.140194;;;|
|;
VAL;2026-09-18 10:59:00.303021;;;TRIAL_INIT_START;77.0990207195282
VAL;2026-09-18 10:59:00.334272;;;WHEEL_POS;77.130,-15.80
VAL;2026-09-18 10:59:00.362907;;;WHEEL_POS;77.159,-16.20
VAL;2026-09-18 10:59:00.394158;;;WHEEL_POS;77.190,-17.20
VAL;2026-09-18 10:59:00.423743;;;WHEEL_POS;77.220,-17.90
VAL;2026-09-18 10:59:00.463005;;;WHEEL_POS;77.259,-18.60
VAL;2026-09-18 10:59:00.494258;;;WHEEL_POS;77.290,-19.30
VAL;2026-09-18 10:59:00.509884;;;TRIAL_START;77.29025745391846
VAL;2026-09-18 10:59:00.509884;;;QUIESCENCE_BREAKS;0
VAL;2026-09-18 10:59:00.509884;;;THRESHOLD_DEG;10.500000000000002
TRIAL;2026-09-18 10:59:00.569007;;;New trial;
VAL;2026-09-18 10:59:00.584632;;;WHEEL_POS;77.381,-0.40
VAL;2026-09-18 10:59:00.600037;;;WHEEL_POS;77.396,-0.40
VAL;2026-09-18 10:59:00.624710;;;WHEEL_POS;77.421,-0.70
VAL;2026-09-18 10:59:00.662970;;;WHEEL_POS;77.459,-0.70
VAL;2026-09-18 10:59:00.699226;;;WHEEL_POS;77.495,-0.70
VAL;2026-09-18 10:59:00.715858;;;WHEEL_POS;77.512,-0.40
VAL;2026-09-18 10:59:00.731487;;;WHEEL_POS;77.527,-0.40
VAL;2026-09-18 10:59:00.747617;;;WHEEL_POS;77.544,0.00
VAL;2026-09-18 10:59:00.763246;;;WHEEL_POS;77.559,0.00
VAL;2026-09-18 10:59:00.788924;;;WHEEL_POS;77.585,0.00
VAL;2026-09-18 10:59:00.826010;;;WHEEL_POS;77.622,0.00
VAL;2026-09-18 10:59:00.863282;;;WHEEL_POS;77.659,0.00
VAL;2026-09-18 10:59:00.910164;;;WHEEL_POS;77.706,0.00
VAL;2026-09-18 10:59:00.925786;;;WHEEL_POS;77.722,0.00
VAL;2026-09-18 10:59:00.963546;;;WHEEL_POS;77.760,0.00
VAL;2026-09-18 10:59:00.979177;;;WHEEL_POS;77.775,0.00
VAL;2026-09-18 10:59:01.011189;;;WHEEL_POS;77.807,0.40
VAL;2026-09-18 10:59:01.026818;;;WHEEL_POS;77.823,0.40
VAL;2026-09-18 10:59:01.063590;;;WHEEL_POS;77.860,-0.70
VAL;2026-09-18 10:59:01.110471;;;WHEEL_POS;77.906,-1.10
VAL;2026-09-18 10:59:01.126091;;;WHEEL_POS;77.922,-1.10
VAL;2026-09-18 10:59:01.179482;;;WHEEL_POS;77.975,-2.10
VAL;2026-09-18 10:59:01.195103;;;WHEEL_POS;77.991,-3.20
VAL;2026-09-18 10:59:01.227741;;;WHEEL_POS;78.024,-4.20
VAL;2026-09-18 10:59:01.264022;;;WHEEL_POS;78.060,-4.90
VAL;2026-09-18 10:59:01.310901;;;WHEEL_POS;78.107,-6.30
VAL;2026-09-18 10:59:01.326523;;;WHEEL_POS;78.123,-6.30
VAL;2026-09-18 10:59:01.342149;;;WHEEL_POS;78.138,-6.70
VAL;2026-09-18 10:59:01.379919;;;WHEEL_POS;78.176,-6.70
VAL;2026-09-18 10:59:01.395539;;;WHEEL_POS;78.192,-7.00
VAL;2026-09-18 10:59:01.413331;;;WHEEL_POS;78.209,-7.00
VAL;2026-09-18 10:59:01.428959;;;WHEEL_POS;78.225,-7.40
VAL;2026-09-18 10:59:01.464232;;;WHEEL_POS;78.260,-8.10
VAL;2026-09-18 10:59:01.495483;;;WHEEL_POS;78.291,-8.10
VAL;2026-09-18 10:59:01.526736;;;WHEEL_POS;78.323,-8.40
VAL;2026-09-18 10:59:01.570270;;;WHEEL_POS;78.366,-9.10
VAL;2026-09-18 10:59:01.601527;;;WHEEL_POS;78.398,-9.10
VAL;2026-09-18 10:59:01.629704;;;WHEEL_POS;78.426,-9.50
VAL;2026-09-18 10:59:01.664484;;;WHEEL_POS;78.460,-10.20
EVENT;2026-09-18 10:59:01.664484;1.0872;;0;RotaryEncoder1_1
TRANSITION;2026-09-18 10:59:01.664484;1.0872;;RewardL;
VAL;2026-09-18 10:59:01.680109;;;WHEEL_POS;78.476,-10.90
VAL;2026-09-18 10:59:01.711362;;;WHEEL_POS;78.507,-12.00
EVENT;2026-09-18 10:59:01.711362;1.1360000000000001;;158;Tup
TRANSITION;2026-09-18 10:59:01.711362;1.1360000000000001;;ITI;
VAL;2026-09-18 10:59:01.726987;;;WHEEL_POS;78.523,-12.30
VAL;2026-09-18 10:59:01.764748;;;WHEEL_POS;78.561,-13.00
VAL;2026-09-18 10:59:01.790221;;;WHEEL_POS;78.586,-13.40
VAL;2026-09-18 10:59:01.829983;;;WHEEL_POS;78.626,-13.40
VAL;2026-09-18 10:59:01.864743;;;WHEEL_POS;78.661,-13.40
VAL;2026-09-18 10:59:01.895995;;;WHEEL_POS;78.692,-13.40
VAL;2026-09-18 10:59:01.927248;;;WHEEL_POS;78.723,-13.40
VAL;2026-09-18 10:59:01.965009;;;WHEEL_POS;78.761,-13.40
VAL;2026-09-18 10:59:01.996262;;;WHEEL_POS;78.792,-13.40
VAL;2026-09-18 10:59:02.030848;;;WHEEL_POS;78.827,-13.40
VAL;2026-09-18 10:59:02.065107;;;WHEEL_POS;78.861,-13.40
VAL;2026-09-18 10:59:02.096359;;;WHEEL_POS;78.892,-13.40
VAL;2026-09-18 10:59:02.111986;;;WHEEL_POS;78.908,-13.40
VAL;2026-09-18 10:59:02.143238;;;WHEEL_POS;78.939,-13.40
VAL;2026-09-18 10:59:02.165373;;;WHEEL_POS;78.961,-13.00
VAL;2026-09-18 10:59:02.196625;;;WHEEL_POS;78.993,-12.70
VAL;2026-09-18 10:59:02.215583;;;WHEEL_POS;79.012,-12.70
EVENT;2026-09-18 10:59:02.215583;1.6360000000000001;;158;Tup
END-TRIAL;2026-09-18 10:59:02.215583;;;The trial ended;
INFO;2026-09-18 10:59:02.215583;81.770931;83.406934;TRIAL-BPOD-TIME;1.6360030000000023
STATE;2026-09-18 10:59:02.215583;0;1.0872;WheelPeriod;1.0872
STATE;2026-09-18 10:59:02.215583;1.0872;1.1360000000000001;RewardL;0.04880000000000018
STATE;2026-09-18 10:59:02.215583;1.1360000000000001;1.6360000000000001;ITI;0.5
STATE;2026-09-18 10:59:02.215583;nan;nan;RewardR;nan
STATE;2026-09-18 10:59:02.215583;nan;nan;NoRewardL;nan
STATE;2026-09-18 10:59:02.215583;nan;nan;NoRewardR;nan
STATE;2026-09-18 10:59:02.215583;nan;nan;NoMovement;nan
VAL;2026-09-18 10:59:02.281101;;;TRIAL_TYPE;stage2
VAL;2026-09-18 10:59:02.281101;;;MOVEMENT_DIRECTION;L
VAL;2026-09-18 10:59:02.281101;;;OUTCOME;Rewarded
VAL;2026-09-18 10:59:02.281101;;;DIRECTION_RATIO;0.23809523809523808
VAL;2026-09-18 10:59:02.281101;;;THRESHOLD_CROSSING_TIME;78.45220644683837
stdout;2026-09-18 10:59:02.281101;;;Trial 24: threshold=10.5deg, Rewarded, direction_ratio=0.24;
stdout;2026-09-18 10:59:02.281101;;;|
|;
VAL;2026-09-18 10:59:02.467461;;;TRIAL_INIT_START;79.26346015930176
VAL;2026-09-18 10:59:02.498712;;;WHEEL_POS;79.295,-26.70
VAL;2026-09-18 10:59:02.529965;;;WHEEL_POS;79.326,-27.80
VAL;2026-09-18 10:59:02.555453;;;WHEEL_POS;79.351,-28.10
VAL;2026-09-18 10:59:02.571082;;;WHEEL_POS;79.367,-28.50
VAL;2026-09-18 10:59:02.602334;;;WHEEL_POS;79.398,-29.20
VAL;2026-09-18 10:59:02.634629;;;WHEEL_POS;79.431,-30.20
VAL;2026-09-18 10:59:02.650256;;;TRIAL_START;79.43062829971313
VAL;2026-09-18 10:59:02.650256;;;QUIESCENCE_BREAKS;0
VAL;2026-09-18 10:59:02.650256;;;THRESHOLD_DEG;10.500000000000002
TRIAL;2026-09-18 10:59:02.697137;;;New trial;
VAL;2026-09-18 10:59:02.712760;;;WHEEL_POS;79.509,0.00
VAL;2026-09-18 10:59:02.744012;;;WHEEL_POS;79.540,-0.40
VAL;2026-09-18 10:59:02.766147;;;WHEEL_POS;79.562,-0.40
VAL;2026-09-18 10:59:02.791094;;;WHEEL_POS;79.587,-0.40
VAL;2026-09-18 10:59:02.834852;;;WHEEL_POS;79.631,-0.40
VAL;2026-09-18 10:59:02.865986;;;WHEEL_POS;79.662,-0.40
VAL;2026-09-18 10:59:02.897239;;;WHEEL_POS;79.693,-0.40
VAL;2026-09-18 10:59:02.928490;;;WHEEL_POS;79.724,0.00
VAL;2026-09-18 10:59:02.950629;;;WHEEL_POS;79.747,0.40
VAL;2026-09-18 10:59:02.981887;;;WHEEL_POS;79.778,0.40
VAL;2026-09-18 10:59:03.020197;;;WHEEL_POS;79.816,0.70
VAL;2026-09-18 10:59:03.066461;;;WHEEL_POS;79.862,0.70
VAL;2026-09-18 10:59:03.097722;;;WHEEL_POS;79.894,0.70
VAL;2026-09-18 10:59:03.128966;;;WHEEL_POS;79.925,0.70
VAL;2026-09-18 10:59:03.166735;;;WHEEL_POS;79.963,0.70
VAL;2026-09-18 10:59:03.197987;;;WHEEL_POS;79.994,0.70
VAL;2026-09-18 10:59:03.237175;;;WHEEL_POS;80.033,0.70
VAL;2026-09-18 10:59:03.266818;;;WHEEL_POS;80.063,0.00
VAL;2026-09-18 10:59:03.298077;;;WHEEL_POS;80.094,-1.80
VAL;2026-09-18 10:59:03.329323;;;WHEEL_POS;80.125,-3.50
VAL;2026-09-18 10:59:03.351461;;;WHEEL_POS;80.147,-4.20
VAL;2026-09-18 10:59:03.382719;;;WHEEL_POS;80.179,-4.60
VAL;2026-09-18 10:59:03.422917;;;WHEEL_POS;80.219,-5.60
VAL;2026-09-18 10:59:03.467193;;;WHEEL_POS;80.263,-6.70
VAL;2026-09-18 10:59:03.498450;;;WHEEL_POS;80.294,-8.10
VAL;2026-09-18 10:59:03.529699;;;WHEEL_POS;80.326,-9.10
VAL;2026-09-18 10:59:03.555737;;;WHEEL_POS;80.352,-9.10
VAL;2026-09-18 10:59:03.571368;;;WHEEL_POS;80.367,-9.80
EVENT;2026-09-18 10:59:03.586998;0.8812000000000001;;0;RotaryEncoder1_1
TRANSITION;2026-09-18 10:59:03.586998;0.8812000000000001;;RewardL;
VAL;2026-09-18 10:59:03.602619;;;WHEEL_POS;80.399,-10.90
VAL;2026-09-18 10:59:03.623250;;;WHEEL_POS;80.419,-10.90
EVENT;2026-09-18 10:59:03.638878;0.93;;158;Tup
TRANSITION;2026-09-18 10:59:03.638878;0.93;;ITI;
VAL;2026-09-18 10:59:03.638878;;;WHEEL_POS;80.435,-11.20
VAL;2026-09-18 10:59:03.667512;;;WHEEL_POS;80.464,-12.00
VAL;2026-09-18 10:59:03.683139;;;WHEEL_POS;80.479,-12.30
VAL;2026-09-18 10:59:03.714392;;;WHEEL_POS;80.510,-13.00
VAL;2026-09-18 10:59:03.730017;;;WHEEL_POS;80.526,-13.00
VAL;2026-09-18 10:59:03.775784;;;WHEEL_POS;80.572,-13.00
VAL;2026-09-18 10:59:03.791415;;;WHEEL_POS;80.587,-12.70
VAL;2026-09-18 10:59:03.807041;;;WHEEL_POS;80.603,-12.70
VAL;2026-09-18 10:59:03.838802;;;WHEEL_POS;80.635,-12.70
VAL;2026-09-18 10:59:03.865319;;;WHEEL_POS;80.661,-12.70
VAL;2026-09-18 10:59:03.896575;;;WHEEL_POS;80.693,-12.70
VAL;2026-09-18 10:59:03.912200;;;WHEEL_POS;80.708,-12.70
VAL;2026-09-18 10:59:03.945961;;;WHEEL_POS;80.742,-12.70
VAL;2026-09-18 10:59:03.966127;;;WHEEL_POS;80.762,-12.70
VAL;2026-09-18 10:59:03.997382;;;WHEEL_POS;80.793,-12.70
VAL;2026-09-18 10:59:04.013007;;;WHEEL_POS;80.809,-12.70
VAL;2026-09-18 10:59:04.040143;;;WHEEL_POS;80.836,-12.70
VAL;2026-09-18 10:59:04.068278;;;WHEEL_POS;80.864,-12.70
VAL;2026-09-18 10:59:04.099530;;;WHEEL_POS;80.896,-12.70
VAL;2026-09-18 10:59:04.115157;;;WHEEL_POS;80.911,-12.70
EVENT;2026-09-18 10:59:04.130783;1.4300000000000002;;158;Tup
END-TRIAL;2026-09-18 10:59:04.130783;;;The trial ended;
INFO;2026-09-18 10:59:04.130783;83.901931;85.331934;TRIAL-BPOD-TIME;1.4300029999999992
STATE;2026-09-18 10:59:04.130783;0;0.8812000000000001;WheelPeriod;0.8812000000000001
STATE;2026-09-18 10:59:04.130783;0.8812000000000001;0.93;RewardL;0.048799999999999955
STATE;2026-09-18 10:59:04.130783;0.93;1.4300000000000002;ITI;0.5000000000000001
STATE;2026-09-18 10:59:04.130783;nan;nan;RewardR;nan
STATE;2026-09-18 10:59:04.130783;nan;nan;NoRewardL;nan
STATE;2026-09-18 10:59:04.130783;nan;nan;NoRewardR;nan
STATE;2026-09-18 10:59:04.130783;nan;nan;NoMovement;nan
VAL;2026-09-18 10:59:04.184169;;;TRIAL_TYPE;stage2
VAL;2026-09-18 10:59:04.184169;;;MOVEMENT_DIRECTION;L
VAL;2026-09-18 10:59:04.184169;;;OUTCOME;Rewarded
VAL;2026-09-18 10:59:04.184169;;;DIRECTION_RATIO;0.22727272727272727
VAL;2026-09-18 10:59:04.184169;;;THRESHOLD_CROSSING_TIME;80.37433616752625
stdout;2026-09-18 10:59:04.184169;;;Trial 25: threshold=10.5deg, Rewarded, direction_ratio=0.23;
stdout;2026-09-18 10:59:04.184169;;;|
|;
VAL;2026-09-18 10:59:04.368739;;;TRIAL_INIT_START;81.16473865509033
VAL;2026-09-18 10:59:04.399992;;;WHEEL_POS;81.196,-14.10
VAL;2026-09-18 10:59:04.442080;;;WHEEL_POS;81.238,-16.50
VAL;2026-09-18 10:59:04.468715;;;WHEEL_POS;81.265,-18.30
VAL;2026-09-18 10:59:04.499967;;;WHEEL_POS;81.296,-20.70
VAL;2026-09-18 10:59:04.531219;;;WHEEL_POS;81.327,-22.90
VAL;2026-09-18 10:59:04.556272;;;WHEEL_POS;81.352,-24.30
VAL;2026-09-18 10:59:04.571900;;;WHEEL_POS;81.368,-25.70
VAL;2026-09-18 10:59:04.603153;;;WHEEL_POS;81.399,-27.40
VAL;2026-09-18 10:59:04.642413;;;WHEEL_POS;81.438,-28.10
VAL;2026-09-18 10:59:04.669048;;;WHEEL_POS;81.465,-28.50
VAL;2026-09-18 10:59:04.700301;;;WHEEL_POS;81.496,-28.80
VAL;2026-09-18 10:59:04.731554;;;WHEEL_POS;81.528,-29.20
VAL;2026-09-18 10:59:04.753688;;;TRIAL_START;81.52755308151245
VAL;2026-09-18 10:59:04.753688;;;QUIESCENCE_BREAKS;0
VAL;2026-09-18 10:59:04.753688;;;THRESHOLD_DEG;10.500000000000002
TRIAL;2026-09-18 10:59:04.827419;;;New trial;
VAL;2026-09-18 10:59:04.827419;;;WHEEL_POS;81.623,0.40
VAL;2026-09-18 10:59:04.869181;;;WHEEL_POS;81.665,0.40
VAL;2026-09-18 10:59:04.900434;;;WHEEL_POS;81.696,0.70
VAL;2026-09-18 10:59:04.916060;;;WHEEL_POS;81.712,2.10
VAL;2026-09-18 10:59:04.947312;;;WHEEL_POS;81.743,5.30
VAL;2026-09-18 10:59:04.969446;;;WHEEL_POS;81.765,7.00
VAL;2026-09-18 10:59:04.985075;;;WHEEL_POS;81.781,7.70
VAL;2026-09-18 10:59:05.016323;;;WHEEL_POS;81.812,9.10
EVENT;2026-09-18 10:59:05.043761;0.21350000000000002;;1;RotaryEncoder1_2
TRANSITION;2026-09-18 10:59:05.043761;0.21350000000000002;;RewardR;
VAL;2026-09-18 10:59:05.053771;;;WHEEL_POS;81.850,10.90
VAL;2026-09-18 10:59:05.085031;;;WHEEL_POS;81.881,13.40
EVENT;2026-09-18 10:59:05.085031;0.26230000000000003;;158;Tup
TRANSITION;2026-09-18 10:59:05.085031;0.26230000000000003;;ITI;
VAL;2026-09-18 10:59:05.116283;;;WHEEL_POS;81.912,14.10
VAL;2026-09-18 10:59:05.147537;;;WHEEL_POS;81.944,14.40
VAL;2026-09-18 10:59:05.169671;;;WHEEL_POS;81.966,14.40
VAL;2026-09-18 10:59:05.200923;;;WHEEL_POS;81.997,14.10
VAL;2026-09-18 10:59:05.244559;;;WHEEL_POS;82.041,14.10
VAL;2026-09-18 10:59:05.269692;;;WHEEL_POS;82.066,14.10
VAL;2026-09-18 10:59:05.300946;;;WHEEL_POS;82.097,13.40
VAL;2026-09-18 10:59:05.332197;;;WHEEL_POS;82.128,12.30
VAL;2026-09-18 10:59:05.369955;;;WHEEL_POS;82.166,9.50
VAL;2026-09-18 10:59:05.401209;;;WHEEL_POS;82.197,7.40
VAL;2026-09-18 10:59:05.445347;;;WHEEL_POS;82.241,4.20
VAL;2026-09-18 10:59:05.469982;;;WHEEL_POS;82.266,3.20
VAL;2026-09-18 10:59:05.501235;;;WHEEL_POS;82.297,1.40
VAL;2026-09-18 10:59:05.532487;;;WHEEL_POS;82.328,0.40
VAL;2026-09-18 10:59:05.556361;;;WHEEL_POS;82.352,-0.40
VAL;2026-09-18 10:59:05.587615;;;WHEEL_POS;82.384,-1.10
EVENT;2026-09-18 10:59:05.587615;0.7623000000000001;;158;Tup
END-TRIAL;2026-09-18 10:59:05.587615;;;The trial ended;
INFO;2026-09-18 10:59:05.587615;86.021931;86.784234;TRIAL-BPOD-TIME;0.7623030000000028
STATE;2026-09-18 10:59:05.587615;0;0.21350000000000002;WheelPeriod;0.21350000000000002
STATE;2026-09-18 10:59:05.587615;0.21350000000000002;0.26230000000000003;RewardR;0.04880000000000001
STATE;2026-09-18 10:59:05.587615;0.26230000000000003;0.7623000000000001;ITI;0.5
STATE;2026-09-18 10:59:05.587615;nan;nan;RewardL;nan
STATE;2026-09-18 10:59:05.587615;nan;nan;NoRewardL;nan
STATE;2026-09-18 10:59:05.587615;nan;nan;NoRewardR;nan
STATE;2026-09-18 10:59:05.587615;nan;nan;NoMovement;nan
VAL;2026-09-18 10:59:05.618871;;;TRIAL_TYPE;stage2
VAL;2026-09-18 10:59:05.618871;;;MOVEMENT_DIRECTION;R
VAL;2026-09-18 10:59:05.618871;;;OUTCOME;Rewarded
VAL;2026-09-18 10:59:05.618871;;;DIRECTION_RATIO;0.2608695652173913
VAL;2026-09-18 10:59:05.618871;;;THRESHOLD_CROSSING_TIME;81.8180880317688
stdout;2026-09-18 10:59:05.618871;;;Trial 26: threshold=10.5deg, Rewarded, direction_ratio=0.26;
stdout;2026-09-18 10:59:05.618871;;;|
|;
VAL;2026-09-18 10:59:05.790279;;;TRIAL_INIT_START;82.58627820014954
VAL;2026-09-18 10:59:05.821531;;;WHEEL_POS;82.618,-3.20
VAL;2026-09-18 10:59:05.845666;;;WHEEL_POS;82.642,-3.20
VAL;2026-09-18 10:59:05.870800;;;WHEEL_POS;82.667,-3.20
VAL;2026-09-18 10:59:05.902052;;;WHEEL_POS;82.698,-2.10
VAL;2026-09-18 10:59:05.933306;;;WHEEL_POS;82.729,-1.40
VAL;2026-09-18 10:59:05.971069;;;WHEEL_POS;82.767,-3.20
VAL;2026-09-18 10:59:05.986697;;;TRIAL_START;82.76706790924072
VAL;2026-09-18 10:59:05.986697;;;QUIESCENCE_BREAKS;0
VAL;2026-09-18 10:59:05.986697;;;THRESHOLD_DEG;10.500000000000002
TRIAL;2026-09-18 10:59:06.055511;;;New trial;
VAL;2026-09-18 10:59:06.055511;;;WHEEL_POS;82.852,0.00
VAL;2026-09-18 10:59:06.086772;;;WHEEL_POS;82.883,-1.10
VAL;2026-09-18 10:59:06.118024;;;WHEEL_POS;82.914,-2.80
VAL;2026-09-18 10:59:06.149276;;;WHEEL_POS;82.945,-4.20
VAL;2026-09-18 10:59:06.171412;;;WHEEL_POS;82.967,-4.90
VAL;2026-09-18 10:59:06.187037;;;WHEEL_POS;82.983,-4.90
VAL;2026-09-18 10:59:06.218294;;;WHEEL_POS;83.014,-5.60
VAL;2026-09-18 10:59:06.247662;;;WHEEL_POS;83.044,-6.30
VAL;2026-09-18 10:59:06.286932;;;WHEEL_POS;83.083,-7.00
VAL;2026-09-18 10:59:06.302554;;;WHEEL_POS;83.099,-7.40
VAL;2026-09-18 10:59:06.318181;;;WHEEL_POS;83.114,-7.70
VAL;2026-09-18 10:59:06.355946;;;WHEEL_POS;83.152,-8.40
VAL;2026-09-18 10:59:06.371576;;;WHEEL_POS;83.168,-8.80
VAL;2026-09-18 10:59:06.387201;;;WHEEL_POS;83.183,-9.10
VAL;2026-09-18 10:59:06.418457;;;WHEEL_POS;83.214,-9.10
VAL;2026-09-18 10:59:06.448642;;;WHEEL_POS;83.245,-7.00
VAL;2026-09-18 10:59:06.487407;;;WHEEL_POS;83.283,-4.20
VAL;2026-09-18 10:59:06.503029;;;WHEEL_POS;83.299,-2.50
VAL;2026-09-18 10:59:06.534285;;;WHEEL_POS;83.330,-1.40
VAL;2026-09-18 10:59:06.556828;;;WHEEL_POS;83.353,-0.40
VAL;2026-09-18 10:59:06.588084;;;WHEEL_POS;83.384,1.10
VAL;2026-09-18 10:59:06.619342;;;WHEEL_POS;83.415,2.80
VAL;2026-09-18 10:59:06.648981;;;WHEEL_POS;83.445,3.50
VAL;2026-09-18 10:59:06.672116;;;WHEEL_POS;83.468,4.20
VAL;2026-09-18 10:59:06.703372;;;WHEEL_POS;83.499,4.60
VAL;2026-09-18 10:59:06.734620;;;WHEEL_POS;83.531,4.90
VAL;2026-09-18 10:59:06.772392;;;WHEEL_POS;83.568,5.30
VAL;2026-09-18 10:59:06.794535;;;WHEEL_POS;83.591,6.00
VAL;2026-09-18 10:59:06.825792;;;WHEEL_POS;83.622,6.30
VAL;2026-09-18 10:59:06.848441;;;WHEEL_POS;83.644,6.70
VAL;2026-09-18 10:59:06.888210;;;WHEEL_POS;83.684,7.40
VAL;2026-09-18 10:59:06.903828;;;WHEEL_POS;83.700,8.10
VAL;2026-09-18 10:59:06.950711;;;WHEEL_POS;83.747,9.50
EVENT;2026-09-18 10:59:06.957220;0.906;;1;RotaryEncoder1_2
TRANSITION;2026-09-18 10:59:06.957220;0.906;;RewardR;
VAL;2026-09-18 10:59:06.972849;;;WHEEL_POS;83.769,10.50
VAL;2026-09-18 10:59:07.004101;;;WHEEL_POS;83.800,10.90
EVENT;2026-09-18 10:59:07.019727;0.9548000000000001;;158;Tup
TRANSITION;2026-09-18 10:59:07.019727;0.9548000000000001;;ITI;
VAL;2026-09-18 10:59:07.035674;;;WHEEL_POS;83.832,11.60
VAL;2026-09-18 10:59:07.072937;;;WHEEL_POS;83.869,12.00
VAL;2026-09-18 10:59:07.104189;;;WHEEL_POS;83.900,12.00
VAL;2026-09-18 10:59:07.135441;;;WHEEL_POS;83.931,11.60
VAL;2026-09-18 10:59:07.173199;;;WHEEL_POS;83.969,11.60
VAL;2026-09-18 10:59:07.204451;;;WHEEL_POS;84.000,11.60
VAL;2026-09-18 10:59:07.220077;;;WHEEL_POS;84.016,11.60
VAL;2026-09-18 10:59:07.257745;;;WHEEL_POS;84.054,10.90
VAL;2026-09-18 10:59:07.273375;;;WHEEL_POS;84.069,10.20
VAL;2026-09-18 10:59:07.289001;;;WHEEL_POS;84.085,9.10
VAL;2026-09-18 10:59:07.320253;;;WHEEL_POS;84.116,6.70
VAL;2026-09-18 10:59:07.351505;;;WHEEL_POS;84.148,5.30
VAL;2026-09-18 10:59:07.373637;;;WHEEL_POS;84.170,4.20
VAL;2026-09-18 10:59:07.389263;;;WHEEL_POS;84.185,3.50
VAL;2026-09-18 10:59:07.404890;;;WHEEL_POS;84.201,2.50
VAL;2026-09-18 10:59:07.436020;;;WHEEL_POS;84.232,0.70
VAL;2026-09-18 10:59:07.473783;;;WHEEL_POS;84.270,0.40
VAL;2026-09-18 10:59:07.505035;;;WHEEL_POS;84.301,0.00
EVENT;2026-09-18 10:59:07.505035;1.4548;;158;Tup
END-TRIAL;2026-09-18 10:59:07.505035;;;The trial ended;
INFO;2026-09-18 10:59:07.505035;87.252931;88.707734;TRIAL-BPOD-TIME;1.4548029999999983
STATE;2026-09-18 10:59:07.505035;0;0.906;WheelPeriod;0.906
STATE;2026-09-18 10:59:07.505035;0.906;0.9548000000000001;RewardR;0.048800000000000066
STATE;2026-09-18 10:59:07.505035;0.9548000000000001;1.4548;ITI;0.5
STATE;2026-09-18 10:59:07.505035;nan;nan;RewardL;nan
STATE;2026-09-18 10:59:07.505035;nan;nan;NoRewardL;nan
STATE;2026-09-18 10:59:07.505035;nan;nan;NoRewardR;nan
STATE;2026-09-18 10:59:07.505035;nan;nan;NoMovement;nan
VAL;2026-09-18 10:59:07.573822;;;TRIAL_TYPE;stage2
VAL;2026-09-18 10:59:07.573822;;;MOVEMENT_DIRECTION;R
VAL;2026-09-18 10:59:07.573822;;;OUTCOME;Rewarded
VAL;2026-09-18 10:59:07.573822;;;DIRECTION_RATIO;0.2916666666666667
VAL;2026-09-18 10:59:07.573822;;;THRESHOLD_CROSSING_TIME;83.74849806404114
stdout;2026-09-18 10:59:07.573822;;;Trial 27: threshold=10.5deg, Rewarded, direction_ratio=0.29;
stdout;2026-09-18 10:59:07.573822;;;|
|;
VAL;2026-09-18 10:59:07.758763;;;TRIAL_INIT_START;84.55476260185242
VAL;2026-09-18 10:59:07.795524;;;WHEEL_POS;84.592,-8.10
VAL;2026-09-18 10:59:07.811152;;;WHEEL_POS;84.607,-8.10
VAL;2026-09-18 10:59:07.853456;;;WHEEL_POS;84.649,-7.00
VAL;2026-09-18 10:59:07.881600;;;WHEEL_POS;84.678,-5.60
VAL;2026-09-18 10:59:07.897225;;;WHEEL_POS;84.693,-4.90
VAL;2026-09-18 10:59:07.928478;;;WHEEL_POS;84.724,-3.50
VAL;2026-09-18 10:59:07.946117;;;TRIAL_START;84.72447681427002
VAL;2026-09-18 10:59:07.946117;;;QUIESCENCE_BREAKS;0
VAL;2026-09-18 10:59:07.946117;;;THRESHOLD_DEG;10.500000000000002
TRIAL;2026-09-18 10:59:08.021630;;;New trial;
VAL;2026-09-18 10:59:08.037136;;;WHEEL_POS;84.833,0.40
VAL;2026-09-18 10:59:08.052766;;;WHEEL_POS;84.849,1.40
VAL;2026-09-18 10:59:08.074901;;;WHEEL_POS;84.871,2.10
VAL;2026-09-18 10:59:08.106152;;;WHEEL_POS;84.902,2.80
VAL;2026-09-18 10:59:08.137404;;;WHEEL_POS;84.933,3.20
VAL;2026-09-18 10:59:08.153031;;;WHEEL_POS;84.949,3.20
VAL;2026-09-18 10:59:08.175165;;;WHEEL_POS;84.971,3.90
VAL;2026-09-18 10:59:08.206420;;;WHEEL_POS;85.002,4.20
VAL;2026-09-18 10:59:08.222042;;;WHEEL_POS;85.018,4.20
VAL;2026-09-18 10:59:08.259821;;;WHEEL_POS;85.056,4.20
VAL;2026-09-18 10:59:08.275450;;;WHEEL_POS;85.071,3.50
VAL;2026-09-18 10:59:08.291077;;;WHEEL_POS;85.087,3.20
VAL;2026-09-18 10:59:08.322328;;;WHEEL_POS;85.118,1.80
VAL;2026-09-18 10:59:08.337956;;;WHEEL_POS;85.134,1.10
VAL;2026-09-18 10:59:08.375714;;;WHEEL_POS;85.172,-1.80
VAL;2026-09-18 10:59:08.406966;;;WHEEL_POS;85.203,-3.20
VAL;2026-09-18 10:59:08.456357;;;WHEEL_POS;85.252,-4.20
VAL;2026-09-18 10:59:08.475999;;;WHEEL_POS;85.272,-4.90
VAL;2026-09-18 10:59:08.507250;;;WHEEL_POS;85.303,-5.60
VAL;2026-09-18 10:59:08.538503;;;WHEEL_POS;85.335,-6.70
VAL;2026-09-18 10:59:08.560499;;;WHEEL_POS;85.356,-7.00
VAL;2026-09-18 10:59:08.576129;;;WHEEL_POS;85.372,-7.00
VAL;2026-09-18 10:59:08.607384;;;WHEEL_POS;85.403,-7.00
VAL;2026-09-18 10:59:08.641331;;;WHEEL_POS;85.437,-6.30
VAL;2026-09-18 10:59:08.660476;;;WHEEL_POS;85.456,-5.30
VAL;2026-09-18 10:59:08.691731;;;WHEEL_POS;85.488,-3.50
VAL;2026-09-18 10:59:08.722988;;;WHEEL_POS;85.519,-0.70
VAL;2026-09-18 10:59:08.754235;;;WHEEL_POS;85.550,1.10
VAL;2026-09-18 10:59:08.781186;;;WHEEL_POS;85.577,2.80
VAL;2026-09-18 10:59:08.812440;;;WHEEL_POS;85.608,4.60
VAL;2026-09-18 10:59:08.860745;;;WHEEL_POS;85.657,6.30
VAL;2026-09-18 10:59:08.876381;;;WHEEL_POS;85.672,6.70
VAL;2026-09-18 10:59:08.907626;;;WHEEL_POS;85.704,6.70
VAL;2026-09-18 10:59:08.938885;;;WHEEL_POS;85.735,6.70
VAL;2026-09-18 10:59:08.954505;;;WHEEL_POS;85.751,6.70
VAL;2026-09-18 10:59:08.982959;;;WHEEL_POS;85.779,6.70
VAL;2026-09-18 10:59:09.014215;;;WHEEL_POS;85.810,6.30
VAL;2026-09-18 10:59:09.060978;;;WHEEL_POS;85.857,4.60
VAL;2026-09-18 10:59:09.092235;;;WHEEL_POS;85.888,2.10
VAL;2026-09-18 10:59:09.139120;;;WHEEL_POS;85.935,-2.10
VAL;2026-09-18 10:59:09.154743;;;WHEEL_POS;85.951,-4.60
VAL;2026-09-18 10:59:09.176881;;;WHEEL_POS;85.973,-6.30
VAL;2026-09-18 10:59:09.208135;;;WHEEL_POS;86.004,-8.80
EVENT;2026-09-18 10:59:09.239386;1.2076;;0;RotaryEncoder1_1
TRANSITION;2026-09-18 10:59:09.239386;1.2076;;RewardL;
VAL;2026-09-18 10:59:09.242736;;;WHEEL_POS;86.039,-10.50
VAL;2026-09-18 10:59:09.261369;;;WHEEL_POS;86.057,-11.20
VAL;2026-09-18 10:59:09.276998;;;WHEEL_POS;86.073,-12.00
EVENT;2026-09-18 10:59:09.276998;1.2564;;158;Tup
TRANSITION;2026-09-18 10:59:09.276998;1.2564;;ITI;
VAL;2026-09-18 10:59:09.308250;;;WHEEL_POS;86.104,-12.70
VAL;2026-09-18 10:59:09.339502;;;WHEEL_POS;86.136,-13.40
VAL;2026-09-18 10:59:09.355128;;;WHEEL_POS;86.151,-13.40
VAL;2026-09-18 10:59:09.377261;;;WHEEL_POS;86.173,-13.70
VAL;2026-09-18 10:59:09.408514;;;WHEEL_POS;86.205,-13.70
VAL;2026-09-18 10:59:09.424139;;;WHEEL_POS;86.220,-13.70
VAL;2026-09-18 10:59:09.461748;;;WHEEL_POS;86.258,-13.70
VAL;2026-09-18 10:59:09.493004;;;WHEEL_POS;86.289,-13.70
VAL;2026-09-18 10:59:09.524255;;;WHEEL_POS;86.320,-13.00
VAL;2026-09-18 10:59:09.561905;;;WHEEL_POS;86.358,-11.60
VAL;2026-09-18 10:59:09.577533;;;WHEEL_POS;86.374,-10.20
VAL;2026-09-18 10:59:09.593160;;;WHEEL_POS;86.389,-9.10
VAL;2026-09-18 10:59:09.624411;;;WHEEL_POS;86.420,-6.00
VAL;2026-09-18 10:59:09.644578;;;WHEEL_POS;86.441,-4.60
VAL;2026-09-18 10:59:09.662211;;;WHEEL_POS;86.458,-2.80
VAL;2026-09-18 10:59:09.693466;;;WHEEL_POS;86.489,0.40
VAL;2026-09-18 10:59:09.709092;;;WHEEL_POS;86.505,2.10
VAL;2026-09-18 10:59:09.740349;;;WHEEL_POS;86.536,3.90
VAL;2026-09-18 10:59:09.782439;;;WHEEL_POS;86.578,4.20
EVENT;2026-09-18 10:59:09.782439;1.7564000000000002;;158;Tup
END-TRIAL;2026-09-18 10:59:09.782439;;;The trial ended;
INFO;2026-09-18 10:59:09.782439;89.221831;90.978234;TRIAL-BPOD-TIME;1.756403000000006
STATE;2026-09-18 10:59:09.782439;0;1.2076;WheelPeriod;1.2076
STATE;2026-09-18 10:59:09.782439;1.2076;1.2564;RewardL;0.048799999999999955
STATE;2026-09-18 10:59:09.782439;1.2564;1.7564000000000002;ITI;0.5000000000000002
STATE;2026-09-18 10:59:09.782439;nan;nan;RewardR;nan
STATE;2026-09-18 10:59:09.782439;nan;nan;NoRewardL;nan
STATE;2026-09-18 10:59:09.782439;nan;nan;NoRewardR;nan
STATE;2026-09-18 10:59:09.782439;nan;nan;NoMovement;nan
VAL;2026-09-18 10:59:09.862522;;;TRIAL_TYPE;stage2
VAL;2026-09-18 10:59:09.862522;;;MOVEMENT_DIRECTION;L
VAL;2026-09-18 10:59:09.862522;;;OUTCOME;Rewarded
VAL;2026-09-18 10:59:09.862522;;;DIRECTION_RATIO;0.28
VAL;2026-09-18 10:59:09.862522;;;THRESHOLD_CROSSING_TIME;86.02522933731079
stdout;2026-09-18 10:59:09.862522;;;Trial 28: threshold=10.5deg, Rewarded, direction_ratio=0.28;
stdout;2026-09-18 10:59:09.862522;;;|
|;
VAL;2026-09-18 10:59:10.063094;;;TRIAL_INIT_START;86.8590931892395
VAL;2026-09-18 10:59:10.078727;;;WHEEL_POS;86.875,2.50
VAL;2026-09-18 10:59:10.109975;;;WHEEL_POS;86.906,0.00
VAL;2026-09-18 10:59:10.141228;;;QUIESCENCE_RESET_TIME;86.93722701072693
VAL;2026-09-18 10:59:10.141228;;;WHEEL_POS;86.937,-4.20
VAL;2026-09-18 10:59:10.178985;;;QUIESCENCE_RESET_TIME;86.97498416900635
VAL;2026-09-18 10:59:10.178985;;;WHEEL_POS;86.975,-9.10
VAL;2026-09-18 10:59:10.210240;;;WHEEL_POS;87.006,-11.60
VAL;2026-09-18 10:59:10.246432;;;WHEEL_POS;87.042,-12.00
VAL;2026-09-18 10:59:10.263564;;;WHEEL_POS;87.060,-12.00
VAL;2026-09-18 10:59:10.279195;;;WHEEL_POS;87.075,-12.00
VAL;2026-09-18 10:59:10.310447;;;WHEEL_POS;87.106,-12.00
VAL;2026-09-18 10:59:10.326073;;;TRIAL_START;87.10644626617432
VAL;2026-09-18 10:59:10.326073;;;QUIESCENCE_BREAKS;2
VAL;2026-09-18 10:59:10.326073;;;THRESHOLD_DEG;10.500000000000002
TRIAL;2026-09-18 10:59:10.395090;;;New trial;
VAL;2026-09-18 10:59:10.410715;;;WHEEL_POS;87.207,0.00
VAL;2026-09-18 10:59:10.426341;;;WHEEL_POS;87.222,0.00
VAL;2026-09-18 10:59:10.447327;;;WHEEL_POS;87.243,0.00
VAL;2026-09-18 10:59:10.463959;;;WHEEL_POS;87.260,0.00
VAL;2026-09-18 10:59:10.479589;;;WHEEL_POS;87.276,0.00
VAL;2026-09-18 10:59:10.495213;;;WHEEL_POS;87.291,0.00
VAL;2026-09-18 10:59:10.526466;;;WHEEL_POS;87.322,0.00
VAL;2026-09-18 10:59:10.547410;;;WHEEL_POS;87.343,0.00
VAL;2026-09-18 10:59:10.579625;;;WHEEL_POS;87.376,0.00
VAL;2026-09-18 10:59:10.595250;;;WHEEL_POS;87.391,0.00
VAL;2026-09-18 10:59:10.626503;;;WHEEL_POS;87.423,0.00
VAL;2026-09-18 10:59:10.664263;;;WHEEL_POS;87.460,0.00
VAL;2026-09-18 10:59:10.679896;;;WHEEL_POS;87.476,0.00
VAL;2026-09-18 10:59:10.711144;;;WHEEL_POS;87.507,0.00
VAL;2026-09-18 10:59:10.742396;;;WHEEL_POS;87.538,0.00
VAL;2026-09-18 10:59:10.764541;;;WHEEL_POS;87.561,0.00
VAL;2026-09-18 10:59:10.784065;;;WHEEL_POS;87.580,0.00
VAL;2026-09-18 10:59:10.799694;;;WHEEL_POS;87.596,0.00
VAL;2026-09-18 10:59:10.815322;;;WHEEL_POS;87.611,0.00
VAL;2026-09-18 10:59:10.848752;;;WHEEL_POS;87.645,-1.10
VAL;2026-09-18 10:59:10.864373;;;WHEEL_POS;87.660,-2.80
VAL;2026-09-18 10:59:10.879999;;;WHEEL_POS;87.676,-4.60
VAL;2026-09-18 10:59:10.911252;;;WHEEL_POS;87.707,-7.00
VAL;2026-09-18 10:59:10.942504;;;WHEEL_POS;87.739,-7.40
VAL;2026-09-18 10:59:10.958130;;;WHEEL_POS;87.754,-7.40
VAL;2026-09-18 10:59:10.980267;;;WHEEL_POS;87.776,-8.10
VAL;2026-09-18 10:59:11.011518;;;WHEEL_POS;87.808,-9.10
VAL;2026-09-18 10:59:11.027144;;;WHEEL_POS;87.823,-9.80
EVENT;2026-09-18 10:59:11.050557;0.6419;;0;RotaryEncoder1_1
TRANSITION;2026-09-18 10:59:11.050557;0.6419;;RewardL;
VAL;2026-09-18 10:59:11.064562;;;WHEEL_POS;87.861,-11.20
VAL;2026-09-18 10:59:11.080192;;;WHEEL_POS;87.876,-11.60
EVENT;2026-09-18 10:59:11.095818;0.6907;;158;Tup
TRANSITION;2026-09-18 10:59:11.095818;0.6907;;ITI;
VAL;2026-09-18 10:59:11.111444;;;WHEEL_POS;87.907,-12.00
VAL;2026-09-18 10:59:11.127070;;;WHEEL_POS;87.923,-12.00
VAL;2026-09-18 10:59:11.158322;;;WHEEL_POS;87.954,-12.00
VAL;2026-09-18 10:59:11.180455;;;WHEEL_POS;87.976,-12.00
VAL;2026-09-18 10:59:11.196082;;;WHEEL_POS;87.992,-12.00
VAL;2026-09-18 10:59:11.227334;;;WHEEL_POS;88.023,-12.00
VAL;2026-09-18 10:59:11.264795;;;WHEEL_POS;88.061,-12.00
VAL;2026-09-18 10:59:11.296052;;;WHEEL_POS;88.092,-12.00
VAL;2026-09-18 10:59:11.327306;;;WHEEL_POS;88.123,-12.00
VAL;2026-09-18 10:59:11.365061;;;WHEEL_POS;88.161,-12.00
VAL;2026-09-18 10:59:11.380690;;;WHEEL_POS;88.177,-12.00
VAL;2026-09-18 10:59:11.396317;;;WHEEL_POS;88.192,-12.00
VAL;2026-09-18 10:59:11.427569;;;WHEEL_POS;88.224,-12.00
VAL;2026-09-18 10:59:11.443195;;;WHEEL_POS;88.239,-12.00
VAL;2026-09-18 10:59:11.465147;;;WHEEL_POS;88.261,-12.00
VAL;2026-09-18 10:59:11.496403;;;WHEEL_POS;88.292,-10.20
VAL;2026-09-18 10:59:11.512028;;;WHEEL_POS;88.308,-9.50
VAL;2026-09-18 10:59:11.548320;;;WHEEL_POS;88.344,-8.10
VAL;2026-09-18 10:59:11.580812;;;WHEEL_POS;88.377,-7.00
EVENT;2026-09-18 10:59:11.596439;1.1907;;158;Tup
END-TRIAL;2026-09-18 10:59:11.596439;;;The trial ended;
INFO;2026-09-18 10:59:11.596439;91.594831;92.785534;TRIAL-BPOD-TIME;1.1907029999999992
STATE;2026-09-18 10:59:11.596439;0;0.6419;WheelPeriod;0.6419
STATE;2026-09-18 10:59:11.596439;0.6419;0.6907;RewardL;0.048799999999999955
STATE;2026-09-18 10:59:11.596439;0.6907;1.1907;ITI;0.5000000000000001
STATE;2026-09-18 10:59:11.596439;nan;nan;RewardR;nan
STATE;2026-09-18 10:59:11.596439;nan;nan;NoRewardL;nan
STATE;2026-09-18 10:59:11.596439;nan;nan;NoRewardR;nan
STATE;2026-09-18 10:59:11.596439;nan;nan;NoMovement;nan
VAL;2026-09-18 10:59:11.665357;;;TRIAL_TYPE;stage2
VAL;2026-09-18 10:59:11.665357;;;MOVEMENT_DIRECTION;L
VAL;2026-09-18 10:59:11.665357;;;OUTCOME;Rewarded
VAL;2026-09-18 10:59:11.665357;;;DIRECTION_RATIO;0.2692307692307692
VAL;2026-09-18 10:59:11.665357;;;THRESHOLD_CROSSING_TIME;87.83298867645264
stdout;2026-09-18 10:59:11.665357;;;Trial 29: threshold=10.5deg, Rewarded, direction_ratio=0.27;
stdout;2026-09-18 10:59:11.665357;;;|
|;
VAL;2026-09-18 10:59:11.839160;;;TRIAL_INIT_START;88.63515949249268
VAL;2026-09-18 10:59:11.865845;;;WHEEL_POS;88.662,-3.50
VAL;2026-09-18 10:59:11.897102;;;WHEEL_POS;88.693,-3.90
VAL;2026-09-18 10:59:11.928354;;;WHEEL_POS;88.724,-4.20
VAL;2026-09-18 10:59:11.966127;;;WHEEL_POS;88.762,-4.90
VAL;2026-09-18 10:59:11.981759;;;WHEEL_POS;88.778,-5.30
VAL;2026-09-18 10:59:11.997383;;;TRIAL_START;88.7777578830719
VAL;2026-09-18 10:59:11.997383;;;QUIESCENCE_BREAKS;0
VAL;2026-09-18 10:59:11.997383;;;THRESHOLD_DEG;10.500000000000002
TRIAL;2026-09-18 10:59:12.059471;;;New trial;
VAL;2026-09-18 10:59:12.065976;;;WHEEL_POS;88.862,-0.40
VAL;2026-09-18 10:59:12.081607;;;WHEEL_POS;88.878,-0.40
VAL;2026-09-18 10:59:12.097234;;;WHEEL_POS;88.893,-0.40
VAL;2026-09-18 10:59:12.128486;;;WHEEL_POS;88.924,-0.70
VAL;2026-09-18 10:59:12.159741;;;WHEEL_POS;88.956,-1.10
VAL;2026-09-18 10:59:12.181876;;;WHEEL_POS;88.978,-1.40
VAL;2026-09-18 10:59:12.213128;;;WHEEL_POS;89.009,-2.10
VAL;2026-09-18 10:59:12.244380;;;WHEEL_POS;89.040,-2.10
VAL;2026-09-18 10:59:12.261888;;;WHEEL_POS;89.058,-2.50
VAL;2026-09-18 10:59:12.282023;;;WHEEL_POS;89.078,-3.20
VAL;2026-09-18 10:59:12.313273;;;WHEEL_POS;89.109,-4.60
VAL;2026-09-18 10:59:12.344534;;;WHEEL_POS;89.141,-5.30
VAL;2026-09-18 10:59:12.397931;;;WHEEL_POS;89.194,-7.70
VAL;2026-09-18 10:59:12.413553;;;WHEEL_POS;89.210,-10.20
EVENT;2026-09-18 10:59:12.413553;0.35250000000000004;;0;RotaryEncoder1_1
TRANSITION;2026-09-18 10:59:12.413553;0.35250000000000004;;RewardL;
VAL;2026-09-18 10:59:12.429180;;;WHEEL_POS;89.225,-11.20
VAL;2026-09-18 10:59:12.462315;;;WHEEL_POS;89.258,-12.30
EVENT;2026-09-18 10:59:12.466821;0.40130000000000005;;158;Tup
TRANSITION;2026-09-18 10:59:12.466821;0.40130000000000005;;ITI;
VAL;2026-09-18 10:59:12.482449;;;WHEEL_POS;89.278,-12.70
VAL;2026-09-18 10:59:12.513702;;;WHEEL_POS;89.310,-13.40
VAL;2026-09-18 10:59:12.529329;;;WHEEL_POS;89.325,-13.70
VAL;2026-09-18 10:59:12.566799;;;WHEEL_POS;89.363,-14.10
VAL;2026-09-18 10:59:12.598056;;;WHEEL_POS;89.394,-14.10
VAL;2026-09-18 10:59:12.629306;;;WHEEL_POS;89.425,-14.40
VAL;2026-09-18 10:59:12.663106;;;WHEEL_POS;89.459,-14.40
VAL;2026-09-18 10:59:12.682740;;;WHEEL_POS;89.479,-14.40
VAL;2026-09-18 10:59:12.713992;;;WHEEL_POS;89.510,-14.40
VAL;2026-09-18 10:59:12.745244;;;WHEEL_POS;89.541,-14.40
VAL;2026-09-18 10:59:12.786513;;;WHEEL_POS;89.583,-14.40
VAL;2026-09-18 10:59:12.802142;;;WHEEL_POS;89.598,-14.40
VAL;2026-09-18 10:59:12.833394;;;WHEEL_POS;89.629,-14.40
VAL;2026-09-18 10:59:12.849020;;;WHEEL_POS;89.645,-14.40
VAL;2026-09-18 10:59:12.867546;;;WHEEL_POS;89.664,-14.40
VAL;2026-09-18 10:59:12.898802;;;WHEEL_POS;89.695,-14.40
VAL;2026-09-18 10:59:12.930054;;;WHEEL_POS;89.726,-14.40
VAL;2026-09-18 10:59:12.961306;;;WHEEL_POS;89.757,-14.40
EVENT;2026-09-18 10:59:12.967811;0.9013;;158;Tup
END-TRIAL;2026-09-18 10:59:12.967811;;;The trial ended;
INFO;2026-09-18 10:59:12.967811;93.256831;94.158134;TRIAL-BPOD-TIME;0.9013029999999986
STATE;2026-09-18 10:59:12.967811;0;0.35250000000000004;WheelPeriod;0.35250000000000004
STATE;2026-09-18 10:59:12.967811;0.35250000000000004;0.40130000000000005;RewardL;0.04880000000000001
STATE;2026-09-18 10:59:12.967811;0.40130000000000005;0.9013;ITI;0.49999999999999994
STATE;2026-09-18 10:59:12.967811;nan;nan;RewardR;nan
STATE;2026-09-18 10:59:12.967811;nan;nan;NoRewardL;nan
STATE;2026-09-18 10:59:12.967811;nan;nan;NoRewardR;nan
STATE;2026-09-18 10:59:12.967811;nan;nan;NoMovement;nan
VAL;2026-09-18 10:59:13.063098;;;TRIAL_TYPE;stage2
VAL;2026-09-18 10:59:13.063098;;;MOVEMENT_DIRECTION;L
VAL;2026-09-18 10:59:13.063098;;;OUTCOME;Rewarded
VAL;2026-09-18 10:59:13.063098;;;DIRECTION_RATIO;0.25925925925925924
VAL;2026-09-18 10:59:13.063098;;;THRESHOLD_CROSSING_TIME;89.20079926490784
stdout;2026-09-18 10:59:13.063098;;;Trial 30: threshold=10.5deg, Rewarded, direction_ratio=0.26;
stdout;2026-09-18 10:59:13.063098;;;|
|;
VAL;2026-09-18 10:59:13.228531;;;TRIAL_INIT_START;90.0245304107666
VAL;2026-09-18 10:59:13.259782;;;WHEEL_POS;90.056,-14.40
VAL;2026-09-18 10:59:13.289355;;;WHEEL_POS;90.085,-14.40
VAL;2026-09-18 10:59:13.305990;;;WHEEL_POS;90.102,-14.40
VAL;2026-09-18 10:59:13.337243;;;WHEEL_POS;90.133,-14.40
VAL;2026-09-18 10:59:13.368999;;;WHEEL_POS;90.165,-14.40
VAL;2026-09-18 10:59:13.384631;;;WHEEL_POS;90.181,-14.40
VAL;2026-09-18 10:59:13.400257;;;TRIAL_START;90.18063020706177
VAL;2026-09-18 10:59:13.400257;;;QUIESCENCE_BREAKS;0
VAL;2026-09-18 10:59:13.400257;;;THRESHOLD_DEG;10.500000000000002
TRIAL;2026-09-18 10:59:13.447140;;;New trial;
VAL;2026-09-18 10:59:13.469264;;;WHEEL_POS;90.265,0.00
VAL;2026-09-18 10:59:13.490213;;;WHEEL_POS;90.286,0.00
VAL;2026-09-18 10:59:13.506845;;;WHEEL_POS;90.303,0.00
VAL;2026-09-18 10:59:13.538097;;;WHEEL_POS;90.334,0.00
VAL;2026-09-18 10:59:13.562664;;;WHEEL_POS;90.359,0.00
VAL;2026-09-18 10:59:13.584801;;;WHEEL_POS;90.381,-0.40
VAL;2026-09-18 10:59:13.631684;;;WHEEL_POS;90.428,-1.80
VAL;2026-09-18 10:59:13.647305;;;WHEEL_POS;90.443,-3.20
VAL;2026-09-18 10:59:13.685080;;;WHEEL_POS;90.481,-6.00
VAL;2026-09-18 10:59:13.708029;;;WHEEL_POS;90.504,-8.40
EVENT;2026-09-18 10:59:13.723654;0.26330000000000003;;0;RotaryEncoder1_1
TRANSITION;2026-09-18 10:59:13.723654;0.26330000000000003;;RewardL;
VAL;2026-09-18 10:59:13.739280;;;WHEEL_POS;90.535,-12.00
EVENT;2026-09-18 10:59:13.769410;0.3121;;158;Tup
TRANSITION;2026-09-18 10:59:13.769410;0.3121;;ITI;
VAL;2026-09-18 10:59:13.787604;;;WHEEL_POS;90.584,-14.80
VAL;2026-09-18 10:59:13.803232;;;WHEEL_POS;90.599,-15.50
VAL;2026-09-18 10:59:13.834484;;;WHEEL_POS;90.630,-15.80
VAL;2026-09-18 10:59:13.850111;;;WHEEL_POS;90.646,-15.80
VAL;2026-09-18 10:59:13.884870;;;WHEEL_POS;90.681,-15.80
VAL;2026-09-18 10:59:13.909319;;;WHEEL_POS;90.705,-15.50
VAL;2026-09-18 10:59:13.940570;;;WHEEL_POS;90.737,-15.10
VAL;2026-09-18 10:59:13.956196;;;WHEEL_POS;90.752,-15.10
VAL;2026-09-18 10:59:13.984846;;;WHEEL_POS;90.781,-15.10
VAL;2026-09-18 10:59:14.016099;;;WHEEL_POS;90.812,-15.10
VAL;2026-09-18 10:59:14.047351;;;WHEEL_POS;90.843,-15.10
VAL;2026-09-18 10:59:14.062976;;;WHEEL_POS;90.859,-15.50
VAL;2026-09-18 10:59:14.085110;;;WHEEL_POS;90.881,-15.50
VAL;2026-09-18 10:59:14.110567;;;WHEEL_POS;90.907,-15.50
VAL;2026-09-18 10:59:14.141819;;;WHEEL_POS;90.938,-15.50
VAL;2026-09-18 10:59:14.185078;;;WHEEL_POS;90.981,-15.50
VAL;2026-09-18 10:59:14.216330;;;WHEEL_POS;91.012,-15.50
VAL;2026-09-18 10:59:14.247586;;;WHEEL_POS;91.044,-15.50
EVENT;2026-09-18 10:59:14.269712;0.8121;;158;Tup
END-TRIAL;2026-09-18 10:59:14.269712;;;The trial ended;
INFO;2026-09-18 10:59:14.269712;94.654831;95.466934;TRIAL-BPOD-TIME;0.8121029999999934
STATE;2026-09-18 10:59:14.269712;0;0.26330000000000003;WheelPeriod;0.26330000000000003
STATE;2026-09-18 10:59:14.269712;0.26330000000000003;0.3121;RewardL;0.048799999999999955
STATE;2026-09-18 10:59:14.269712;0.3121;0.8121;ITI;0.5
STATE;2026-09-18 10:59:14.269712;nan;nan;RewardR;nan
STATE;2026-09-18 10:59:14.269712;nan;nan;NoRewardL;nan
STATE;2026-09-18 10:59:14.269712;nan;nan;NoRewardR;nan
STATE;2026-09-18 10:59:14.269712;nan;nan;NoMovement;nan
VAL;2026-09-18 10:59:14.358945;;;TRIAL_TYPE;stage2
VAL;2026-09-18 10:59:14.358945;;;MOVEMENT_DIRECTION;L
VAL;2026-09-18 10:59:14.358945;;;OUTCOME;Rewarded
VAL;2026-09-18 10:59:14.358945;;;DIRECTION_RATIO;0.25
VAL;2026-09-18 10:59:14.358945;;;THRESHOLD_CROSSING_TIME;90.50643950538635
stdout;2026-09-18 10:59:14.358945;;;Trial 31: threshold=10.5deg, Rewarded, direction_ratio=0.25;
stdout;2026-09-18 10:59:14.358945;;;|
|;
VAL;2026-09-18 10:59:14.523459;;;TRIAL_INIT_START;91.31945872306824
VAL;2026-09-18 10:59:14.563242;;;WHEEL_POS;91.359,-15.50
VAL;2026-09-18 10:59:14.586375;;;WHEEL_POS;91.382,-15.50
VAL;2026-09-18 10:59:14.602001;;;WHEEL_POS;91.398,-15.50
VAL;2026-09-18 10:59:14.633253;;;WHEEL_POS;91.429,-15.50
VAL;2026-09-18 10:59:14.664505;;;WHEEL_POS;91.461,-15.50
VAL;2026-09-18 10:59:14.686645;;;WHEEL_POS;91.483,-15.50
VAL;2026-09-18 10:59:14.697652;;;TRIAL_START;91.48264455795288
VAL;2026-09-18 10:59:14.697652;;;QUIESCENCE_BREAKS;0
VAL;2026-09-18 10:59:14.697652;;;THRESHOLD_DEG;10.500000000000002
TRIAL;2026-09-18 10:59:14.771176;;;New trial;
VAL;2026-09-18 10:59:14.786807;;;WHEEL_POS;91.583,0.00
VAL;2026-09-18 10:59:14.803940;;;WHEEL_POS;91.600,0.00
VAL;2026-09-18 10:59:14.835192;;;WHEEL_POS;91.631,-0.40
VAL;2026-09-18 10:59:14.871449;;;WHEEL_POS;91.667,-1.10
VAL;2026-09-18 10:59:14.887078;;;WHEEL_POS;91.683,-1.40
VAL;2026-09-18 10:59:14.929342;;;WHEEL_POS;91.725,-2.50
VAL;2026-09-18 10:59:14.944964;;;WHEEL_POS;91.741,-4.60
VAL;2026-09-18 10:59:15.002855;;;WHEEL_POS;91.799,-9.50
EVENT;2026-09-18 10:59:15.002855;0.23020000000000002;;0;RotaryEncoder1_1
TRANSITION;2026-09-18 10:59:15.002855;0.23020000000000002;;RewardL;
VAL;2026-09-18 10:59:15.018476;;;WHEEL_POS;91.814,-10.50
VAL;2026-09-18 10:59:15.034101;;;WHEEL_POS;91.830,-10.50
EVENT;2026-09-18 10:59:15.049728;0.279;;158;Tup
TRANSITION;2026-09-18 10:59:15.049728;0.279;;ITI;
VAL;2026-09-18 10:59:15.071870;;;WHEEL_POS;91.868,-9.80
VAL;2026-09-18 10:59:15.114493;;;WHEEL_POS;91.910,-9.80
VAL;2026-09-18 10:59:15.145747;;;WHEEL_POS;91.942,-9.80
VAL;2026-09-18 10:59:15.203134;;;WHEEL_POS;91.999,-9.80
VAL;2026-09-18 10:59:15.218758;;;WHEEL_POS;92.015,-9.50
VAL;2026-09-18 10:59:15.265637;;;WHEEL_POS;92.062,-9.10
VAL;2026-09-18 10:59:15.287778;;;WHEEL_POS;92.084,-9.10
VAL;2026-09-18 10:59:15.315232;;;WHEEL_POS;92.111,-9.10
VAL;2026-09-18 10:59:15.346486;;;WHEEL_POS;92.142,-9.50
VAL;2026-09-18 10:59:15.362110;;;WHEEL_POS;92.158,-9.50
VAL;2026-09-18 10:59:15.387744;;;WHEEL_POS;92.184,-9.80
VAL;2026-09-18 10:59:15.419001;;;WHEEL_POS;92.215,-9.80
VAL;2026-09-18 10:59:15.450250;;;WHEEL_POS;92.246,-9.80
VAL;2026-09-18 10:59:15.488012;;;WHEEL_POS;92.284,-9.80
VAL;2026-09-18 10:59:15.516006;;;WHEEL_POS;92.312,-9.80
VAL;2026-09-18 10:59:15.552293;;;WHEEL_POS;92.348,-9.80
EVENT;2026-09-18 10:59:15.552293;0.779;;158;Tup
END-TRIAL;2026-09-18 10:59:15.552293;;;The trial ended;
INFO;2026-09-18 10:59:15.552293;95.969831;96.748834;TRIAL-BPOD-TIME;0.779003000000003
STATE;2026-09-18 10:59:15.552293;0;0.23020000000000002;WheelPeriod;0.23020000000000002
STATE;2026-09-18 10:59:15.552293;0.23020000000000002;0.279;RewardL;0.04880000000000001
STATE;2026-09-18 10:59:15.552293;0.279;0.779;ITI;0.5
STATE;2026-09-18 10:59:15.552293;nan;nan;RewardR;nan
STATE;2026-09-18 10:59:15.552293;nan;nan;NoRewardL;nan
STATE;2026-09-18 10:59:15.552293;nan;nan;NoRewardR;nan
STATE;2026-09-18 10:59:15.552293;nan;nan;NoMovement;nan
VAL;2026-09-18 10:59:15.666113;;;TRIAL_TYPE;stage2
VAL;2026-09-18 10:59:15.666113;;;MOVEMENT_DIRECTION;L
VAL;2026-09-18 10:59:15.666113;;;OUTCOME;Rewarded
VAL;2026-09-18 10:59:15.666113;;;DIRECTION_RATIO;0.2413793103448276
VAL;2026-09-18 10:59:15.666113;;;THRESHOLD_CROSSING_TIME;91.79737491149902
stdout;2026-09-18 10:59:15.666113;;;Trial 32: threshold=10.5deg, Rewarded, direction_ratio=0.24;
stdout;2026-09-18 10:59:15.666113;;;|
|;
VAL;2026-09-18 10:59:15.825621;;;TRIAL_INIT_START;92.6216208934784
VAL;2026-09-18 10:59:15.856873;;;WHEEL_POS;92.653,-9.80
VAL;2026-09-18 10:59:15.888518;;;WHEEL_POS;92.685,-9.80
VAL;2026-09-18 10:59:15.916718;;;WHEEL_POS;92.713,-9.80
VAL;2026-09-18 10:59:15.962487;;;WHEEL_POS;92.758,-9.80
VAL;2026-09-18 10:59:15.988623;;;WHEEL_POS;92.785,-9.80
VAL;2026-09-18 10:59:16.004250;;;TRIAL_START;92.78462243080139
VAL;2026-09-18 10:59:16.004250;;;QUIESCENCE_BREAKS;0
VAL;2026-09-18 10:59:16.004250;;;THRESHOLD_DEG;10.500000000000002
TRIAL;2026-09-18 10:59:16.073262;;;New trial;
VAL;2026-09-18 10:59:16.073262;;;WHEEL_POS;92.869,0.00
VAL;2026-09-18 10:59:16.117348;;;WHEEL_POS;92.913,-0.70
VAL;2026-09-18 10:59:16.148599;;;WHEEL_POS;92.945,-1.80
VAL;2026-09-18 10:59:16.164225;;;WHEEL_POS;92.960,-2.50
VAL;2026-09-18 10:59:16.188861;;;WHEEL_POS;92.985,-3.50
VAL;2026-09-18 10:59:16.220113;;;WHEEL_POS;93.016,-4.90
VAL;2026-09-18 10:59:16.251365;;;WHEEL_POS;93.047,-6.30
VAL;2026-09-18 10:59:16.289134;;;WHEEL_POS;93.085,-9.10
VAL;2026-09-18 10:59:16.318183;;;WHEEL_POS;93.114,-10.20
VAL;2026-09-18 10:59:16.349443;;;WHEEL_POS;93.145,-10.20
VAL;2026-09-18 10:59:16.404824;;;WHEEL_POS;93.201,-8.80
VAL;2026-09-18 10:59:16.420448;;;WHEEL_POS;93.216,-7.00
VAL;2026-09-18 10:59:16.436073;;;WHEEL_POS;93.232,-6.00
VAL;2026-09-18 10:59:16.473839;;;WHEEL_POS;93.270,-4.90
VAL;2026-09-18 10:59:16.489471;;;WHEEL_POS;93.285,-4.90
VAL;2026-09-18 10:59:16.534554;;;WHEEL_POS;93.331,-4.90
VAL;2026-09-18 10:59:16.552754;;;WHEEL_POS;93.349,-4.90
VAL;2026-09-18 10:59:16.573822;;;WHEEL_POS;93.370,-5.30
VAL;2026-09-18 10:59:16.605077;;;WHEEL_POS;93.401,-6.00
VAL;2026-09-18 10:59:16.636328;;;WHEEL_POS;93.432,-7.00
VAL;2026-09-18 10:59:16.674095;;;WHEEL_POS;93.470,-7.70
VAL;2026-09-18 10:59:16.689725;;;WHEEL_POS;93.486,-7.70
VAL;2026-09-18 10:59:16.735795;;;WHEEL_POS;93.532,-7.40
VAL;2026-09-18 10:59:16.751420;;;WHEEL_POS;93.547,-6.70
VAL;2026-09-18 10:59:16.767044;;;WHEEL_POS;93.563,-6.30
VAL;2026-09-18 10:59:16.789058;;;WHEEL_POS;93.585,-5.60
VAL;2026-09-18 10:59:16.820314;;;WHEEL_POS;93.616,-4.90
VAL;2026-09-18 10:59:16.851567;;;WHEEL_POS;93.648,-4.60
VAL;2026-09-18 10:59:16.867192;;;WHEEL_POS;93.663,-3.90
VAL;2026-09-18 10:59:16.889833;;;WHEEL_POS;93.686,-2.80
VAL;2026-09-18 10:59:16.921297;;;WHEEL_POS;93.717,-1.10
VAL;2026-09-18 10:59:16.952556;;;WHEEL_POS;93.749,0.40
VAL;2026-09-18 10:59:16.989809;;;WHEEL_POS;93.786,2.10
VAL;2026-09-18 10:59:17.021061;;;WHEEL_POS;93.817,2.80
VAL;2026-09-18 10:59:17.052313;;;WHEEL_POS;93.848,2.80
VAL;2026-09-18 10:59:17.090085;;;WHEEL_POS;93.886,3.90
VAL;2026-09-18 10:59:17.122089;;;WHEEL_POS;93.918,4.90
VAL;2026-09-18 10:59:17.153348;;;WHEEL_POS;93.949,5.60
VAL;2026-09-18 10:59:17.205734;;;WHEEL_POS;94.002,6.00
VAL;2026-09-18 10:59:17.221356;;;WHEEL_POS;94.017,6.30
VAL;2026-09-18 10:59:17.236982;;;WHEEL_POS;94.033,6.70
VAL;2026-09-18 10:59:17.274755;;;WHEEL_POS;94.071,8.10
VAL;2026-09-18 10:59:17.290386;;;WHEEL_POS;94.086,8.80
VAL;2026-09-18 10:59:17.338531;;;WHEEL_POS;94.135,9.10
VAL;2026-09-18 10:59:17.354153;;;WHEEL_POS;94.150,9.50
VAL;2026-09-18 10:59:17.406042;;;WHEEL_POS;94.202,9.80
VAL;2026-09-18 10:59:17.421664;;;WHEEL_POS;94.218,10.20
EVENT;2026-09-18 10:59:17.421664;1.3563;;1;RotaryEncoder1_2
TRANSITION;2026-09-18 10:59:17.421664;1.3563;;RewardR;
VAL;2026-09-18 10:59:17.437291;;;WHEEL_POS;94.233,10.50
VAL;2026-09-18 10:59:17.452917;;;WHEEL_POS;94.249,10.90
EVENT;2026-09-18 10:59:17.475048;1.4051;;158;Tup
TRANSITION;2026-09-18 10:59:17.475048;1.4051;;ITI;
VAL;2026-09-18 10:59:17.490676;;;WHEEL_POS;94.287,11.60
VAL;2026-09-18 10:59:17.523753;;;WHEEL_POS;94.320,11.60
VAL;2026-09-18 10:59:17.563805;;;WHEEL_POS;94.360,11.60
VAL;2026-09-18 10:59:17.590938;;;WHEEL_POS;94.387,11.60
VAL;2026-09-18 10:59:17.622189;;;WHEEL_POS;94.418,11.60
VAL;2026-09-18 10:59:17.653441;;;WHEEL_POS;94.449,11.20
VAL;2026-09-18 10:59:17.669067;;;WHEEL_POS;94.465,10.90
VAL;2026-09-18 10:59:17.691202;;;WHEEL_POS;94.487,10.90
VAL;2026-09-18 10:59:17.723961;;;WHEEL_POS;94.520,10.90
VAL;2026-09-18 10:59:17.755213;;;WHEEL_POS;94.551,10.20
VAL;2026-09-18 10:59:17.789854;;;WHEEL_POS;94.586,9.10
VAL;2026-09-18 10:59:17.821108;;;WHEEL_POS;94.617,8.10
VAL;2026-09-18 10:59:17.852361;;;WHEEL_POS;94.648,6.70
VAL;2026-09-18 10:59:17.891622;;;WHEEL_POS;94.688,4.60
VAL;2026-09-18 10:59:17.924694;;;WHEEL_POS;94.721,2.80
VAL;2026-09-18 10:59:17.955944;;;WHEEL_POS;94.752,1.80
EVENT;2026-09-18 10:59:17.976076;1.9051;;158;Tup
END-TRIAL;2026-09-18 10:59:17.976076;;;The trial ended;
INFO;2026-09-18 10:59:17.976076;97.268731;99.173834;TRIAL-BPOD-TIME;1.9051029999999969
STATE;2026-09-18 10:59:17.976076;0;1.3563;WheelPeriod;1.3563
STATE;2026-09-18 10:59:17.976076;1.3563;1.4051;RewardR;0.048799999999999955
STATE;2026-09-18 10:59:17.976076;1.4051;1.9051;ITI;0.5
STATE;2026-09-18 10:59:17.976076;nan;nan;RewardL;nan
STATE;2026-09-18 10:59:17.976076;nan;nan;NoRewardL;nan
STATE;2026-09-18 10:59:17.976076;nan;nan;NoRewardR;nan
STATE;2026-09-18 10:59:17.976076;nan;nan;NoMovement;nan
VAL;2026-09-18 10:59:18.007336;;;TRIAL_TYPE;stage2
VAL;2026-09-18 10:59:18.007336;;;MOVEMENT_DIRECTION;R
VAL;2026-09-18 10:59:18.007336;;;OUTCOME;Rewarded
VAL;2026-09-18 10:59:18.007336;;;DIRECTION_RATIO;0.26666666666666666
VAL;2026-09-18 10:59:18.007336;;;THRESHOLD_CROSSING_TIME;94.21905172233582
stdout;2026-09-18 10:59:18.007336;;;Trial 33: threshold=10.5deg, Rewarded, direction_ratio=0.27;
stdout;2026-09-18 10:59:18.007336;;;|
|;
VAL;2026-09-18 10:59:18.200714;;;TRIAL_INIT_START;94.99671363830566
VAL;2026-09-18 10:59:18.231966;;;WHEEL_POS;95.028,-7.40
VAL;2026-09-18 10:59:18.263220;;;WHEEL_POS;95.059,-4.90
VAL;2026-09-18 10:59:18.292360;;;WHEEL_POS;95.088,-3.50
VAL;2026-09-18 10:59:18.311312;;;WHEEL_POS;95.107,-2.80
VAL;2026-09-18 10:59:18.326940;;;WHEEL_POS;95.123,-2.10
VAL;2026-09-18 10:59:18.358193;;;WHEEL_POS;95.154,-1.80
VAL;2026-09-18 10:59:18.392451;;;WHEEL_POS;95.188,-2.50
VAL;2026-09-18 10:59:18.408079;;;WHEEL_POS;95.204,-3.50
VAL;2026-09-18 10:59:18.423705;;;TRIAL_START;95.20407795906067
VAL;2026-09-18 10:59:18.423705;;;QUIESCENCE_BREAKS;0
VAL;2026-09-18 10:59:18.423705;;;THRESHOLD_DEG;10.500000000000002
TRIAL;2026-09-18 10:59:18.527385;;;New trial;
VAL;2026-09-18 10:59:18.543011;;;WHEEL_POS;95.339,0.00
VAL;2026-09-18 10:59:18.564203;;;WHEEL_POS;95.360,0.70
VAL;2026-09-18 10:59:18.592837;;;WHEEL_POS;95.389,1.80
VAL;2026-09-18 10:59:18.624089;;;WHEEL_POS;95.420,3.90
VAL;2026-09-18 10:59:18.655342;;;WHEEL_POS;95.451,6.70
VAL;2026-09-18 10:59:18.670971;;;WHEEL_POS;95.467,7.70
VAL;2026-09-18 10:59:18.693108;;;WHEEL_POS;95.489,7.70
VAL;2026-09-18 10:59:18.729325;;;WHEEL_POS;95.525,6.00
VAL;2026-09-18 10:59:18.760576;;;WHEEL_POS;95.557,3.20
VAL;2026-09-18 10:59:18.777732;;;WHEEL_POS;95.574,2.10
VAL;2026-09-18 10:59:18.807052;;;WHEEL_POS;95.603,1.40
VAL;2026-09-18 10:59:18.853932;;;WHEEL_POS;95.650,3.20
VAL;2026-09-18 10:59:18.869556;;;WHEEL_POS;95.666,4.90
VAL;2026-09-18 10:59:18.893191;;;WHEEL_POS;95.689,7.00
VAL;2026-09-18 10:59:18.930982;;;WHEEL_POS;95.727,9.10
VAL;2026-09-18 10:59:18.977756;;;WHEEL_POS;95.774,9.80
VAL;2026-09-18 10:59:18.993389;;;WHEEL_POS;95.789,9.50
VAL;2026-09-18 10:59:19.009014;;;WHEEL_POS;95.805,8.80
VAL;2026-09-18 10:59:19.040272;;;WHEEL_POS;95.836,6.30
VAL;2026-09-18 10:59:19.071519;;;WHEEL_POS;95.868,4.20
VAL;2026-09-18 10:59:19.109284;;;WHEEL_POS;95.905,3.90
VAL;2026-09-18 10:59:19.130930;;;WHEEL_POS;95.927,2.80
VAL;2026-09-18 10:59:19.162182;;;WHEEL_POS;95.958,2.50
VAL;2026-09-18 10:59:19.193954;;;WHEEL_POS;95.990,3.90
VAL;2026-09-18 10:59:19.225205;;;WHEEL_POS;96.021,6.30
VAL;2026-09-18 10:59:19.256459;;;WHEEL_POS;96.052,8.10
VAL;2026-09-18 10:59:19.272084;;;WHEEL_POS;96.068,8.80
VAL;2026-09-18 10:59:19.294217;;;WHEEL_POS;96.090,9.50
VAL;2026-09-18 10:59:19.332498;;;WHEEL_POS;96.128,8.80
VAL;2026-09-18 10:59:19.348123;;;WHEEL_POS;96.144,7.70
VAL;2026-09-18 10:59:19.394400;;;WHEEL_POS;96.190,4.60
VAL;2026-09-18 10:59:19.410026;;;WHEEL_POS;96.206,3.50
VAL;2026-09-18 10:59:19.441285;;;WHEEL_POS;96.237,2.10
VAL;2026-09-18 10:59:19.472531;;;WHEEL_POS;96.269,1.40
VAL;2026-09-18 10:59:19.494666;;;WHEEL_POS;96.291,0.70
VAL;2026-09-18 10:59:19.519066;;;WHEEL_POS;96.315,0.70
VAL;2026-09-18 10:59:19.534698;;;WHEEL_POS;96.331,2.10
VAL;2026-09-18 10:59:19.594569;;;WHEEL_POS;96.391,6.70
VAL;2026-09-18 10:59:19.610189;;;WHEEL_POS;96.406,8.10
VAL;2026-09-18 10:59:19.657071;;;WHEEL_POS;96.453,8.80
VAL;2026-09-18 10:59:19.672694;;;WHEEL_POS;96.469,8.10
VAL;2026-09-18 10:59:19.694831;;;WHEEL_POS;96.491,6.70
VAL;2026-09-18 10:59:19.736089;;;WHEEL_POS;96.532,2.80
VAL;2026-09-18 10:59:19.767340;;;WHEEL_POS;96.563,-0.40
VAL;2026-09-18 10:59:19.792871;;;WHEEL_POS;96.589,-2.10
VAL;2026-09-18 10:59:19.824128;;;WHEEL_POS;96.620,-3.20
VAL;2026-09-18 10:59:19.855387;;;WHEEL_POS;96.651,-2.50
VAL;2026-09-18 10:59:19.879407;;;WHEEL_POS;96.675,-1.10
VAL;2026-09-18 10:59:19.895037;;;WHEEL_POS;96.691,1.10
VAL;2026-09-18 10:59:19.936317;;;WHEEL_POS;96.732,4.60
VAL;2026-09-18 10:59:19.962955;;;WHEEL_POS;96.759,5.60
VAL;2026-09-18 10:59:19.995231;;;WHEEL_POS;96.791,6.00
VAL;2026-09-18 10:59:20.026483;;;WHEEL_POS;96.822,4.20
VAL;2026-09-18 10:59:20.057736;;;WHEEL_POS;96.854,2.50
VAL;2026-09-18 10:59:20.111128;;;WHEEL_POS;96.907,0.00
VAL;2026-09-18 10:59:20.137564;;;WHEEL_POS;96.934,-2.80
VAL;2026-09-18 10:59:20.179826;;;WHEEL_POS;96.976,-4.20
VAL;2026-09-18 10:59:20.195460;;;WHEEL_POS;96.991,-4.20
VAL;2026-09-18 10:59:20.242343;;;WHEEL_POS;97.038,-3.20
VAL;2026-09-18 10:59:20.257963;;;WHEEL_POS;97.054,-1.40
VAL;2026-09-18 10:59:20.295719;;;WHEEL_POS;97.092,4.60
VAL;2026-09-18 10:59:20.338927;;;WHEEL_POS;97.135,7.70
VAL;2026-09-18 10:59:20.380186;;;WHEEL_POS;97.176,8.10
VAL;2026-09-18 10:59:20.411446;;;WHEEL_POS;97.207,7.70
VAL;2026-09-18 10:59:20.427071;;;WHEEL_POS;97.223,7.00
VAL;2026-09-18 10:59:20.458327;;;WHEEL_POS;97.254,4.90
VAL;2026-09-18 10:59:20.496085;;;WHEEL_POS;97.292,-0.40
VAL;2026-09-18 10:59:20.538368;;;WHEEL_POS;97.334,-3.50
VAL;2026-09-18 10:59:20.580510;;;WHEEL_POS;97.377,-6.00
VAL;2026-09-18 10:59:20.596142;;;WHEEL_POS;97.392,-7.00
VAL;2026-09-18 10:59:20.627392;;;WHEEL_POS;97.423,-8.10
VAL;2026-09-18 10:59:20.643019;;;WHEEL_POS;97.439,-8.40
VAL;2026-09-18 10:59:20.674271;;;WHEEL_POS;97.470,-8.40
VAL;2026-09-18 10:59:20.696405;;;WHEEL_POS;97.492,-8.40
VAL;2026-09-18 10:59:20.712038;;;WHEEL_POS;97.508,-8.80
VAL;2026-09-18 10:59:20.740596;;;WHEEL_POS;97.537,-8.80
VAL;2026-09-18 10:59:20.756222;;;WHEEL_POS;97.552,-8.10
VAL;2026-09-18 10:59:20.796438;;;WHEEL_POS;97.592,-2.80
VAL;2026-09-18 10:59:20.812067;;;WHEEL_POS;97.608,-1.10
VAL;2026-09-18 10:59:20.843324;;;WHEEL_POS;97.639,1.10
VAL;2026-09-18 10:59:20.874570;;;WHEEL_POS;97.671,2.50
VAL;2026-09-18 10:59:20.896704;;;WHEEL_POS;97.693,1.80
VAL;2026-09-18 10:59:20.940987;;;WHEEL_POS;97.737,-1.10
VAL;2026-09-18 10:59:20.981249;;;WHEEL_POS;97.777,-3.90
VAL;2026-09-18 10:59:21.012509;;;WHEEL_POS;97.809,-6.00
VAL;2026-09-18 10:59:21.028135;;;WHEEL_POS;97.824,-7.00
VAL;2026-09-18 10:59:21.059387;;;WHEEL_POS;97.855,-8.10
VAL;2026-09-18 10:59:21.075013;;;WHEEL_POS;97.871,-8.10
VAL;2026-09-18 10:59:21.097147;;;WHEEL_POS;97.893,-7.40
VAL;2026-09-18 10:59:21.141429;;;WHEEL_POS;97.937,-2.50
VAL;2026-09-18 10:59:21.157055;;;WHEEL_POS;97.953,-1.10
VAL;2026-09-18 10:59:21.197327;;;WHEEL_POS;97.993,3.20
VAL;2026-09-18 10:59:21.228579;;;WHEEL_POS;98.025,4.90
VAL;2026-09-18 10:59:21.244207;;;WHEEL_POS;98.040,4.60
VAL;2026-09-18 10:59:21.275457;;;WHEEL_POS;98.071,2.10
VAL;2026-09-18 10:59:21.297590;;;WHEEL_POS;98.094,0.00
VAL;2026-09-18 10:59:21.313222;;;WHEEL_POS;98.109,-1.40
VAL;2026-09-18 10:59:21.345343;;;WHEEL_POS;98.141,-4.20
VAL;2026-09-18 10:59:21.382104;;;WHEEL_POS;98.178,-6.00
VAL;2026-09-18 10:59:21.413360;;;WHEEL_POS;98.209,-6.00
VAL;2026-09-18 10:59:21.428985;;;WHEEL_POS;98.225,-5.60
VAL;2026-09-18 10:59:21.460242;;;WHEEL_POS;98.256,-4.20
VAL;2026-09-18 10:59:21.513626;;;WHEEL_POS;98.310,1.40
VAL;2026-09-18 10:59:21.530687;;;WHEEL_POS;98.327,5.30
VAL;2026-09-18 10:59:21.546315;;;WHEEL_POS;98.342,7.40
VAL;2026-09-18 10:59:21.582654;;;WHEEL_POS;98.379,9.50
VAL;2026-09-18 10:59:21.598284;;;WHEEL_POS;98.394,8.80
VAL;2026-09-18 10:59:21.645163;;;WHEEL_POS;98.441,4.20
VAL;2026-09-18 10:59:21.660788;;;WHEEL_POS;98.457,-0.40
VAL;2026-09-18 10:59:21.714179;;;WHEEL_POS;98.510,-8.10
EVENT;2026-09-18 10:59:21.714179;3.1833;;0;RotaryEncoder1_1
TRANSITION;2026-09-18 10:59:21.714179;3.1833;;RewardL;
VAL;2026-09-18 10:59:21.731628;;;WHEEL_POS;98.528,-11.20
VAL;2026-09-18 10:59:21.747257;;;WHEEL_POS;98.543,-13.00
EVENT;2026-09-18 10:59:21.762883;3.2321;;158;Tup
TRANSITION;2026-09-18 10:59:21.762883;3.2321;;ITI;
VAL;2026-09-18 10:59:21.783019;;;WHEEL_POS;98.579,-16.50
VAL;2026-09-18 10:59:21.797022;;;WHEEL_POS;98.593,-18.30
VAL;2026-09-18 10:59:21.828276;;;WHEEL_POS;98.624,-18.60
VAL;2026-09-18 10:59:21.859530;;;WHEEL_POS;98.656,-17.20
VAL;2026-09-18 10:59:21.875154;;;WHEEL_POS;98.671,-16.50
VAL;2026-09-18 10:59:21.898789;;;WHEEL_POS;98.695,-15.10
VAL;2026-09-18 10:59:21.932864;;;WHEEL_POS;98.729,-11.60
VAL;2026-09-18 10:59:21.948492;;;WHEEL_POS;98.744,-8.40
VAL;2026-09-18 10:59:21.964119;;;WHEEL_POS;98.760,-5.60
VAL;2026-09-18 10:59:21.998879;;;WHEEL_POS;98.795,-0.40
VAL;2026-09-18 10:59:22.030131;;;WHEEL_POS;98.826,2.50
VAL;2026-09-18 10:59:22.061383;;;WHEEL_POS;98.857,3.90
VAL;2026-09-18 10:59:22.077008;;;WHEEL_POS;98.873,3.90
VAL;2026-09-18 10:59:22.099142;;;WHEEL_POS;98.895,3.50
VAL;2026-09-18 10:59:22.133851;;;WHEEL_POS;98.930,1.10
VAL;2026-09-18 10:59:22.149480;;;WHEEL_POS;98.945,-1.40
VAL;2026-09-18 10:59:22.165106;;;WHEEL_POS;98.961,-2.80
VAL;2026-09-18 10:59:22.199365;;;WHEEL_POS;98.995,-4.60
VAL;2026-09-18 10:59:22.230618;;;WHEEL_POS;99.027,-3.20
VAL;2026-09-18 10:59:22.246243;;;WHEEL_POS;99.042,-1.10
EVENT;2026-09-18 10:59:22.261870;3.7321;;158;Tup
END-TRIAL;2026-09-18 10:59:22.261870;;;The trial ended;
INFO;2026-09-18 10:59:22.261870;99.731731;103.463834;TRIAL-BPOD-TIME;3.7321030000000093
STATE;2026-09-18 10:59:22.261870;0;3.1833;WheelPeriod;3.1833
STATE;2026-09-18 10:59:22.261870;3.1833;3.2321;RewardL;0.048799999999999955
STATE;2026-09-18 10:59:22.261870;3.2321;3.7321;ITI;0.5
STATE;2026-09-18 10:59:22.261870;nan;nan;RewardR;nan
STATE;2026-09-18 10:59:22.261870;nan;nan;NoRewardL;nan
STATE;2026-09-18 10:59:22.261870;nan;nan;NoRewardR;nan
STATE;2026-09-18 10:59:22.261870;nan;nan;NoMovement;nan
VAL;2026-09-18 10:59:22.315255;;;TRIAL_TYPE;stage2
VAL;2026-09-18 10:59:22.315255;;;MOVEMENT_DIRECTION;L
VAL;2026-09-18 10:59:22.315255;;;OUTCOME;Rewarded
VAL;2026-09-18 10:59:22.315255;;;DIRECTION_RATIO;0.25806451612903225
VAL;2026-09-18 10:59:22.315255;;;THRESHOLD_CROSSING_TIME;98.47203705863953
stdout;2026-09-18 10:59:22.315255;;;Trial 34: threshold=10.5deg, Rewarded, direction_ratio=0.26;
stdout;2026-09-18 10:59:22.315255;;;|
|;
VAL;2026-09-18 10:59:22.504089;;;TRIAL_INIT_START;99.30008840560913
VAL;2026-09-18 10:59:22.537213;;;WHEEL_POS;99.333,1.80
VAL;2026-09-18 10:59:22.555401;;;WHEEL_POS;99.351,4.20
VAL;2026-09-18 10:59:22.584581;;;WHEEL_POS;99.381,7.00
VAL;2026-09-18 10:59:22.600211;;;WHEEL_POS;99.396,8.10
VAL;2026-09-18 10:59:22.631463;;;WHEEL_POS;99.427,7.00
VAL;2026-09-18 10:59:22.647089;;;WHEEL_POS;99.443,5.30
VAL;2026-09-18 10:59:22.678340;;;WHEEL_POS;99.474,1.40
VAL;2026-09-18 10:59:22.700476;;;WHEEL_POS;99.496,-1.10
VAL;2026-09-18 10:59:22.716100;;;WHEEL_POS;99.512,-2.10
VAL;2026-09-18 10:59:22.753910;;;WHEEL_POS;99.550,-2.50
VAL;2026-09-18 10:59:22.785062;;;WHEEL_POS;99.581,-0.70
VAL;2026-09-18 10:59:22.813200;;;QUIESCENCE_RESET_TIME;99.60919976234436
VAL;2026-09-18 10:59:22.813200;;;WHEEL_POS;99.609,3.50
VAL;2026-09-18 10:59:22.828826;;;TRIAL_START;99.60919976234436
VAL;2026-09-18 10:59:22.828826;;;QUIESCENCE_BREAKS;0
VAL;2026-09-18 10:59:22.828826;;;THRESHOLD_DEG;10.500000000000002
TRIAL;2026-09-18 10:59:22.885226;;;New trial;
VAL;2026-09-18 10:59:22.885226;;;WHEEL_POS;99.681,0.00
VAL;2026-09-18 10:59:22.916491;;;WHEEL_POS;99.712,-0.40
VAL;2026-09-18 10:59:22.932116;;;WHEEL_POS;99.728,-1.40
VAL;2026-09-18 10:59:22.954249;;;WHEEL_POS;99.750,-4.20
VAL;2026-09-18 10:59:22.985380;;;WHEEL_POS;99.781,-9.10
EVENT;2026-09-18 10:59:22.985380;0.10490000000000001;;0;RotaryEncoder1_1
TRANSITION;2026-09-18 10:59:22.985380;0.10490000000000001;;RewardL;
VAL;2026-09-18 10:59:23.016637;;;WHEEL_POS;99.813,-12.70
VAL;2026-09-18 10:59:23.032264;;;WHEEL_POS;99.828,-13.40
EVENT;2026-09-18 10:59:23.047891;0.1537;;158;Tup
TRANSITION;2026-09-18 10:59:23.047891;0.1537;;ITI;
VAL;2026-09-18 10:59:23.063515;;;WHEEL_POS;99.860,-13.40
VAL;2026-09-18 10:59:23.101280;;;WHEEL_POS;99.897,-9.80
VAL;2026-09-18 10:59:23.132529;;;WHEEL_POS;99.929,-3.50
VAL;2026-09-18 10:59:23.154995;;;WHEEL_POS;99.951,0.40
VAL;2026-09-18 10:59:23.201257;;;WHEEL_POS;99.997,0.00
VAL;2026-09-18 10:59:23.232509;;;WHEEL_POS;100.029,-4.60
VAL;2026-09-18 10:59:23.248135;;;WHEEL_POS;100.044,-7.00
VAL;2026-09-18 10:59:23.279387;;;WHEEL_POS;100.075,-10.20
VAL;2026-09-18 10:59:23.301520;;;WHEEL_POS;100.098,-10.50
VAL;2026-09-18 10:59:23.338777;;;WHEEL_POS;100.135,-10.50
VAL;2026-09-18 10:59:23.355747;;;WHEEL_POS;100.152,-10.20
VAL;2026-09-18 10:59:23.401507;;;WHEEL_POS;100.198,-6.30
VAL;2026-09-18 10:59:23.417133;;;WHEEL_POS;100.213,-4.20
VAL;2026-09-18 10:59:23.448385;;;WHEEL_POS;100.244,-1.80
VAL;2026-09-18 10:59:23.464012;;;WHEEL_POS;100.260,-1.40
VAL;2026-09-18 10:59:23.501769;;;WHEEL_POS;100.298,-2.80
VAL;2026-09-18 10:59:23.533022;;;WHEEL_POS;100.329,-6.70
EVENT;2026-09-18 10:59:23.540875;0.6537000000000001;;158;Tup
END-TRIAL;2026-09-18 10:59:23.540875;;;The trial ended;
INFO;2026-09-18 10:59:23.540875;104.082631;104.736334;TRIAL-BPOD-TIME;0.653702999999993
STATE;2026-09-18 10:59:23.540875;0;0.10490000000000001;WheelPeriod;0.10490000000000001
STATE;2026-09-18 10:59:23.540875;0.10490000000000001;0.1537;RewardL;0.048799999999999996
STATE;2026-09-18 10:59:23.540875;0.1537;0.6537000000000001;ITI;0.5
STATE;2026-09-18 10:59:23.540875;nan;nan;RewardR;nan
STATE;2026-09-18 10:59:23.540875;nan;nan;NoRewardL;nan
STATE;2026-09-18 10:59:23.540875;nan;nan;NoRewardR;nan
STATE;2026-09-18 10:59:23.540875;nan;nan;NoMovement;nan
VAL;2026-09-18 10:59:23.617370;;;TRIAL_TYPE;stage2
VAL;2026-09-18 10:59:23.617370;;;MOVEMENT_DIRECTION;L
VAL;2026-09-18 10:59:23.617370;;;OUTCOME;Rewarded
VAL;2026-09-18 10:59:23.617370;;;DIRECTION_RATIO;0.25
VAL;2026-09-18 10:59:23.617370;;;THRESHOLD_CROSSING_TIME;99.77660667648315
stdout;2026-09-18 10:59:23.617370;;;Trial 35: threshold=10.5deg, Rewarded, direction_ratio=0.25;
stdout;2026-09-18 10:59:23.617370;;;|
|;
VAL;2026-09-18 10:59:23.786715;;;TRIAL_INIT_START;100.58271384239197
VAL;2026-09-18 10:59:23.813849;;;WHEEL_POS;100.610,-4.90
VAL;2026-09-18 10:59:23.845100;;;QUIESCENCE_RESET_TIME;100.64109969139099
VAL;2026-09-18 10:59:23.845100;;;WHEEL_POS;100.641,-10.50
VAL;2026-09-18 10:59:23.886868;;;WHEEL_POS;100.677,-13.40
VAL;2026-09-18 10:59:23.902501;;;WHEEL_POS;100.699,-12.70
VAL;2026-09-18 10:59:23.918126;;;WHEEL_POS;100.714,-11.60
VAL;2026-09-18 10:59:23.968159;;;QUIESCENCE_RESET_TIME;100.76415801048279
VAL;2026-09-18 10:59:23.969164;;;WHEEL_POS;100.764,-6.70
VAL;2026-09-18 10:59:23.986806;;;WHEEL_POS;100.783,-3.50
VAL;2026-09-18 10:59:24.002438;;;WHEEL_POS;100.798,-1.40
VAL;2026-09-18 10:59:24.033689;;;WHEEL_POS;100.830,0.00
VAL;2026-09-18 10:59:24.064941;;;WHEEL_POS;100.861,-1.40
VAL;2026-09-18 10:59:24.102701;;;QUIESCENCE_RESET_TIME;100.89870071411133
VAL;2026-09-18 10:59:24.102701;;;WHEEL_POS;100.899,-7.00
VAL;2026-09-18 10:59:24.133953;;;QUIESCENCE_RESET_TIME;100.92995262145996
VAL;2026-09-18 10:59:24.133953;;;WHEEL_POS;100.930,-12.30
VAL;2026-09-18 10:59:24.158430;;;WHEEL_POS;100.954,-14.10
VAL;2026-09-18 10:59:24.202700;;;WHEEL_POS;100.999,-14.40
VAL;2026-09-18 10:59:24.233953;;;WHEEL_POS;101.030,-12.00
VAL;2026-09-18 10:59:24.265206;;;QUIESCENCE_RESET_TIME;101.0612051486969
VAL;2026-09-18 10:59:24.265206;;;WHEEL_POS;101.061,-4.60
VAL;2026-09-18 10:59:24.302968;;;QUIESCENCE_RESET_TIME;101.09896755218506
VAL;2026-09-18 10:59:24.302968;;;WHEEL_POS;101.099,2.50
VAL;2026-09-18 10:59:24.334220;;;WHEEL_POS;101.130,4.60
VAL;2026-09-18 10:59:24.359299;;;WHEEL_POS;101.155,4.20
VAL;2026-09-18 10:59:24.374927;;;WHEEL_POS;101.171,2.80
VAL;2026-09-18 10:59:24.403067;;;QUIESCENCE_RESET_TIME;101.19906568527222
VAL;2026-09-18 10:59:24.403067;;;WHEEL_POS;101.199,-2.50
VAL;2026-09-18 10:59:24.434318;;;QUIESCENCE_RESET_TIME;101.23031711578369
VAL;2026-09-18 10:59:24.434318;;;WHEEL_POS;101.230,-9.50
VAL;2026-09-18 10:59:24.465570;;;QUIESCENCE_RESET_TIME;101.2615692615509
VAL;2026-09-18 10:59:24.465570;;;WHEEL_POS;101.262,-14.80
VAL;2026-09-18 10:59:24.503329;;;WHEEL_POS;101.299,-12.70
VAL;2026-09-18 10:59:24.534583;;;QUIESCENCE_RESET_TIME;101.3305823802948
VAL;2026-09-18 10:59:24.534583;;;WHEEL_POS;101.331,-8.10
VAL;2026-09-18 10:59:24.556738;;;WHEEL_POS;101.353,-4.20
VAL;2026-09-18 10:59:24.587920;;;QUIESCENCE_RESET_TIME;101.38391900062561
VAL;2026-09-18 10:59:24.587920;;;WHEEL_POS;101.384,0.70
VAL;2026-09-18 10:59:24.603550;;;WHEEL_POS;101.400,2.80
VAL;2026-09-18 10:59:24.619175;;;WHEEL_POS;101.415,3.20
VAL;2026-09-18 10:59:24.650426;;;WHEEL_POS;101.446,1.40
VAL;2026-09-18 10:59:24.681678;;;QUIESCENCE_RESET_TIME;101.47767734527588
VAL;2026-09-18 10:59:24.681678;;;WHEEL_POS;101.478,-4.20
VAL;2026-09-18 10:59:24.703811;;;QUIESCENCE_RESET_TIME;101.4998106956482
VAL;2026-09-18 10:59:24.703811;;;WHEEL_POS;101.500,-9.10
VAL;2026-09-18 10:59:24.735063;;;WHEEL_POS;101.531,-13.00
VAL;2026-09-18 10:59:24.761174;;;WHEEL_POS;101.557,-13.40
VAL;2026-09-18 10:59:24.798923;;;WHEEL_POS;101.595,-12.00
VAL;2026-09-18 10:59:24.814555;;;WHEEL_POS;101.611,-9.80
VAL;2026-09-18 10:59:24.830179;;;WHEEL_POS;101.626,-7.00
VAL;2026-09-18 10:59:24.861432;;;QUIESCENCE_RESET_TIME;101.65743160247803
VAL;2026-09-18 10:59:24.861432;;;WHEEL_POS;101.657,-0.40
VAL;2026-09-18 10:59:24.904198;;;QUIESCENCE_RESET_TIME;101.70019721984863
VAL;2026-09-18 10:59:24.904198;;;WHEEL_POS;101.700,4.90
VAL;2026-09-18 10:59:24.935449;;;WHEEL_POS;101.731,4.90
VAL;2026-09-18 10:59:24.962059;;;WHEEL_POS;101.758,2.50
VAL;2026-09-18 10:59:25.004325;;;QUIESCENCE_RESET_TIME;101.80032444000244
VAL;2026-09-18 10:59:25.004325;;;WHEEL_POS;101.800,-8.10
VAL;2026-09-18 10:59:25.035575;;;QUIESCENCE_RESET_TIME;101.83157420158386
VAL;2026-09-18 10:59:25.035575;;;WHEEL_POS;101.832,-13.40
VAL;2026-09-18 10:59:25.051203;;;WHEEL_POS;101.847,-14.10
VAL;2026-09-18 10:59:25.082455;;;WHEEL_POS;101.878,-13.70
VAL;2026-09-18 10:59:25.104596;;;WHEEL_POS;101.901,-11.60
VAL;2026-09-18 10:59:25.120220;;;WHEEL_POS;101.916,-8.80
VAL;2026-09-18 10:59:25.162822;;;QUIESCENCE_RESET_TIME;101.95882153511047
VAL;2026-09-18 10:59:25.162822;;;WHEEL_POS;101.959,0.00
VAL;2026-09-18 10:59:25.204584;;;WHEEL_POS;102.001,3.20
VAL;2026-09-18 10:59:25.220209;;;WHEEL_POS;102.016,2.50
VAL;2026-09-18 10:59:25.251463;;;QUIESCENCE_RESET_TIME;102.04746198654175
VAL;2026-09-18 10:59:25.251463;;;WHEEL_POS;102.047,-1.80
VAL;2026-09-18 10:59:25.282715;;;QUIESCENCE_RESET_TIME;102.07871437072754
VAL;2026-09-18 10:59:25.282715;;;WHEEL_POS;102.079,-8.80
VAL;2026-09-18 10:59:25.304853;;;QUIESCENCE_RESET_TIME;102.10085248947144
VAL;2026-09-18 10:59:25.304853;;;WHEEL_POS;102.101,-13.00
VAL;2026-09-18 10:59:25.336105;;;WHEEL_POS;102.132,-15.50
VAL;2026-09-18 10:59:25.363588;;;WHEEL_POS;102.160,-15.50
VAL;2026-09-18 10:59:25.404852;;;QUIESCENCE_RESET_TIME;102.20085144042969
VAL;2026-09-18 10:59:25.404852;;;WHEEL_POS;102.201,-9.10
VAL;2026-09-18 10:59:25.436104;;;QUIESCENCE_RESET_TIME;102.2321035861969
VAL;2026-09-18 10:59:25.436104;;;WHEEL_POS;102.232,-1.80
VAL;2026-09-18 10:59:25.467356;;;QUIESCENCE_RESET_TIME;102.2633547782898
VAL;2026-09-18 10:59:25.467356;;;WHEEL_POS;102.263,3.20
VAL;2026-09-18 10:59:25.505124;;;WHEEL_POS;102.301,4.60
VAL;2026-09-18 10:59:25.536375;;;WHEEL_POS;102.332,2.50
VAL;2026-09-18 10:59:25.557080;;;WHEEL_POS;102.353,-1.40
VAL;2026-09-18 10:59:25.589798;;;QUIESCENCE_RESET_TIME;102.38579726219177
VAL;2026-09-18 10:59:25.589798;;;WHEEL_POS;102.386,-8.40
VAL;2026-09-18 10:59:25.605430;;;QUIESCENCE_RESET_TIME;102.40142917633057
VAL;2026-09-18 10:59:25.605430;;;WHEEL_POS;102.401,-13.00
VAL;2026-09-18 10:59:25.636681;;;WHEEL_POS;102.433,-15.10
VAL;2026-09-18 10:59:25.652306;;;WHEEL_POS;102.448,-14.40
VAL;2026-09-18 10:59:25.683557;;;WHEEL_POS;102.480,-10.90
VAL;2026-09-18 10:59:25.705692;;;QUIESCENCE_RESET_TIME;102.50169134140015
VAL;2026-09-18 10:59:25.705692;;;WHEEL_POS;102.502,-6.00
VAL;2026-09-18 10:59:25.736943;;;QUIESCENCE_RESET_TIME;102.53294253349304
VAL;2026-09-18 10:59:25.736943;;;WHEEL_POS;102.533,1.10
VAL;2026-09-18 10:59:25.765083;;;WHEEL_POS;102.561,4.90
VAL;2026-09-18 10:59:25.780712;;;WHEEL_POS;102.577,6.30
VAL;2026-09-18 10:59:25.800305;;;WHEEL_POS;102.596,6.00
VAL;2026-09-18 10:59:25.815935;;;WHEEL_POS;102.612,4.60
VAL;2026-09-18 10:59:25.847187;;;QUIESCENCE_RESET_TIME;102.64318633079529
VAL;2026-09-18 10:59:25.847187;;;WHEEL_POS;102.643,-1.80
VAL;2026-09-18 10:59:25.878440;;;QUIESCENCE_RESET_TIME;102.6744396686554
VAL;2026-09-18 10:59:25.878440;;;WHEEL_POS;102.674,-8.40
VAL;2026-09-18 10:59:25.906080;;;WHEEL_POS;102.702,-12.00
VAL;2026-09-18 10:59:25.937332;;;WHEEL_POS;102.733,-10.50
VAL;2026-09-18 10:59:25.982110;;;QUIESCENCE_RESET_TIME;102.77810907363892
VAL;2026-09-18 10:59:25.982110;;;WHEEL_POS;102.778,-3.20
VAL;2026-09-18 10:59:26.006249;;;QUIESCENCE_RESET_TIME;102.80224800109863
VAL;2026-09-18 10:59:26.006249;;;WHEEL_POS;102.802,2.10
VAL;2026-09-18 10:59:26.037501;;;QUIESCENCE_RESET_TIME;102.833500623703
VAL;2026-09-18 10:59:26.037501;;;WHEEL_POS;102.834,6.30
VAL;2026-09-18 10:59:26.068755;;;WHEEL_POS;102.865,6.70
VAL;2026-09-18 10:59:26.106517;;;WHEEL_POS;102.903,3.50
VAL;2026-09-18 10:59:26.122143;;;WHEEL_POS;102.918,0.00
VAL;2026-09-18 10:59:26.153396;;;QUIESCENCE_RESET_TIME;102.94939494132996
VAL;2026-09-18 10:59:26.153396;;;WHEEL_POS;102.949,-7.70
VAL;2026-09-18 10:59:26.182891;;;QUIESCENCE_RESET_TIME;102.97889018058777
VAL;2026-09-18 10:59:26.182891;;;WHEEL_POS;102.979,-13.00
VAL;2026-09-18 10:59:26.206526;;;WHEEL_POS;103.003,-13.00
VAL;2026-09-18 10:59:26.222153;;;WHEEL_POS;103.018,-11.60
VAL;2026-09-18 10:59:26.253405;;;QUIESCENCE_RESET_TIME;103.04940485954285
VAL;2026-09-18 10:59:26.253405;;;WHEEL_POS;103.049,-7.40
VAL;2026-09-18 10:59:26.284659;;;QUIESCENCE_RESET_TIME;103.0806577205658
VAL;2026-09-18 10:59:26.284659;;;WHEEL_POS;103.081,0.00
VAL;2026-09-18 10:59:26.306794;;;QUIESCENCE_RESET_TIME;103.10279297828674
VAL;2026-09-18 10:59:26.306794;;;WHEEL_POS;103.103,4.20
VAL;2026-09-18 10:59:26.338045;;;WHEEL_POS;103.134,6.70
VAL;2026-09-18 10:59:26.383722;;;WHEEL_POS;103.180,3.20
VAL;2026-09-18 10:59:26.406854;;;QUIESCENCE_RESET_TIME;103.20285296440125
VAL;2026-09-18 10:59:26.406854;;;WHEEL_POS;103.203,-1.40
VAL;2026-09-18 10:59:26.438107;;;QUIESCENCE_RESET_TIME;103.23410654067993
VAL;2026-09-18 10:59:26.438107;;;WHEEL_POS;103.234,-8.80
VAL;2026-09-18 10:59:26.469362;;;QUIESCENCE_RESET_TIME;103.26536154747009
VAL;2026-09-18 10:59:26.469362;;;WHEEL_POS;103.265,-13.00
VAL;2026-09-18 10:59:26.507119;;;WHEEL_POS;103.303,-10.50
VAL;2026-09-18 10:59:26.538371;;;QUIESCENCE_RESET_TIME;103.33436989784241
VAL;2026-09-18 10:59:26.538371;;;WHEEL_POS;103.334,-5.60
VAL;2026-09-18 10:59:26.558013;;;WHEEL_POS;103.354,-2.10
VAL;2026-09-18 10:59:26.591763;;;QUIESCENCE_RESET_TIME;103.38776183128357
VAL;2026-09-18 10:59:26.591763;;;WHEEL_POS;103.388,3.90
VAL;2026-09-18 10:59:26.607392;;;WHEEL_POS;103.403,6.00
VAL;2026-09-18 10:59:26.638645;;;WHEEL_POS;103.435,5.60
VAL;2026-09-18 10:59:26.654271;;;WHEEL_POS;103.450,4.20
VAL;2026-09-18 10:59:26.685523;;;QUIESCENCE_RESET_TIME;103.48152232170105
VAL;2026-09-18 10:59:26.685523;;;WHEEL_POS;103.482,-1.40
VAL;2026-09-18 10:59:26.707658;;;QUIESCENCE_RESET_TIME;103.50365686416626
VAL;2026-09-18 10:59:26.707658;;;WHEEL_POS;103.504,-7.00
VAL;2026-09-18 10:59:26.738910;;;QUIESCENCE_RESET_TIME;103.53490877151489
VAL;2026-09-18 10:59:26.738910;;;WHEEL_POS;103.535,-14.10
VAL;2026-09-18 10:59:26.769895;;;WHEEL_POS;103.566,-14.10
VAL;2026-09-18 10:59:26.801140;;;WHEEL_POS;103.597,-10.20
VAL;2026-09-18 10:59:26.832397;;;QUIESCENCE_RESET_TIME;103.6283962726593
VAL;2026-09-18 10:59:26.832397;;;WHEEL_POS;103.628,-4.90
VAL;2026-09-18 10:59:26.863649;;;QUIESCENCE_RESET_TIME;103.65964865684509
VAL;2026-09-18 10:59:26.863649;;;WHEEL_POS;103.660,1.40
VAL;2026-09-18 10:59:26.907915;;;WHEEL_POS;103.704,4.60
stdout;2026-09-18 10:59:26.907915;;;Waiting for the wheel to hold steady (current position: 4.6deg)...;
stdout;2026-09-18 10:59:26.907915;;;|
|;
VAL;2026-09-18 10:59:26.939166;;;WHEEL_POS;103.735,2.80
VAL;2026-09-18 10:59:26.970629;;;QUIESCENCE_RESET_TIME;103.76662802696228
VAL;2026-09-18 10:59:26.970629;;;WHEEL_POS;103.767,-2.80
VAL;2026-09-18 10:59:26.986258;;;QUIESCENCE_RESET_TIME;103.78225779533386
VAL;2026-09-18 10:59:26.986258;;;WHEEL_POS;103.782,-7.40
VAL;2026-09-18 10:59:27.007899;;;QUIESCENCE_RESET_TIME;103.8038980960846
VAL;2026-09-18 10:59:27.007899;;;WHEEL_POS;103.804,-12.70
VAL;2026-09-18 10:59:27.039150;;;WHEEL_POS;103.835,-15.50
VAL;2026-09-18 10:59:27.070403;;;WHEEL_POS;103.866,-12.70
VAL;2026-09-18 10:59:27.108161;;;QUIESCENCE_RESET_TIME;103.90416049957275
VAL;2026-09-18 10:59:27.108161;;;WHEEL_POS;103.904,-6.00
VAL;2026-09-18 10:59:27.139414;;;QUIESCENCE_RESET_TIME;103.93541359901428
VAL;2026-09-18 10:59:27.139414;;;WHEEL_POS;103.935,0.00
VAL;2026-09-18 10:59:27.155040;;;WHEEL_POS;103.951,2.50
VAL;2026-09-18 10:59:27.192496;;;WHEEL_POS;103.988,4.60
VAL;2026-09-18 10:59:27.208125;;;WHEEL_POS;104.004,3.90
VAL;2026-09-18 10:59:27.239377;;;WHEEL_POS;104.035,0.40
VAL;2026-09-18 10:59:27.270629;;;QUIESCENCE_RESET_TIME;104.0666286945343
VAL;2026-09-18 10:59:27.270629;;;WHEEL_POS;104.067,-6.70
VAL;2026-09-18 10:59:27.286256;;;WHEEL_POS;104.082,-10.20
VAL;2026-09-18 10:59:27.308391;;;WHEEL_POS;104.104,-13.70
VAL;2026-09-18 10:59:27.339643;;;WHEEL_POS;104.136,-13.70
VAL;2026-09-18 10:59:27.355270;;;WHEEL_POS;104.151,-12.70
VAL;2026-09-18 10:59:27.392791;;;QUIESCENCE_RESET_TIME;104.18879008293152
VAL;2026-09-18 10:59:27.392791;;;WHEEL_POS;104.189,-7.70
VAL;2026-09-18 10:59:27.408421;;;QUIESCENCE_RESET_TIME;104.2044198513031
VAL;2026-09-18 10:59:27.408421;;;WHEEL_POS;104.204,-3.50
VAL;2026-09-18 10:59:27.424048;;;WHEEL_POS;104.220,0.00
VAL;2026-09-18 10:59:27.455299;;;QUIESCENCE_RESET_TIME;104.25129842758179
VAL;2026-09-18 10:59:27.455299;;;WHEEL_POS;104.251,4.60
VAL;2026-09-18 10:59:27.486552;;;WHEEL_POS;104.283,3.90
VAL;2026-09-18 10:59:27.508691;;;WHEEL_POS;104.305,1.40
VAL;2026-09-18 10:59:27.524317;;;WHEEL_POS;104.320,-1.80
VAL;2026-09-18 10:59:27.558988;;;QUIESCENCE_RESET_TIME;104.35498714447021
VAL;2026-09-18 10:59:27.558988;;;WHEEL_POS;104.355,-9.10
VAL;2026-09-18 10:59:27.573131;;;WHEEL_POS;104.369,-11.60
VAL;2026-09-18 10:59:27.593270;;;WHEEL_POS;104.389,-12.30
VAL;2026-09-18 10:59:27.608900;;;WHEEL_POS;104.405,-11.60
VAL;2026-09-18 10:59:27.640152;;;WHEEL_POS;104.436,-8.10
VAL;2026-09-18 10:59:27.671404;;;QUIESCENCE_RESET_TIME;104.46740341186523
VAL;2026-09-18 10:59:27.671404;;;WHEEL_POS;104.467,-1.80
VAL;2026-09-18 10:59:27.709174;;;QUIESCENCE_RESET_TIME;104.50517272949219
VAL;2026-09-18 10:59:27.709174;;;WHEEL_POS;104.505,5.30
VAL;2026-09-18 10:59:27.740424;;;WHEEL_POS;104.536,7.40
VAL;2026-09-18 10:59:27.773669;;;WHEEL_POS;104.570,6.30
VAL;2026-09-18 10:59:27.793818;;;WHEEL_POS;104.590,4.60
VAL;2026-09-18 10:59:27.818527;;;QUIESCENCE_RESET_TIME;104.61452651023865
VAL;2026-09-18 10:59:27.818527;;;WHEEL_POS;104.615,-1.10
VAL;2026-09-18 10:59:27.834152;;;WHEEL_POS;104.630,-4.60
VAL;2026-09-18 10:59:27.865914;;;QUIESCENCE_RESET_TIME;104.66191291809082
VAL;2026-09-18 10:59:27.865914;;;WHEEL_POS;104.662,-8.80
VAL;2026-09-18 10:59:27.881545;;;WHEEL_POS;104.678,-9.10
VAL;2026-09-18 10:59:27.909686;;;WHEEL_POS;104.706,-7.70
VAL;2026-09-18 10:59:27.940936;;;WHEEL_POS;104.737,-3.90
VAL;2026-09-18 10:59:27.963570;;;QUIESCENCE_RESET_TIME;104.75956964492798
VAL;2026-09-18 10:59:27.963570;;;WHEEL_POS;104.760,0.70
VAL;2026-09-18 10:59:27.994144;;;QUIESCENCE_RESET_TIME;104.79014325141907
VAL;2026-09-18 10:59:27.994144;;;WHEEL_POS;104.790,6.70
VAL;2026-09-18 10:59:28.009774;;;WHEEL_POS;104.806,8.80
VAL;2026-09-18 10:59:28.041026;;;WHEEL_POS;104.837,9.50
VAL;2026-09-18 10:59:28.072279;;;WHEEL_POS;104.868,8.10
VAL;2026-09-18 10:59:28.110038;;;QUIESCENCE_RESET_TIME;104.90603756904602
VAL;2026-09-18 10:59:28.110038;;;WHEEL_POS;104.906,1.80
VAL;2026-09-18 10:59:28.141292;;;QUIESCENCE_RESET_TIME;104.9372911453247
VAL;2026-09-18 10:59:28.141292;;;WHEEL_POS;104.937,-4.60
VAL;2026-09-18 10:59:28.176061;;;WHEEL_POS;104.972,-6.00
VAL;2026-09-18 10:59:28.194697;;;WHEEL_POS;104.991,-3.90
VAL;2026-09-18 10:59:28.210327;;;WHEEL_POS;105.006,-1.10
VAL;2026-09-18 10:59:28.241579;;;QUIESCENCE_RESET_TIME;105.03757834434509
VAL;2026-09-18 10:59:28.241579;;;WHEEL_POS;105.038,5.30
VAL;2026-09-18 10:59:28.257206;;;WHEEL_POS;105.053,9.10
VAL;2026-09-18 10:59:28.288458;;;QUIESCENCE_RESET_TIME;105.0844566822052
VAL;2026-09-18 10:59:28.288458;;;WHEEL_POS;105.084,13.40
VAL;2026-09-18 10:59:28.310594;;;WHEEL_POS;105.107,13.40
VAL;2026-09-18 10:59:28.326220;;;WHEEL_POS;105.122,13.00
VAL;2026-09-18 10:59:28.357472;;;WHEEL_POS;105.153,10.90
VAL;2026-09-18 10:59:28.376984;;;WHEEL_POS;105.173,8.10
VAL;2026-09-18 10:59:28.395117;;;QUIESCENCE_RESET_TIME;105.19111609458923
VAL;2026-09-18 10:59:28.395117;;;WHEEL_POS;105.191,3.50
VAL;2026-09-18 10:59:28.410745;;;QUIESCENCE_RESET_TIME;105.20674467086792
VAL;2026-09-18 10:59:28.410745;;;WHEEL_POS;105.207,-2.10
VAL;2026-09-18 10:59:28.441997;;;QUIESCENCE_RESET_TIME;105.23799657821655
VAL;2026-09-18 10:59:28.441997;;;WHEEL_POS;105.238,-7.40
VAL;2026-09-18 10:59:28.473249;;;WHEEL_POS;105.269,-4.90
VAL;2026-09-18 10:59:28.511013;;;QUIESCENCE_RESET_TIME;105.30701208114624
VAL;2026-09-18 10:59:28.511013;;;WHEEL_POS;105.307,2.50
VAL;2026-09-18 10:59:28.542260;;;QUIESCENCE_RESET_TIME;105.33825969696045
VAL;2026-09-18 10:59:28.542260;;;WHEEL_POS;105.338,9.80
VAL;2026-09-18 10:59:28.577978;;;WHEEL_POS;105.374,13.00
VAL;2026-09-18 10:59:28.595624;;;WHEEL_POS;105.392,13.00
VAL;2026-09-18 10:59:28.611258;;;WHEEL_POS;105.407,11.60
VAL;2026-09-18 10:59:28.642510;;;QUIESCENCE_RESET_TIME;105.43850946426392
VAL;2026-09-18 10:59:28.642510;;;WHEEL_POS;105.439,5.60
VAL;2026-09-18 10:59:28.673763;;;QUIESCENCE_RESET_TIME;105.46976208686829
VAL;2026-09-18 10:59:28.673763;;;WHEEL_POS;105.470,-3.90
VAL;2026-09-18 10:59:28.711525;;;WHEEL_POS;105.508,-7.40
VAL;2026-09-18 10:59:28.727151;;;WHEEL_POS;105.523,-6.30
VAL;2026-09-18 10:59:28.758405;;;QUIESCENCE_RESET_TIME;105.55440402030945
VAL;2026-09-18 10:59:28.758405;;;WHEEL_POS;105.554,-2.10
VAL;2026-09-18 10:59:28.796150;;;QUIESCENCE_RESET_TIME;105.59214925765991
VAL;2026-09-18 10:59:28.796150;;;WHEEL_POS;105.592,6.30
VAL;2026-09-18 10:59:28.819365;;;QUIESCENCE_RESET_TIME;105.61536455154419
VAL;2026-09-18 10:59:28.819365;;;WHEEL_POS;105.615,10.90
VAL;2026-09-18 10:59:28.850617;;;WHEEL_POS;105.647,11.20
VAL;2026-09-18 10:59:28.866243;;;WHEEL_POS;105.662,9.80
VAL;2026-09-18 10:59:28.912008;;;QUIESCENCE_RESET_TIME;105.70800757408142
VAL;2026-09-18 10:59:28.912008;;;WHEEL_POS;105.708,-3.20
VAL;2026-09-18 10:59:28.943263;;;QUIESCENCE_RESET_TIME;105.73926186561584
VAL;2026-09-18 10:59:28.943263;;;WHEEL_POS;105.739,-10.90
VAL;2026-09-18 10:59:28.979147;;;QUIESCENCE_RESET_TIME;105.77514576911926
VAL;2026-09-18 10:59:28.979147;;;WHEEL_POS;105.775,-6.00
VAL;2026-09-18 10:59:28.996283;;;QUIESCENCE_RESET_TIME;105.79228162765503
VAL;2026-09-18 10:59:28.996283;;;WHEEL_POS;105.792,-1.40
VAL;2026-09-18 10:59:29.011911;;;QUIESCENCE_RESET_TIME;105.80791020393372
VAL;2026-09-18 10:59:29.011911;;;WHEEL_POS;105.808,2.80
VAL;2026-09-18 10:59:29.043162;;;QUIESCENCE_RESET_TIME;105.83916163444519
VAL;2026-09-18 10:59:29.043162;;;WHEEL_POS;105.839,9.10
VAL;2026-09-18 10:59:29.074418;;;WHEEL_POS;105.870,9.80
VAL;2026-09-18 10:59:29.112183;;;QUIESCENCE_RESET_TIME;105.9081826210022
VAL;2026-09-18 10:59:29.112183;;;WHEEL_POS;105.908,-0.40
VAL;2026-09-18 10:59:29.143435;;;QUIESCENCE_RESET_TIME;105.93943381309509
VAL;2026-09-18 10:59:29.143435;;;WHEEL_POS;105.939,-12.00
VAL;2026-09-18 10:59:29.159060;;;WHEEL_POS;105.955,-12.00
VAL;2026-09-18 10:59:29.196676;;;QUIESCENCE_RESET_TIME;105.99267530441284
VAL;2026-09-18 10:59:29.196676;;;WHEEL_POS;105.993,0.40
VAL;2026-09-18 10:59:29.212305;;;QUIESCENCE_RESET_TIME;106.00830435752869
VAL;2026-09-18 10:59:29.212305;;;WHEEL_POS;106.008,4.90
VAL;2026-09-18 10:59:29.243557;;;QUIESCENCE_RESET_TIME;106.03955674171448
VAL;2026-09-18 10:59:29.243557;;;WHEEL_POS;106.040,9.10
VAL;2026-09-18 10:59:29.259184;;;WHEEL_POS;106.055,8.10
VAL;2026-09-18 10:59:29.290435;;;QUIESCENCE_RESET_TIME;106.08643460273743
VAL;2026-09-18 10:59:29.290435;;;WHEEL_POS;106.086,-1.80
VAL;2026-09-18 10:59:29.312574;;;QUIESCENCE_RESET_TIME;106.1085729598999
VAL;2026-09-18 10:59:29.312574;;;WHEEL_POS;106.109,-9.80
VAL;2026-09-18 10:59:29.328200;;;WHEEL_POS;106.124,-11.20
VAL;2026-09-18 10:59:29.359453;;;QUIESCENCE_RESET_TIME;106.15545201301575
VAL;2026-09-18 10:59:29.359453;;;WHEEL_POS;106.155,-3.90
VAL;2026-09-18 10:59:29.397015;;;QUIESCENCE_RESET_TIME;106.19301462173462
VAL;2026-09-18 10:59:29.397015;;;WHEEL_POS;106.193,1.40
VAL;2026-09-18 10:59:29.412646;;;WHEEL_POS;106.209,0.40
VAL;2026-09-18 10:59:29.428271;;;WHEEL_POS;106.224,-2.80
VAL;2026-09-18 10:59:29.459525;;;QUIESCENCE_RESET_TIME;106.2555239200592
VAL;2026-09-18 10:59:29.459525;;;WHEEL_POS;106.256,-7.00
VAL;2026-09-18 10:59:29.490776;;;WHEEL_POS;106.287,-4.60
VAL;2026-09-18 10:59:29.512913;;;WHEEL_POS;106.309,-2.80
VAL;2026-09-18 10:59:29.544165;;;WHEEL_POS;106.340,-2.50
VAL;2026-09-18 10:59:29.580672;;;WHEEL_POS;106.377,-2.10
VAL;2026-09-18 10:59:29.597312;;;WHEEL_POS;106.393,0.40
VAL;2026-09-18 10:59:29.612942;;;WHEEL_POS;106.409,4.20
VAL;2026-09-18 10:59:29.644194;;;QUIESCENCE_RESET_TIME;106.44019365310669
VAL;2026-09-18 10:59:29.644194;;;WHEEL_POS;106.440,9.50
VAL;2026-09-18 10:59:29.675447;;;WHEEL_POS;106.471,8.10
VAL;2026-09-18 10:59:29.691072;;;QUIESCENCE_RESET_TIME;106.48707127571106
VAL;2026-09-18 10:59:29.691072;;;WHEEL_POS;106.487,3.50
VAL;2026-09-18 10:59:29.713210;;;QUIESCENCE_RESET_TIME;106.5092089176178
VAL;2026-09-18 10:59:29.713210;;;WHEEL_POS;106.509,-5.60
VAL;2026-09-18 10:59:29.744462;;;QUIESCENCE_RESET_TIME;106.54046130180359
VAL;2026-09-18 10:59:29.744462;;;WHEEL_POS;106.540,-20.40
VAL;2026-09-18 10:59:29.781678;;;QUIESCENCE_RESET_TIME;106.57767724990845
VAL;2026-09-18 10:59:29.781678;;;WHEEL_POS;106.578,-31.30
VAL;2026-09-18 10:59:29.797821;;;WHEEL_POS;106.594,-34.10
VAL;2026-09-18 10:59:29.820509;;;WHEEL_POS;106.617,-34.10
VAL;2026-09-18 10:59:29.836135;;;WHEEL_POS;106.632,-33.80
VAL;2026-09-18 10:59:29.867387;;;WHEEL_POS;106.663,-36.60
VAL;2026-09-18 10:59:29.883012;;;WHEEL_POS;106.679,-39.70
VAL;2026-09-18 10:59:29.913652;;;WHEEL_POS;106.710,-42.90
VAL;2026-09-18 10:59:29.944904;;;WHEEL_POS;106.741,-41.50
VAL;2026-09-18 10:59:29.981129;;;WHEEL_POS;106.777,-38.00
VAL;2026-09-18 10:59:29.998268;;;WHEEL_POS;106.794,-37.60
VAL;2026-09-18 10:59:30.029523;;;WHEEL_POS;106.826,-38.30
VAL;2026-09-18 10:59:30.060775;;;WHEEL_POS;106.857,-37.60
VAL;2026-09-18 10:59:30.092027;;;QUIESCENCE_RESET_TIME;106.88802671432495
VAL;2026-09-18 10:59:30.092027;;;WHEEL_POS;106.888,-33.00
VAL;2026-09-18 10:59:30.114165;;;TRIAL_START;106.88802671432495
VAL;2026-09-18 10:59:30.114165;;;QUIESCENCE_BREAKS;99
VAL;2026-09-18 10:59:30.114165;;;THRESHOLD_DEG;10.500000000000002
TRIAL;2026-09-18 10:59:30.161045;;;New trial;
VAL;2026-09-18 10:59:30.176670;;;WHEEL_POS;106.973,0.00
VAL;2026-09-18 10:59:30.198545;;;WHEEL_POS;106.995,0.00
VAL;2026-09-18 10:59:30.214177;;;WHEEL_POS;107.010,0.00
VAL;2026-09-18 10:59:30.245427;;;WHEEL_POS;107.041,0.00
VAL;2026-09-18 10:59:30.261053;;;WHEEL_POS;107.057,-0.40
VAL;2026-09-18 10:59:30.292306;;;WHEEL_POS;107.088,-0.40
VAL;2026-09-18 10:59:30.314437;;;WHEEL_POS;107.110,-0.40
VAL;2026-09-18 10:59:30.330065;;;WHEEL_POS;107.126,-0.40
VAL;2026-09-18 10:59:30.383547;;;WHEEL_POS;107.180,-0.40
VAL;2026-09-18 10:59:30.399070;;;WHEEL_POS;107.195,-0.40
VAL;2026-09-18 10:59:30.430327;;;WHEEL_POS;107.226,-0.40
VAL;2026-09-18 10:59:30.461580;;;WHEEL_POS;107.258,-0.40
VAL;2026-09-18 10:59:30.492830;;;WHEEL_POS;107.289,-0.40
VAL;2026-09-18 10:59:30.514969;;;WHEEL_POS;107.311,-0.40
VAL;2026-09-18 10:59:30.546217;;;WHEEL_POS;107.342,-0.40
VAL;2026-09-18 10:59:30.562412;;;WHEEL_POS;107.358,-0.40
VAL;2026-09-18 10:59:30.586507;;;WHEEL_POS;107.383,-0.40
VAL;2026-09-18 10:59:30.614871;;;WHEEL_POS;107.411,-2.80
VAL;2026-09-18 10:59:30.646123;;;WHEEL_POS;107.442,-9.10
EVENT;2026-09-18 10:59:30.646123;0.48190000000000005;;0;RotaryEncoder1_1
TRANSITION;2026-09-18 10:59:30.646123;0.48190000000000005;;RewardL;
VAL;2026-09-18 10:59:30.677376;;;WHEEL_POS;107.473,-15.80
VAL;2026-09-18 10:59:30.693002;;;WHEEL_POS;107.489,-18.30
EVENT;2026-09-18 10:59:30.705052;0.5307000000000001;;158;Tup
TRANSITION;2026-09-18 10:59:30.706057;0.5307000000000001;;ITI;
VAL;2026-09-18 10:59:30.721686;;;WHEEL_POS;107.518,-21.10
VAL;2026-09-18 10:59:30.737317;;;WHEEL_POS;107.533,-22.10
VAL;2026-09-18 10:59:30.768565;;;WHEEL_POS;107.565,-23.20
VAL;2026-09-18 10:59:30.805079;;;WHEEL_POS;107.601,-23.20
VAL;2026-09-18 10:59:30.821711;;;WHEEL_POS;107.618,-23.20
VAL;2026-09-18 10:59:30.852963;;;WHEEL_POS;107.649,-23.20
VAL;2026-09-18 10:59:30.884216;;;WHEEL_POS;107.680,-23.20
VAL;2026-09-18 10:59:30.915349;;;WHEEL_POS;107.711,-23.20
VAL;2026-09-18 10:59:30.946602;;;WHEEL_POS;107.743,-22.90
VAL;2026-09-18 10:59:30.962229;;;WHEEL_POS;107.758,-22.90
VAL;2026-09-18 10:59:30.999879;;;WHEEL_POS;107.796,-22.90
VAL;2026-09-18 10:59:31.031134;;;WHEEL_POS;107.827,-22.50
VAL;2026-09-18 10:59:31.062387;;;WHEEL_POS;107.858,-22.50
VAL;2026-09-18 10:59:31.100145;;;WHEEL_POS;107.896,-22.50
VAL;2026-09-18 10:59:31.115775;;;WHEEL_POS;107.912,-22.50
VAL;2026-09-18 10:59:31.147026;;;WHEEL_POS;107.943,-22.50
VAL;2026-09-18 10:59:31.178278;;;WHEEL_POS;107.974,-22.50
VAL;2026-09-18 10:59:31.200294;;;WHEEL_POS;107.996,-22.50
EVENT;2026-09-18 10:59:31.200294;1.0307;;158;Tup
END-TRIAL;2026-09-18 10:59:31.200294;;;The trial ended;
INFO;2026-09-18 10:59:31.200294;111.363631;112.394334;TRIAL-BPOD-TIME;1.0307030000000026
STATE;2026-09-18 10:59:31.200294;0;0.48190000000000005;WheelPeriod;0.48190000000000005
STATE;2026-09-18 10:59:31.200294;0.48190000000000005;0.5307000000000001;RewardL;0.04880000000000001
STATE;2026-09-18 10:59:31.200294;0.5307000000000001;1.0307;ITI;0.4999999999999999
STATE;2026-09-18 10:59:31.200294;nan;nan;RewardR;nan
STATE;2026-09-18 10:59:31.200294;nan;nan;NoRewardL;nan
STATE;2026-09-18 10:59:31.200294;nan;nan;NoRewardR;nan
STATE;2026-09-18 10:59:31.200294;nan;nan;NoMovement;nan
VAL;2026-09-18 10:59:31.262807;;;TRIAL_TYPE;stage2
VAL;2026-09-18 10:59:31.262807;;;MOVEMENT_DIRECTION;L
VAL;2026-09-18 10:59:31.262807;;;OUTCOME;Rewarded
VAL;2026-09-18 10:59:31.262807;;;DIRECTION_RATIO;0.24242424242424243
VAL;2026-09-18 10:59:31.262807;;;THRESHOLD_CROSSING_TIME;107.42332031669616
stdout;2026-09-18 10:59:31.262807;;;Trial 36: threshold=10.5deg, Rewarded, direction_ratio=0.24;
stdout;2026-09-18 10:59:31.262807;;;|
|;
VAL;2026-09-18 10:59:31.429680;;;TRIAL_INIT_START;108.22567892074585
VAL;2026-09-18 10:59:31.460931;;;WHEEL_POS;108.257,-22.50
VAL;2026-09-18 10:59:31.492183;;;WHEEL_POS;108.288,-22.50
VAL;2026-09-18 10:59:31.516817;;;WHEEL_POS;108.313,-22.50
VAL;2026-09-18 10:59:31.548071;;;WHEEL_POS;108.344,-22.50
VAL;2026-09-18 10:59:31.573291;;;WHEEL_POS;108.369,-22.50
VAL;2026-09-18 10:59:31.593490;;;WHEEL_POS;108.389,-22.50
VAL;2026-09-18 10:59:31.601496;;;TRIAL_START;108.38948893547058
VAL;2026-09-18 10:59:31.601496;;;QUIESCENCE_BREAKS;0
VAL;2026-09-18 10:59:31.601496;;;THRESHOLD_DEG;10.500000000000002
TRIAL;2026-09-18 10:59:31.648381;;;New trial;
VAL;2026-09-18 10:59:31.664006;;;WHEEL_POS;108.460,0.00
VAL;2026-09-18 10:59:31.695261;;;WHEEL_POS;108.491,0.00
VAL;2026-09-18 10:59:31.717399;;;WHEEL_POS;108.513,0.00
VAL;2026-09-18 10:59:31.748650;;;WHEEL_POS;108.545,0.00
VAL;2026-09-18 10:59:31.779903;;;WHEEL_POS;108.576,0.00
VAL;2026-09-18 10:59:31.806775;;;WHEEL_POS;108.603,0.00
VAL;2026-09-18 10:59:31.822406;;;WHEEL_POS;108.618,0.00
VAL;2026-09-18 10:59:31.838032;;;WHEEL_POS;108.634,0.00
VAL;2026-09-18 10:59:31.881304;;;WHEEL_POS;108.677,0.00
VAL;2026-09-18 10:59:31.933195;;;WHEEL_POS;108.729,0.00
VAL;2026-09-18 10:59:31.963835;;;WHEEL_POS;108.760,0.00
VAL;2026-09-18 10:59:32.002063;;;WHEEL_POS;108.798,0.00
VAL;2026-09-18 10:59:32.017693;;;WHEEL_POS;108.814,0.00
VAL;2026-09-18 10:59:32.048945;;;WHEEL_POS;108.845,0.00
VAL;2026-09-18 10:59:32.080200;;;WHEEL_POS;108.876,0.00
VAL;2026-09-18 10:59:32.117962;;;WHEEL_POS;108.914,0.00
VAL;2026-09-18 10:59:32.149213;;;WHEEL_POS;108.945,0.00
VAL;2026-09-18 10:59:32.180462;;;WHEEL_POS;108.976,0.00
VAL;2026-09-18 10:59:32.201085;;;WHEEL_POS;108.997,0.00
VAL;2026-09-18 10:59:32.233843;;;WHEEL_POS;109.014,0.00
VAL;2026-09-18 10:59:32.249472;;;WHEEL_POS;109.045,0.00
VAL;2026-09-18 10:59:32.265095;;;WHEEL_POS;109.061,0.00
VAL;2026-09-18 10:59:32.296351;;;WHEEL_POS;109.092,0.00
VAL;2026-09-18 10:59:32.334118;;;WHEEL_POS;109.130,0.00
VAL;2026-09-18 10:59:32.349739;;;WHEEL_POS;109.146,0.00
VAL;2026-09-18 10:59:32.365364;;;WHEEL_POS;109.161,0.00
VAL;2026-09-18 10:59:32.403146;;;WHEEL_POS;109.199,0.00
VAL;2026-09-18 10:59:32.418776;;;WHEEL_POS;109.215,0.00
VAL;2026-09-18 10:59:32.465661;;;WHEEL_POS;109.262,0.00
VAL;2026-09-18 10:59:32.481280;;;WHEEL_POS;109.277,0.00
VAL;2026-09-18 10:59:32.534671;;;WHEEL_POS;109.331,0.00
VAL;2026-09-18 10:59:32.550292;;;WHEEL_POS;109.346,0.00
VAL;2026-09-18 10:59:32.573097;;;WHEEL_POS;109.369,0.00
VAL;2026-09-18 10:59:32.608049;;;WHEEL_POS;109.404,0.00
VAL;2026-09-18 10:59:32.623679;;;WHEEL_POS;109.420,0.00
VAL;2026-09-18 10:59:32.654932;;;WHEEL_POS;109.451,0.00
VAL;2026-09-18 10:59:32.686184;;;WHEEL_POS;109.482,0.00
VAL;2026-09-18 10:59:32.718950;;;WHEEL_POS;109.515,0.00
VAL;2026-09-18 10:59:32.750198;;;WHEEL_POS;109.546,0.00
VAL;2026-09-18 10:59:32.781455;;;WHEEL_POS;109.577,0.00
VAL;2026-09-18 10:59:32.825661;;;WHEEL_POS;109.622,0.00
VAL;2026-09-18 10:59:32.841293;;;WHEEL_POS;109.637,0.00
VAL;2026-09-18 10:59:32.872539;;;WHEEL_POS;109.669,0.00
VAL;2026-09-18 10:59:32.903674;;;WHEEL_POS;109.700,0.00
VAL;2026-09-18 10:59:32.919304;;;WHEEL_POS;109.715,0.00
VAL;2026-09-18 10:59:32.966186;;;WHEEL_POS;109.762,0.00
VAL;2026-09-18 10:59:32.981808;;;WHEEL_POS;109.778,0.00
VAL;2026-09-18 10:59:33.041094;;;WHEEL_POS;109.837,0.00
VAL;2026-09-18 10:59:33.056718;;;WHEEL_POS;109.853,0.00
VAL;2026-09-18 10:59:33.072349;;;WHEEL_POS;109.868,0.00
VAL;2026-09-18 10:59:33.104118;;;WHEEL_POS;109.900,0.00
VAL;2026-09-18 10:59:33.135375;;;WHEEL_POS;109.931,0.00
VAL;2026-09-18 10:59:33.166632;;;WHEEL_POS;109.963,0.00
VAL;2026-09-18 10:59:33.197879;;;WHEEL_POS;109.994,0.00
VAL;2026-09-18 10:59:33.241470;;;WHEEL_POS;110.037,0.00
VAL;2026-09-18 10:59:33.257095;;;WHEEL_POS;110.053,0.00
VAL;2026-09-18 10:59:33.304484;;;WHEEL_POS;110.100,0.00
VAL;2026-09-18 10:59:33.320116;;;WHEEL_POS;110.116,0.00
VAL;2026-09-18 10:59:33.366996;;;WHEEL_POS;110.163,0.00
VAL;2026-09-18 10:59:33.382620;;;WHEEL_POS;110.179,0.00
VAL;2026-09-18 10:59:33.398244;;;WHEEL_POS;110.194,0.00
VAL;2026-09-18 10:59:33.426224;;;WHEEL_POS;110.222,0.00
VAL;2026-09-18 10:59:33.457482;;;WHEEL_POS;110.253,0.00
VAL;2026-09-18 10:59:33.488729;;;WHEEL_POS;110.285,0.00
VAL;2026-09-18 10:59:33.520494;;;WHEEL_POS;110.316,0.00
VAL;2026-09-18 10:59:33.551740;;;WHEEL_POS;110.348,0.00
VAL;2026-09-18 10:59:33.574428;;;WHEEL_POS;110.370,0.00
VAL;2026-09-18 10:59:33.590062;;;WHEEL_POS;110.386,0.00
VAL;2026-09-18 10:59:33.610581;;;WHEEL_POS;110.407,0.00
VAL;2026-09-18 10:59:33.626210;;;WHEEL_POS;110.422,0.00
VAL;2026-09-18 10:59:33.657467;;;WHEEL_POS;110.453,0.00
VAL;2026-09-18 10:59:33.673088;;;WHEEL_POS;110.469,0.00
VAL;2026-09-18 10:59:33.705344;;;WHEEL_POS;110.501,0.00
VAL;2026-09-18 10:59:33.736599;;;WHEEL_POS;110.533,0.00
VAL;2026-09-18 10:59:33.752226;;;WHEEL_POS;110.548,0.00
VAL;2026-09-18 10:59:33.783482;;;WHEEL_POS;110.579,0.00
VAL;2026-09-18 10:59:33.843341;;;WHEEL_POS;110.639,0.00
VAL;2026-09-18 10:59:33.858963;;;WHEEL_POS;110.655,0.00
VAL;2026-09-18 10:59:33.905724;;;WHEEL_POS;110.702,0.00
VAL;2026-09-18 10:59:33.921362;;;WHEEL_POS;110.717,0.00
VAL;2026-09-18 10:59:33.936984;;;WHEEL_POS;110.733,0.00
VAL;2026-09-18 10:59:33.969254;;;WHEEL_POS;110.765,0.00
VAL;2026-09-18 10:59:34.000512;;;WHEEL_POS;110.797,0.00
VAL;2026-09-18 10:59:34.028192;;;WHEEL_POS;110.824,0.00
VAL;2026-09-18 10:59:34.059445;;;WHEEL_POS;110.855,0.00
VAL;2026-09-18 10:59:34.075070;;;WHEEL_POS;110.871,0.00
VAL;2026-09-18 10:59:34.106203;;;WHEEL_POS;110.902,0.00
VAL;2026-09-18 10:59:34.137459;;;WHEEL_POS;110.933,0.00
VAL;2026-09-18 10:59:34.168711;;;WHEEL_POS;110.965,0.00
VAL;2026-09-18 10:59:34.206475;;;WHEEL_POS;111.002,0.00
VAL;2026-09-18 10:59:34.228937;;;WHEEL_POS;111.025,0.00
VAL;2026-09-18 10:59:34.260195;;;WHEEL_POS;111.056,0.00
VAL;2026-09-18 10:59:34.291441;;;WHEEL_POS;111.087,0.00
VAL;2026-09-18 10:59:34.322076;;;WHEEL_POS;111.118,0.00
VAL;2026-09-18 10:59:34.353332;;;WHEEL_POS;111.149,0.00
VAL;2026-09-18 10:59:34.384582;;;WHEEL_POS;111.181,0.00
VAL;2026-09-18 10:59:34.406734;;;WHEEL_POS;111.203,0.00
VAL;2026-09-18 10:59:34.429859;;;WHEEL_POS;111.226,0.00
VAL;2026-09-18 10:59:34.476739;;;WHEEL_POS;111.273,0.00
VAL;2026-09-18 10:59:34.492363;;;WHEEL_POS;111.288,0.00
VAL;2026-09-18 10:59:34.522498;;;WHEEL_POS;111.318,0.00
VAL;2026-09-18 10:59:34.538124;;;WHEEL_POS;111.334,0.00
VAL;2026-09-18 10:59:34.575208;;;WHEEL_POS;111.371,0.00
VAL;2026-09-18 10:59:34.590840;;;WHEEL_POS;111.387,0.00
VAL;2026-09-18 10:59:34.630122;;;WHEEL_POS;111.426,0.00
VAL;2026-09-18 10:59:34.677006;;;WHEEL_POS;111.473,0.00
VAL;2026-09-18 10:59:34.692625;;;WHEEL_POS;111.489,0.00
VAL;2026-09-18 10:59:34.722760;;;WHEEL_POS;111.519,0.00
VAL;2026-09-18 10:59:34.754011;;;WHEEL_POS;111.550,0.00
VAL;2026-09-18 10:59:34.785265;;;WHEEL_POS;111.581,0.00
VAL;2026-09-18 10:59:34.830327;;;WHEEL_POS;111.626,0.00
VAL;2026-09-18 10:59:34.861578;;;WHEEL_POS;111.658,0.00
VAL;2026-09-18 10:59:34.877210;;;WHEEL_POS;111.673,0.00
VAL;2026-09-18 10:59:34.922971;;;WHEEL_POS;111.719,0.00
VAL;2026-09-18 10:59:34.954229;;;WHEEL_POS;111.750,0.00
VAL;2026-09-18 10:59:34.985476;;;WHEEL_POS;111.781,0.00
VAL;2026-09-18 10:59:35.031788;;;WHEEL_POS;111.828,0.00
VAL;2026-09-18 10:59:35.078667;;;WHEEL_POS;111.875,0.00
VAL;2026-09-18 10:59:35.094292;;;WHEEL_POS;111.890,0.00
VAL;2026-09-18 10:59:35.139060;;;WHEEL_POS;111.935,0.00
VAL;2026-09-18 10:59:35.154687;;;WHEEL_POS;111.951,0.00
VAL;2026-09-18 10:59:35.185933;;;WHEEL_POS;111.982,0.00
VAL;2026-09-18 10:59:35.217150;;;WHEEL_POS;112.013,0.00
VAL;2026-09-18 10:59:35.264037;;;WHEEL_POS;112.060,0.00
VAL;2026-09-18 10:59:35.279657;;;WHEEL_POS;112.076,0.00
VAL;2026-09-18 10:59:35.295285;;;WHEEL_POS;112.091,0.00
VAL;2026-09-18 10:59:35.323923;;;WHEEL_POS;112.120,0.00
VAL;2026-09-18 10:59:35.355174;;;WHEEL_POS;112.151,0.00
VAL;2026-09-18 10:59:35.386426;;;WHEEL_POS;112.182,0.00
VAL;2026-09-18 10:59:35.418569;;;WHEEL_POS;112.215,0.00
VAL;2026-09-18 10:59:35.434198;;;WHEEL_POS;112.230,0.00
VAL;2026-09-18 10:59:35.465454;;;WHEEL_POS;112.261,0.00
VAL;2026-09-18 10:59:35.496702;;;WHEEL_POS;112.293,0.00
VAL;2026-09-18 10:59:35.524336;;;WHEEL_POS;112.320,0.00
VAL;2026-09-18 10:59:35.555588;;;WHEEL_POS;112.352,0.00
VAL;2026-09-18 10:59:35.574447;;;WHEEL_POS;112.370,0.00
VAL;2026-09-18 10:59:35.590082;;;WHEEL_POS;112.386,0.00
VAL;2026-09-18 10:59:35.650477;;;WHEEL_POS;112.446,0.00
VAL;2026-09-18 10:59:35.666104;;;WHEEL_POS;112.462,0.00
VAL;2026-09-18 10:59:35.708865;;;WHEEL_POS;112.505,0.00
VAL;2026-09-18 10:59:35.740124;;;WHEEL_POS;112.536,0.00
VAL;2026-09-18 10:59:35.771381;;;WHEEL_POS;112.567,0.00
VAL;2026-09-18 10:59:35.802628;;;WHEEL_POS;112.599,0.00
VAL;2026-09-18 10:59:35.819333;;;WHEEL_POS;112.615,0.00
VAL;2026-09-18 10:59:35.834963;;;WHEEL_POS;112.631,0.00
VAL;2026-09-18 10:59:35.896855;;;WHEEL_POS;112.693,0.00
VAL;2026-09-18 10:59:35.924995;;;WHEEL_POS;112.721,0.00
VAL;2026-09-18 10:59:35.964273;;;WHEEL_POS;112.760,0.00
VAL;2026-09-18 10:59:35.995521;;;WHEEL_POS;112.792,0.00
VAL;2026-09-18 10:59:36.020629;;;WHEEL_POS;112.817,0.00
VAL;2026-09-18 10:59:36.036264;;;WHEEL_POS;112.832,0.00
VAL;2026-09-18 10:59:36.067510;;;WHEEL_POS;112.864,0.00
VAL;2026-09-18 10:59:36.083136;;;WHEEL_POS;112.879,0.00
VAL;2026-09-18 10:59:36.125426;;;WHEEL_POS;112.921,0.00
VAL;2026-09-18 10:59:36.172309;;;WHEEL_POS;112.968,0.00
VAL;2026-09-18 10:59:36.187934;;;WHEEL_POS;112.984,0.00
VAL;2026-09-18 10:59:36.235708;;;WHEEL_POS;113.032,0.00
VAL;2026-09-18 10:59:36.251333;;;WHEEL_POS;113.047,0.00
VAL;2026-09-18 10:59:36.298214;;;WHEEL_POS;113.094,0.00
VAL;2026-09-18 10:59:36.325853;;;WHEEL_POS;113.122,0.00
VAL;2026-09-18 10:59:36.357105;;;WHEEL_POS;113.153,0.00
VAL;2026-09-18 10:59:36.388356;;;WHEEL_POS;113.184,0.00
VAL;2026-09-18 10:59:36.403983;;;WHEEL_POS;113.200,0.00
VAL;2026-09-18 10:59:36.422003;;;WHEEL_POS;113.218,0.00
VAL;2026-09-18 10:59:36.453259;;;WHEEL_POS;113.249,0.00
VAL;2026-09-18 10:59:36.484516;;;WHEEL_POS;113.281,0.00
VAL;2026-09-18 10:59:36.541903;;;WHEEL_POS;113.338,0.00
VAL;2026-09-18 10:59:36.557525;;;WHEEL_POS;113.354,0.00
VAL;2026-09-18 10:59:36.576408;;;WHEEL_POS;113.372,0.00
VAL;2026-09-18 10:59:36.592038;;;WHEEL_POS;113.388,0.00
VAL;2026-09-18 10:59:36.637343;;;WHEEL_POS;113.433,0.00
VAL;2026-09-18 10:59:36.652968;;;WHEEL_POS;113.449,0.00
VAL;2026-09-18 10:59:36.684223;;;WHEEL_POS;113.480,0.00
VAL;2026-09-18 10:59:36.742110;;;WHEEL_POS;113.538,0.00
VAL;2026-09-18 10:59:36.773359;;;WHEEL_POS;113.569,0.00
VAL;2026-09-18 10:59:36.788985;;;WHEEL_POS;113.585,0.00
VAL;2026-09-18 10:59:36.824324;;;WHEEL_POS;113.620,0.00
VAL;2026-09-18 10:59:36.839953;;;WHEEL_POS;113.636,0.00
VAL;2026-09-18 10:59:36.871207;;;WHEEL_POS;113.667,0.00
VAL;2026-09-18 10:59:36.902456;;;WHEEL_POS;113.698,0.00
VAL;2026-09-18 10:59:36.926591;;;WHEEL_POS;113.723,0.00
VAL;2026-09-18 10:59:36.942222;;;WHEEL_POS;113.738,0.00
VAL;2026-09-18 10:59:36.973469;;;WHEEL_POS;113.769,0.00
VAL;2026-09-18 10:59:36.989095;;;WHEEL_POS;113.785,0.00
VAL;2026-09-18 10:59:37.025354;;;WHEEL_POS;113.821,0.00
VAL;2026-09-18 10:59:37.040982;;;WHEEL_POS;113.837,0.00
VAL;2026-09-18 10:59:37.072238;;;WHEEL_POS;113.868,0.00
VAL;2026-09-18 10:59:37.103487;;;WHEEL_POS;113.899,0.00
VAL;2026-09-18 10:59:37.142754;;;WHEEL_POS;113.939,0.00
VAL;2026-09-18 10:59:37.158375;;;WHEEL_POS;113.954,0.00
VAL;2026-09-18 10:59:37.174001;;;WHEEL_POS;113.970,0.00
VAL;2026-09-18 10:59:37.211789;;;WHEEL_POS;114.008,0.00
VAL;2026-09-18 10:59:37.240423;;;WHEEL_POS;114.036,0.00
VAL;2026-09-18 10:59:37.256048;;;WHEEL_POS;114.052,0.00
VAL;2026-09-18 10:59:37.287301;;;WHEEL_POS;114.083,0.00
VAL;2026-09-18 10:59:37.327567;;;WHEEL_POS;114.124,0.00
VAL;2026-09-18 10:59:37.343196;;;WHEEL_POS;114.139,0.00
VAL;2026-09-18 10:59:37.374441;;;WHEEL_POS;114.170,0.00
VAL;2026-09-18 10:59:37.405698;;;WHEEL_POS;114.202,0.00
VAL;2026-09-18 10:59:37.427377;;;WHEEL_POS;114.223,0.00
VAL;2026-09-18 10:59:37.443006;;;WHEEL_POS;114.239,0.00
VAL;2026-09-18 10:59:37.474266;;;WHEEL_POS;114.270,0.00
VAL;2026-09-18 10:59:37.505510;;;WHEEL_POS;114.302,0.00
VAL;2026-09-18 10:59:37.528144;;;WHEEL_POS;114.324,0.00
VAL;2026-09-18 10:59:37.559397;;;WHEEL_POS;114.355,0.00
VAL;2026-09-18 10:59:37.576408;;;WHEEL_POS;114.372,0.00
VAL;2026-09-18 10:59:37.592037;;;WHEEL_POS;114.388,0.00
VAL;2026-09-18 10:59:37.627203;;;WHEEL_POS;114.423,0.00
VAL;2026-09-18 10:59:37.658459;;;WHEEL_POS;114.454,0.00
VAL;2026-09-18 10:59:37.689712;;;WHEEL_POS;114.486,0.00
VAL;2026-09-18 10:59:37.728471;;;WHEEL_POS;114.524,0.00
VAL;2026-09-18 10:59:37.744097;;;WHEEL_POS;114.540,0.00
VAL;2026-09-18 10:59:37.775350;;;WHEEL_POS;114.571,0.00
VAL;2026-09-18 10:59:37.806606;;;WHEEL_POS;114.603,0.00
VAL;2026-09-18 10:59:37.829531;;;WHEEL_POS;114.626,0.00
VAL;2026-09-18 10:59:37.845159;;;WHEEL_POS;114.641,0.00
VAL;2026-09-18 10:59:37.876413;;;WHEEL_POS;114.672,0.00
VAL;2026-09-18 10:59:37.907663;;;WHEEL_POS;114.704,0.00
VAL;2026-09-18 10:59:37.928797;;;WHEEL_POS;114.725,0.00
VAL;2026-09-18 10:59:37.960048;;;WHEEL_POS;114.756,0.00
VAL;2026-09-18 10:59:37.991301;;;WHEEL_POS;114.787,0.00
VAL;2026-09-18 10:59:38.031684;;;WHEEL_POS;114.828,0.00
VAL;2026-09-18 10:59:38.047315;;;WHEEL_POS;114.843,0.00
VAL;2026-09-18 10:59:38.078570;;;WHEEL_POS;114.875,0.00
VAL;2026-09-18 10:59:38.113327;;;WHEEL_POS;114.909,0.00
VAL;2026-09-18 10:59:38.128961;;;WHEEL_POS;114.925,0.00
VAL;2026-09-18 10:59:38.160213;;;WHEEL_POS;114.956,0.00
VAL;2026-09-18 10:59:38.191465;;;WHEEL_POS;114.987,0.00
VAL;2026-09-18 10:59:38.207095;;;WHEEL_POS;115.003,0.00
VAL;2026-09-18 10:59:38.231241;;;WHEEL_POS;115.027,0.00
VAL;2026-09-18 10:59:38.246871;;;WHEEL_POS;115.043,0.00
VAL;2026-09-18 10:59:38.293754;;;WHEEL_POS;115.090,0.00
VAL;2026-09-18 10:59:38.313881;;;WHEEL_POS;115.110,0.00
VAL;2026-09-18 10:59:38.329509;;;WHEEL_POS;115.126,0.00
VAL;2026-09-18 10:59:38.345142;;;WHEEL_POS;115.141,0.00
VAL;2026-09-18 10:59:38.376388;;;WHEEL_POS;115.172,0.00
VAL;2026-09-18 10:59:38.392013;;;WHEEL_POS;115.188,0.00
VAL;2026-09-18 10:59:38.435303;;;WHEEL_POS;115.231,0.00
VAL;2026-09-18 10:59:38.450939;;;WHEEL_POS;115.247,0.00
VAL;2026-09-18 10:59:38.482192;;;WHEEL_POS;115.278,0.00
VAL;2026-09-18 10:59:38.514448;;;WHEEL_POS;115.310,0.00
VAL;2026-09-18 10:59:38.530083;;;WHEEL_POS;115.326,0.00
VAL;2026-09-18 10:59:38.561330;;;WHEEL_POS;115.357,0.00
VAL;2026-09-18 10:59:38.605791;;;WHEEL_POS;115.402,0.00
VAL;2026-09-18 10:59:38.635476;;;WHEEL_POS;115.431,0.00
VAL;2026-09-18 10:59:38.651106;;;WHEEL_POS;115.447,0.00
VAL;2026-09-18 10:59:38.682357;;;WHEEL_POS;115.478,0.00
VAL;2026-09-18 10:59:38.697983;;;WHEEL_POS;115.494,0.00
VAL;2026-09-18 10:59:38.729750;;;WHEEL_POS;115.526,0.00
VAL;2026-09-18 10:59:38.761003;;;WHEEL_POS;115.557,0.00
VAL;2026-09-18 10:59:38.792261;;;WHEEL_POS;115.588,0.00
VAL;2026-09-18 10:59:38.851575;;;WHEEL_POS;115.648,0.00
VAL;2026-09-18 10:59:38.867198;;;WHEEL_POS;115.663,0.00
VAL;2026-09-18 10:59:38.914596;;;WHEEL_POS;115.711,0.00
VAL;2026-09-18 10:59:38.930225;;;WHEEL_POS;115.726,0.00
VAL;2026-09-18 10:59:38.970988;;;WHEEL_POS;115.767,0.00
VAL;2026-09-18 10:59:39.002248;;;WHEEL_POS;115.798,0.00
VAL;2026-09-18 10:59:39.036389;;;WHEEL_POS;115.832,0.00
VAL;2026-09-18 10:59:39.067647;;;WHEEL_POS;115.864,0.00
VAL;2026-09-18 10:59:39.083272;;;WHEEL_POS;115.879,0.00
VAL;2026-09-18 10:59:39.115038;;;WHEEL_POS;115.911,0.00
VAL;2026-09-18 10:59:39.146295;;;WHEEL_POS;115.942,0.00
VAL;2026-09-18 10:59:39.177549;;;WHEEL_POS;115.974,0.00
VAL;2026-09-18 10:59:39.208799;;;WHEEL_POS;116.005,0.00
VAL;2026-09-18 10:59:39.237267;;;WHEEL_POS;116.033,0.00
VAL;2026-09-18 10:59:39.268523;;;WHEEL_POS;116.065,0.00
VAL;2026-09-18 10:59:39.284148;;;WHEEL_POS;116.080,0.00
VAL;2026-09-18 10:59:39.315286;;;WHEEL_POS;116.111,0.00
VAL;2026-09-18 10:59:39.346551;;;WHEEL_POS;116.143,0.00
VAL;2026-09-18 10:59:39.362176;;;WHEEL_POS;116.158,0.00
VAL;2026-09-18 10:59:39.393428;;;WHEEL_POS;116.189,0.00
VAL;2026-09-18 10:59:39.409056;;;WHEEL_POS;116.205,0.00
VAL;2026-09-18 10:59:39.438276;;;WHEEL_POS;116.234,0.00
VAL;2026-09-18 10:59:39.453912;;;WHEEL_POS;116.250,0.00
VAL;2026-09-18 10:59:39.485160;;;WHEEL_POS;116.281,0.00
VAL;2026-09-18 10:59:39.531426;;;WHEEL_POS;116.327,0.00
VAL;2026-09-18 10:59:39.547052;;;WHEEL_POS;116.343,0.00
VAL;2026-09-18 10:59:39.588930;;;WHEEL_POS;116.385,0.00
VAL;2026-09-18 10:59:39.605563;;;WHEEL_POS;116.402,0.00
VAL;2026-09-18 10:59:39.631702;;;WHEEL_POS;116.428,0.00
VAL;2026-09-18 10:59:39.654895;;;WHEEL_POS;116.451,0.00
VAL;2026-09-18 10:59:39.686141;;;WHEEL_POS;116.482,0.00
VAL;2026-09-18 10:59:39.731910;;;WHEEL_POS;116.528,0.00
VAL;2026-09-18 10:59:39.778800;;;WHEEL_POS;116.575,0.00
VAL;2026-09-18 10:59:39.794414;;;WHEEL_POS;116.590,0.00
VAL;2026-09-18 10:59:39.839552;;;WHEEL_POS;116.636,0.00
VAL;2026-09-18 10:59:39.881318;;;WHEEL_POS;116.677,0.00
VAL;2026-09-18 10:59:39.916584;;;WHEEL_POS;116.713,0.00
VAL;2026-09-18 10:59:39.932216;;;WHEEL_POS;116.728,0.00
VAL;2026-09-18 10:59:39.980103;;;WHEEL_POS;116.776,0.00
VAL;2026-09-18 10:59:39.995728;;;WHEEL_POS;116.792,0.00
VAL;2026-09-18 10:59:40.032487;;;WHEEL_POS;116.828,0.00
VAL;2026-09-18 10:59:40.055942;;;WHEEL_POS;116.852,0.00
VAL;2026-09-18 10:59:40.087192;;;WHEEL_POS;116.883,0.00
VAL;2026-09-18 10:59:40.132463;;;WHEEL_POS;116.928,0.00
VAL;2026-09-18 10:59:40.179345;;;WHEEL_POS;116.975,0.00
VAL;2026-09-18 10:59:40.194967;;;WHEEL_POS;116.991,0.00
VAL;2026-09-18 10:59:40.232727;;;WHEEL_POS;117.029,0.00
VAL;2026-09-18 10:59:40.256687;;;WHEEL_POS;117.053,0.00
VAL;2026-09-18 10:59:40.287942;;;WHEEL_POS;117.084,0.00
VAL;2026-09-18 10:59:40.332712;;;WHEEL_POS;117.129,0.00
VAL;2026-09-18 10:59:40.379592;;;WHEEL_POS;117.176,0.00
VAL;2026-09-18 10:59:40.395217;;;WHEEL_POS;117.191,0.00
VAL;2026-09-18 10:59:40.442504;;;WHEEL_POS;117.239,0.00
VAL;2026-09-18 10:59:40.473759;;;WHEEL_POS;117.270,0.00
VAL;2026-09-18 10:59:40.505011;;;WHEEL_POS;117.301,0.00
VAL;2026-09-18 10:59:40.533158;;;WHEEL_POS;117.329,0.00
VAL;2026-09-18 10:59:40.564411;;;WHEEL_POS;117.360,0.00
VAL;2026-09-18 10:59:40.588052;;;WHEEL_POS;117.384,0.00
VAL;2026-09-18 10:59:40.617792;;;WHEEL_POS;117.414,0.00
VAL;2026-09-18 10:59:40.633422;;;WHEEL_POS;117.429,0.00
VAL;2026-09-18 10:59:40.659102;;;WHEEL_POS;117.455,0.00
VAL;2026-09-18 10:59:40.690346;;;WHEEL_POS;117.486,0.00
VAL;2026-09-18 10:59:40.733618;;;WHEEL_POS;117.530,0.00
VAL;2026-09-18 10:59:40.749244;;;WHEEL_POS;117.545,0.00
VAL;2026-09-18 10:59:40.780501;;;WHEEL_POS;117.576,0.00
VAL;2026-09-18 10:59:40.811749;;;WHEEL_POS;117.608,0.00
VAL;2026-09-18 10:59:40.835833;;;WHEEL_POS;117.632,0.00
VAL;2026-09-18 10:59:40.859508;;;WHEEL_POS;117.656,0.00
VAL;2026-09-18 10:59:40.890758;;;WHEEL_POS;117.687,0.00
VAL;2026-09-18 10:59:40.934023;;;WHEEL_POS;117.730,0.00
VAL;2026-09-18 10:59:40.980906;;;WHEEL_POS;117.777,0.00
VAL;2026-09-18 10:59:40.996540;;;WHEEL_POS;117.793,0.00
VAL;2026-09-18 10:59:41.045300;;;WHEEL_POS;117.841,0.00
VAL;2026-09-18 10:59:41.076555;;;WHEEL_POS;117.873,0.00
VAL;2026-09-18 10:59:41.092181;;;WHEEL_POS;117.888,0.00
VAL;2026-09-18 10:59:41.134467;;;WHEEL_POS;117.930,0.00
VAL;2026-09-18 10:59:41.150093;;;WHEEL_POS;117.946,0.00
VAL;2026-09-18 10:59:41.181345;;;WHEEL_POS;117.977,0.00
VAL;2026-09-18 10:59:41.219108;;;WHEEL_POS;118.015,0.00
VAL;2026-09-18 10:59:41.261720;;;WHEEL_POS;118.058,0.00
VAL;2026-09-18 10:59:41.292975;;;WHEEL_POS;118.089,0.00
VAL;2026-09-18 10:59:41.350364;;;WHEEL_POS;118.146,0.00
VAL;2026-09-18 10:59:41.365985;;;WHEEL_POS;118.162,0.00
VAL;2026-09-18 10:59:41.412866;;;WHEEL_POS;118.209,0.00
VAL;2026-09-18 10:59:41.435008;;;WHEEL_POS;118.231,0.00
VAL;2026-09-18 10:59:41.462458;;;WHEEL_POS;118.258,0.00
VAL;2026-09-18 10:59:41.478088;;;WHEEL_POS;118.274,0.00
VAL;2026-09-18 10:59:41.509336;;;WHEEL_POS;118.305,0.00
VAL;2026-09-18 10:59:41.534974;;;WHEEL_POS;118.331,0.00
VAL;2026-09-18 10:59:41.566233;;;WHEEL_POS;118.362,0.00
VAL;2026-09-18 10:59:41.598794;;;WHEEL_POS;118.395,0.00
VAL;2026-09-18 10:59:41.619428;;;WHEEL_POS;118.415,0.00
VAL;2026-09-18 10:59:41.635062;;;WHEEL_POS;118.431,0.00
VAL;2026-09-18 10:59:41.662702;;;WHEEL_POS;118.459,0.00
EVENT;2026-09-18 10:59:41.662702;10.0;;158;Tup
TRANSITION;2026-09-18 10:59:41.662702;10.0;;NoMovement;
EVENT;2026-09-18 10:59:41.662702;10.0001;;158;Tup
TRANSITION;2026-09-18 10:59:41.662702;10.0001;;ITI;
VAL;2026-09-18 10:59:41.693955;;;WHEEL_POS;118.490,0.00
VAL;2026-09-18 10:59:41.750848;;;WHEEL_POS;118.547,0.00
VAL;2026-09-18 10:59:41.766470;;;WHEEL_POS;118.562,0.00
VAL;2026-09-18 10:59:41.782095;;;WHEEL_POS;118.578,0.00
VAL;2026-09-18 10:59:41.820377;;;WHEEL_POS;118.616,0.00
VAL;2026-09-18 10:59:41.836006;;;WHEEL_POS;118.632,0.00
VAL;2026-09-18 10:59:41.879303;;;WHEEL_POS;118.675,0.00
VAL;2026-09-18 10:59:41.894927;;;WHEEL_POS;118.691,0.00
VAL;2026-09-18 10:59:41.951317;;;WHEEL_POS;118.747,0.00
VAL;2026-09-18 10:59:41.966941;;;WHEEL_POS;118.763,0.00
VAL;2026-09-18 10:59:42.013821;;;WHEEL_POS;118.810,0.00
VAL;2026-09-18 10:59:42.035966;;;WHEEL_POS;118.832,0.00
VAL;2026-09-18 10:59:42.064426;;;WHEEL_POS;118.860,0.00
VAL;2026-09-18 10:59:42.080057;;;WHEEL_POS;118.876,0.00
VAL;2026-09-18 10:59:42.111304;;;WHEEL_POS;118.907,0.00
VAL;2026-09-18 10:59:42.135939;;;WHEEL_POS;118.932,0.00
EVENT;2026-09-18 10:59:42.167191;10.5001;;158;Tup
END-TRIAL;2026-09-18 10:59:42.167191;;;The trial ended;
INFO;2026-09-18 10:59:42.167191;112.857531;123.357634;TRIAL-BPOD-TIME;10.50010300000001
STATE;2026-09-18 10:59:42.167191;0;10.0;WheelPeriod;10.0
STATE;2026-09-18 10:59:42.167191;10.0;10.0001;NoMovement;9.999999999976694e-05
STATE;2026-09-18 10:59:42.167191;10.0001;10.5001;ITI;0.5
STATE;2026-09-18 10:59:42.167191;nan;nan;RewardL;nan
STATE;2026-09-18 10:59:42.167191;nan;nan;RewardR;nan
STATE;2026-09-18 10:59:42.167191;nan;nan;NoRewardL;nan
STATE;2026-09-18 10:59:42.167191;nan;nan;NoRewardR;nan
VAL;2026-09-18 10:59:42.167191;;;WHEEL_POS;118.963,0.00
VAL;2026-09-18 10:59:42.236216;;;TRIAL_TYPE;stage2
VAL;2026-09-18 10:59:42.236216;;;MOVEMENT_DIRECTION;None
VAL;2026-09-18 10:59:42.236216;;;OUTCOME;NoMovement
VAL;2026-09-18 10:59:42.236216;;;DIRECTION_RATIO;0.24242424242424243
stdout;2026-09-18 10:59:42.236216;;;Trial 37: threshold=10.5deg, NoMovement, direction_ratio=0.24;
stdout;2026-09-18 10:59:42.236216;;;|
|;
VAL;2026-09-18 10:59:42.436605;;;TRIAL_INIT_START;119.23260426521301
VAL;2026-09-18 10:59:42.466046;;;WHEEL_POS;119.262,0.00
VAL;2026-09-18 10:59:42.497297;;;WHEEL_POS;119.293,0.00
VAL;2026-09-18 10:59:42.536562;;;WHEEL_POS;119.333,0.00
VAL;2026-09-18 10:59:42.552189;;;WHEEL_POS;119.348,0.00
VAL;2026-09-18 10:59:42.583441;;;WHEEL_POS;119.379,0.00
VAL;2026-09-18 10:59:42.599417;;;WHEEL_POS;119.395,0.00
VAL;2026-09-18 10:59:42.621054;;;TRIAL_START;119.39541578292847
VAL;2026-09-18 10:59:42.621054;;;QUIESCENCE_BREAKS;0
VAL;2026-09-18 10:59:42.621054;;;THRESHOLD_DEG;10.500000000000002
TRIAL;2026-09-18 10:59:42.666447;;;New trial;
VAL;2026-09-18 10:59:42.682074;;;WHEEL_POS;119.478,0.00
VAL;2026-09-18 10:59:42.697698;;;WHEEL_POS;119.494,0.00
VAL;2026-09-18 10:59:42.713325;;;WHEEL_POS;119.509,0.00
VAL;2026-09-18 10:59:42.736959;;;WHEEL_POS;119.533,0.00
VAL;2026-09-18 10:59:42.768215;;;WHEEL_POS;119.564,0.00
VAL;2026-09-18 10:59:42.799464;;;WHEEL_POS;119.595,0.00
VAL;2026-09-18 10:59:42.815090;;;WHEEL_POS;119.611,0.00
VAL;2026-09-18 10:59:42.839038;;;WHEEL_POS;119.635,0.00
VAL;2026-09-18 10:59:42.866679;;;WHEEL_POS;119.663,0.00
VAL;2026-09-18 10:59:42.882304;;;WHEEL_POS;119.678,0.00
VAL;2026-09-18 10:59:42.913560;;;WHEEL_POS;119.710,0.00
VAL;2026-09-18 10:59:42.937202;;;WHEEL_POS;119.733,0.00
VAL;2026-09-18 10:59:42.968455;;;WHEEL_POS;119.764,0.00
VAL;2026-09-18 10:59:42.984086;;;WHEEL_POS;119.780,0.00
VAL;2026-09-18 10:59:43.015333;;;WHEEL_POS;119.811,0.00
VAL;2026-09-18 10:59:43.037467;;;WHEEL_POS;119.833,0.00
VAL;2026-09-18 10:59:43.053291;;;WHEEL_POS;119.849,0.00
VAL;2026-09-18 10:59:43.084548;;;WHEEL_POS;119.881,0.00
VAL;2026-09-18 10:59:43.100174;;;WHEEL_POS;119.896,0.00
VAL;2026-09-18 10:59:43.137435;;;WHEEL_POS;119.933,0.00
VAL;2026-09-18 10:59:43.168688;;;WHEEL_POS;119.965,0.00
VAL;2026-09-18 10:59:43.199940;;;WHEEL_POS;119.996,0.00
VAL;2026-09-18 10:59:43.237699;;;WHEEL_POS;120.034,0.00
VAL;2026-09-18 10:59:43.256037;;;WHEEL_POS;120.052,0.00
VAL;2026-09-18 10:59:43.287293;;;WHEEL_POS;120.083,0.00
VAL;2026-09-18 10:59:43.322049;;;WHEEL_POS;120.118,0.00
VAL;2026-09-18 10:59:43.337681;;;WHEEL_POS;120.134,0.00
VAL;2026-09-18 10:59:43.368929;;;WHEEL_POS;120.165,0.00
VAL;2026-09-18 10:59:43.400189;;;WHEEL_POS;120.196,0.00
VAL;2026-09-18 10:59:43.437942;;;WHEEL_POS;120.234,0.00
VAL;2026-09-18 10:59:43.471222;;;WHEEL_POS;120.267,0.00
VAL;2026-09-18 10:59:43.518104;;;WHEEL_POS;120.314,0.00
VAL;2026-09-18 10:59:43.538243;;;WHEEL_POS;120.334,0.00
VAL;2026-09-18 10:59:43.569496;;;WHEEL_POS;120.365,0.00
VAL;2026-09-18 10:59:43.585125;;;WHEEL_POS;120.381,0.00
VAL;2026-09-18 10:59:43.622511;;;WHEEL_POS;120.419,0.00
VAL;2026-09-18 10:59:43.638141;;;WHEEL_POS;120.434,0.00
VAL;2026-09-18 10:59:43.672422;;;WHEEL_POS;120.468,0.00
VAL;2026-09-18 10:59:43.703666;;;WHEEL_POS;120.500,0.00
END-TRIAL;2026-09-18 10:59:43.703666;;;The trial ended;
stdout;2026-09-18 10:59:43.801678;;;Bpod stopped running trials (Stop/Kill) -- ending session early after trial 38.;
stdout;2026-09-18 10:59:43.801678;;;|
|;
stdout;2026-09-18 10:59:43.802678;;;Session trial count: 37;
stdout;2026-09-18 10:59:43.802678;;;|
|;
stdout;2026-09-18 10:59:43.802678;;;Threshold now 10.5deg (30% of final), ITI now 0.50s, spout position ~0.0mm (schedule only -- confirm physically);
stdout;2026-09-18 10:59:43.802678;;;|
|;
stdout;2026-09-18 10:59:43.802678;;;Simple advancement gates met (trial count / ITI at ceiling / direction ratio in-band): False;
stdout;2026-09-18 10:59:43.802678;;;|
|;
stdout;2026-09-18 10:59:43.802678;;;NOTE: the doc's real advancement criterion is a statistical test (bimodal movement distribution + velocity separation) that is NOT YET IMPLEMENTED -- treat advancement as a human judgment call (review the movement raster above) even when the simple gates are met.;
stdout;2026-09-18 10:59:43.802678;;;|
|;
stdout;2026-09-18 10:59:44.198395;;;CameraRecorder: wrote 2468 frame timestamps to session_video_timestamps.csv;
stdout;2026-09-18 10:59:44.198395;;;|
|;
INFO;2026-09-18 10:59:44.202397;;;SESSION-ENDED;2026-09-18 10:59:44.202397
stdout;2026-09-18 10:59:44.378685;;;Session struct exported: C:\Ugurcan\Experimental-Tasks\_projects\AuditoryEvidenceAccum\experiments\Stage2\setups\Stage2\sessions\20260918-105737\20260918-105737_struct.mat / C:\Ugurcan\Experimental-Tasks\_projects\AuditoryEvidenceAccum\experiments\Stage2\setups\Stage2\sessions\20260918-105737\20260918-105737_struct.json;
stdout;2026-09-18 10:59:44.378685;;;|
|;
stdout;2026-09-18 10:59:44.378685;;;Close the plot window to exit.;
stdout;2026-09-18 10:59:44.378685;;;|
|;
