__UUID4__;3b400b51-0770-4f4d-938f-594aa20e74db
__CREATED-ON__;2026-09-18 10:48:02.576818
__DEF-URL__;http://pybpod-api.readthedocs.org
__DEF-TEXT__;This file contains data recorded during a session from the PyBpod system
__SOFTWARE__;PyBpod API v1.8.2
__HAS-HEADER__
TYPE;PC-TIME;BPOD-INITIAL-TIME;BPOD-FINAL-TIME;MSG;+INFO
INFO;2026-09-18 10:48:02.576818;;;SERIAL-PORT;COM10
INFO;2026-09-18 10:48:02.576818;;;PROTOCOL-NAME;stage1_wheel_shaping
INFO;2026-09-18 10:48:02.576818;;;CREATOR-NAME;["UM", "f519825a-ab5d-4fe9-91c0-a52f3d5afee3", "local"]
INFO;2026-09-18 10:48:02.576818;;;PROJECT-NAME;AuditoryEvidenceAccum
INFO;2026-09-18 10:48:02.576818;;;EXPERIMENT-NAME;Stage1
INFO;2026-09-18 10:48:02.576818;;;BOARD-NAME;Box3
INFO;2026-09-18 10:48:02.576818;;;SETUP-NAME;Stage1
INFO;2026-09-18 10:48:02.576818;;;BPOD-GUI-VERSION;
INFO;2026-09-18 10:48:02.576818;;;NET-PORT;36000
INFO;2026-09-18 10:48:02.576818;;;SUBJECT-NAME;['test_stage1', '47367562-47fc-46a6-9cf6-2c34f24df9e5']
INFO;2026-09-18 10:48:03.041616;;;This is a PYBPOD file. Find more info at http://pybpod.readthedocs.io;
INFO;2026-09-18 10:48:03.041616;;;BPOD-API-VERSION;1.8.2
INFO;2026-09-18 10:48:03.041616;;;SESSION-NAME;20260918-104801
INFO;2026-09-18 10:48:03.041616;;;SESSION-STARTED;2026-09-18 10:48:02.576818
stdout;2026-09-18 10:48:03.041616;;;Connected to Bpod on COM10;
stdout;2026-09-18 10:48:03.041616;;;|
|;
stdout;2026-09-18 10:48:03.041616;;;Resolved module 'RotaryEncoder1' on Bpod port 1;
stdout;2026-09-18 10:48:03.041616;;;|
|;
stdout;2026-09-18 10:48:03.072976;;;RotaryEncoderModule.discover: probing ['COM11', 'COM1', 'COM14'] (excluding ['COM10']);
stdout;2026-09-18 10:48:03.072976;;;|
|;
stdout;2026-09-18 10:48:05.110453;;;  COM11: ack=217;
stdout;2026-09-18 10:48:05.110453;;;|
|;
stdout;2026-09-18 10:48:07.159636;;;Connected to rotary encoder on COM11;
stdout;2026-09-18 10:48:07.159636;;;|
|;
VAL;2026-09-18 10:48:07.175256;;;THRESHOLD_DEG;1.75
VAL;2026-09-18 10:48:07.175256;;;REWARD_UL;4.0
stdout;2026-09-18 10:48:09.716596;;;CameraRecorder: index 0, 640x480 @ 30.0fps -> session_video.avi;
stdout;2026-09-18 10:48:09.716596;;;|
|;
VAL;2026-09-18 10:48:09.716596;;;CAMERA_START_TIME;2.541339635848999
VAL;2026-09-18 10:48:09.716596;;;CAMERA_OUTPUT_PATH;session_video.avi
VAL;2026-09-18 10:48:09.716596;;;CAMERA_FPS;30.0
stdout;2026-09-18 10:48:09.716596;;;Dot gain calibrated to -236.98 px/wheel-deg (final=-78.99, mult=3.00x, screen width 6144px);
stdout;2026-09-18 10:48:09.716596;;;|
|;
stdout;2026-09-18 10:48:10.516840;;;Starting up to 400 trials, targeting 200 for advancement;
stdout;2026-09-18 10:48:10.516840;;;|
|;
VAL;2026-09-18 10:48:10.516840;;;TRIAL_INIT_START;3.3415839672088623
VAL;2026-09-18 10:48:10.538861;;;WHEEL_POS;3.364,-111.40
VAL;2026-09-18 10:48:10.573182;;;WHEEL_POS;3.398,-111.40
VAL;2026-09-18 10:48:10.604433;;;WHEEL_POS;3.429,-111.40
VAL;2026-09-18 10:48:10.639144;;;WHEEL_POS;3.464,-111.40
VAL;2026-09-18 10:48:10.670404;;;WHEEL_POS;3.495,-111.40
VAL;2026-09-18 10:48:10.686028;;;TRIAL_START;3.495147466659546
VAL;2026-09-18 10:48:10.686028;;;QUIESCENCE_BREAKS;0
TRIAL;2026-09-18 10:48:10.739421;;;New trial;
VAL;2026-09-18 10:48:10.758777;;;WHEEL_POS;3.584,0.00
VAL;2026-09-18 10:48:10.774407;;;WHEEL_POS;3.599,0.00
VAL;2026-09-18 10:48:10.805665;;;WHEEL_POS;3.630,0.00
VAL;2026-09-18 10:48:10.839417;;;WHEEL_POS;3.664,0.00
VAL;2026-09-18 10:48:10.855046;;;WHEEL_POS;3.680,0.00
VAL;2026-09-18 10:48:10.886298;;;WHEEL_POS;3.711,0.00
VAL;2026-09-18 10:48:10.917550;;;WHEEL_POS;3.742,0.00
VAL;2026-09-18 10:48:10.975276;;;WHEEL_POS;3.800,0.00
VAL;2026-09-18 10:48:10.990901;;;WHEEL_POS;3.816,0.00
VAL;2026-09-18 10:48:11.006528;;;WHEEL_POS;3.831,0.00
VAL;2026-09-18 10:48:11.039794;;;WHEEL_POS;3.865,0.00
VAL;2026-09-18 10:48:11.071052;;;WHEEL_POS;3.896,0.00
VAL;2026-09-18 10:48:11.102310;;;WHEEL_POS;3.927,0.00
VAL;2026-09-18 10:48:11.133556;;;WHEEL_POS;3.958,0.00
VAL;2026-09-18 10:48:11.160562;;;WHEEL_POS;3.985,0.00
VAL;2026-09-18 10:48:11.191819;;;WHEEL_POS;4.017,0.00
VAL;2026-09-18 10:48:11.207446;;;WHEEL_POS;4.032,0.00
VAL;2026-09-18 10:48:11.240238;;;WHEEL_POS;4.065,0.00
VAL;2026-09-18 10:48:11.268214;;;WHEEL_POS;4.093,0.00
VAL;2026-09-18 10:48:11.299467;;;WHEEL_POS;4.124,0.00
VAL;2026-09-18 10:48:11.330718;;;WHEEL_POS;4.155,0.00
VAL;2026-09-18 10:48:11.360239;;;WHEEL_POS;4.185,0.00
VAL;2026-09-18 10:48:11.376884;;;WHEEL_POS;4.202,0.00
VAL;2026-09-18 10:48:11.408123;;;WHEEL_POS;4.233,0.00
VAL;2026-09-18 10:48:11.440387;;;WHEEL_POS;4.265,0.00
VAL;2026-09-18 10:48:11.471645;;;WHEEL_POS;4.296,0.00
VAL;2026-09-18 10:48:11.487271;;;WHEEL_POS;4.312,0.00
VAL;2026-09-18 10:48:11.518526;;;WHEEL_POS;4.343,0.00
VAL;2026-09-18 10:48:11.540360;;;WHEEL_POS;4.365,0.00
VAL;2026-09-18 10:48:11.577126;;;WHEEL_POS;4.402,0.00
VAL;2026-09-18 10:48:11.608375;;;WHEEL_POS;4.433,0.00
VAL;2026-09-18 10:48:11.640535;;;WHEEL_POS;4.465,0.00
VAL;2026-09-18 10:48:11.671795;;;WHEEL_POS;4.497,0.00
VAL;2026-09-18 10:48:11.703054;;;WHEEL_POS;4.528,0.00
VAL;2026-09-18 10:48:11.740688;;;WHEEL_POS;4.565,0.00
VAL;2026-09-18 10:48:11.763689;;;WHEEL_POS;4.588,0.00
VAL;2026-09-18 10:48:11.779328;;;WHEEL_POS;4.604,0.00
VAL;2026-09-18 10:48:11.823584;;;WHEEL_POS;4.648,0.00
VAL;2026-09-18 10:48:11.840731;;;WHEEL_POS;4.665,0.00
VAL;2026-09-18 10:48:11.856361;;;WHEEL_POS;4.681,0.00
VAL;2026-09-18 10:48:11.887618;;;WHEEL_POS;4.712,0.00
VAL;2026-09-18 10:48:11.918865;;;WHEEL_POS;4.744,0.00
VAL;2026-09-18 10:48:11.934491;;;WHEEL_POS;4.759,0.00
VAL;2026-09-18 10:48:11.963140;;;WHEEL_POS;4.788,0.00
VAL;2026-09-18 10:48:11.980388;;;WHEEL_POS;4.805,0.00
VAL;2026-09-18 10:48:12.011640;;;WHEEL_POS;4.836,0.00
VAL;2026-09-18 10:48:12.027270;;;WHEEL_POS;4.852,0.00
VAL;2026-09-18 10:48:12.056918;;;WHEEL_POS;4.882,0.00
VAL;2026-09-18 10:48:12.072544;;;WHEEL_POS;4.897,0.00
VAL;2026-09-18 10:48:12.103805;;;WHEEL_POS;4.929,0.00
VAL;2026-09-18 10:48:12.135048;;;WHEEL_POS;4.960,0.00
VAL;2026-09-18 10:48:12.152308;;;WHEEL_POS;4.977,0.00
VAL;2026-09-18 10:48:12.181047;;;WHEEL_POS;5.006,0.00
VAL;2026-09-18 10:48:12.212300;;;WHEEL_POS;5.037,0.40
VAL;2026-09-18 10:48:12.251975;;;WHEEL_POS;5.077,1.40
VAL;2026-09-18 10:48:12.283236;;;WHEEL_POS;5.108,1.40
VAL;2026-09-18 10:48:12.314497;;;WHEEL_POS;5.139,1.10
VAL;2026-09-18 10:48:12.365766;;;WHEEL_POS;5.191,0.40
VAL;2026-09-18 10:48:12.397027;;;WHEEL_POS;5.222,-0.40
VAL;2026-09-18 10:48:12.428279;;;WHEEL_POS;5.253,-0.70
VAL;2026-09-18 10:48:12.457423;;;WHEEL_POS;5.282,-1.10
EVENT;2026-09-18 10:48:12.473050;1.7229;;0;RotaryEncoder1_1
TRANSITION;2026-09-18 10:48:12.473050;1.7229;;Reward;
VAL;2026-09-18 10:48:12.488675;;;WHEEL_POS;5.313,-1.80
VAL;2026-09-18 10:48:12.519928;;;WHEEL_POS;5.345,-2.10
EVENT;2026-09-18 10:48:12.529939;1.7717;;158;Tup
TRANSITION;2026-09-18 10:48:12.529939;1.7717;;ITI;
VAL;2026-09-18 10:48:12.541944;;;WHEEL_POS;5.367,-2.50
VAL;2026-09-18 10:48:12.582253;;;WHEEL_POS;5.407,-3.20
VAL;2026-09-18 10:48:12.613504;;;WHEEL_POS;5.438,-3.90
VAL;2026-09-18 10:48:12.657774;;;WHEEL_POS;5.483,-4.20
VAL;2026-09-18 10:48:12.673399;;;WHEEL_POS;5.498,-4.60
VAL;2026-09-18 10:48:12.704651;;;WHEEL_POS;5.529,-4.60
VAL;2026-09-18 10:48:12.735903;;;WHEEL_POS;5.561,-4.60
VAL;2026-09-18 10:48:12.767876;;;WHEEL_POS;5.593,-4.60
VAL;2026-09-18 10:48:12.783504;;;WHEEL_POS;5.608,-4.60
VAL;2026-09-18 10:48:12.814757;;;WHEEL_POS;5.640,-4.60
VAL;2026-09-18 10:48:12.830382;;;WHEEL_POS;5.655,-4.60
VAL;2026-09-18 10:48:12.858018;;;WHEEL_POS;5.683,-4.60
VAL;2026-09-18 10:48:12.889269;;;WHEEL_POS;5.714,-4.60
VAL;2026-09-18 10:48:12.920523;;;WHEEL_POS;5.745,-4.60
VAL;2026-09-18 10:48:12.958282;;;WHEEL_POS;5.783,-4.60
VAL;2026-09-18 10:48:12.984240;;;WHEEL_POS;5.809,-4.60
VAL;2026-09-18 10:48:13.015491;;;WHEEL_POS;5.840,-4.60
EVENT;2026-09-18 10:48:13.015491;2.2717;;158;Tup
END-TRIAL;2026-09-18 10:48:13.015491;;;The trial ended;
INFO;2026-09-18 10:48:13.031116;8.045931;10.317634;TRIAL-BPOD-TIME;2.2717030000000005
STATE;2026-09-18 10:48:13.031116;0;1.7229;WheelPeriod;1.7229
STATE;2026-09-18 10:48:13.031116;1.7229;1.7717;Reward;0.048799999999999955
STATE;2026-09-18 10:48:13.031116;1.7717;2.2717;ITI;0.5
STATE;2026-09-18 10:48:13.031116;nan;nan;NoMovement;nan
VAL;2026-09-18 10:48:13.120759;;;TRIAL_TYPE;stage1
VAL;2026-09-18 10:48:13.120759;;;MOVEMENT_DIRECTION;L
VAL;2026-09-18 10:48:13.120759;;;OUTCOME;Rewarded
VAL;2026-09-18 10:48:13.120759;;;GAIN_MULT;3.0
VAL;2026-09-18 10:48:13.120759;;;THRESHOLD_CROSSING_TIME;5.287065115356445
stdout;2026-09-18 10:48:13.120759;;;Trial 1: held 0.10s (broke 0x), Rewarded, gain=3.00x;
stdout;2026-09-18 10:48:13.120759;;;|
|;
VAL;2026-09-18 10:48:13.278210;;;TRIAL_INIT_START;6.102953672409058
VAL;2026-09-18 10:48:13.309461;;;WHEEL_POS;6.134,-1.40
VAL;2026-09-18 10:48:13.343718;;;WHEEL_POS;6.168,-1.40
VAL;2026-09-18 10:48:13.359347;;;WHEEL_POS;6.184,-1.40
VAL;2026-09-18 10:48:13.385305;;;WHEEL_POS;6.210,-1.40
VAL;2026-09-18 10:48:13.416557;;;WHEEL_POS;6.241,-1.40
VAL;2026-09-18 10:48:13.459317;;;WHEEL_POS;6.284,-1.40
VAL;2026-09-18 10:48:13.474944;;;TRIAL_START;6.284060716629028
VAL;2026-09-18 10:48:13.474944;;;QUIESCENCE_BREAKS;0
TRIAL;2026-09-18 10:48:13.529866;;;New trial;
VAL;2026-09-18 10:48:13.543872;;;WHEEL_POS;6.369,0.00
VAL;2026-09-18 10:48:13.586138;;;WHEEL_POS;6.411,0.00
VAL;2026-09-18 10:48:13.617391;;;WHEEL_POS;6.442,0.00
VAL;2026-09-18 10:48:13.659438;;;WHEEL_POS;6.484,0.00
VAL;2026-09-18 10:48:13.690690;;;WHEEL_POS;6.515,0.00
VAL;2026-09-18 10:48:13.706316;;;WHEEL_POS;6.531,0.00
VAL;2026-09-18 10:48:13.744080;;;WHEEL_POS;6.569,0.00
VAL;2026-09-18 10:48:13.759736;;;WHEEL_POS;6.584,0.00
VAL;2026-09-18 10:48:13.808348;;;WHEEL_POS;6.633,0.00
VAL;2026-09-18 10:48:13.823968;;;WHEEL_POS;6.649,0.00
VAL;2026-09-18 10:48:13.875360;;;WHEEL_POS;6.700,0.00
VAL;2026-09-18 10:48:13.890982;;;WHEEL_POS;6.716,0.00
VAL;2026-09-18 10:48:13.906609;;;WHEEL_POS;6.731,0.00
VAL;2026-09-18 10:48:13.944379;;;WHEEL_POS;6.769,0.00
VAL;2026-09-18 10:48:13.960009;;;WHEEL_POS;6.785,0.00
VAL;2026-09-18 10:48:13.987507;;;WHEEL_POS;6.812,0.00
VAL;2026-09-18 10:48:14.018761;;;WHEEL_POS;6.844,0.00
VAL;2026-09-18 10:48:14.075650;;;WHEEL_POS;6.900,0.00
VAL;2026-09-18 10:48:14.091271;;;WHEEL_POS;6.916,0.00
VAL;2026-09-18 10:48:14.138150;;;WHEEL_POS;6.963,0.00
VAL;2026-09-18 10:48:14.170857;;;WHEEL_POS;6.996,0.00
VAL;2026-09-18 10:48:14.188506;;;WHEEL_POS;7.013,0.00
VAL;2026-09-18 10:48:14.219760;;;WHEEL_POS;7.045,-1.10
EVENT;2026-09-18 10:48:14.219760;0.6880000000000001;;0;RotaryEncoder1_1
TRANSITION;2026-09-18 10:48:14.219760;0.6880000000000001;;Reward;
VAL;2026-09-18 10:48:14.235383;;;WHEEL_POS;7.060,-2.10
VAL;2026-09-18 10:48:14.256404;;;WHEEL_POS;7.081,-3.50
EVENT;2026-09-18 10:48:14.272033;0.7368;;158;Tup
TRANSITION;2026-09-18 10:48:14.272033;0.7368;;ITI;
VAL;2026-09-18 10:48:14.287660;;;WHEEL_POS;7.112,-5.30
VAL;2026-09-18 10:48:14.303285;;;WHEEL_POS;7.128,-5.60
VAL;2026-09-18 10:48:14.334538;;;WHEEL_POS;7.159,-6.00
VAL;2026-09-18 10:48:14.360673;;;WHEEL_POS;7.185,-6.00
VAL;2026-09-18 10:48:14.389645;;;WHEEL_POS;7.214,-6.00
VAL;2026-09-18 10:48:14.420894;;;WHEEL_POS;7.246,-6.00
VAL;2026-09-18 10:48:14.436520;;;WHEEL_POS;7.261,-6.00
VAL;2026-09-18 10:48:14.460655;;;WHEEL_POS;7.285,-5.60
VAL;2026-09-18 10:48:14.491906;;;WHEEL_POS;7.317,-5.60
VAL;2026-09-18 10:48:14.507532;;;WHEEL_POS;7.332,-5.30
VAL;2026-09-18 10:48:14.545008;;;WHEEL_POS;7.370,-5.30
VAL;2026-09-18 10:48:14.589794;;;WHEEL_POS;7.415,-5.30
VAL;2026-09-18 10:48:14.621046;;;WHEEL_POS;7.446,-5.30
VAL;2026-09-18 10:48:14.660698;;;WHEEL_POS;7.485,-5.30
VAL;2026-09-18 10:48:14.676322;;;WHEEL_POS;7.501,-5.30
VAL;2026-09-18 10:48:14.707574;;;WHEEL_POS;7.532,-5.30
VAL;2026-09-18 10:48:14.738826;;;WHEEL_POS;7.564,-5.30
VAL;2026-09-18 10:48:14.760963;;;WHEEL_POS;7.586,-5.30
EVENT;2026-09-18 10:48:14.775289;1.2368000000000001;;158;Tup
END-TRIAL;2026-09-18 10:48:14.775289;;;The trial ended;
INFO;2026-09-18 10:48:14.775289;10.833831;12.070634;TRIAL-BPOD-TIME;1.236803
STATE;2026-09-18 10:48:14.775289;0;0.6880000000000001;WheelPeriod;0.6880000000000001
STATE;2026-09-18 10:48:14.775289;0.6880000000000001;0.7368;Reward;0.048799999999999955
STATE;2026-09-18 10:48:14.775289;0.7368;1.2368000000000001;ITI;0.5000000000000001
STATE;2026-09-18 10:48:14.775289;nan;nan;NoMovement;nan
VAL;2026-09-18 10:48:14.822174;;;TRIAL_TYPE;stage1
VAL;2026-09-18 10:48:14.822174;;;MOVEMENT_DIRECTION;L
VAL;2026-09-18 10:48:14.822174;;;OUTCOME;Rewarded
VAL;2026-09-18 10:48:14.822174;;;GAIN_MULT;3.0
VAL;2026-09-18 10:48:14.822174;;;THRESHOLD_CROSSING_TIME;7.042609966278076
stdout;2026-09-18 10:48:14.822174;;;Trial 2: held 0.10s (broke 0x), Rewarded, gain=3.00x;
stdout;2026-09-18 10:48:14.822174;;;|
|;
VAL;2026-09-18 10:48:14.992747;;;TRIAL_INIT_START;7.817490577697754
VAL;2026-09-18 10:48:15.024002;;;WHEEL_POS;7.849,-5.30
VAL;2026-09-18 10:48:15.061259;;;WHEEL_POS;7.886,-5.30
VAL;2026-09-18 10:48:15.092511;;;WHEEL_POS;7.917,-5.30
VAL;2026-09-18 10:48:15.123763;;;WHEEL_POS;7.949,-5.30
VAL;2026-09-18 10:48:15.167892;;;WHEEL_POS;7.993,-5.30
VAL;2026-09-18 10:48:15.209216;;;WHEEL_POS;8.034,-3.90
VAL;2026-09-18 10:48:15.224844;;;TRIAL_START;8.033960103988647
VAL;2026-09-18 10:48:15.224844;;;QUIESCENCE_BREAKS;0
TRIAL;2026-09-18 10:48:15.272637;;;New trial;
VAL;2026-09-18 10:48:15.288256;;;WHEEL_POS;8.113,0.40
VAL;2026-09-18 10:48:15.319508;;;WHEEL_POS;8.144,0.70
VAL;2026-09-18 10:48:15.361768;;;WHEEL_POS;8.187,1.10
VAL;2026-09-18 10:48:15.377395;;;WHEEL_POS;8.202,1.40
VAL;2026-09-18 10:48:15.409153;;;WHEEL_POS;8.234,1.40
VAL;2026-09-18 10:48:15.446421;;;WHEEL_POS;8.271,1.40
VAL;2026-09-18 10:48:15.462050;;;WHEEL_POS;8.287,1.40
VAL;2026-09-18 10:48:15.493302;;;WHEEL_POS;8.318,1.40
VAL;2026-09-18 10:48:15.524560;;;WHEEL_POS;8.349,1.40
VAL;2026-09-18 10:48:15.546583;;;WHEEL_POS;8.371,1.40
VAL;2026-09-18 10:48:15.577842;;;WHEEL_POS;8.403,1.40
VAL;2026-09-18 10:48:15.609089;;;WHEEL_POS;8.434,1.40
VAL;2026-09-18 10:48:15.646498;;;WHEEL_POS;8.471,1.40
VAL;2026-09-18 10:48:15.677756;;;WHEEL_POS;8.503,1.40
VAL;2026-09-18 10:48:15.709012;;;WHEEL_POS;8.534,1.40
VAL;2026-09-18 10:48:15.725138;;;WHEEL_POS;8.550,1.40
VAL;2026-09-18 10:48:15.740766;;;WHEEL_POS;8.566,1.40
VAL;2026-09-18 10:48:15.762399;;;WHEEL_POS;8.587,1.40
VAL;2026-09-18 10:48:15.793656;;;WHEEL_POS;8.618,1.40
VAL;2026-09-18 10:48:15.824904;;;WHEEL_POS;8.650,1.40
VAL;2026-09-18 10:48:15.840530;;;WHEEL_POS;8.665,1.40
VAL;2026-09-18 10:48:15.862667;;;WHEEL_POS;8.687,1.40
VAL;2026-09-18 10:48:15.893918;;;WHEEL_POS;8.719,1.40
VAL;2026-09-18 10:48:15.909543;;;WHEEL_POS;8.734,1.40
VAL;2026-09-18 10:48:15.940795;;;WHEEL_POS;8.766,1.40
VAL;2026-09-18 10:48:15.962931;;;WHEEL_POS;8.788,1.40
VAL;2026-09-18 10:48:15.994184;;;WHEEL_POS;8.819,1.40
VAL;2026-09-18 10:48:16.026334;;;WHEEL_POS;8.851,1.40
VAL;2026-09-18 10:48:16.078720;;;WHEEL_POS;8.903,1.40
VAL;2026-09-18 10:48:16.094341;;;WHEEL_POS;8.919,1.40
VAL;2026-09-18 10:48:16.125593;;;WHEEL_POS;8.950,1.40
VAL;2026-09-18 10:48:16.167889;;;WHEEL_POS;8.993,1.40
VAL;2026-09-18 10:48:16.199140;;;WHEEL_POS;9.024,1.40
VAL;2026-09-18 10:48:16.226779;;;WHEEL_POS;9.052,1.40
VAL;2026-09-18 10:48:16.262422;;;WHEEL_POS;9.087,1.40
VAL;2026-09-18 10:48:16.293680;;;WHEEL_POS;9.118,1.40
VAL;2026-09-18 10:48:16.324933;;;WHEEL_POS;9.150,1.40
VAL;2026-09-18 10:48:16.340558;;;WHEEL_POS;9.165,1.40
VAL;2026-09-18 10:48:16.363701;;;WHEEL_POS;9.188,1.40
VAL;2026-09-18 10:48:16.394945;;;WHEEL_POS;9.220,1.40
VAL;2026-09-18 10:48:16.411076;;;WHEEL_POS;9.236,1.40
VAL;2026-09-18 10:48:16.426707;;;WHEEL_POS;9.251,1.40
VAL;2026-09-18 10:48:16.463965;;;WHEEL_POS;9.289,1.40
VAL;2026-09-18 10:48:16.479592;;;WHEEL_POS;9.304,1.40
EVENT;2026-09-18 10:48:16.479592;1.199;;1;RotaryEncoder1_2
TRANSITION;2026-09-18 10:48:16.479592;1.199;;Reward;
VAL;2026-09-18 10:48:16.495224;;;WHEEL_POS;9.320,1.80
VAL;2026-09-18 10:48:16.526470;;;WHEEL_POS;9.351,1.80
EVENT;2026-09-18 10:48:16.534988;1.2478;;158;Tup
TRANSITION;2026-09-18 10:48:16.534988;1.2478;;ITI;
VAL;2026-09-18 10:48:16.548493;;;WHEEL_POS;9.373,1.80
VAL;2026-09-18 10:48:16.579749;;;WHEEL_POS;9.404,2.10
VAL;2026-09-18 10:48:16.595374;;;WHEEL_POS;9.420,2.50
VAL;2026-09-18 10:48:16.627635;;;WHEEL_POS;9.452,3.20
VAL;2026-09-18 10:48:16.648643;;;WHEEL_POS;9.473,3.50
VAL;2026-09-18 10:48:16.679899;;;WHEEL_POS;9.505,3.90
VAL;2026-09-18 10:48:16.695526;;;WHEEL_POS;9.520,3.90
VAL;2026-09-18 10:48:16.726779;;;WHEEL_POS;9.552,3.90
VAL;2026-09-18 10:48:16.742403;;;WHEEL_POS;9.567,3.90
VAL;2026-09-18 10:48:16.764538;;;WHEEL_POS;9.589,4.20
VAL;2026-09-18 10:48:16.795790;;;WHEEL_POS;9.621,4.60
VAL;2026-09-18 10:48:16.829358;;;WHEEL_POS;9.654,4.90
VAL;2026-09-18 10:48:16.864617;;;WHEEL_POS;9.689,4.90
VAL;2026-09-18 10:48:16.895869;;;WHEEL_POS;9.721,4.90
VAL;2026-09-18 10:48:16.927121;;;WHEEL_POS;9.752,4.90
VAL;2026-09-18 10:48:16.964881;;;WHEEL_POS;9.790,4.90
VAL;2026-09-18 10:48:16.980508;;;WHEEL_POS;9.805,4.90
VAL;2026-09-18 10:48:17.014596;;;WHEEL_POS;9.839,4.90
VAL;2026-09-18 10:48:17.030225;;;WHEEL_POS;9.855,4.90
EVENT;2026-09-18 10:48:17.030225;1.7478;;158;Tup
END-TRIAL;2026-09-18 10:48:17.030225;;;The trial ended;
INFO;2026-09-18 10:48:17.030225;12.580831;14.328634;TRIAL-BPOD-TIME;1.7478029999999993
STATE;2026-09-18 10:48:17.030225;0;1.199;WheelPeriod;1.199
STATE;2026-09-18 10:48:17.030225;1.199;1.2478;Reward;0.048799999999999955
STATE;2026-09-18 10:48:17.030225;1.2478;1.7478;ITI;0.5
STATE;2026-09-18 10:48:17.030225;nan;nan;NoMovement;nan
VAL;2026-09-18 10:48:17.083473;;;TRIAL_TYPE;stage1
VAL;2026-09-18 10:48:17.083473;;;MOVEMENT_DIRECTION;R
VAL;2026-09-18 10:48:17.083473;;;OUTCOME;Rewarded
VAL;2026-09-18 10:48:17.083473;;;GAIN_MULT;3.0
VAL;2026-09-18 10:48:17.083473;;;THRESHOLD_CROSSING_TIME;9.29638039970398
stdout;2026-09-18 10:48:17.083473;;;Trial 3: held 0.10s (broke 0x), Rewarded, gain=3.00x;
stdout;2026-09-18 10:48:17.083473;;;|
|;
VAL;2026-09-18 10:48:17.240656;;;TRIAL_INIT_START;10.065399885177612
VAL;2026-09-18 10:48:17.271803;;;WHEEL_POS;10.097,4.90
VAL;2026-09-18 10:48:17.287428;;;WHEEL_POS;10.112,4.90
VAL;2026-09-18 10:48:17.318680;;;WHEEL_POS;10.143,4.90
VAL;2026-09-18 10:48:17.334308;;;WHEEL_POS;10.159,4.90
VAL;2026-09-18 10:48:17.368569;;;WHEEL_POS;10.193,4.90
VAL;2026-09-18 10:48:17.399821;;;WHEEL_POS;10.225,4.90
VAL;2026-09-18 10:48:17.431771;;;WHEEL_POS;10.257,4.90
VAL;2026-09-18 10:48:17.452897;;;TRIAL_START;10.256514310836792
VAL;2026-09-18 10:48:17.452897;;;QUIESCENCE_BREAKS;0
TRIAL;2026-09-18 10:48:17.515404;;;New trial;
VAL;2026-09-18 10:48:17.536872;;;WHEEL_POS;10.362,0.00
VAL;2026-09-18 10:48:17.553005;;;WHEEL_POS;10.378,0.00
VAL;2026-09-18 10:48:17.568633;;;WHEEL_POS;10.393,0.00
VAL;2026-09-18 10:48:17.599885;;;WHEEL_POS;10.425,0.00
VAL;2026-09-18 10:48:17.616497;;;WHEEL_POS;10.441,0.00
VAL;2026-09-18 10:48:17.632126;;;WHEEL_POS;10.457,0.00
VAL;2026-09-18 10:48:17.653039;;;WHEEL_POS;10.478,0.00
VAL;2026-09-18 10:48:17.684299;;;WHEEL_POS;10.509,0.00
VAL;2026-09-18 10:48:17.715546;;;WHEEL_POS;10.540,0.00
VAL;2026-09-18 10:48:17.753312;;;WHEEL_POS;10.578,0.00
VAL;2026-09-18 10:48:17.768944;;;WHEEL_POS;10.594,0.00
VAL;2026-09-18 10:48:17.800196;;;WHEEL_POS;10.625,0.00
VAL;2026-09-18 10:48:17.834103;;;WHEEL_POS;10.659,0.00
VAL;2026-09-18 10:48:17.884482;;;WHEEL_POS;10.709,0.00
VAL;2026-09-18 10:48:17.900104;;;WHEEL_POS;10.725,0.00
VAL;2026-09-18 10:48:17.931355;;;WHEEL_POS;10.756,0.00
VAL;2026-09-18 10:48:17.969130;;;WHEEL_POS;10.794,0.00
VAL;2026-09-18 10:48:18.000382;;;WHEEL_POS;10.825,0.00
VAL;2026-09-18 10:48:18.035703;;;WHEEL_POS;10.860,0.00
VAL;2026-09-18 10:48:18.053334;;;WHEEL_POS;10.878,0.00
VAL;2026-09-18 10:48:18.084592;;;WHEEL_POS;10.909,0.00
VAL;2026-09-18 10:48:18.100216;;;WHEEL_POS;10.925,0.00
VAL;2026-09-18 10:48:18.131467;;;WHEEL_POS;10.956,0.00
VAL;2026-09-18 10:48:18.169244;;;WHEEL_POS;10.994,0.00
VAL;2026-09-18 10:48:18.200496;;;WHEEL_POS;11.025,0.00
VAL;2026-09-18 10:48:18.237263;;;WHEEL_POS;11.062,0.00
VAL;2026-09-18 10:48:18.292161;;;WHEEL_POS;11.117,0.00
VAL;2026-09-18 10:48:18.307784;;;WHEEL_POS;11.133,0.00
VAL;2026-09-18 10:48:18.323410;;;WHEEL_POS;11.148,0.00
VAL;2026-09-18 10:48:18.369683;;;WHEEL_POS;11.194,0.00
VAL;2026-09-18 10:48:18.400934;;;WHEEL_POS;11.226,0.00
VAL;2026-09-18 10:48:18.439000;;;WHEEL_POS;11.264,0.00
VAL;2026-09-18 10:48:18.469636;;;WHEEL_POS;11.294,0.00
VAL;2026-09-18 10:48:18.500888;;;WHEEL_POS;11.326,0.00
VAL;2026-09-18 10:48:18.538022;;;WHEEL_POS;11.363,0.00
VAL;2026-09-18 10:48:18.554166;;;WHEEL_POS;11.379,0.00
VAL;2026-09-18 10:48:18.585422;;;WHEEL_POS;11.410,0.00
VAL;2026-09-18 10:48:18.622708;;;WHEEL_POS;11.447,0.00
VAL;2026-09-18 10:48:18.654179;;;WHEEL_POS;11.479,0.00
VAL;2026-09-18 10:48:18.685440;;;WHEEL_POS;11.510,0.00
VAL;2026-09-18 10:48:18.716686;;;WHEEL_POS;11.541,0.00
VAL;2026-09-18 10:48:18.732312;;;WHEEL_POS;11.557,0.00
VAL;2026-09-18 10:48:18.770089;;;WHEEL_POS;11.595,0.00
VAL;2026-09-18 10:48:18.808866;;;WHEEL_POS;11.634,0.00
VAL;2026-09-18 10:48:18.824476;;;WHEEL_POS;11.649,0.00
VAL;2026-09-18 10:48:18.854665;;;WHEEL_POS;11.679,0.00
VAL;2026-09-18 10:48:18.885923;;;WHEEL_POS;11.711,0.00
VAL;2026-09-18 10:48:18.901552;;;WHEEL_POS;11.726,0.00
VAL;2026-09-18 10:48:18.932803;;;WHEEL_POS;11.758,0.00
VAL;2026-09-18 10:48:18.970560;;;WHEEL_POS;11.795,0.00
VAL;2026-09-18 10:48:19.001819;;;WHEEL_POS;11.827,0.00
VAL;2026-09-18 10:48:19.047912;;;WHEEL_POS;11.873,0.00
VAL;2026-09-18 10:48:19.070550;;;WHEEL_POS;11.895,0.00
VAL;2026-09-18 10:48:19.101798;;;WHEEL_POS;11.927,0.00
VAL;2026-09-18 10:48:19.133055;;;WHEEL_POS;11.958,0.00
VAL;2026-09-18 10:48:19.186449;;;WHEEL_POS;12.011,0.00
VAL;2026-09-18 10:48:19.202071;;;WHEEL_POS;12.027,0.00
VAL;2026-09-18 10:48:19.233247;;;WHEEL_POS;12.058,0.00
VAL;2026-09-18 10:48:19.272540;;;WHEEL_POS;12.097,0.00
VAL;2026-09-18 10:48:19.303792;;;WHEEL_POS;12.129,-0.40
VAL;2026-09-18 10:48:19.335045;;;WHEEL_POS;12.160,-1.40
EVENT;2026-09-18 10:48:19.335045;1.8130000000000002;;0;RotaryEncoder1_1
TRANSITION;2026-09-18 10:48:19.335045;1.8130000000000002;;Reward;
VAL;2026-09-18 10:48:19.371302;;;WHEEL_POS;12.196,-3.50
EVENT;2026-09-18 10:48:19.386930;1.8618000000000001;;158;Tup
TRANSITION;2026-09-18 10:48:19.386930;1.8618000000000001;;ITI;
VAL;2026-09-18 10:48:19.402555;;;WHEEL_POS;12.227,-4.60
VAL;2026-09-18 10:48:19.418182;;;WHEEL_POS;12.243,-5.30
VAL;2026-09-18 10:48:19.455944;;;WHEEL_POS;12.281,-6.30
VAL;2026-09-18 10:48:19.471574;;;WHEEL_POS;12.296,-7.00
VAL;2026-09-18 10:48:19.502825;;;WHEEL_POS;12.328,-7.00
VAL;2026-09-18 10:48:19.518452;;;WHEEL_POS;12.343,-7.00
VAL;2026-09-18 10:48:19.556212;;;WHEEL_POS;12.381,-7.00
VAL;2026-09-18 10:48:19.587467;;;WHEEL_POS;12.412,-7.00
VAL;2026-09-18 10:48:19.618720;;;WHEEL_POS;12.443,-7.00
VAL;2026-09-18 10:48:19.635030;;;WHEEL_POS;12.460,-7.00
VAL;2026-09-18 10:48:19.656367;;;WHEEL_POS;12.481,-7.00
VAL;2026-09-18 10:48:19.687625;;;WHEEL_POS;12.512,-6.70
VAL;2026-09-18 10:48:19.718875;;;WHEEL_POS;12.544,-6.70
VAL;2026-09-18 10:48:19.740010;;;WHEEL_POS;12.565,-6.70
VAL;2026-09-18 10:48:19.772270;;;WHEEL_POS;12.597,-6.70
VAL;2026-09-18 10:48:19.803523;;;WHEEL_POS;12.628,-6.70
VAL;2026-09-18 10:48:19.834664;;;WHEEL_POS;12.659,-6.70
VAL;2026-09-18 10:48:19.872427;;;WHEEL_POS;12.697,-6.70
EVENT;2026-09-18 10:48:19.888057;2.3618;;158;Tup
END-TRIAL;2026-09-18 10:48:19.888057;;;The trial ended;
INFO;2026-09-18 10:48:19.888057;14.818831;17.180634;TRIAL-BPOD-TIME;2.361803000000002
STATE;2026-09-18 10:48:19.888057;0;1.8130000000000002;WheelPeriod;1.8130000000000002
STATE;2026-09-18 10:48:19.888057;1.8130000000000002;1.8618000000000001;Reward;0.048799999999999955
STATE;2026-09-18 10:48:19.888057;1.8618000000000001;2.3618;ITI;0.5
STATE;2026-09-18 10:48:19.888057;nan;nan;NoMovement;nan
VAL;2026-09-18 10:48:19.957072;;;TRIAL_TYPE;stage1
VAL;2026-09-18 10:48:19.957072;;;MOVEMENT_DIRECTION;L
VAL;2026-09-18 10:48:19.957072;;;OUTCOME;Rewarded
VAL;2026-09-18 10:48:19.957072;;;GAIN_MULT;3.0
VAL;2026-09-18 10:48:19.957072;;;THRESHOLD_CROSSING_TIME;12.137527740478516
stdout;2026-09-18 10:48:19.957072;;;Trial 4: held 0.10s (broke 0x), Rewarded, gain=3.00x;
stdout;2026-09-18 10:48:19.957072;;;|
|;
VAL;2026-09-18 10:48:20.106367;;;TRIAL_INIT_START;12.931110143661499
VAL;2026-09-18 10:48:20.137618;;;WHEEL_POS;12.962,-6.70
VAL;2026-09-18 10:48:20.172685;;;WHEEL_POS;12.997,-6.70
VAL;2026-09-18 10:48:20.203939;;;WHEEL_POS;13.029,-6.70
VAL;2026-09-18 10:48:20.236198;;;WHEEL_POS;13.061,-6.70
VAL;2026-09-18 10:48:20.251829;;;WHEEL_POS;13.077,-6.70
VAL;2026-09-18 10:48:20.274339;;;WHEEL_POS;13.099,-6.70
VAL;2026-09-18 10:48:20.289966;;;TRIAL_START;13.099083185195923
VAL;2026-09-18 10:48:20.289966;;;QUIESCENCE_BREAKS;0
TRIAL;2026-09-18 10:48:20.336849;;;New trial;
VAL;2026-09-18 10:48:20.357477;;;WHEEL_POS;13.182,0.00
VAL;2026-09-18 10:48:20.373109;;;WHEEL_POS;13.198,0.00
VAL;2026-09-18 10:48:20.404361;;;WHEEL_POS;13.229,0.00
VAL;2026-09-18 10:48:20.436117;;;WHEEL_POS;13.261,0.00
VAL;2026-09-18 10:48:20.457752;;;WHEEL_POS;13.282,0.00
VAL;2026-09-18 10:48:20.489013;;;WHEEL_POS;13.314,0.00
VAL;2026-09-18 10:48:20.504634;;;WHEEL_POS;13.329,0.00
VAL;2026-09-18 10:48:20.540712;;;WHEEL_POS;13.365,0.00
VAL;2026-09-18 10:48:20.557858;;;WHEEL_POS;13.383,0.00
VAL;2026-09-18 10:48:20.589116;;;WHEEL_POS;13.414,0.00
VAL;2026-09-18 10:48:20.620374;;;WHEEL_POS;13.445,0.00
VAL;2026-09-18 10:48:20.653794;;;WHEEL_POS;13.479,0.00
VAL;2026-09-18 10:48:20.673426;;;WHEEL_POS;13.498,0.00
VAL;2026-09-18 10:48:20.704682;;;WHEEL_POS;13.529,0.00
VAL;2026-09-18 10:48:20.720305;;;WHEEL_POS;13.545,0.00
VAL;2026-09-18 10:48:20.751557;;;WHEEL_POS;13.576,0.00
VAL;2026-09-18 10:48:20.773699;;;WHEEL_POS;13.598,0.00
VAL;2026-09-18 10:48:20.804946;;;WHEEL_POS;13.630,0.00
VAL;2026-09-18 10:48:20.820572;;;WHEEL_POS;13.645,0.00
VAL;2026-09-18 10:48:20.857987;;;WHEEL_POS;13.683,0.00
VAL;2026-09-18 10:48:20.873616;;;WHEEL_POS;13.698,0.00
VAL;2026-09-18 10:48:20.904872;;;WHEEL_POS;13.730,0.00
VAL;2026-09-18 10:48:20.920495;;;WHEEL_POS;13.745,0.00
VAL;2026-09-18 10:48:20.951748;;;WHEEL_POS;13.776,0.40
VAL;2026-09-18 10:48:20.973884;;;WHEEL_POS;13.799,1.40
EVENT;2026-09-18 10:48:20.973884;0.6319;;1;RotaryEncoder1_2
TRANSITION;2026-09-18 10:48:20.973884;0.6319;;Reward;
VAL;2026-09-18 10:48:21.005133;;;WHEEL_POS;13.830,3.20
EVENT;2026-09-18 10:48:21.020761;0.6807000000000001;;158;Tup
TRANSITION;2026-09-18 10:48:21.020761;0.6807000000000001;;ITI;
VAL;2026-09-18 10:48:21.036386;;;WHEEL_POS;13.861,5.30
VAL;2026-09-18 10:48:21.074157;;;WHEEL_POS;13.899,7.40
VAL;2026-09-18 10:48:21.105408;;;WHEEL_POS;13.930,8.10
VAL;2026-09-18 10:48:21.136661;;;WHEEL_POS;13.961,8.40
VAL;2026-09-18 10:48:21.152287;;;WHEEL_POS;13.977,8.40
VAL;2026-09-18 10:48:21.174422;;;WHEEL_POS;13.999,8.40
VAL;2026-09-18 10:48:21.205674;;;WHEEL_POS;14.030,8.40
VAL;2026-09-18 10:48:21.221308;;;WHEEL_POS;14.046,8.40
VAL;2026-09-18 10:48:21.253320;;;WHEEL_POS;14.078,8.40
VAL;2026-09-18 10:48:21.274452;;;WHEEL_POS;14.099,8.40
VAL;2026-09-18 10:48:21.305705;;;WHEEL_POS;14.130,8.40
VAL;2026-09-18 10:48:21.321331;;;WHEEL_POS;14.146,8.40
VAL;2026-09-18 10:48:21.352584;;;WHEEL_POS;14.177,8.80
VAL;2026-09-18 10:48:21.374719;;;WHEEL_POS;14.199,8.80
VAL;2026-09-18 10:48:21.390345;;;WHEEL_POS;14.215,8.80
VAL;2026-09-18 10:48:21.421597;;;WHEEL_POS;14.246,8.80
VAL;2026-09-18 10:48:21.459384;;;WHEEL_POS;14.284,8.80
VAL;2026-09-18 10:48:21.475014;;;WHEEL_POS;14.300,8.80
VAL;2026-09-18 10:48:21.506265;;;WHEEL_POS;14.331,8.80
EVENT;2026-09-18 10:48:21.521892;1.1807;;158;Tup
END-TRIAL;2026-09-18 10:48:21.521892;;;The trial ended;
INFO;2026-09-18 10:48:21.521892;17.641731;18.822434;TRIAL-BPOD-TIME;1.1807030000000012
STATE;2026-09-18 10:48:21.521892;0;0.6319;WheelPeriod;0.6319
STATE;2026-09-18 10:48:21.521892;0.6319;0.6807000000000001;Reward;0.048800000000000066
STATE;2026-09-18 10:48:21.521892;0.6807000000000001;1.1807;ITI;0.5
STATE;2026-09-18 10:48:21.521892;nan;nan;NoMovement;nan
VAL;2026-09-18 10:48:21.575306;;;TRIAL_TYPE;stage1
VAL;2026-09-18 10:48:21.575306;;;MOVEMENT_DIRECTION;R
VAL;2026-09-18 10:48:21.575306;;;OUTCOME;Rewarded
VAL;2026-09-18 10:48:21.575306;;;GAIN_MULT;3.0
VAL;2026-09-18 10:48:21.575306;;;THRESHOLD_CROSSING_TIME;13.793492721939087
stdout;2026-09-18 10:48:21.575306;;;Trial 5: held 0.10s (broke 0x), Rewarded, gain=3.00x;
stdout;2026-09-18 10:48:21.575306;;;|
|;
VAL;2026-09-18 10:48:21.727619;;;TRIAL_INIT_START;14.55236268043518
VAL;2026-09-18 10:48:21.760373;;;WHEEL_POS;14.585,8.80
VAL;2026-09-18 10:48:21.776002;;;WHEEL_POS;14.601,8.80
VAL;2026-09-18 10:48:21.807256;;;WHEEL_POS;14.632,8.80
VAL;2026-09-18 10:48:21.838508;;;WHEEL_POS;14.663,8.80
VAL;2026-09-18 10:48:21.877685;;;WHEEL_POS;14.702,8.80
VAL;2026-09-18 10:48:21.908938;;;WHEEL_POS;14.734,8.80
VAL;2026-09-18 10:48:21.924563;;;TRIAL_START;14.733681201934814
VAL;2026-09-18 10:48:21.924563;;;QUIESCENCE_BREAKS;0
TRIAL;2026-09-18 10:48:21.976482;;;New trial;
VAL;2026-09-18 10:48:21.992108;;;WHEEL_POS;14.817,0.00
VAL;2026-09-18 10:48:22.007733;;;WHEEL_POS;14.832,0.00
VAL;2026-09-18 10:48:22.023361;;;WHEEL_POS;14.848,0.00
VAL;2026-09-18 10:48:22.054613;;;WHEEL_POS;14.879,0.00
VAL;2026-09-18 10:48:22.078592;;;WHEEL_POS;14.903,0.00
VAL;2026-09-18 10:48:22.109843;;;WHEEL_POS;14.935,0.00
VAL;2026-09-18 10:48:22.125470;;;WHEEL_POS;14.950,0.00
VAL;2026-09-18 10:48:22.161231;;;WHEEL_POS;14.986,0.00
VAL;2026-09-18 10:48:22.176862;;;WHEEL_POS;15.002,0.00
VAL;2026-09-18 10:48:22.192494;;;WHEEL_POS;15.017,0.00
VAL;2026-09-18 10:48:22.223738;;;WHEEL_POS;15.048,0.00
VAL;2026-09-18 10:48:22.239365;;;WHEEL_POS;15.064,0.00
VAL;2026-09-18 10:48:22.277643;;;WHEEL_POS;15.102,0.00
VAL;2026-09-18 10:48:22.308892;;;WHEEL_POS;15.134,0.00
VAL;2026-09-18 10:48:22.324518;;;WHEEL_POS;15.149,0.00
VAL;2026-09-18 10:48:22.361778;;;WHEEL_POS;15.187,0.00
VAL;2026-09-18 10:48:22.377409;;;WHEEL_POS;15.202,0.00
VAL;2026-09-18 10:48:22.408665;;;WHEEL_POS;15.233,0.00
VAL;2026-09-18 10:48:22.439913;;;WHEEL_POS;15.265,0.00
VAL;2026-09-18 10:48:22.455538;;;WHEEL_POS;15.280,0.00
VAL;2026-09-18 10:48:22.484702;;;WHEEL_POS;15.309,0.00
VAL;2026-09-18 10:48:22.515952;;;WHEEL_POS;15.341,0.00
VAL;2026-09-18 10:48:22.562228;;;WHEEL_POS;15.387,0.00
VAL;2026-09-18 10:48:22.593494;;;WHEEL_POS;15.418,0.00
VAL;2026-09-18 10:48:22.609110;;;WHEEL_POS;15.434,0.00
VAL;2026-09-18 10:48:22.640362;;;WHEEL_POS;15.465,-1.10
EVENT;2026-09-18 10:48:22.652688;0.6678000000000001;;0;RotaryEncoder1_1
TRANSITION;2026-09-18 10:48:22.652688;0.6678000000000001;;Reward;
VAL;2026-09-18 10:48:22.668743;;;WHEEL_POS;15.493,-2.50
VAL;2026-09-18 10:48:22.684374;;;WHEEL_POS;15.509,-3.90
EVENT;2026-09-18 10:48:22.700000;0.7166;;158;Tup
TRANSITION;2026-09-18 10:48:22.700000;0.7166;;ITI;
VAL;2026-09-18 10:48:22.715626;;;WHEEL_POS;15.540,-5.60
VAL;2026-09-18 10:48:22.746878;;;WHEEL_POS;15.572,-6.30
VAL;2026-09-18 10:48:22.778012;;;WHEEL_POS;15.603,-7.00
VAL;2026-09-18 10:48:22.809265;;;WHEEL_POS;15.634,-7.00
VAL;2026-09-18 10:48:22.840518;;;WHEEL_POS;15.665,-7.00
VAL;2026-09-18 10:48:22.873585;;;WHEEL_POS;15.698,-7.00
VAL;2026-09-18 10:48:22.889213;;;WHEEL_POS;15.714,-7.00
VAL;2026-09-18 10:48:22.920465;;;WHEEL_POS;15.745,-7.00
VAL;2026-09-18 10:48:22.951717;;;WHEEL_POS;15.776,-7.00
VAL;2026-09-18 10:48:22.978351;;;WHEEL_POS;15.803,-7.00
VAL;2026-09-18 10:48:23.009603;;;WHEEL_POS;15.834,-6.70
VAL;2026-09-18 10:48:23.040856;;;WHEEL_POS;15.866,-6.70
VAL;2026-09-18 10:48:23.062995;;;WHEEL_POS;15.888,-6.70
VAL;2026-09-18 10:48:23.091462;;;WHEEL_POS;15.916,-6.30
VAL;2026-09-18 10:48:23.122713;;;WHEEL_POS;15.947,-6.30
VAL;2026-09-18 10:48:23.138340;;;WHEEL_POS;15.963,-6.30
VAL;2026-09-18 10:48:23.178600;;;WHEEL_POS;16.003,-6.30
EVENT;2026-09-18 10:48:23.194226;1.2166000000000001;;158;Tup
END-TRIAL;2026-09-18 10:48:23.194226;;;The trial ended;
INFO;2026-09-18 10:48:23.194226;19.275731;20.492334;TRIAL-BPOD-TIME;1.2166029999999992
STATE;2026-09-18 10:48:23.194226;0;0.6678000000000001;WheelPeriod;0.6678000000000001
STATE;2026-09-18 10:48:23.194226;0.6678000000000001;0.7166;Reward;0.048799999999999955
STATE;2026-09-18 10:48:23.194226;0.7166;1.2166000000000001;ITI;0.5000000000000001
STATE;2026-09-18 10:48:23.194226;nan;nan;NoMovement;nan
VAL;2026-09-18 10:48:23.241109;;;TRIAL_TYPE;stage1
VAL;2026-09-18 10:48:23.241109;;;MOVEMENT_DIRECTION;L
VAL;2026-09-18 10:48:23.241109;;;OUTCOME;Rewarded
VAL;2026-09-18 10:48:23.241109;;;GAIN_MULT;3.0
VAL;2026-09-18 10:48:23.241109;;;THRESHOLD_CROSSING_TIME;15.469025423812866
stdout;2026-09-18 10:48:23.241109;;;Trial 6: held 0.10s (broke 0x), Rewarded, gain=3.00x;
stdout;2026-09-18 10:48:23.241109;;;|
|;
VAL;2026-09-18 10:48:23.397413;;;TRIAL_INIT_START;16.222156286239624
VAL;2026-09-18 10:48:23.428665;;;WHEEL_POS;16.253,-6.30
VAL;2026-09-18 10:48:23.444291;;;WHEEL_POS;16.269,-6.30
VAL;2026-09-18 10:48:23.479636;;;WHEEL_POS;16.304,-6.30
VAL;2026-09-18 10:48:23.495267;;;WHEEL_POS;16.320,-6.30
VAL;2026-09-18 10:48:23.526517;;;WHEEL_POS;16.351,-6.30
VAL;2026-09-18 10:48:23.557655;;;WHEEL_POS;16.382,-6.30
VAL;2026-09-18 10:48:23.579291;;;WHEEL_POS;16.404,-6.30
VAL;2026-09-18 10:48:23.594917;;;TRIAL_START;16.40403413772583
VAL;2026-09-18 10:48:23.594917;;;QUIESCENCE_BREAKS;0
TRIAL;2026-09-18 10:48:23.679808;;;New trial;
VAL;2026-09-18 10:48:23.679808;;;WHEEL_POS;16.505,0.00
VAL;2026-09-18 10:48:23.711063;;;WHEEL_POS;16.536,0.00
VAL;2026-09-18 10:48:23.740695;;;WHEEL_POS;16.565,0.00
VAL;2026-09-18 10:48:23.756320;;;WHEEL_POS;16.581,0.00
VAL;2026-09-18 10:48:23.779016;;;WHEEL_POS;16.604,0.00
VAL;2026-09-18 10:48:23.810272;;;WHEEL_POS;16.635,0.00
VAL;2026-09-18 10:48:23.840907;;;WHEEL_POS;16.666,0.00
VAL;2026-09-18 10:48:23.882404;;;WHEEL_POS;16.707,0.00
VAL;2026-09-18 10:48:23.913659;;;WHEEL_POS;16.738,0.00
VAL;2026-09-18 10:48:23.929284;;;WHEEL_POS;16.754,0.00
VAL;2026-09-18 10:48:23.964053;;;WHEEL_POS;16.789,0.00
VAL;2026-09-18 10:48:23.979683;;;WHEEL_POS;16.804,0.00
VAL;2026-09-18 10:48:23.995308;;;WHEEL_POS;16.820,0.00
VAL;2026-09-18 10:48:24.026563;;;WHEEL_POS;16.851,0.00
VAL;2026-09-18 10:48:24.057813;;;WHEEL_POS;16.883,0.00
VAL;2026-09-18 10:48:24.083263;;;WHEEL_POS;16.908,0.00
VAL;2026-09-18 10:48:24.098897;;;WHEEL_POS;16.924,0.00
VAL;2026-09-18 10:48:24.130144;;;WHEEL_POS;16.955,0.00
VAL;2026-09-18 10:48:24.164401;;;WHEEL_POS;16.989,0.00
VAL;2026-09-18 10:48:24.195656;;;WHEEL_POS;17.020,0.00
VAL;2026-09-18 10:48:24.211282;;;WHEEL_POS;17.036,0.00
VAL;2026-09-18 10:48:24.242538;;;WHEEL_POS;17.067,0.00
VAL;2026-09-18 10:48:24.284168;;;WHEEL_POS;17.109,0.00
VAL;2026-09-18 10:48:24.299801;;;WHEEL_POS;17.125,0.00
VAL;2026-09-18 10:48:24.331048;;;WHEEL_POS;17.156,0.00
VAL;2026-09-18 10:48:24.364818;;;WHEEL_POS;17.190,-0.70
VAL;2026-09-18 10:48:24.380448;;;WHEEL_POS;17.205,-1.40
EVENT;2026-09-18 10:48:24.380448;0.7002;;0;RotaryEncoder1_1
TRANSITION;2026-09-18 10:48:24.380448;0.7002;;Reward;
VAL;2026-09-18 10:48:24.411700;;;WHEEL_POS;17.236,-3.50
VAL;2026-09-18 10:48:24.427327;;;WHEEL_POS;17.252,-5.30
EVENT;2026-09-18 10:48:24.427327;0.749;;158;Tup
TRANSITION;2026-09-18 10:48:24.427327;0.749;;ITI;
VAL;2026-09-18 10:48:24.458577;;;WHEEL_POS;17.283,-10.90
VAL;2026-09-18 10:48:24.484552;;;WHEEL_POS;17.309,-15.10
VAL;2026-09-18 10:48:24.500180;;;WHEEL_POS;17.325,-17.90
VAL;2026-09-18 10:48:24.531433;;;WHEEL_POS;17.356,-18.60
VAL;2026-09-18 10:48:24.558568;;;WHEEL_POS;17.383,-16.90
VAL;2026-09-18 10:48:24.580702;;;WHEEL_POS;17.405,-14.80
VAL;2026-09-18 10:48:24.596328;;;WHEEL_POS;17.421,-13.70
VAL;2026-09-18 10:48:24.627580;;;WHEEL_POS;17.452,-13.00
VAL;2026-09-18 10:48:24.643206;;;WHEEL_POS;17.468,-13.00
VAL;2026-09-18 10:48:24.665072;;;WHEEL_POS;17.490,-13.40
VAL;2026-09-18 10:48:24.700865;;;WHEEL_POS;17.526,-13.70
VAL;2026-09-18 10:48:24.732119;;;WHEEL_POS;17.557,-13.70
VAL;2026-09-18 10:48:24.765374;;;WHEEL_POS;17.590,-13.70
VAL;2026-09-18 10:48:24.781003;;;WHEEL_POS;17.606,-13.70
VAL;2026-09-18 10:48:24.812255;;;WHEEL_POS;17.637,-13.40
VAL;2026-09-18 10:48:24.843508;;;WHEEL_POS;17.668,-13.40
VAL;2026-09-18 10:48:24.886086;;;WHEEL_POS;17.711,-13.40
VAL;2026-09-18 10:48:24.917340;;;WHEEL_POS;17.742,-13.40
EVENT;2026-09-18 10:48:24.932966;1.249;;158;Tup
END-TRIAL;2026-09-18 10:48:24.932966;;;The trial ended;
INFO;2026-09-18 10:48:24.932966;20.976731;22.225734;TRIAL-BPOD-TIME;1.2490029999999983
STATE;2026-09-18 10:48:24.932966;0;0.7002;WheelPeriod;0.7002
STATE;2026-09-18 10:48:24.932966;0.7002;0.749;Reward;0.048799999999999955
STATE;2026-09-18 10:48:24.932966;0.749;1.249;ITI;0.5000000000000001
STATE;2026-09-18 10:48:24.932966;nan;nan;NoMovement;nan
VAL;2026-09-18 10:48:25.028245;;;TRIAL_TYPE;stage1
VAL;2026-09-18 10:48:25.028245;;;MOVEMENT_DIRECTION;L
VAL;2026-09-18 10:48:25.028245;;;OUTCOME;Rewarded
VAL;2026-09-18 10:48:25.028245;;;GAIN_MULT;3.0
VAL;2026-09-18 10:48:25.028245;;;THRESHOLD_CROSSING_TIME;17.20475117225647
stdout;2026-09-18 10:48:25.028245;;;Trial 7: held 0.10s (broke 0x), Rewarded, gain=3.00x;
stdout;2026-09-18 10:48:25.028245;;;|
|;
VAL;2026-09-18 10:48:25.188894;;;TRIAL_INIT_START;18.013638257980347
VAL;2026-09-18 10:48:25.220147;;;WHEEL_POS;18.045,-13.40
VAL;2026-09-18 10:48:25.251399;;;WHEEL_POS;18.076,-13.40
VAL;2026-09-18 10:48:25.286544;;;WHEEL_POS;18.111,-13.40
VAL;2026-09-18 10:48:25.305040;;;WHEEL_POS;18.130,-13.40
VAL;2026-09-18 10:48:25.320671;;;WHEEL_POS;18.145,-13.40
VAL;2026-09-18 10:48:25.336297;;;WHEEL_POS;18.161,-13.40
VAL;2026-09-18 10:48:25.351929;;;TRIAL_START;18.161040544509888
VAL;2026-09-18 10:48:25.351929;;;QUIESCENCE_BREAKS;0
TRIAL;2026-09-18 10:48:25.413322;;;New trial;
VAL;2026-09-18 10:48:25.413322;;;WHEEL_POS;18.238,0.00
VAL;2026-09-18 10:48:25.444574;;;WHEEL_POS;18.269,0.00
VAL;2026-09-18 10:48:25.482333;;;WHEEL_POS;18.307,0.00
VAL;2026-09-18 10:48:25.521421;;;WHEEL_POS;18.346,0.00
VAL;2026-09-18 10:48:25.558699;;;WHEEL_POS;18.383,0.00
VAL;2026-09-18 10:48:25.597961;;;WHEEL_POS;18.423,0.00
VAL;2026-09-18 10:48:25.613586;;;WHEEL_POS;18.438,0.00
VAL;2026-09-18 10:48:25.644837;;;WHEEL_POS;18.470,0.00
VAL;2026-09-18 10:48:25.666860;;;WHEEL_POS;18.492,0.00
VAL;2026-09-18 10:48:25.698120;;;WHEEL_POS;18.523,0.00
VAL;2026-09-18 10:48:25.721754;;;WHEEL_POS;18.546,0.00
VAL;2026-09-18 10:48:25.737385;;;WHEEL_POS;18.562,0.00
VAL;2026-09-18 10:48:25.782643;;;WHEEL_POS;18.607,0.00
VAL;2026-09-18 10:48:25.798269;;;WHEEL_POS;18.623,0.00
VAL;2026-09-18 10:48:25.829524;;;WHEEL_POS;18.654,0.00
VAL;2026-09-18 10:48:25.860774;;;WHEEL_POS;18.686,0.00
VAL;2026-09-18 10:48:25.882908;;;WHEEL_POS;18.708,0.00
VAL;2026-09-18 10:48:25.923233;;;WHEEL_POS;18.748,0.00
VAL;2026-09-18 10:48:25.967491;;;WHEEL_POS;18.792,0.00
VAL;2026-09-18 10:48:25.983124;;;WHEEL_POS;18.808,0.00
VAL;2026-09-18 10:48:26.014376;;;WHEEL_POS;18.839,0.00
VAL;2026-09-18 10:48:26.045633;;;WHEEL_POS;18.870,0.00
VAL;2026-09-18 10:48:26.083389;;;WHEEL_POS;18.908,0.00
VAL;2026-09-18 10:48:26.124437;;;WHEEL_POS;18.949,0.00
VAL;2026-09-18 10:48:26.167698;;;WHEEL_POS;18.992,0.00
VAL;2026-09-18 10:48:26.183340;;;WHEEL_POS;19.008,0.00
VAL;2026-09-18 10:48:26.214582;;;WHEEL_POS;19.039,-0.40
VAL;2026-09-18 10:48:26.245842;;;WHEEL_POS;19.071,-0.40
VAL;2026-09-18 10:48:26.299226;;;WHEEL_POS;19.124,-0.40
VAL;2026-09-18 10:48:26.325330;;;WHEEL_POS;19.150,-0.40
VAL;2026-09-18 10:48:26.368094;;;WHEEL_POS;19.193,-0.40
VAL;2026-09-18 10:48:26.399352;;;WHEEL_POS;19.224,-0.40
VAL;2026-09-18 10:48:26.430610;;;WHEEL_POS;19.255,-0.40
VAL;2026-09-18 10:48:26.461857;;;WHEEL_POS;19.287,-0.40
VAL;2026-09-18 10:48:26.483990;;;WHEEL_POS;19.309,-0.40
VAL;2026-09-18 10:48:26.524766;;;WHEEL_POS;19.350,-0.40
VAL;2026-09-18 10:48:26.540392;;;WHEEL_POS;19.365,-0.40
VAL;2026-09-18 10:48:26.568535;;;WHEEL_POS;19.393,-0.40
VAL;2026-09-18 10:48:26.599790;;;WHEEL_POS;19.425,0.00
VAL;2026-09-18 10:48:26.615417;;;WHEEL_POS;19.440,0.00
VAL;2026-09-18 10:48:26.655938;;;WHEEL_POS;19.481,0.00
VAL;2026-09-18 10:48:26.668443;;;WHEEL_POS;19.493,0.00
VAL;2026-09-18 10:48:26.710319;;;WHEEL_POS;19.535,0.00
VAL;2026-09-18 10:48:26.741573;;;WHEEL_POS;19.566,0.00
VAL;2026-09-18 10:48:26.784342;;;WHEEL_POS;19.609,0.40
VAL;2026-09-18 10:48:26.831224;;;WHEEL_POS;19.656,0.40
VAL;2026-09-18 10:48:26.846845;;;WHEEL_POS;19.672,0.40
VAL;2026-09-18 10:48:26.862471;;;WHEEL_POS;19.687,0.40
VAL;2026-09-18 10:48:26.884604;;;WHEEL_POS;19.709,0.40
VAL;2026-09-18 10:48:26.929989;;;WHEEL_POS;19.755,0.40
VAL;2026-09-18 10:48:26.961241;;;WHEEL_POS;19.786,0.40
VAL;2026-09-18 10:48:26.984879;;;WHEEL_POS;19.810,0.40
VAL;2026-09-18 10:48:27.016129;;;WHEEL_POS;19.841,0.40
VAL;2026-09-18 10:48:27.047392;;;WHEEL_POS;19.872,0.40
VAL;2026-09-18 10:48:27.085138;;;WHEEL_POS;19.910,0.40
VAL;2026-09-18 10:48:27.131162;;;WHEEL_POS;19.956,0.40
VAL;2026-09-18 10:48:27.169427;;;WHEEL_POS;19.994,0.40
VAL;2026-09-18 10:48:27.200687;;;WHEEL_POS;20.025,0.40
VAL;2026-09-18 10:48:27.216313;;;WHEEL_POS;20.041,0.40
VAL;2026-09-18 10:48:27.247566;;;WHEEL_POS;20.072,0.40
VAL;2026-09-18 10:48:27.300955;;;WHEEL_POS;20.126,0.40
VAL;2026-09-18 10:48:27.316300;;;WHEEL_POS;20.141,0.70
VAL;2026-09-18 10:48:27.347554;;;WHEEL_POS;20.172,1.10
VAL;2026-09-18 10:48:27.385324;;;WHEEL_POS;20.210,1.40
EVENT;2026-09-18 10:48:27.385324;1.9733;;1;RotaryEncoder1_2
TRANSITION;2026-09-18 10:48:27.385324;1.9733;;Reward;
VAL;2026-09-18 10:48:27.416573;;;WHEEL_POS;20.241,2.10
EVENT;2026-09-18 10:48:27.432199;2.0221;;158;Tup
TRANSITION;2026-09-18 10:48:27.432199;2.0221;;ITI;
VAL;2026-09-18 10:48:27.447825;;;WHEEL_POS;20.273,2.80
VAL;2026-09-18 10:48:27.469956;;;WHEEL_POS;20.295,3.20
VAL;2026-09-18 10:48:27.485585;;;WHEEL_POS;20.310,3.20
VAL;2026-09-18 10:48:27.518088;;;WHEEL_POS;20.343,3.50
VAL;2026-09-18 10:48:27.533717;;;WHEEL_POS;20.358,3.50
VAL;2026-09-18 10:48:27.551384;;;WHEEL_POS;20.376,3.50
VAL;2026-09-18 10:48:27.570016;;;WHEEL_POS;20.395,3.50
VAL;2026-09-18 10:48:27.585645;;;WHEEL_POS;20.410,3.50
VAL;2026-09-18 10:48:27.616897;;;WHEEL_POS;20.442,3.50
VAL;2026-09-18 10:48:27.632524;;;WHEEL_POS;20.457,3.50
VAL;2026-09-18 10:48:27.670169;;;WHEEL_POS;20.495,3.50
VAL;2026-09-18 10:48:27.701424;;;WHEEL_POS;20.526,3.50
VAL;2026-09-18 10:48:27.739854;;;WHEEL_POS;20.565,3.50
VAL;2026-09-18 10:48:27.755481;;;WHEEL_POS;20.580,3.50
VAL;2026-09-18 10:48:27.786117;;;WHEEL_POS;20.611,3.50
VAL;2026-09-18 10:48:27.817368;;;WHEEL_POS;20.642,3.50
VAL;2026-09-18 10:48:27.841004;;;WHEEL_POS;20.666,3.50
VAL;2026-09-18 10:48:27.886280;;;WHEEL_POS;20.711,3.50
VAL;2026-09-18 10:48:27.919866;;;WHEEL_POS;20.745,3.50
EVENT;2026-09-18 10:48:27.935498;2.5221;;158;Tup
END-TRIAL;2026-09-18 10:48:27.935498;;;The trial ended;
INFO;2026-09-18 10:48:27.935498;22.706731;25.228834;TRIAL-BPOD-TIME;2.5221029999999978
STATE;2026-09-18 10:48:27.935498;0;1.9733;WheelPeriod;1.9733
STATE;2026-09-18 10:48:27.935498;1.9733;2.0221;Reward;0.048799999999999955
STATE;2026-09-18 10:48:27.935498;2.0221;2.5221;ITI;0.5
STATE;2026-09-18 10:48:27.935498;nan;nan;NoMovement;nan
VAL;2026-09-18 10:48:27.935498;;;WHEEL_POS;20.760,3.50
VAL;2026-09-18 10:48:28.002010;;;TRIAL_TYPE;stage1
VAL;2026-09-18 10:48:28.002010;;;MOVEMENT_DIRECTION;R
VAL;2026-09-18 10:48:28.002010;;;OUTCOME;Rewarded
VAL;2026-09-18 10:48:28.002010;;;GAIN_MULT;3.0
VAL;2026-09-18 10:48:28.002010;;;THRESHOLD_CROSSING_TIME;20.19574191169739
stdout;2026-09-18 10:48:28.002010;;;Trial 8: held 0.10s (broke 0x), Rewarded, gain=3.00x;
stdout;2026-09-18 10:48:28.002010;;;|
|;
VAL;2026-09-18 10:48:28.186784;;;TRIAL_INIT_START;21.01152777671814
VAL;2026-09-18 10:48:28.218032;;;WHEEL_POS;21.043,3.50
VAL;2026-09-18 10:48:28.249284;;;WHEEL_POS;21.074,3.50
VAL;2026-09-18 10:48:28.287051;;;WHEEL_POS;21.112,3.50
VAL;2026-09-18 10:48:28.321842;;;WHEEL_POS;21.147,3.50
VAL;2026-09-18 10:48:28.337473;;;WHEEL_POS;21.162,3.50
VAL;2026-09-18 10:48:28.353099;;;TRIAL_START;21.162216663360596
VAL;2026-09-18 10:48:28.353099;;;QUIESCENCE_BREAKS;0
TRIAL;2026-09-18 10:48:28.386895;;;New trial;
VAL;2026-09-18 10:48:28.386895;;;WHEEL_POS;21.212,0.00
VAL;2026-09-18 10:48:28.418142;;;WHEEL_POS;21.243,0.00
VAL;2026-09-18 10:48:28.449394;;;WHEEL_POS;21.274,0.00
VAL;2026-09-18 10:48:28.487152;;;WHEEL_POS;21.312,0.00
VAL;2026-09-18 10:48:28.522219;;;WHEEL_POS;21.347,0.00
VAL;2026-09-18 10:48:28.537847;;;WHEEL_POS;21.363,0.00
VAL;2026-09-18 10:48:28.571529;;;WHEEL_POS;21.396,0.00
VAL;2026-09-18 10:48:28.587159;;;WHEEL_POS;21.412,0.00
VAL;2026-09-18 10:48:28.618411;;;WHEEL_POS;21.443,0.00
VAL;2026-09-18 10:48:28.649662;;;WHEEL_POS;21.474,0.00
VAL;2026-09-18 10:48:28.671678;;;WHEEL_POS;21.496,0.00
VAL;2026-09-18 10:48:28.687310;;;WHEEL_POS;21.512,0.00
VAL;2026-09-18 10:48:28.722566;;;WHEEL_POS;21.547,0.00
VAL;2026-09-18 10:48:28.738196;;;WHEEL_POS;21.563,0.00
VAL;2026-09-18 10:48:28.771986;;;WHEEL_POS;21.597,0.00
VAL;2026-09-18 10:48:28.795947;;;WHEEL_POS;21.621,0.00
VAL;2026-09-18 10:48:28.811572;;;WHEEL_POS;21.636,0.00
VAL;2026-09-18 10:48:28.842828;;;WHEEL_POS;21.668,0.00
VAL;2026-09-18 10:48:28.903223;;;WHEEL_POS;21.728,0.00
VAL;2026-09-18 10:48:28.922843;;;WHEEL_POS;21.748,0.00
VAL;2026-09-18 10:48:28.938473;;;WHEEL_POS;21.763,0.00
VAL;2026-09-18 10:48:28.972239;;;WHEEL_POS;21.797,0.00
VAL;2026-09-18 10:48:28.987874;;;WHEEL_POS;21.813,0.00
VAL;2026-09-18 10:48:29.003501;;;WHEEL_POS;21.828,0.00
VAL;2026-09-18 10:48:29.034758;;;WHEEL_POS;21.860,0.00
VAL;2026-09-18 10:48:29.066005;;;WHEEL_POS;21.891,0.00
VAL;2026-09-18 10:48:29.088138;;;WHEEL_POS;21.913,0.40
VAL;2026-09-18 10:48:29.123737;;;WHEEL_POS;21.948,0.40
VAL;2026-09-18 10:48:29.154993;;;WHEEL_POS;21.980,0.40
VAL;2026-09-18 10:48:29.172622;;;WHEEL_POS;21.997,0.40
VAL;2026-09-18 10:48:29.188251;;;WHEEL_POS;22.013,0.40
VAL;2026-09-18 10:48:29.219506;;;WHEEL_POS;22.044,0.40
VAL;2026-09-18 10:48:29.250754;;;WHEEL_POS;22.075,0.40
VAL;2026-09-18 10:48:29.266381;;;WHEEL_POS;22.091,0.40
VAL;2026-09-18 10:48:29.288515;;;WHEEL_POS;22.113,0.40
VAL;2026-09-18 10:48:29.324605;;;WHEEL_POS;22.149,0.40
VAL;2026-09-18 10:48:29.340234;;;WHEEL_POS;22.165,0.40
VAL;2026-09-18 10:48:29.372991;;;WHEEL_POS;22.198,0.40
VAL;2026-09-18 10:48:29.388619;;;WHEEL_POS;22.213,0.40
VAL;2026-09-18 10:48:29.419871;;;WHEEL_POS;22.245,0.40
VAL;2026-09-18 10:48:29.435503;;;WHEEL_POS;22.260,0.00
VAL;2026-09-18 10:48:29.466750;;;WHEEL_POS;22.291,-0.40
VAL;2026-09-18 10:48:29.488883;;;WHEEL_POS;22.314,-0.70
VAL;2026-09-18 10:48:29.525150;;;WHEEL_POS;22.350,-1.40
EVENT;2026-09-18 10:48:29.525150;1.1429;;0;RotaryEncoder1_1
TRANSITION;2026-09-18 10:48:29.525150;1.1429;;Reward;
VAL;2026-09-18 10:48:29.540778;;;WHEEL_POS;22.366,-1.80
VAL;2026-09-18 10:48:29.573463;;;WHEEL_POS;22.398,-1.80
EVENT;2026-09-18 10:48:29.573463;1.1917;;158;Tup
TRANSITION;2026-09-18 10:48:29.573463;1.1917;;ITI;
VAL;2026-09-18 10:48:29.589093;;;WHEEL_POS;22.414,-2.10
VAL;2026-09-18 10:48:29.620346;;;WHEEL_POS;22.445,-2.50
VAL;2026-09-18 10:48:29.656418;;;WHEEL_POS;22.481,-2.50
VAL;2026-09-18 10:48:29.673554;;;WHEEL_POS;22.498,-2.50
VAL;2026-09-18 10:48:29.704810;;;WHEEL_POS;22.530,-2.50
VAL;2026-09-18 10:48:29.725474;;;WHEEL_POS;22.550,-2.50
VAL;2026-09-18 10:48:29.741103;;;WHEEL_POS;22.566,-2.50
VAL;2026-09-18 10:48:29.773859;;;WHEEL_POS;22.599,-2.50
VAL;2026-09-18 10:48:29.805115;;;WHEEL_POS;22.630,-2.50
VAL;2026-09-18 10:48:29.836367;;;WHEEL_POS;22.661,-2.10
VAL;2026-09-18 10:48:29.867618;;;WHEEL_POS;22.692,-1.80
VAL;2026-09-18 10:48:29.889752;;;WHEEL_POS;22.714,-1.80
VAL;2026-09-18 10:48:29.905378;;;WHEEL_POS;22.730,-1.80
VAL;2026-09-18 10:48:29.941447;;;WHEEL_POS;22.766,-1.80
VAL;2026-09-18 10:48:29.974201;;;WHEEL_POS;22.799,-1.80
VAL;2026-09-18 10:48:30.005457;;;WHEEL_POS;22.830,-1.80
VAL;2026-09-18 10:48:30.036707;;;WHEEL_POS;22.861,-1.80
VAL;2026-09-18 10:48:30.052334;;;WHEEL_POS;22.877,-1.80
EVENT;2026-09-18 10:48:30.074465;1.6917;;158;Tup
END-TRIAL;2026-09-18 10:48:30.074465;;;The trial ended;
INFO;2026-09-18 10:48:30.074465;25.682631;27.374334;TRIAL-BPOD-TIME;1.6917030000000004
STATE;2026-09-18 10:48:30.074465;0;1.1429;WheelPeriod;1.1429
STATE;2026-09-18 10:48:30.074465;1.1429;1.1917;Reward;0.048799999999999955
STATE;2026-09-18 10:48:30.074465;1.1917;1.6917;ITI;0.5
STATE;2026-09-18 10:48:30.074465;nan;nan;NoMovement;nan
VAL;2026-09-18 10:48:30.126998;;;TRIAL_TYPE;stage1
VAL;2026-09-18 10:48:30.126998;;;MOVEMENT_DIRECTION;L
VAL;2026-09-18 10:48:30.126998;;;OUTCOME;Rewarded
VAL;2026-09-18 10:48:30.126998;;;GAIN_MULT;3.0
VAL;2026-09-18 10:48:30.126998;;;THRESHOLD_CROSSING_TIME;22.33889986076355
stdout;2026-09-18 10:48:30.126998;;;Trial 9: held 0.10s (broke 0x), Rewarded, gain=3.00x;
stdout;2026-09-18 10:48:30.126998;;;|
|;
VAL;2026-09-18 10:48:30.290815;;;TRIAL_INIT_START;23.115558862686157
VAL;2026-09-18 10:48:30.306441;;;WHEEL_POS;23.131,-1.80
VAL;2026-09-18 10:48:30.343675;;;WHEEL_POS;23.168,-1.80
VAL;2026-09-18 10:48:30.375429;;;WHEEL_POS;23.200,-1.80
VAL;2026-09-18 10:48:30.391057;;;WHEEL_POS;23.216,-1.80
VAL;2026-09-18 10:48:30.422310;;;WHEEL_POS;23.247,-1.80
VAL;2026-09-18 10:48:30.453563;;;WHEEL_POS;23.278,-1.80
VAL;2026-09-18 10:48:30.475708;;;TRIAL_START;23.278306245803833
VAL;2026-09-18 10:48:30.475708;;;QUIESCENCE_BREAKS;0
TRIAL;2026-09-18 10:48:30.553731;;;New trial;
VAL;2026-09-18 10:48:30.553731;;;WHEEL_POS;23.378,0.00
VAL;2026-09-18 10:48:30.591493;;;WHEEL_POS;23.416,0.00
VAL;2026-09-18 10:48:30.622747;;;WHEEL_POS;23.447,0.00
VAL;2026-09-18 10:48:30.638372;;;WHEEL_POS;23.463,0.00
VAL;2026-09-18 10:48:30.675914;;;WHEEL_POS;23.501,0.00
VAL;2026-09-18 10:48:30.691543;;;WHEEL_POS;23.516,0.00
VAL;2026-09-18 10:48:30.727835;;;WHEEL_POS;23.553,0.00
VAL;2026-09-18 10:48:30.744478;;;WHEEL_POS;23.569,0.00
VAL;2026-09-18 10:48:30.776222;;;WHEEL_POS;23.601,0.00
VAL;2026-09-18 10:48:30.791850;;;WHEEL_POS;23.617,0.00
VAL;2026-09-18 10:48:30.807480;;;WHEEL_POS;23.632,0.00
VAL;2026-09-18 10:48:30.838730;;;WHEEL_POS;23.663,0.00
VAL;2026-09-18 10:48:30.854355;;;WHEEL_POS;23.679,0.00
VAL;2026-09-18 10:48:30.892125;;;WHEEL_POS;23.717,0.00
VAL;2026-09-18 10:48:30.928204;;;WHEEL_POS;23.753,0.00
VAL;2026-09-18 10:48:30.944835;;;WHEEL_POS;23.770,0.00
VAL;2026-09-18 10:48:30.960469;;;WHEEL_POS;23.785,0.00
VAL;2026-09-18 10:48:30.992227;;;WHEEL_POS;23.817,0.00
VAL;2026-09-18 10:48:31.023483;;;WHEEL_POS;23.848,0.00
VAL;2026-09-18 10:48:31.054731;;;WHEEL_POS;23.879,0.00
VAL;2026-09-18 10:48:31.076866;;;WHEEL_POS;23.902,0.00
VAL;2026-09-18 10:48:31.108123;;;WHEEL_POS;23.933,0.00
VAL;2026-09-18 10:48:31.145705;;;WHEEL_POS;23.970,0.00
VAL;2026-09-18 10:48:31.161333;;;WHEEL_POS;23.986,0.00
VAL;2026-09-18 10:48:31.192474;;;WHEEL_POS;24.017,0.00
VAL;2026-09-18 10:48:31.223732;;;WHEEL_POS;24.048,0.00
VAL;2026-09-18 10:48:31.254977;;;WHEEL_POS;24.080,0.00
VAL;2026-09-18 10:48:31.270606;;;WHEEL_POS;24.095,0.00
VAL;2026-09-18 10:48:31.292745;;;WHEEL_POS;24.117,0.00
VAL;2026-09-18 10:48:31.329827;;;WHEEL_POS;24.155,0.00
VAL;2026-09-18 10:48:31.346459;;;WHEEL_POS;24.171,0.00
VAL;2026-09-18 10:48:31.392736;;;WHEEL_POS;24.217,0.00
VAL;2026-09-18 10:48:31.408362;;;WHEEL_POS;24.233,0.00
VAL;2026-09-18 10:48:31.439619;;;WHEEL_POS;24.264,0.00
VAL;2026-09-18 10:48:31.470866;;;WHEEL_POS;24.296,0.00
VAL;2026-09-18 10:48:31.493000;;;WHEEL_POS;24.318,0.00
VAL;2026-09-18 10:48:31.524252;;;WHEEL_POS;24.349,0.00
VAL;2026-09-18 10:48:31.547218;;;WHEEL_POS;24.372,0.00
VAL;2026-09-18 10:48:31.570392;;;WHEEL_POS;24.395,0.00
VAL;2026-09-18 10:48:31.593030;;;WHEEL_POS;24.418,0.00
VAL;2026-09-18 10:48:31.624278;;;WHEEL_POS;24.449,0.00
VAL;2026-09-18 10:48:31.659124;;;WHEEL_POS;24.484,0.00
VAL;2026-09-18 10:48:31.677256;;;WHEEL_POS;24.502,0.00
VAL;2026-09-18 10:48:31.692885;;;WHEEL_POS;24.518,0.00
VAL;2026-09-18 10:48:31.708511;;;WHEEL_POS;24.533,0.00
VAL;2026-09-18 10:48:31.747597;;;WHEEL_POS;24.572,0.00
VAL;2026-09-18 10:48:31.808490;;;WHEEL_POS;24.633,0.00
VAL;2026-09-18 10:48:31.825613;;;WHEEL_POS;24.650,0.00
VAL;2026-09-18 10:48:31.841242;;;WHEEL_POS;24.666,0.00
VAL;2026-09-18 10:48:31.877511;;;WHEEL_POS;24.702,0.00
VAL;2026-09-18 10:48:31.908768;;;WHEEL_POS;24.734,0.00
VAL;2026-09-18 10:48:31.924395;;;WHEEL_POS;24.749,0.00
VAL;2026-09-18 10:48:31.948404;;;WHEEL_POS;24.773,0.00
VAL;2026-09-18 10:48:31.993159;;;WHEEL_POS;24.818,0.00
VAL;2026-09-18 10:48:32.024418;;;WHEEL_POS;24.849,0.00
VAL;2026-09-18 10:48:32.055666;;;WHEEL_POS;24.880,0.00
VAL;2026-09-18 10:48:32.093436;;;WHEEL_POS;24.918,0.00
VAL;2026-09-18 10:48:32.124685;;;WHEEL_POS;24.949,0.00
VAL;2026-09-18 10:48:32.149203;;;WHEEL_POS;24.974,0.00
VAL;2026-09-18 10:48:32.193487;;;WHEEL_POS;25.018,0.00
VAL;2026-09-18 10:48:32.240367;;;WHEEL_POS;25.065,0.00
VAL;2026-09-18 10:48:32.271615;;;WHEEL_POS;25.096,0.00
VAL;2026-09-18 10:48:32.293756;;;WHEEL_POS;25.118,0.00
VAL;2026-09-18 10:48:32.333021;;;WHEEL_POS;25.158,0.00
VAL;2026-09-18 10:48:32.348652;;;WHEEL_POS;25.173,0.00
VAL;2026-09-18 10:48:32.393920;;;WHEEL_POS;25.219,0.00
VAL;2026-09-18 10:48:32.425174;;;WHEEL_POS;25.250,0.00
VAL;2026-09-18 10:48:32.456427;;;WHEEL_POS;25.281,0.00
VAL;2026-09-18 10:48:32.509816;;;WHEEL_POS;25.335,0.00
VAL;2026-09-18 10:48:32.544599;;;WHEEL_POS;25.369,0.00
VAL;2026-09-18 10:48:32.578752;;;WHEEL_POS;25.403,0.00
VAL;2026-09-18 10:48:32.594383;;;WHEEL_POS;25.419,0.00
VAL;2026-09-18 10:48:32.625633;;;WHEEL_POS;25.450,0.00
VAL;2026-09-18 10:48:32.659393;;;WHEEL_POS;25.484,0.00
VAL;2026-09-18 10:48:32.679032;;;WHEEL_POS;25.504,0.00
VAL;2026-09-18 10:48:32.694665;;;WHEEL_POS;25.519,0.00
VAL;2026-09-18 10:48:32.710297;;;WHEEL_POS;25.535,0.00
VAL;2026-09-18 10:48:32.743047;;;WHEEL_POS;25.568,0.00
VAL;2026-09-18 10:48:32.758680;;;WHEEL_POS;25.583,0.00
VAL;2026-09-18 10:48:32.794947;;;WHEEL_POS;25.620,0.00
VAL;2026-09-18 10:48:32.826192;;;WHEEL_POS;25.651,0.00
VAL;2026-09-18 10:48:32.857456;;;WHEEL_POS;25.682,0.00
VAL;2026-09-18 10:48:32.895210;;;WHEEL_POS;25.720,0.00
VAL;2026-09-18 10:48:32.926463;;;WHEEL_POS;25.751,0.00
VAL;2026-09-18 10:48:32.959612;;;WHEEL_POS;25.784,0.00
VAL;2026-09-18 10:48:32.995394;;;WHEEL_POS;25.820,0.00
VAL;2026-09-18 10:48:33.042276;;;WHEEL_POS;25.867,0.00
VAL;2026-09-18 10:48:33.057898;;;WHEEL_POS;25.883,0.00
VAL;2026-09-18 10:48:33.073524;;;WHEEL_POS;25.898,0.00
VAL;2026-09-18 10:48:33.095659;;;WHEEL_POS;25.920,0.00
VAL;2026-09-18 10:48:33.126916;;;WHEEL_POS;25.952,0.00
VAL;2026-09-18 10:48:33.160606;;;WHEEL_POS;25.985,0.00
VAL;2026-09-18 10:48:33.195882;;;WHEEL_POS;26.021,0.00
VAL;2026-09-18 10:48:33.211508;;;WHEEL_POS;26.036,0.00
VAL;2026-09-18 10:48:33.242765;;;WHEEL_POS;26.068,0.00
VAL;2026-09-18 10:48:33.274013;;;WHEEL_POS;26.099,0.00
VAL;2026-09-18 10:48:33.296149;;;WHEEL_POS;26.121,0.00
VAL;2026-09-18 10:48:33.327403;;;WHEEL_POS;26.152,0.00
VAL;2026-09-18 10:48:33.361342;;;WHEEL_POS;26.186,0.00
VAL;2026-09-18 10:48:33.396104;;;WHEEL_POS;26.221,0.00
VAL;2026-09-18 10:48:33.427354;;;WHEEL_POS;26.252,0.00
VAL;2026-09-18 10:48:33.458612;;;WHEEL_POS;26.283,0.00
VAL;2026-09-18 10:48:33.511997;;;WHEEL_POS;26.337,0.00
VAL;2026-09-18 10:48:33.527625;;;WHEEL_POS;26.352,0.00
VAL;2026-09-18 10:48:33.572245;;;WHEEL_POS;26.397,0.00
VAL;2026-09-18 10:48:33.596385;;;WHEEL_POS;26.421,0.00
VAL;2026-09-18 10:48:33.627636;;;WHEEL_POS;26.452,0.00
VAL;2026-09-18 10:48:33.643260;;;WHEEL_POS;26.468,0.00
VAL;2026-09-18 10:48:33.674410;;;WHEEL_POS;26.499,0.00
VAL;2026-09-18 10:48:33.696551;;;WHEEL_POS;26.521,0.00
VAL;2026-09-18 10:48:33.727806;;;WHEEL_POS;26.553,0.00
VAL;2026-09-18 10:48:33.778194;;;WHEEL_POS;26.603,0.00
VAL;2026-09-18 10:48:33.797846;;;WHEEL_POS;26.623,0.00
VAL;2026-09-18 10:48:33.813471;;;WHEEL_POS;26.638,0.00
VAL;2026-09-18 10:48:33.844728;;;WHEEL_POS;26.669,0.00
VAL;2026-09-18 10:48:33.875975;;;WHEEL_POS;26.701,0.00
VAL;2026-09-18 10:48:33.912741;;;WHEEL_POS;26.737,0.00
VAL;2026-09-18 10:48:33.928367;;;WHEEL_POS;26.753,0.00
VAL;2026-09-18 10:48:33.963455;;;WHEEL_POS;26.788,0.00
VAL;2026-09-18 10:48:33.997247;;;WHEEL_POS;26.822,0.00
VAL;2026-09-18 10:48:34.028500;;;WHEEL_POS;26.853,0.00
VAL;2026-09-18 10:48:34.059756;;;WHEEL_POS;26.884,0.00
VAL;2026-09-18 10:48:34.075378;;;WHEEL_POS;26.900,0.00
VAL;2026-09-18 10:48:34.113145;;;WHEEL_POS;26.938,0.00
VAL;2026-09-18 10:48:34.128766;;;WHEEL_POS;26.954,0.00
VAL;2026-09-18 10:48:34.163845;;;WHEEL_POS;26.989,0.00
VAL;2026-09-18 10:48:34.181988;;;WHEEL_POS;27.007,0.00
VAL;2026-09-18 10:48:34.197622;;;WHEEL_POS;27.022,0.00
VAL;2026-09-18 10:48:34.244504;;;WHEEL_POS;27.069,0.00
VAL;2026-09-18 10:48:34.260126;;;WHEEL_POS;27.085,0.00
VAL;2026-09-18 10:48:34.297885;;;WHEEL_POS;27.123,0.00
VAL;2026-09-18 10:48:34.313515;;;WHEEL_POS;27.138,0.00
VAL;2026-09-18 10:48:34.348618;;;WHEEL_POS;27.173,0.00
VAL;2026-09-18 10:48:34.382391;;;WHEEL_POS;27.207,0.00
VAL;2026-09-18 10:48:34.398022;;;WHEEL_POS;27.223,0.00
VAL;2026-09-18 10:48:34.444904;;;WHEEL_POS;27.270,0.00
VAL;2026-09-18 10:48:34.460527;;;WHEEL_POS;27.285,0.00
VAL;2026-09-18 10:48:34.498286;;;WHEEL_POS;27.323,0.00
VAL;2026-09-18 10:48:34.529543;;;WHEEL_POS;27.354,0.00
VAL;2026-09-18 10:48:34.582673;;;WHEEL_POS;27.407,0.00
VAL;2026-09-18 10:48:34.613932;;;WHEEL_POS;27.439,0.00
VAL;2026-09-18 10:48:34.629561;;;WHEEL_POS;27.454,0.00
VAL;2026-09-18 10:48:34.662329;;;WHEEL_POS;27.487,0.00
VAL;2026-09-18 10:48:34.714231;;;WHEEL_POS;27.539,0.00
VAL;2026-09-18 10:48:34.729855;;;WHEEL_POS;27.555,0.00
VAL;2026-09-18 10:48:34.781242;;;WHEEL_POS;27.606,0.00
VAL;2026-09-18 10:48:34.798885;;;WHEEL_POS;27.624,0.00
VAL;2026-09-18 10:48:34.814512;;;WHEEL_POS;27.639,0.00
VAL;2026-09-18 10:48:34.845768;;;WHEEL_POS;27.671,0.00
VAL;2026-09-18 10:48:34.877016;;;WHEEL_POS;27.702,0.00
VAL;2026-09-18 10:48:34.914781;;;WHEEL_POS;27.740,0.00
VAL;2026-09-18 10:48:34.930403;;;WHEEL_POS;27.755,0.00
VAL;2026-09-18 10:48:34.966483;;;WHEEL_POS;27.791,0.00
VAL;2026-09-18 10:48:34.999262;;;WHEEL_POS;27.824,0.00
VAL;2026-09-18 10:48:35.030506;;;WHEEL_POS;27.855,0.00
VAL;2026-09-18 10:48:35.061762;;;WHEEL_POS;27.887,0.00
VAL;2026-09-18 10:48:35.077384;;;WHEEL_POS;27.902,0.00
VAL;2026-09-18 10:48:35.099519;;;WHEEL_POS;27.924,0.00
VAL;2026-09-18 10:48:35.130771;;;WHEEL_POS;27.956,0.00
VAL;2026-09-18 10:48:35.151524;;;WHEEL_POS;27.976,0.00
VAL;2026-09-18 10:48:35.167153;;;WHEEL_POS;27.992,0.00
VAL;2026-09-18 10:48:35.199411;;;WHEEL_POS;28.024,0.00
VAL;2026-09-18 10:48:35.230664;;;WHEEL_POS;28.055,0.00
VAL;2026-09-18 10:48:35.246290;;;WHEEL_POS;28.071,0.00
VAL;2026-09-18 10:48:35.277542;;;WHEEL_POS;28.102,0.00
VAL;2026-09-18 10:48:35.299678;;;WHEEL_POS;28.124,0.00
VAL;2026-09-18 10:48:35.315307;;;WHEEL_POS;28.140,0.00
VAL;2026-09-18 10:48:35.351381;;;WHEEL_POS;28.176,0.00
VAL;2026-09-18 10:48:35.384154;;;WHEEL_POS;28.209,0.00
VAL;2026-09-18 10:48:35.399787;;;WHEEL_POS;28.225,0.00
VAL;2026-09-18 10:48:35.415412;;;WHEEL_POS;28.240,0.00
VAL;2026-09-18 10:48:35.446664;;;WHEEL_POS;28.271,0.00
VAL;2026-09-18 10:48:35.477917;;;WHEEL_POS;28.303,0.00
VAL;2026-09-18 10:48:35.500051;;;WHEEL_POS;28.325,0.00
VAL;2026-09-18 10:48:35.531304;;;WHEEL_POS;28.356,0.00
VAL;2026-09-18 10:48:35.584447;;;WHEEL_POS;28.409,0.00
VAL;2026-09-18 10:48:35.615706;;;WHEEL_POS;28.440,0.00
VAL;2026-09-18 10:48:35.631332;;;WHEEL_POS;28.456,0.00
VAL;2026-09-18 10:48:35.667848;;;WHEEL_POS;28.493,0.00
VAL;2026-09-18 10:48:35.684363;;;WHEEL_POS;28.509,0.00
VAL;2026-09-18 10:48:35.715618;;;WHEEL_POS;28.540,0.00
VAL;2026-09-18 10:48:35.753371;;;WHEEL_POS;28.578,0.00
VAL;2026-09-18 10:48:35.769000;;;WHEEL_POS;28.594,0.00
VAL;2026-09-18 10:48:35.800134;;;WHEEL_POS;28.625,0.00
VAL;2026-09-18 10:48:35.841410;;;WHEEL_POS;28.666,0.00
VAL;2026-09-18 10:48:35.884673;;;WHEEL_POS;28.709,0.00
VAL;2026-09-18 10:48:35.900306;;;WHEEL_POS;28.725,0.00
VAL;2026-09-18 10:48:35.952698;;;WHEEL_POS;28.777,0.00
VAL;2026-09-18 10:48:35.970662;;;WHEEL_POS;28.795,0.00
VAL;2026-09-18 10:48:36.000295;;;WHEEL_POS;28.825,0.00
VAL;2026-09-18 10:48:36.031547;;;WHEEL_POS;28.856,0.00
VAL;2026-09-18 10:48:36.062799;;;WHEEL_POS;28.888,0.00
VAL;2026-09-18 10:48:36.100571;;;WHEEL_POS;28.925,0.00
VAL;2026-09-18 10:48:36.131822;;;WHEEL_POS;28.957,0.00
VAL;2026-09-18 10:48:36.154466;;;WHEEL_POS;28.979,0.00
VAL;2026-09-18 10:48:36.172011;;;WHEEL_POS;28.997,0.00
VAL;2026-09-18 10:48:36.200646;;;WHEEL_POS;29.025,0.00
VAL;2026-09-18 10:48:36.216275;;;WHEEL_POS;29.041,0.00
VAL;2026-09-18 10:48:36.247523;;;WHEEL_POS;29.072,0.00
VAL;2026-09-18 10:48:36.285295;;;WHEEL_POS;29.110,0.00
VAL;2026-09-18 10:48:36.300925;;;WHEEL_POS;29.126,0.00
VAL;2026-09-18 10:48:36.316551;;;WHEEL_POS;29.141,0.00
VAL;2026-09-18 10:48:36.357614;;;WHEEL_POS;29.182,0.00
VAL;2026-09-18 10:48:36.373242;;;WHEEL_POS;29.198,0.00
VAL;2026-09-18 10:48:36.400876;;;WHEEL_POS;29.226,0.00
VAL;2026-09-18 10:48:36.416507;;;WHEEL_POS;29.241,0.00
VAL;2026-09-18 10:48:36.447756;;;WHEEL_POS;29.272,0.00
VAL;2026-09-18 10:48:36.463381;;;WHEEL_POS;29.288,0.00
VAL;2026-09-18 10:48:36.485519;;;WHEEL_POS;29.310,0.00
VAL;2026-09-18 10:48:36.516774;;;WHEEL_POS;29.342,0.00
VAL;2026-09-18 10:48:36.532400;;;WHEEL_POS;29.357,0.00
VAL;2026-09-18 10:48:36.576608;;;WHEEL_POS;29.401,0.00
VAL;2026-09-18 10:48:36.616872;;;WHEEL_POS;29.442,0.00
VAL;2026-09-18 10:48:36.632494;;;WHEEL_POS;29.457,0.00
VAL;2026-09-18 10:48:36.668518;;;WHEEL_POS;29.493,0.00
VAL;2026-09-18 10:48:36.685668;;;WHEEL_POS;29.510,0.00
VAL;2026-09-18 10:48:36.716926;;;WHEEL_POS;29.542,0.00
VAL;2026-09-18 10:48:36.732552;;;WHEEL_POS;29.557,0.00
VAL;2026-09-18 10:48:36.775353;;;WHEEL_POS;29.600,0.00
VAL;2026-09-18 10:48:36.801485;;;WHEEL_POS;29.626,0.00
VAL;2026-09-18 10:48:36.832738;;;WHEEL_POS;29.657,0.00
VAL;2026-09-18 10:48:36.863990;;;WHEEL_POS;29.689,0.00
VAL;2026-09-18 10:48:36.886131;;;WHEEL_POS;29.711,0.00
VAL;2026-09-18 10:48:36.901769;;;WHEEL_POS;29.727,0.00
VAL;2026-09-18 10:48:36.917389;;;WHEEL_POS;29.742,0.00
VAL;2026-09-18 10:48:36.948644;;;WHEEL_POS;29.773,0.00
VAL;2026-09-18 10:48:36.976100;;;WHEEL_POS;29.801,0.00
VAL;2026-09-18 10:48:37.001734;;;WHEEL_POS;29.826,0.00
VAL;2026-09-18 10:48:37.017367;;;WHEEL_POS;29.842,0.00
VAL;2026-09-18 10:48:37.048613;;;WHEEL_POS;29.873,0.00
VAL;2026-09-18 10:48:37.064238;;;WHEEL_POS;29.889,0.00
VAL;2026-09-18 10:48:37.102000;;;WHEEL_POS;29.927,0.00
VAL;2026-09-18 10:48:37.133253;;;WHEEL_POS;29.958,0.00
VAL;2026-09-18 10:48:37.177572;;;WHEEL_POS;30.002,0.00
VAL;2026-09-18 10:48:37.202207;;;WHEEL_POS;30.027,0.00
VAL;2026-09-18 10:48:37.233458;;;WHEEL_POS;30.058,0.00
VAL;2026-09-18 10:48:37.264711;;;WHEEL_POS;30.089,0.00
VAL;2026-09-18 10:48:37.302477;;;WHEEL_POS;30.127,0.00
VAL;2026-09-18 10:48:37.333730;;;WHEEL_POS;30.158,0.00
VAL;2026-09-18 10:48:37.377007;;;WHEEL_POS;30.202,0.00
VAL;2026-09-18 10:48:37.402644;;;WHEEL_POS;30.227,0.00
VAL;2026-09-18 10:48:37.433897;;;WHEEL_POS;30.259,0.00
VAL;2026-09-18 10:48:37.449524;;;WHEEL_POS;30.274,0.00
VAL;2026-09-18 10:48:37.487286;;;WHEEL_POS;30.312,0.00
VAL;2026-09-18 10:48:37.502916;;;WHEEL_POS;30.328,0.00
VAL;2026-09-18 10:48:37.518543;;;WHEEL_POS;30.343,0.00
VAL;2026-09-18 10:48:37.549800;;;WHEEL_POS;30.375,-0.40
EVENT;2026-09-18 10:48:37.564162;7.0182;;0;RotaryEncoder1_1
TRANSITION;2026-09-18 10:48:37.564162;7.0182;;Reward;
VAL;2026-09-18 10:48:37.579791;;;WHEEL_POS;30.405,-2.10
VAL;2026-09-18 10:48:37.602923;;;WHEEL_POS;30.428,-4.60
EVENT;2026-09-18 10:48:37.618549;7.067;;158;Tup
TRANSITION;2026-09-18 10:48:37.618549;7.067;;ITI;
VAL;2026-09-18 10:48:37.634175;;;WHEEL_POS;30.459,-7.00
VAL;2026-09-18 10:48:37.669431;;;WHEEL_POS;30.494,-8.80
VAL;2026-09-18 10:48:37.687581;;;WHEEL_POS;30.512,-9.10
VAL;2026-09-18 10:48:37.718838;;;WHEEL_POS;30.544,-8.80
VAL;2026-09-18 10:48:37.734462;;;WHEEL_POS;30.559,-8.40
VAL;2026-09-18 10:48:37.787782;;;WHEEL_POS;30.613,-8.10
VAL;2026-09-18 10:48:37.803411;;;WHEEL_POS;30.628,-8.40
VAL;2026-09-18 10:48:37.834663;;;WHEEL_POS;30.659,-8.40
VAL;2026-09-18 10:48:37.850290;;;WHEEL_POS;30.675,-8.40
VAL;2026-09-18 10:48:37.881543;;;WHEEL_POS;30.706,-8.40
VAL;2026-09-18 10:48:37.903677;;;WHEEL_POS;30.728,-8.40
VAL;2026-09-18 10:48:37.934929;;;WHEEL_POS;30.760,-8.40
VAL;2026-09-18 10:48:37.950557;;;WHEEL_POS;30.775,-8.40
VAL;2026-09-18 10:48:37.981017;;;WHEEL_POS;30.806,-7.70
VAL;2026-09-18 10:48:38.003649;;;WHEEL_POS;30.828,-7.70
VAL;2026-09-18 10:48:38.019276;;;WHEEL_POS;30.844,-7.70
VAL;2026-09-18 10:48:38.050528;;;WHEEL_POS;30.875,-7.70
VAL;2026-09-18 10:48:38.081779;;;WHEEL_POS;30.907,-7.00
VAL;2026-09-18 10:48:38.103914;;;WHEEL_POS;30.929,-6.70
VAL;2026-09-18 10:48:38.119547;;;WHEEL_POS;30.944,-6.30
EVENT;2026-09-18 10:48:38.119547;7.567;;158;Tup
END-TRIAL;2026-09-18 10:48:38.119547;;;The trial ended;
INFO;2026-09-18 10:48:38.119547;27.847631;35.414634;TRIAL-BPOD-TIME;7.567003
STATE;2026-09-18 10:48:38.119547;0;7.0182;WheelPeriod;7.0182
STATE;2026-09-18 10:48:38.119547;7.0182;7.067;Reward;0.048799999999999955
STATE;2026-09-18 10:48:38.119547;7.067;7.567;ITI;0.5
STATE;2026-09-18 10:48:38.119547;nan;nan;NoMovement;nan
VAL;2026-09-18 10:48:38.188251;;;TRIAL_TYPE;stage1
VAL;2026-09-18 10:48:38.188251;;;MOVEMENT_DIRECTION;L
VAL;2026-09-18 10:48:38.188251;;;OUTCOME;Rewarded
VAL;2026-09-18 10:48:38.188251;;;GAIN_MULT;3.0
VAL;2026-09-18 10:48:38.188251;;;THRESHOLD_CROSSING_TIME;30.387163956832886
stdout;2026-09-18 10:48:38.188251;;;Trial 10: held 0.10s (broke 0x), Rewarded, gain=3.00x;
stdout;2026-09-18 10:48:38.188251;;;|
|;
VAL;2026-09-18 10:48:38.344511;;;TRIAL_INIT_START;31.169254541397095
VAL;2026-09-18 10:48:38.382606;;;WHEEL_POS;31.207,-6.00
VAL;2026-09-18 10:48:38.404240;;;WHEEL_POS;31.229,-6.00
VAL;2026-09-18 10:48:38.435493;;;WHEEL_POS;31.260,-6.00
VAL;2026-09-18 10:48:38.466745;;;WHEEL_POS;31.291,-6.00
VAL;2026-09-18 10:48:38.482370;;;WHEEL_POS;31.307,-6.00
VAL;2026-09-18 10:48:38.504504;;;WHEEL_POS;31.329,-6.00
VAL;2026-09-18 10:48:38.535759;;;WHEEL_POS;31.361,-6.00
VAL;2026-09-18 10:48:38.551388;;;TRIAL_START;31.36050295829773
VAL;2026-09-18 10:48:38.551388;;;QUIESCENCE_BREAKS;0
TRIAL;2026-09-18 10:48:38.604544;;;New trial;
VAL;2026-09-18 10:48:38.620168;;;WHEEL_POS;31.445,0.00
VAL;2026-09-18 10:48:38.651420;;;WHEEL_POS;31.476,0.00
VAL;2026-09-18 10:48:38.687052;;;WHEEL_POS;31.512,0.00
VAL;2026-09-18 10:48:38.704681;;;WHEEL_POS;31.529,0.00
VAL;2026-09-18 10:48:38.735933;;;WHEEL_POS;31.561,0.40
VAL;2026-09-18 10:48:38.751560;;;WHEEL_POS;31.576,0.40
VAL;2026-09-18 10:48:38.783957;;;WHEEL_POS;31.609,0.40
VAL;2026-09-18 10:48:38.804587;;;WHEEL_POS;31.629,0.40
VAL;2026-09-18 10:48:38.835840;;;WHEEL_POS;31.661,0.40
VAL;2026-09-18 10:48:38.867092;;;WHEEL_POS;31.692,0.40
VAL;2026-09-18 10:48:38.904861;;;WHEEL_POS;31.730,0.40
VAL;2026-09-18 10:48:38.936112;;;WHEEL_POS;31.761,0.40
VAL;2026-09-18 10:48:38.967369;;;WHEEL_POS;31.792,0.40
VAL;2026-09-18 10:48:38.989406;;;WHEEL_POS;31.814,0.40
VAL;2026-09-18 10:48:39.020665;;;WHEEL_POS;31.845,0.40
VAL;2026-09-18 10:48:39.051914;;;WHEEL_POS;31.877,0.40
VAL;2026-09-18 10:48:39.083169;;;WHEEL_POS;31.908,0.40
VAL;2026-09-18 10:48:39.105309;;;WHEEL_POS;31.930,0.70
VAL;2026-09-18 10:48:39.152191;;;WHEEL_POS;31.977,1.10
VAL;2026-09-18 10:48:39.167813;;;WHEEL_POS;31.993,1.40
EVENT;2026-09-18 10:48:39.167813;0.5496;;1;RotaryEncoder1_2
TRANSITION;2026-09-18 10:48:39.167813;0.5496;;Reward;
VAL;2026-09-18 10:48:39.183331;;;WHEEL_POS;32.008,2.10
VAL;2026-09-18 10:48:39.205470;;;WHEEL_POS;32.030,2.80
EVENT;2026-09-18 10:48:39.221097;0.5984;;158;Tup
TRANSITION;2026-09-18 10:48:39.221097;0.5984;;ITI;
VAL;2026-09-18 10:48:39.236722;;;WHEEL_POS;32.061,3.50
VAL;2026-09-18 10:48:39.252348;;;WHEEL_POS;32.077,3.50
VAL;2026-09-18 10:48:39.283600;;;WHEEL_POS;32.108,3.90
VAL;2026-09-18 10:48:39.305732;;;WHEEL_POS;32.130,3.90
VAL;2026-09-18 10:48:39.336984;;;WHEEL_POS;32.162,3.90
VAL;2026-09-18 10:48:39.352612;;;WHEEL_POS;32.177,3.90
VAL;2026-09-18 10:48:39.384747;;;WHEEL_POS;32.209,3.90
VAL;2026-09-18 10:48:39.405878;;;WHEEL_POS;32.231,3.90
VAL;2026-09-18 10:48:39.421505;;;WHEEL_POS;32.246,4.20
VAL;2026-09-18 10:48:39.452756;;;WHEEL_POS;32.277,4.60
VAL;2026-09-18 10:48:39.468383;;;WHEEL_POS;32.293,4.60
VAL;2026-09-18 10:48:39.506141;;;WHEEL_POS;32.331,4.60
VAL;2026-09-18 10:48:39.537393;;;WHEEL_POS;32.362,4.60
VAL;2026-09-18 10:48:39.584961;;;WHEEL_POS;32.410,4.60
VAL;2026-09-18 10:48:39.606096;;;WHEEL_POS;32.431,4.60
VAL;2026-09-18 10:48:39.637348;;;WHEEL_POS;32.462,4.60
VAL;2026-09-18 10:48:39.668600;;;WHEEL_POS;32.493,4.60
VAL;2026-09-18 10:48:39.687244;;;WHEEL_POS;32.512,4.60
VAL;2026-09-18 10:48:39.706375;;;WHEEL_POS;32.531,4.60
EVENT;2026-09-18 10:48:39.722003;1.0984;;158;Tup
END-TRIAL;2026-09-18 10:48:39.722003;;;The trial ended;
INFO;2026-09-18 10:48:39.722003;35.910531;37.008934;TRIAL-BPOD-TIME;1.0984030000000047
STATE;2026-09-18 10:48:39.722003;0;0.5496;WheelPeriod;0.5496
STATE;2026-09-18 10:48:39.722003;0.5496;0.5984;Reward;0.048800000000000066
STATE;2026-09-18 10:48:39.722003;0.5984;1.0984;ITI;0.5
STATE;2026-09-18 10:48:39.722003;nan;nan;NoMovement;nan
VAL;2026-09-18 10:48:39.806547;;;TRIAL_TYPE;stage1
VAL;2026-09-18 10:48:39.806547;;;MOVEMENT_DIRECTION;R
VAL;2026-09-18 10:48:39.806547;;;OUTCOME;Rewarded
VAL;2026-09-18 10:48:39.806547;;;GAIN_MULT;3.0
VAL;2026-09-18 10:48:39.806547;;;THRESHOLD_CROSSING_TIME;31.97888767204285
stdout;2026-09-18 10:48:39.806547;;;Trial 11: held 0.10s (broke 0x), Rewarded, gain=3.00x;
stdout;2026-09-18 10:48:39.806547;;;|
|;
VAL;2026-09-18 10:48:40.008692;;;TRIAL_INIT_START;32.83343553543091
VAL;2026-09-18 10:48:40.039944;;;WHEEL_POS;32.865,4.60
VAL;2026-09-18 10:48:40.055571;;;WHEEL_POS;32.880,4.60
VAL;2026-09-18 10:48:40.086825;;;WHEEL_POS;32.912,4.60
VAL;2026-09-18 10:48:40.107963;;;WHEEL_POS;32.933,4.60
VAL;2026-09-18 10:48:40.123590;;;WHEEL_POS;32.948,4.60
VAL;2026-09-18 10:48:40.154843;;;WHEEL_POS;32.980,4.60
VAL;2026-09-18 10:48:40.170470;;;WHEEL_POS;32.995,4.60
VAL;2026-09-18 10:48:40.192541;;;TRIAL_START;32.99521350860596
VAL;2026-09-18 10:48:40.192541;;;QUIESCENCE_BREAKS;0
TRIAL;2026-09-18 10:48:40.223798;;;New trial;
VAL;2026-09-18 10:48:40.223798;;;WHEEL_POS;33.049,0.00
VAL;2026-09-18 10:48:40.255050;;;WHEEL_POS;33.080,0.00
VAL;2026-09-18 10:48:40.286301;;;WHEEL_POS;33.111,0.00
VAL;2026-09-18 10:48:40.308435;;;WHEEL_POS;33.133,0.00
VAL;2026-09-18 10:48:40.339688;;;WHEEL_POS;33.164,0.00
VAL;2026-09-18 10:48:40.355314;;;WHEEL_POS;33.180,0.00
VAL;2026-09-18 10:48:40.388731;;;WHEEL_POS;33.213,0.00
VAL;2026-09-18 10:48:40.408365;;;WHEEL_POS;33.233,0.00
VAL;2026-09-18 10:48:40.439625;;;WHEEL_POS;33.264,0.00
VAL;2026-09-18 10:48:40.470869;;;WHEEL_POS;33.296,0.00
VAL;2026-09-18 10:48:40.493004;;;WHEEL_POS;33.318,0.00
VAL;2026-09-18 10:48:40.524263;;;WHEEL_POS;33.349,0.00
VAL;2026-09-18 10:48:40.567277;;;WHEEL_POS;33.392,0.00
VAL;2026-09-18 10:48:40.608590;;;WHEEL_POS;33.433,0.00
VAL;2026-09-18 10:48:40.639844;;;WHEEL_POS;33.465,0.00
VAL;2026-09-18 10:48:40.655468;;;WHEEL_POS;33.480,0.00
VAL;2026-09-18 10:48:40.688031;;;WHEEL_POS;33.513,0.00
VAL;2026-09-18 10:48:40.708669;;;WHEEL_POS;33.533,-0.40
VAL;2026-09-18 10:48:40.739915;;;WHEEL_POS;33.565,-1.10
EVENT;2026-09-18 10:48:40.755541;0.5326000000000001;;0;RotaryEncoder1_1
TRANSITION;2026-09-18 10:48:40.755541;0.5326000000000001;;Reward;
VAL;2026-09-18 10:48:40.771171;;;WHEEL_POS;33.596,-1.80
VAL;2026-09-18 10:48:40.791718;;;WHEEL_POS;33.616,-2.80
EVENT;2026-09-18 10:48:40.808849;0.5814;;158;Tup
TRANSITION;2026-09-18 10:48:40.808849;0.5814;;ITI;
VAL;2026-09-18 10:48:40.808849;;;WHEEL_POS;33.634,-4.60
VAL;2026-09-18 10:48:40.840102;;;WHEEL_POS;33.665,-6.00
VAL;2026-09-18 10:48:40.871355;;;WHEEL_POS;33.696,-7.00
VAL;2026-09-18 10:48:40.909113;;;WHEEL_POS;33.734,-6.70
VAL;2026-09-18 10:48:40.940364;;;WHEEL_POS;33.765,-6.30
VAL;2026-09-18 10:48:40.971617;;;WHEEL_POS;33.796,-6.30
VAL;2026-09-18 10:48:41.009253;;;WHEEL_POS;33.834,-6.00
VAL;2026-09-18 10:48:41.040504;;;WHEEL_POS;33.865,-6.00
VAL;2026-09-18 10:48:41.071756;;;WHEEL_POS;33.897,-6.00
VAL;2026-09-18 10:48:41.087382;;;WHEEL_POS;33.912,-5.60
VAL;2026-09-18 10:48:41.109516;;;WHEEL_POS;33.934,-5.60
VAL;2026-09-18 10:48:41.140770;;;WHEEL_POS;33.966,-5.60
VAL;2026-09-18 10:48:41.156395;;;WHEEL_POS;33.981,-5.60
VAL;2026-09-18 10:48:41.192159;;;WHEEL_POS;34.017,-5.60
VAL;2026-09-18 10:48:41.209523;;;WHEEL_POS;34.034,-5.60
VAL;2026-09-18 10:48:41.240777;;;WHEEL_POS;34.066,-5.60
VAL;2026-09-18 10:48:41.256401;;;WHEEL_POS;34.081,-5.60
VAL;2026-09-18 10:48:41.287654;;;WHEEL_POS;34.112,-5.60
EVENT;2026-09-18 10:48:41.309787;1.0814000000000001;;158;Tup
END-TRIAL;2026-09-18 10:48:41.309787;;;The trial ended;
INFO;2026-09-18 10:48:41.309787;37.517531;38.598934;TRIAL-BPOD-TIME;1.0814030000000017
STATE;2026-09-18 10:48:41.309787;0;0.5326000000000001;WheelPeriod;0.5326000000000001
STATE;2026-09-18 10:48:41.309787;0.5326000000000001;0.5814;Reward;0.048799999999999955
STATE;2026-09-18 10:48:41.309787;0.5814;1.0814000000000001;ITI;0.5000000000000001
STATE;2026-09-18 10:48:41.309787;nan;nan;NoMovement;nan
VAL;2026-09-18 10:48:41.313396;;;WHEEL_POS;34.138,-5.60
VAL;2026-09-18 10:48:41.391530;;;TRIAL_TYPE;stage1
VAL;2026-09-18 10:48:41.391530;;;MOVEMENT_DIRECTION;L
VAL;2026-09-18 10:48:41.391530;;;OUTCOME;Rewarded
VAL;2026-09-18 10:48:41.391530;;;GAIN_MULT;3.0
VAL;2026-09-18 10:48:41.391530;;;THRESHOLD_CROSSING_TIME;33.56551702270508
stdout;2026-09-18 10:48:41.391530;;;Trial 12: held 0.10s (broke 0x), Rewarded, gain=3.00x;
stdout;2026-09-18 10:48:41.391530;;;|
|;
VAL;2026-09-18 10:48:41.551109;;;TRIAL_INIT_START;34.375853061676025
VAL;2026-09-18 10:48:41.585369;;;WHEEL_POS;34.410,-5.60
VAL;2026-09-18 10:48:41.603383;;;WHEEL_POS;34.428,-5.60
VAL;2026-09-18 10:48:41.634640;;;WHEEL_POS;34.459,-5.60
VAL;2026-09-18 10:48:41.665892;;;WHEEL_POS;34.491,-5.60
VAL;2026-09-18 10:48:41.681517;;;WHEEL_POS;34.506,-5.60
VAL;2026-09-18 10:48:41.710165;;;WHEEL_POS;34.535,-5.60
VAL;2026-09-18 10:48:41.741417;;;WHEEL_POS;34.566,-5.60
VAL;2026-09-18 10:48:41.757043;;;TRIAL_START;34.566160440444946
VAL;2026-09-18 10:48:41.757043;;;QUIESCENCE_BREAKS;0
TRIAL;2026-09-18 10:48:41.835083;;;New trial;
VAL;2026-09-18 10:48:41.835083;;;WHEEL_POS;34.660,0.00
VAL;2026-09-18 10:48:41.866333;;;WHEEL_POS;34.691,0.00
VAL;2026-09-18 10:48:41.910593;;;WHEEL_POS;34.735,0.00
VAL;2026-09-18 10:48:41.941846;;;WHEEL_POS;34.767,0.00
VAL;2026-09-18 10:48:41.957471;;;WHEEL_POS;34.782,0.00
VAL;2026-09-18 10:48:41.995249;;;WHEEL_POS;34.820,0.00
VAL;2026-09-18 10:48:42.005757;;;WHEEL_POS;34.831,0.00
VAL;2026-09-18 10:48:42.021389;;;WHEEL_POS;34.846,0.00
VAL;2026-09-18 10:48:42.052642;;;WHEEL_POS;34.877,0.00
VAL;2026-09-18 10:48:42.083893;;;WHEEL_POS;34.909,0.00
VAL;2026-09-18 10:48:42.111027;;;WHEEL_POS;34.936,0.00
VAL;2026-09-18 10:48:42.142283;;;WHEEL_POS;34.967,0.00
VAL;2026-09-18 10:48:42.173531;;;WHEEL_POS;34.998,0.00
VAL;2026-09-18 10:48:42.208398;;;WHEEL_POS;35.033,0.00
VAL;2026-09-18 10:48:42.239655;;;WHEEL_POS;35.064,0.00
VAL;2026-09-18 10:48:42.255280;;;WHEEL_POS;35.080,0.00
VAL;2026-09-18 10:48:42.286535;;;WHEEL_POS;35.111,0.00
VAL;2026-09-18 10:48:42.311177;;;WHEEL_POS;35.136,0.70
EVENT;2026-09-18 10:48:42.342434;0.5065000000000001;;1;RotaryEncoder1_2
TRANSITION;2026-09-18 10:48:42.342434;0.5065000000000001;;Reward;
VAL;2026-09-18 10:48:42.342434;;;WHEEL_POS;35.167,1.80
VAL;2026-09-18 10:48:42.373677;;;WHEEL_POS;35.198,2.50
VAL;2026-09-18 10:48:42.389303;;;WHEEL_POS;35.214,2.80
EVENT;2026-09-18 10:48:42.395813;0.5553;;158;Tup
TRANSITION;2026-09-18 10:48:42.395813;0.5553;;ITI;
VAL;2026-09-18 10:48:42.409764;;;WHEEL_POS;35.235,3.90
VAL;2026-09-18 10:48:42.425392;;;WHEEL_POS;35.250,5.30
VAL;2026-09-18 10:48:42.456644;;;WHEEL_POS;35.281,7.70
VAL;2026-09-18 10:48:42.495902;;;WHEEL_POS;35.321,8.10
VAL;2026-09-18 10:48:42.511533;;;WHEEL_POS;35.336,8.10
VAL;2026-09-18 10:48:42.542784;;;WHEEL_POS;35.368,8.10
VAL;2026-09-18 10:48:42.558409;;;WHEEL_POS;35.383,8.10
VAL;2026-09-18 10:48:42.586893;;;WHEEL_POS;35.412,8.10
VAL;2026-09-18 10:48:42.609907;;;WHEEL_POS;35.435,8.10
VAL;2026-09-18 10:48:42.625536;;;WHEEL_POS;35.450,8.10
VAL;2026-09-18 10:48:42.656789;;;WHEEL_POS;35.482,8.10
VAL;2026-09-18 10:48:42.672414;;;WHEEL_POS;35.497,8.10
VAL;2026-09-18 10:48:42.711407;;;WHEEL_POS;35.536,8.10
VAL;2026-09-18 10:48:42.742659;;;WHEEL_POS;35.567,8.10
VAL;2026-09-18 10:48:42.758285;;;WHEEL_POS;35.583,8.10
VAL;2026-09-18 10:48:42.789537;;;WHEEL_POS;35.614,8.10
VAL;2026-09-18 10:48:42.811510;;;WHEEL_POS;35.636,8.10
VAL;2026-09-18 10:48:42.842766;;;WHEEL_POS;35.668,8.10
VAL;2026-09-18 10:48:42.858391;;;WHEEL_POS;35.683,8.10
VAL;2026-09-18 10:48:42.896156;;;WHEEL_POS;35.721,8.10
EVENT;2026-09-18 10:48:42.896156;1.0553000000000001;;158;Tup
END-TRIAL;2026-09-18 10:48:42.896156;;;The trial ended;
INFO;2026-09-18 10:48:42.896156;39.130531;40.185834;TRIAL-BPOD-TIME;1.055303000000002
STATE;2026-09-18 10:48:42.896156;0;0.5065000000000001;WheelPeriod;0.5065000000000001
STATE;2026-09-18 10:48:42.896156;0.5065000000000001;0.5553;Reward;0.048799999999999955
STATE;2026-09-18 10:48:42.896156;0.5553;1.0553000000000001;ITI;0.5000000000000001
STATE;2026-09-18 10:48:42.896156;nan;nan;NoMovement;nan
VAL;2026-09-18 10:48:42.958668;;;TRIAL_TYPE;stage1
VAL;2026-09-18 10:48:42.958668;;;MOVEMENT_DIRECTION;R
VAL;2026-09-18 10:48:42.958668;;;OUTCOME;Rewarded
VAL;2026-09-18 10:48:42.958668;;;GAIN_MULT;3.0
VAL;2026-09-18 10:48:42.958668;;;THRESHOLD_CROSSING_TIME;35.15070223236084
stdout;2026-09-18 10:48:42.958668;;;Trial 13: held 0.10s (broke 0x), Rewarded, gain=3.00x;
stdout;2026-09-18 10:48:42.958668;;;|
|;
VAL;2026-09-18 10:48:43.113224;;;TRIAL_INIT_START;35.93796753883362
VAL;2026-09-18 10:48:43.144476;;;WHEEL_POS;35.969,8.10
VAL;2026-09-18 10:48:43.175729;;;WHEEL_POS;36.000,8.10
VAL;2026-09-18 10:48:43.196872;;;WHEEL_POS;36.022,8.10
VAL;2026-09-18 10:48:43.213723;;;WHEEL_POS;36.038,8.10
VAL;2026-09-18 10:48:43.229353;;;WHEEL_POS;36.054,8.10
VAL;2026-09-18 10:48:43.260605;;;WHEEL_POS;36.085,8.10
VAL;2026-09-18 10:48:43.296865;;;WHEEL_POS;36.122,8.10
VAL;2026-09-18 10:48:43.312496;;;TRIAL_START;36.12160849571228
VAL;2026-09-18 10:48:43.312496;;;QUIESCENCE_BREAKS;0
TRIAL;2026-09-18 10:48:43.375003;;;New trial;
VAL;2026-09-18 10:48:43.397130;;;WHEEL_POS;36.222,0.00
VAL;2026-09-18 10:48:43.413265;;;WHEEL_POS;36.238,0.00
VAL;2026-09-18 10:48:43.428894;;;WHEEL_POS;36.254,0.00
VAL;2026-09-18 10:48:43.444520;;;WHEEL_POS;36.269,0.00
VAL;2026-09-18 10:48:43.475772;;;WHEEL_POS;36.301,0.00
VAL;2026-09-18 10:48:43.513033;;;WHEEL_POS;36.338,0.00
VAL;2026-09-18 10:48:43.544286;;;WHEEL_POS;36.369,0.00
VAL;2026-09-18 10:48:43.597554;;;WHEEL_POS;36.422,0.00
VAL;2026-09-18 10:48:43.630832;;;WHEEL_POS;36.456,0.00
VAL;2026-09-18 10:48:43.646458;;;WHEEL_POS;36.471,0.00
VAL;2026-09-18 10:48:43.677716;;;WHEEL_POS;36.502,0.00
VAL;2026-09-18 10:48:43.697746;;;WHEEL_POS;36.522,0.00
VAL;2026-09-18 10:48:43.713375;;;WHEEL_POS;36.538,0.00
VAL;2026-09-18 10:48:43.743508;;;WHEEL_POS;36.568,0.00
VAL;2026-09-18 10:48:43.774763;;;WHEEL_POS;36.600,0.00
VAL;2026-09-18 10:48:43.797782;;;WHEEL_POS;36.623,0.00
VAL;2026-09-18 10:48:43.818655;;;WHEEL_POS;36.643,0.00
VAL;2026-09-18 10:48:43.848790;;;WHEEL_POS;36.674,0.00
VAL;2026-09-18 10:48:43.864416;;;WHEEL_POS;36.689,-0.40
VAL;2026-09-18 10:48:43.897676;;;WHEEL_POS;36.722,-1.10
VAL;2026-09-18 10:48:43.913306;;;WHEEL_POS;36.738,-1.10
EVENT;2026-09-18 10:48:43.928932;0.5484;;0;RotaryEncoder1_1
TRANSITION;2026-09-18 10:48:43.928932;0.5484;;Reward;
VAL;2026-09-18 10:48:43.944560;;;WHEEL_POS;36.769,-2.10
VAL;2026-09-18 10:48:43.975810;;;WHEEL_POS;36.801,-3.20
EVENT;2026-09-18 10:48:43.975810;0.5972000000000001;;158;Tup
TRANSITION;2026-09-18 10:48:43.975810;0.5972000000000001;;ITI;
VAL;2026-09-18 10:48:43.997941;;;WHEEL_POS;36.823,-3.90
VAL;2026-09-18 10:48:44.018412;;;WHEEL_POS;36.843,-4.60
VAL;2026-09-18 10:48:44.035043;;;WHEEL_POS;36.860,-6.00
VAL;2026-09-18 10:48:44.066297;;;WHEEL_POS;36.891,-7.00
VAL;2026-09-18 10:48:44.098052;;;WHEEL_POS;36.923,-6.70
VAL;2026-09-18 10:48:44.113680;;;WHEEL_POS;36.938,-6.70
VAL;2026-09-18 10:48:44.144932;;;WHEEL_POS;36.970,-6.30
VAL;2026-09-18 10:48:44.160560;;;WHEEL_POS;36.985,-6.30
VAL;2026-09-18 10:48:44.191811;;;WHEEL_POS;37.017,-6.30
VAL;2026-09-18 10:48:44.218780;;;WHEEL_POS;37.044,-6.30
VAL;2026-09-18 10:48:44.235411;;;WHEEL_POS;37.060,-6.30
VAL;2026-09-18 10:48:44.266663;;;WHEEL_POS;37.091,-6.30
VAL;2026-09-18 10:48:44.298423;;;WHEEL_POS;37.123,-6.30
VAL;2026-09-18 10:48:44.314052;;;WHEEL_POS;37.139,-6.30
VAL;2026-09-18 10:48:44.345304;;;WHEEL_POS;37.170,-6.30
VAL;2026-09-18 10:48:44.376556;;;WHEEL_POS;37.201,-6.30
VAL;2026-09-18 10:48:44.419142;;;WHEEL_POS;37.244,-6.30
VAL;2026-09-18 10:48:44.435774;;;WHEEL_POS;37.261,-6.30
VAL;2026-09-18 10:48:44.451399;;;WHEEL_POS;37.276,-6.30
VAL;2026-09-18 10:48:44.482652;;;WHEEL_POS;37.307,-6.30
EVENT;2026-09-18 10:48:44.482652;1.0972;;158;Tup
END-TRIAL;2026-09-18 10:48:44.482652;;;The trial ended;
INFO;2026-09-18 10:48:44.482652;40.679431;41.776634;TRIAL-BPOD-TIME;1.0972030000000004
STATE;2026-09-18 10:48:44.482652;0;0.5484;WheelPeriod;0.5484
STATE;2026-09-18 10:48:44.482652;0.5484;0.5972000000000001;Reward;0.048800000000000066
STATE;2026-09-18 10:48:44.482652;0.5972000000000001;1.0972;ITI;0.4999999999999999
STATE;2026-09-18 10:48:44.482652;nan;nan;NoMovement;nan
VAL;2026-09-18 10:48:44.574090;;;TRIAL_TYPE;stage1
VAL;2026-09-18 10:48:44.574090;;;MOVEMENT_DIRECTION;L
VAL;2026-09-18 10:48:44.574090;;;OUTCOME;Rewarded
VAL;2026-09-18 10:48:44.574090;;;GAIN_MULT;3.0
VAL;2026-09-18 10:48:44.574090;;;THRESHOLD_CROSSING_TIME;36.74814708557129
stdout;2026-09-18 10:48:44.574090;;;Trial 14: held 0.10s (broke 0x), Rewarded, gain=3.00x;
stdout;2026-09-18 10:48:44.574090;;;|
|;
VAL;2026-09-18 10:48:44.734082;;;TRIAL_INIT_START;37.55882525444031
VAL;2026-09-18 10:48:44.765334;;;WHEEL_POS;37.590,-6.30
VAL;2026-09-18 10:48:44.798595;;;WHEEL_POS;37.623,-6.30
VAL;2026-09-18 10:48:44.814226;;;WHEEL_POS;37.639,-6.30
VAL;2026-09-18 10:48:44.837357;;;WHEEL_POS;37.662,-6.30
VAL;2026-09-18 10:48:44.868609;;;WHEEL_POS;37.693,-6.30
VAL;2026-09-18 10:48:44.914373;;;WHEEL_POS;37.739,-6.30
VAL;2026-09-18 10:48:44.929999;;;TRIAL_START;37.73911666870117
VAL;2026-09-18 10:48:44.929999;;;QUIESCENCE_BREAKS;0
TRIAL;2026-09-18 10:48:44.976880;;;New trial;
VAL;2026-09-18 10:48:44.999009;;;WHEEL_POS;37.824,0.00
VAL;2026-09-18 10:48:45.014639;;;WHEEL_POS;37.839,0.00
VAL;2026-09-18 10:48:45.038090;;;WHEEL_POS;37.863,0.00
VAL;2026-09-18 10:48:45.069341;;;WHEEL_POS;37.894,0.00
VAL;2026-09-18 10:48:45.114601;;;WHEEL_POS;37.939,0.00
VAL;2026-09-18 10:48:45.145858;;;WHEEL_POS;37.971,0.00
VAL;2026-09-18 10:48:45.177105;;;WHEEL_POS;38.002,0.00
VAL;2026-09-18 10:48:45.214874;;;WHEEL_POS;38.040,0.00
VAL;2026-09-18 10:48:45.237516;;;WHEEL_POS;38.062,0.00
VAL;2026-09-18 10:48:45.268775;;;WHEEL_POS;38.094,0.00
VAL;2026-09-18 10:48:45.315029;;;WHEEL_POS;38.140,0.00
VAL;2026-09-18 10:48:45.346285;;;WHEEL_POS;38.171,0.00
VAL;2026-09-18 10:48:45.377533;;;WHEEL_POS;38.202,0.00
VAL;2026-09-18 10:48:45.415304;;;WHEEL_POS;38.240,0.00
VAL;2026-09-18 10:48:45.439546;;;WHEEL_POS;38.264,0.00
VAL;2026-09-18 10:48:45.470804;;;WHEEL_POS;38.296,0.70
EVENT;2026-09-18 10:48:45.499931;0.5089;;1;RotaryEncoder1_2
TRANSITION;2026-09-18 10:48:45.499931;0.5089;;Reward;
VAL;2026-09-18 10:48:45.515561;;;WHEEL_POS;38.340,2.10
VAL;2026-09-18 10:48:45.546812;;;WHEEL_POS;38.372,3.20
EVENT;2026-09-18 10:48:45.546812;0.5577;;158;Tup
TRANSITION;2026-09-18 10:48:45.546812;0.5577;;ITI;
VAL;2026-09-18 10:48:45.562439;;;WHEEL_POS;38.387,4.20
VAL;2026-09-18 10:48:45.591077;;;WHEEL_POS;38.416,5.60
VAL;2026-09-18 10:48:45.624217;;;WHEEL_POS;38.449,6.30
VAL;2026-09-18 10:48:45.639846;;;WHEEL_POS;38.465,6.30
VAL;2026-09-18 10:48:45.655474;;;WHEEL_POS;38.480,6.30
VAL;2026-09-18 10:48:45.689743;;;WHEEL_POS;38.514,6.70
VAL;2026-09-18 10:48:45.715876;;;WHEEL_POS;38.541,6.70
VAL;2026-09-18 10:48:45.731501;;;WHEEL_POS;38.556,6.70
VAL;2026-09-18 10:48:45.762754;;;WHEEL_POS;38.587,6.70
VAL;2026-09-18 10:48:45.794007;;;WHEEL_POS;38.619,6.70
VAL;2026-09-18 10:48:45.816140;;;WHEEL_POS;38.641,6.70
VAL;2026-09-18 10:48:45.841101;;;WHEEL_POS;38.666,6.70
VAL;2026-09-18 10:48:45.872354;;;WHEEL_POS;38.697,6.70
VAL;2026-09-18 10:48:45.916114;;;WHEEL_POS;38.741,6.70
VAL;2026-09-18 10:48:45.947366;;;WHEEL_POS;38.772,6.70
VAL;2026-09-18 10:48:45.978618;;;WHEEL_POS;38.803,6.70
VAL;2026-09-18 10:48:46.016379;;;WHEEL_POS;38.841,6.70
VAL;2026-09-18 10:48:46.041863;;;WHEEL_POS;38.867,6.70
EVENT;2026-09-18 10:48:46.041863;1.0577;;158;Tup
END-TRIAL;2026-09-18 10:48:46.041863;;;The trial ended;
INFO;2026-09-18 10:48:46.041863;42.283431;43.341134;TRIAL-BPOD-TIME;1.0577029999999965
STATE;2026-09-18 10:48:46.041863;0;0.5089;WheelPeriod;0.5089
STATE;2026-09-18 10:48:46.041863;0.5089;0.5577;Reward;0.048799999999999955
STATE;2026-09-18 10:48:46.041863;0.5577;1.0577;ITI;0.5000000000000001
STATE;2026-09-18 10:48:46.041863;nan;nan;NoMovement;nan
VAL;2026-09-18 10:48:46.100750;;;TRIAL_TYPE;stage1
VAL;2026-09-18 10:48:46.100750;;;MOVEMENT_DIRECTION;R
VAL;2026-09-18 10:48:46.100750;;;OUTCOME;Rewarded
VAL;2026-09-18 10:48:46.100750;;;GAIN_MULT;3.0
VAL;2026-09-18 10:48:46.100750;;;THRESHOLD_CROSSING_TIME;38.31052358283996
stdout;2026-09-18 10:48:46.100750;;;Trial 15: held 0.10s (broke 0x), Rewarded, gain=3.00x;
stdout;2026-09-18 10:48:46.100750;;;|
|;
VAL;2026-09-18 10:48:46.274320;;;TRIAL_INIT_START;39.099063873291016
VAL;2026-09-18 10:48:46.317079;;;WHEEL_POS;39.142,6.70
VAL;2026-09-18 10:48:46.348332;;;WHEEL_POS;39.173,6.70
VAL;2026-09-18 10:48:46.379584;;;WHEEL_POS;39.204,6.70
VAL;2026-09-18 10:48:46.417343;;;WHEEL_POS;39.242,6.70
VAL;2026-09-18 10:48:46.442846;;;WHEEL_POS;39.268,6.70
VAL;2026-09-18 10:48:46.458473;;;TRIAL_START;39.2675895690918
VAL;2026-09-18 10:48:46.458473;;;QUIESCENCE_BREAKS;0
TRIAL;2026-09-18 10:48:46.501737;;;New trial;
VAL;2026-09-18 10:48:46.517370;;;WHEEL_POS;39.342,0.00
VAL;2026-09-18 10:48:46.548622;;;WHEEL_POS;39.373,0.00
VAL;2026-09-18 10:48:46.592715;;;WHEEL_POS;39.417,0.00
VAL;2026-09-18 10:48:46.617347;;;WHEEL_POS;39.442,0.00
VAL;2026-09-18 10:48:46.643578;;;WHEEL_POS;39.468,0.00
VAL;2026-09-18 10:48:46.674824;;;WHEEL_POS;39.500,0.00
VAL;2026-09-18 10:48:46.690657;;;WHEEL_POS;39.515,0.00
VAL;2026-09-18 10:48:46.717290;;;WHEEL_POS;39.542,0.00
VAL;2026-09-18 10:48:46.748542;;;WHEEL_POS;39.573,0.00
VAL;2026-09-18 10:48:46.779797;;;WHEEL_POS;39.605,0.00
VAL;2026-09-18 10:48:46.828061;;;WHEEL_POS;39.653,0.00
VAL;2026-09-18 10:48:46.859320;;;WHEEL_POS;39.684,0.00
VAL;2026-09-18 10:48:46.890579;;;WHEEL_POS;39.715,0.00
VAL;2026-09-18 10:48:46.917736;;;WHEEL_POS;39.742,0.00
VAL;2026-09-18 10:48:46.933366;;;WHEEL_POS;39.758,-0.40
VAL;2026-09-18 10:48:46.964614;;;WHEEL_POS;39.789,-1.10
EVENT;2026-09-18 10:48:46.964614;0.458;;0;RotaryEncoder1_1
TRANSITION;2026-09-18 10:48:46.964614;0.458;;Reward;
VAL;2026-09-18 10:48:46.995866;;;WHEEL_POS;39.821,-2.80
EVENT;2026-09-18 10:48:47.027008;0.5068;;158;Tup
TRANSITION;2026-09-18 10:48:47.027008;0.5068;;ITI;
VAL;2026-09-18 10:48:47.028696;;;WHEEL_POS;39.853,-4.20
VAL;2026-09-18 10:48:47.044325;;;WHEEL_POS;39.869,-4.90
VAL;2026-09-18 10:48:47.075577;;;WHEEL_POS;39.900,-6.00
VAL;2026-09-18 10:48:47.117837;;;WHEEL_POS;39.943,-6.00
VAL;2026-09-18 10:48:47.149090;;;WHEEL_POS;39.974,-6.00
VAL;2026-09-18 10:48:47.180342;;;WHEEL_POS;40.005,-5.60
VAL;2026-09-18 10:48:47.218102;;;WHEEL_POS;40.043,-5.60
VAL;2026-09-18 10:48:47.245052;;;WHEEL_POS;40.070,-5.30
VAL;2026-09-18 10:48:47.276304;;;WHEEL_POS;40.101,-4.90
VAL;2026-09-18 10:48:47.318066;;;WHEEL_POS;40.143,-4.90
VAL;2026-09-18 10:48:47.349318;;;WHEEL_POS;40.174,-4.90
VAL;2026-09-18 10:48:47.380570;;;WHEEL_POS;40.205,-4.90
VAL;2026-09-18 10:48:47.418330;;;WHEEL_POS;40.243,-4.90
VAL;2026-09-18 10:48:47.445809;;;WHEEL_POS;40.271,-4.90
VAL;2026-09-18 10:48:47.461441;;;WHEEL_POS;40.286,-4.90
VAL;2026-09-18 10:48:47.492692;;;WHEEL_POS;40.317,-4.90
VAL;2026-09-18 10:48:47.518335;;;WHEEL_POS;40.343,-4.90
EVENT;2026-09-18 10:48:47.518335;1.0068000000000001;;158;Tup
END-TRIAL;2026-09-18 10:48:47.518335;;;The trial ended;
INFO;2026-09-18 10:48:47.518335;43.806431;44.813235;TRIAL-BPOD-TIME;1.0068039999999954
STATE;2026-09-18 10:48:47.518335;0;0.458;WheelPeriod;0.458
STATE;2026-09-18 10:48:47.518335;0.458;0.5068;Reward;0.04880000000000001
STATE;2026-09-18 10:48:47.518335;0.5068;1.0068000000000001;ITI;0.5000000000000001
STATE;2026-09-18 10:48:47.518335;nan;nan;NoMovement;nan
VAL;2026-09-18 10:48:47.565215;;;TRIAL_TYPE;stage1
VAL;2026-09-18 10:48:47.565215;;;MOVEMENT_DIRECTION;L
VAL;2026-09-18 10:48:47.565215;;;OUTCOME;Rewarded
VAL;2026-09-18 10:48:47.565215;;;GAIN_MULT;3.0
VAL;2026-09-18 10:48:47.565215;;;THRESHOLD_CROSSING_TIME;39.784480388641356
stdout;2026-09-18 10:48:47.565215;;;Trial 16: held 0.10s (broke 0x), Rewarded, gain=3.00x;
stdout;2026-09-18 10:48:47.565215;;;|
|;
VAL;2026-09-18 10:48:47.744016;;;TRIAL_INIT_START;40.56875944137573
VAL;2026-09-18 10:48:47.759641;;;WHEEL_POS;40.584,-4.90
VAL;2026-09-18 10:48:47.790894;;;WHEEL_POS;40.616,-4.90
VAL;2026-09-18 10:48:47.818529;;;WHEEL_POS;40.643,-4.90
VAL;2026-09-18 10:48:47.849261;;;WHEEL_POS;40.674,-4.90
VAL;2026-09-18 10:48:47.880514;;;WHEEL_POS;40.705,-4.90
VAL;2026-09-18 10:48:47.918777;;;WHEEL_POS;40.744,-4.90
VAL;2026-09-18 10:48:47.934403;;;TRIAL_START;40.74352049827576
VAL;2026-09-18 10:48:47.934403;;;QUIESCENCE_BREAKS;0
TRIAL;2026-09-18 10:48:47.996912;;;New trial;
VAL;2026-09-18 10:48:48.003427;;;WHEEL_POS;40.828,0.00
VAL;2026-09-18 10:48:48.048528;;;WHEEL_POS;40.873,0.00
VAL;2026-09-18 10:48:48.079780;;;WHEEL_POS;40.905,0.00
VAL;2026-09-18 10:48:48.103419;;;WHEEL_POS;40.928,0.00
VAL;2026-09-18 10:48:48.119054;;;WHEEL_POS;40.944,0.00
VAL;2026-09-18 10:48:48.150306;;;WHEEL_POS;40.975,0.00
VAL;2026-09-18 10:48:48.181559;;;WHEEL_POS;41.006,0.00
VAL;2026-09-18 10:48:48.219329;;;WHEEL_POS;41.044,0.00
VAL;2026-09-18 10:48:48.249440;;;WHEEL_POS;41.074,0.00
VAL;2026-09-18 10:48:48.280700;;;WHEEL_POS;41.105,0.00
VAL;2026-09-18 10:48:48.319460;;;WHEEL_POS;41.144,0.00
VAL;2026-09-18 10:48:48.350718;;;WHEEL_POS;41.175,0.00
VAL;2026-09-18 10:48:48.381964;;;WHEEL_POS;41.207,0.00
VAL;2026-09-18 10:48:48.397590;;;WHEEL_POS;41.222,0.00
VAL;2026-09-18 10:48:48.419738;;;WHEEL_POS;41.244,0.00
VAL;2026-09-18 10:48:48.450703;;;WHEEL_POS;41.275,0.00
VAL;2026-09-18 10:48:48.466329;;;WHEEL_POS;41.291,0.40
EVENT;2026-09-18 10:48:48.497581;0.49870000000000003;;1;RotaryEncoder1_2
TRANSITION;2026-09-18 10:48:48.497581;0.49870000000000003;;Reward;
VAL;2026-09-18 10:48:48.497581;;;WHEEL_POS;41.322,1.80
VAL;2026-09-18 10:48:48.519718;;;WHEEL_POS;41.344,3.50
VAL;2026-09-18 10:48:48.535345;;;WHEEL_POS;41.360,7.00
EVENT;2026-09-18 10:48:48.550971;0.5475;;158;Tup
TRANSITION;2026-09-18 10:48:48.550971;0.5475;;ITI;
VAL;2026-09-18 10:48:48.566600;;;WHEEL_POS;41.391,11.20
VAL;2026-09-18 10:48:48.597853;;;WHEEL_POS;41.423,13.70
VAL;2026-09-18 10:48:48.619990;;;WHEEL_POS;41.445,14.40
VAL;2026-09-18 10:48:48.654751;;;WHEEL_POS;41.479,15.10
VAL;2026-09-18 10:48:48.691891;;;WHEEL_POS;41.517,15.50
VAL;2026-09-18 10:48:48.704397;;;WHEEL_POS;41.529,15.50
VAL;2026-09-18 10:48:48.735653;;;WHEEL_POS;41.560,15.50
VAL;2026-09-18 10:48:48.766905;;;WHEEL_POS;41.592,15.50
VAL;2026-09-18 10:48:48.784096;;;WHEEL_POS;41.609,15.50
VAL;2026-09-18 10:48:48.804228;;;WHEEL_POS;41.629,15.50
VAL;2026-09-18 10:48:48.819856;;;WHEEL_POS;41.645,15.50
VAL;2026-09-18 10:48:48.839489;;;WHEEL_POS;41.664,15.50
VAL;2026-09-18 10:48:48.855119;;;WHEEL_POS;41.680,15.50
VAL;2026-09-18 10:48:48.886370;;;WHEEL_POS;41.711,15.50
VAL;2026-09-18 10:48:48.920136;;;WHEEL_POS;41.745,15.50
VAL;2026-09-18 10:48:48.951387;;;WHEEL_POS;41.776,15.50
VAL;2026-09-18 10:48:48.982641;;;WHEEL_POS;41.807,15.50
VAL;2026-09-18 10:48:48.998266;;;WHEEL_POS;41.823,15.50
VAL;2026-09-18 10:48:49.020399;;;WHEEL_POS;41.845,15.50
EVENT;2026-09-18 10:48:49.036026;1.0475;;158;Tup
END-TRIAL;2026-09-18 10:48:49.036026;;;The trial ended;
INFO;2026-09-18 10:48:49.051652;45.290431;46.337934;TRIAL-BPOD-TIME;1.047502999999999
STATE;2026-09-18 10:48:49.051652;0;0.49870000000000003;WheelPeriod;0.49870000000000003
STATE;2026-09-18 10:48:49.051652;0.49870000000000003;0.5475;Reward;0.048799999999999955
STATE;2026-09-18 10:48:49.051652;0.5475;1.0475;ITI;0.5000000000000001
STATE;2026-09-18 10:48:49.051652;nan;nan;NoMovement;nan
VAL;2026-09-18 10:48:49.053657;;;WHEEL_POS;41.878,15.50
VAL;2026-09-18 10:48:49.120684;;;TRIAL_TYPE;stage1
VAL;2026-09-18 10:48:49.120684;;;MOVEMENT_DIRECTION;R
VAL;2026-09-18 10:48:49.120684;;;OUTCOME;Rewarded
VAL;2026-09-18 10:48:49.120684;;;GAIN_MULT;3.0
VAL;2026-09-18 10:48:49.120684;;;THRESHOLD_CROSSING_TIME;41.30473337287903
stdout;2026-09-18 10:48:49.120684;;;Trial 17: held 0.10s (broke 0x), Rewarded, gain=3.00x;
stdout;2026-09-18 10:48:49.120684;;;|
|;
VAL;2026-09-18 10:48:49.282651;;;TRIAL_INIT_START;42.10739469528198
VAL;2026-09-18 10:48:49.321412;;;WHEEL_POS;42.146,15.50
VAL;2026-09-18 10:48:49.352666;;;WHEEL_POS;42.177,15.50
VAL;2026-09-18 10:48:49.383919;;;WHEEL_POS;42.209,15.50
VAL;2026-09-18 10:48:49.399545;;;WHEEL_POS;42.224,15.50
VAL;2026-09-18 10:48:49.421686;;;WHEEL_POS;42.246,15.50
VAL;2026-09-18 10:48:49.437311;;;WHEEL_POS;42.262,15.50
VAL;2026-09-18 10:48:49.455774;;;TRIAL_START;42.262054443359375
VAL;2026-09-18 10:48:49.455774;;;QUIESCENCE_BREAKS;0
TRIAL;2026-09-18 10:48:49.506164;;;New trial;
VAL;2026-09-18 10:48:49.506164;;;WHEEL_POS;42.331,0.00
VAL;2026-09-18 10:48:49.537425;;;WHEEL_POS;42.362,0.00
VAL;2026-09-18 10:48:49.568677;;;WHEEL_POS;42.393,0.00
VAL;2026-09-18 10:48:49.599146;;;WHEEL_POS;42.424,0.00
VAL;2026-09-18 10:48:49.621784;;;WHEEL_POS;42.447,0.00
VAL;2026-09-18 10:48:49.637412;;;WHEEL_POS;42.462,0.00
VAL;2026-09-18 10:48:49.671716;;;WHEEL_POS;42.496,0.00
VAL;2026-09-18 10:48:49.706121;;;WHEEL_POS;42.531,0.00
VAL;2026-09-18 10:48:49.737375;;;WHEEL_POS;42.562,0.00
VAL;2026-09-18 10:48:49.768627;;;WHEEL_POS;42.593,0.00
VAL;2026-09-18 10:48:49.806393;;;WHEEL_POS;42.631,0.00
VAL;2026-09-18 10:48:49.822023;;;WHEEL_POS;42.647,0.00
VAL;2026-09-18 10:48:49.857119;;;WHEEL_POS;42.682,0.00
VAL;2026-09-18 10:48:49.888374;;;WHEEL_POS;42.713,0.00
VAL;2026-09-18 10:48:49.922134;;;WHEEL_POS;42.747,0.00
VAL;2026-09-18 10:48:49.953390;;;WHEEL_POS;42.778,-0.40
VAL;2026-09-18 10:48:49.984638;;;WHEEL_POS;42.809,-1.10
EVENT;2026-09-18 10:48:49.984638;0.48360000000000003;;0;RotaryEncoder1_1
TRANSITION;2026-09-18 10:48:49.984638;0.48360000000000003;;Reward;
VAL;2026-09-18 10:48:50.000265;;;WHEEL_POS;42.825,-2.10
VAL;2026-09-18 10:48:50.022402;;;WHEEL_POS;42.847,-3.20
EVENT;2026-09-18 10:48:50.038028;0.5324;;158;Tup
TRANSITION;2026-09-18 10:48:50.038028;0.5324;;ITI;
VAL;2026-09-18 10:48:50.057504;;;WHEEL_POS;42.882,-5.60
VAL;2026-09-18 10:48:50.073132;;;WHEEL_POS;42.898,-7.00
VAL;2026-09-18 10:48:50.106889;;;WHEEL_POS;42.932,-9.10
VAL;2026-09-18 10:48:50.138144;;;WHEEL_POS;42.963,-11.20
VAL;2026-09-18 10:48:50.170404;;;WHEEL_POS;42.995,-13.70
VAL;2026-09-18 10:48:50.207161;;;WHEEL_POS;43.032,-16.20
VAL;2026-09-18 10:48:50.238417;;;WHEEL_POS;43.063,-17.20
VAL;2026-09-18 10:48:50.275216;;;WHEEL_POS;43.100,-17.20
VAL;2026-09-18 10:48:50.307472;;;WHEEL_POS;43.132,-17.20
VAL;2026-09-18 10:48:50.323101;;;WHEEL_POS;43.148,-17.20
VAL;2026-09-18 10:48:50.354353;;;WHEEL_POS;43.179,-16.90
VAL;2026-09-18 10:48:50.385604;;;WHEEL_POS;43.210,-16.50
VAL;2026-09-18 10:48:50.423365;;;WHEEL_POS;43.248,-16.20
VAL;2026-09-18 10:48:50.459020;;;WHEEL_POS;43.284,-16.20
VAL;2026-09-18 10:48:50.474648;;;WHEEL_POS;43.299,-16.20
VAL;2026-09-18 10:48:50.490276;;;WHEEL_POS;43.315,-16.20
VAL;2026-09-18 10:48:50.523534;;;WHEEL_POS;43.348,-15.80
EVENT;2026-09-18 10:48:50.539159;1.0324;;158;Tup
END-TRIAL;2026-09-18 10:48:50.539159;;;The trial ended;
INFO;2026-09-18 10:48:50.539159;46.801431;47.833834;TRIAL-BPOD-TIME;1.0324030000000022
STATE;2026-09-18 10:48:50.539159;0;0.48360000000000003;WheelPeriod;0.48360000000000003
STATE;2026-09-18 10:48:50.539159;0.48360000000000003;0.5324;Reward;0.048799999999999955
STATE;2026-09-18 10:48:50.539159;0.5324;1.0324;ITI;0.5
STATE;2026-09-18 10:48:50.539159;nan;nan;NoMovement;nan
VAL;2026-09-18 10:48:50.570414;;;TRIAL_TYPE;stage1
VAL;2026-09-18 10:48:50.570414;;;MOVEMENT_DIRECTION;L
VAL;2026-09-18 10:48:50.570414;;;OUTCOME;Rewarded
VAL;2026-09-18 10:48:50.570414;;;GAIN_MULT;3.0
VAL;2026-09-18 10:48:50.570414;;;THRESHOLD_CROSSING_TIME;42.81099782333374
stdout;2026-09-18 10:48:50.570414;;;Trial 18: held 0.10s (broke 0x), Rewarded, gain=3.00x;
stdout;2026-09-18 10:48:50.570414;;;|
|;
VAL;2026-09-18 10:48:50.736939;;;TRIAL_INIT_START;43.56168293952942
VAL;2026-09-18 10:48:50.768192;;;WHEEL_POS;43.593,-15.10
VAL;2026-09-18 10:48:50.799445;;;WHEEL_POS;43.624,-15.10
VAL;2026-09-18 10:48:50.824583;;;WHEEL_POS;43.649,-15.10
VAL;2026-09-18 10:48:50.860955;;;WHEEL_POS;43.686,-15.10
VAL;2026-09-18 10:48:50.877586;;;WHEEL_POS;43.702,-15.10
VAL;2026-09-18 10:48:50.908839;;;WHEEL_POS;43.734,-15.10
VAL;2026-09-18 10:48:50.924466;;;TRIAL_START;43.733582735061646
VAL;2026-09-18 10:48:50.924466;;;QUIESCENCE_BREAKS;0
TRIAL;2026-09-18 10:48:50.986978;;;New trial;
VAL;2026-09-18 10:48:50.986978;;;WHEEL_POS;43.812,0.00
VAL;2026-09-18 10:48:51.024729;;;WHEEL_POS;43.849,0.00
VAL;2026-09-18 10:48:51.040355;;;WHEEL_POS;43.865,0.00
VAL;2026-09-18 10:48:51.078433;;;WHEEL_POS;43.903,0.00
VAL;2026-09-18 10:48:51.124702;;;WHEEL_POS;43.949,0.00
VAL;2026-09-18 10:48:51.140328;;;WHEEL_POS;43.965,0.00
VAL;2026-09-18 10:48:51.171582;;;WHEEL_POS;43.996,0.00
VAL;2026-09-18 10:48:51.202832;;;WHEEL_POS;44.028,0.00
VAL;2026-09-18 10:48:51.224967;;;WHEEL_POS;44.050,0.00
VAL;2026-09-18 10:48:51.240595;;;WHEEL_POS;44.065,0.00
VAL;2026-09-18 10:48:51.279178;;;WHEEL_POS;44.104,0.00
VAL;2026-09-18 10:48:51.324950;;;WHEEL_POS;44.150,0.00
VAL;2026-09-18 10:48:51.340576;;;WHEEL_POS;44.165,0.00
VAL;2026-09-18 10:48:51.371831;;;WHEEL_POS;44.197,0.00
VAL;2026-09-18 10:48:51.403080;;;WHEEL_POS;44.228,0.00
VAL;2026-09-18 10:48:51.440845;;;WHEEL_POS;44.266,0.00
VAL;2026-09-18 10:48:51.456467;;;WHEEL_POS;44.281,-0.40
EVENT;2026-09-18 10:48:51.480554;0.4864;;0;RotaryEncoder1_1
TRANSITION;2026-09-18 10:48:51.480554;0.4864;;Reward;
VAL;2026-09-18 10:48:51.480554;;;WHEEL_POS;44.305,-2.10
EVENT;2026-09-18 10:48:51.525317;0.5352;;158;Tup
TRANSITION;2026-09-18 10:48:51.525317;0.5352;;ITI;
VAL;2026-09-18 10:48:51.525317;;;WHEEL_POS;44.350,-3.20
VAL;2026-09-18 10:48:51.556567;;;WHEEL_POS;44.381,-3.50
VAL;2026-09-18 10:48:51.602176;;;WHEEL_POS;44.427,-3.90
VAL;2026-09-18 10:48:51.625309;;;WHEEL_POS;44.450,-3.90
VAL;2026-09-18 10:48:51.656561;;;WHEEL_POS;44.481,-3.90
VAL;2026-09-18 10:48:51.680694;;;WHEEL_POS;44.505,-3.90
VAL;2026-09-18 10:48:51.709962;;;WHEEL_POS;44.535,-3.90
VAL;2026-09-18 10:48:51.729096;;;WHEEL_POS;44.554,-3.90
VAL;2026-09-18 10:48:51.744723;;;WHEEL_POS;44.569,-3.90
VAL;2026-09-18 10:48:51.775975;;;WHEEL_POS;44.601,-3.90
VAL;2026-09-18 10:48:51.791603;;;WHEEL_POS;44.616,-3.90
VAL;2026-09-18 10:48:51.825858;;;WHEEL_POS;44.651,-3.90
VAL;2026-09-18 10:48:51.849491;;;WHEEL_POS;44.674,-3.90
VAL;2026-09-18 10:48:51.881250;;;WHEEL_POS;44.706,-3.90
VAL;2026-09-18 10:48:51.926016;;;WHEEL_POS;44.751,-3.90
VAL;2026-09-18 10:48:51.957267;;;WHEEL_POS;44.782,-3.90
VAL;2026-09-18 10:48:51.988517;;;WHEEL_POS;44.813,-3.50
EVENT;2026-09-18 10:48:52.026277;1.0352000000000001;;158;Tup
END-TRIAL;2026-09-18 10:48:52.026277;;;The trial ended;
INFO;2026-09-18 10:48:52.026277;48.282331;49.317534;TRIAL-BPOD-TIME;1.0352030000000028
STATE;2026-09-18 10:48:52.026277;0;0.4864;WheelPeriod;0.4864
STATE;2026-09-18 10:48:52.026277;0.4864;0.5352;Reward;0.04880000000000001
STATE;2026-09-18 10:48:52.026277;0.5352;1.0352000000000001;ITI;0.5000000000000001
STATE;2026-09-18 10:48:52.026277;nan;nan;NoMovement;nan
VAL;2026-09-18 10:48:52.026277;;;WHEEL_POS;44.851,-3.50
VAL;2026-09-18 10:48:52.098129;;;TRIAL_TYPE;stage1
VAL;2026-09-18 10:48:52.098129;;;MOVEMENT_DIRECTION;L
VAL;2026-09-18 10:48:52.098129;;;OUTCOME;Rewarded
VAL;2026-09-18 10:48:52.098129;;;GAIN_MULT;3.0
VAL;2026-09-18 10:48:52.098129;;;THRESHOLD_CROSSING_TIME;44.28248964920044
stdout;2026-09-18 10:48:52.098129;;;Trial 19: held 0.10s (broke 0x), Rewarded, gain=3.00x;
stdout;2026-09-18 10:48:52.098129;;;|
|;
VAL;2026-09-18 10:48:52.267585;;;TRIAL_INIT_START;45.0923285484314
VAL;2026-09-18 10:48:52.298840;;;WHEEL_POS;45.124,-3.50
VAL;2026-09-18 10:48:52.326974;;;WHEEL_POS;45.152,-3.50
VAL;2026-09-18 10:48:52.358226;;;WHEEL_POS;45.183,-3.50
VAL;2026-09-18 10:48:52.389478;;;WHEEL_POS;45.214,-3.50
VAL;2026-09-18 10:48:52.427241;;;WHEEL_POS;45.252,-3.50
VAL;2026-09-18 10:48:52.458492;;;WHEEL_POS;45.283,-3.50
VAL;2026-09-18 10:48:52.468316;;;TRIAL_START;45.283236026763916
VAL;2026-09-18 10:48:52.468316;;;QUIESCENCE_BREAKS;0
TRIAL;2026-09-18 10:48:52.527214;;;New trial;
VAL;2026-09-18 10:48:52.542841;;;WHEEL_POS;45.368,0.00
VAL;2026-09-18 10:48:52.558467;;;WHEEL_POS;45.383,0.00
VAL;2026-09-18 10:48:52.603545;;;WHEEL_POS;45.428,0.00
VAL;2026-09-18 10:48:52.627178;;;WHEEL_POS;45.452,0.00
VAL;2026-09-18 10:48:52.658431;;;WHEEL_POS;45.483,0.00
VAL;2026-09-18 10:48:52.684067;;;WHEEL_POS;45.509,0.00
VAL;2026-09-18 10:48:52.711715;;;WHEEL_POS;45.536,0.00
VAL;2026-09-18 10:48:52.727348;;;WHEEL_POS;45.552,0.00
VAL;2026-09-18 10:48:52.758598;;;WHEEL_POS;45.583,0.00
VAL;2026-09-18 10:48:52.789853;;;WHEEL_POS;45.615,0.00
VAL;2026-09-18 10:48:52.805475;;;WHEEL_POS;45.630,0.00
VAL;2026-09-18 10:48:52.843238;;;WHEEL_POS;45.668,0.00
VAL;2026-09-18 10:48:52.858861;;;WHEEL_POS;45.684,0.00
VAL;2026-09-18 10:48:52.884496;;;WHEEL_POS;45.709,0.00
VAL;2026-09-18 10:48:52.927775;;;WHEEL_POS;45.753,0.00
VAL;2026-09-18 10:48:52.959027;;;WHEEL_POS;45.784,0.00
VAL;2026-09-18 10:48:52.990281;;;WHEEL_POS;45.815,-0.40
EVENT;2026-09-18 10:48:53.012412;0.48460000000000003;;0;RotaryEncoder1_1
TRANSITION;2026-09-18 10:48:53.012412;0.48460000000000003;;Reward;
VAL;2026-09-18 10:48:53.028042;;;WHEEL_POS;45.853,-2.10
VAL;2026-09-18 10:48:53.059292;;;WHEEL_POS;45.884,-4.20
EVENT;2026-09-18 10:48:53.069798;0.5334;;158;Tup
TRANSITION;2026-09-18 10:48:53.069798;0.5334;;ITI;
VAL;2026-09-18 10:48:53.085426;;;WHEEL_POS;45.910,-5.60
VAL;2026-09-18 10:48:53.128186;;;WHEEL_POS;45.953,-5.60
VAL;2026-09-18 10:48:53.159439;;;WHEEL_POS;45.984,-5.60
VAL;2026-09-18 10:48:53.190690;;;WHEEL_POS;46.015,-5.60
VAL;2026-09-18 10:48:53.206316;;;WHEEL_POS;46.031,-5.60
VAL;2026-09-18 10:48:53.228449;;;WHEEL_POS;46.053,-5.60
VAL;2026-09-18 10:48:53.259701;;;WHEEL_POS;46.084,-5.30
VAL;2026-09-18 10:48:53.284846;;;WHEEL_POS;46.110,-5.30
VAL;2026-09-18 10:48:53.300473;;;WHEEL_POS;46.125,-5.30
VAL;2026-09-18 10:48:53.328608;;;WHEEL_POS;46.153,-5.30
VAL;2026-09-18 10:48:53.359859;;;WHEEL_POS;46.185,-5.30
VAL;2026-09-18 10:48:53.391113;;;WHEEL_POS;46.216,-4.90
VAL;2026-09-18 10:48:53.428874;;;WHEEL_POS;46.254,-4.90
VAL;2026-09-18 10:48:53.460126;;;WHEEL_POS;46.285,-4.90
VAL;2026-09-18 10:48:53.486600;;;WHEEL_POS;46.311,-4.90
VAL;2026-09-18 10:48:53.528860;;;WHEEL_POS;46.354,-4.90
VAL;2026-09-18 10:48:53.560112;;;WHEEL_POS;46.385,-4.90
EVENT;2026-09-18 10:48:53.560112;1.0334;;158;Tup
END-TRIAL;2026-09-18 10:48:53.560112;;;The trial ended;
INFO;2026-09-18 10:48:53.560112;49.827331;50.860734;TRIAL-BPOD-TIME;1.0334029999999998
STATE;2026-09-18 10:48:53.560112;0;0.48460000000000003;WheelPeriod;0.48460000000000003
STATE;2026-09-18 10:48:53.560112;0.48460000000000003;0.5334;Reward;0.048799999999999955
STATE;2026-09-18 10:48:53.560112;0.5334;1.0334;ITI;0.5000000000000001
STATE;2026-09-18 10:48:53.560112;nan;nan;NoMovement;nan
VAL;2026-09-18 10:48:53.644640;;;TRIAL_TYPE;stage1
VAL;2026-09-18 10:48:53.644640;;;MOVEMENT_DIRECTION;L
VAL;2026-09-18 10:48:53.644640;;;OUTCOME;Rewarded
VAL;2026-09-18 10:48:53.644640;;;GAIN_MULT;3.0
VAL;2026-09-18 10:48:53.644640;;;THRESHOLD_CROSSING_TIME;45.83655732116699
stdout;2026-09-18 10:48:53.644640;;;Trial 20: held 0.10s (broke 0x), Rewarded, gain=3.00x;
stdout;2026-09-18 10:48:53.644640;;;|
|;
VAL;2026-09-18 10:48:53.844382;;;TRIAL_INIT_START;46.6691255569458
VAL;2026-09-18 10:48:53.888536;;;WHEEL_POS;46.713,-4.90
VAL;2026-09-18 10:48:53.928798;;;WHEEL_POS;46.754,-4.90
VAL;2026-09-18 10:48:53.944426;;;WHEEL_POS;46.769,-4.90
VAL;2026-09-18 10:48:53.975677;;;WHEEL_POS;46.800,-4.90
VAL;2026-09-18 10:48:53.991302;;;WHEEL_POS;46.816,-4.90
VAL;2026-09-18 10:48:54.029061;;;WHEEL_POS;46.854,-4.90
VAL;2026-09-18 10:48:54.044688;;;TRIAL_START;46.85380434989929
VAL;2026-09-18 10:48:54.044688;;;QUIESCENCE_BREAKS;0
TRIAL;2026-09-18 10:48:54.073803;;;New trial;
VAL;2026-09-18 10:48:54.073803;;;WHEEL_POS;46.899,0.00
VAL;2026-09-18 10:48:54.105059;;;WHEEL_POS;46.930,0.00
VAL;2026-09-18 10:48:54.129193;;;WHEEL_POS;46.954,0.00
VAL;2026-09-18 10:48:54.160445;;;WHEEL_POS;46.985,0.00
VAL;2026-09-18 10:48:54.191698;;;WHEEL_POS;47.016,0.00
VAL;2026-09-18 10:48:54.229462;;;WHEEL_POS;47.054,0.00
VAL;2026-09-18 10:48:54.260711;;;WHEEL_POS;47.085,0.00
VAL;2026-09-18 10:48:54.290191;;;WHEEL_POS;47.115,0.00
VAL;2026-09-18 10:48:54.329482;;;WHEEL_POS;47.154,0.00
VAL;2026-09-18 10:48:54.376362;;;WHEEL_POS;47.201,0.00
VAL;2026-09-18 10:48:54.391987;;;WHEEL_POS;47.217,0.00
VAL;2026-09-18 10:48:54.407613;;;WHEEL_POS;47.232,0.00
VAL;2026-09-18 10:48:54.429749;;;WHEEL_POS;47.254,0.00
VAL;2026-09-18 10:48:54.445379;;;WHEEL_POS;47.270,0.00
VAL;2026-09-18 10:48:54.490985;;;WHEEL_POS;47.316,0.00
VAL;2026-09-18 10:48:54.529759;;;WHEEL_POS;47.355,0.00
VAL;2026-09-18 10:48:54.561007;;;WHEEL_POS;47.386,0.00
VAL;2026-09-18 10:48:54.604277;;;WHEEL_POS;47.429,0.00
VAL;2026-09-18 10:48:54.629912;;;WHEEL_POS;47.455,0.00
VAL;2026-09-18 10:48:54.645544;;;WHEEL_POS;47.470,0.00
VAL;2026-09-18 10:48:54.696678;;;WHEEL_POS;47.521,0.00
VAL;2026-09-18 10:48:54.714312;;;WHEEL_POS;47.539,0.00
VAL;2026-09-18 10:48:54.729949;;;WHEEL_POS;47.555,0.00
VAL;2026-09-18 10:48:54.761193;;;WHEEL_POS;47.586,0.00
VAL;2026-09-18 10:48:54.808079;;;WHEEL_POS;47.633,0.00
VAL;2026-09-18 10:48:54.830221;;;WHEEL_POS;47.655,0.00
VAL;2026-09-18 10:48:54.861473;;;WHEEL_POS;47.686,0.00
VAL;2026-09-18 10:48:54.893463;;;WHEEL_POS;47.718,0.00
VAL;2026-09-18 10:48:54.930223;;;WHEEL_POS;47.755,0.00
VAL;2026-09-18 10:48:54.961478;;;WHEEL_POS;47.786,0.00
VAL;2026-09-18 10:48:54.992726;;;WHEEL_POS;47.817,0.00
VAL;2026-09-18 10:48:55.014860;;;WHEEL_POS;47.840,0.00
VAL;2026-09-18 10:48:55.046118;;;WHEEL_POS;47.871,0.00
VAL;2026-09-18 10:48:55.077251;;;WHEEL_POS;47.902,0.00
VAL;2026-09-18 10:48:55.108509;;;WHEEL_POS;47.933,0.00
VAL;2026-09-18 10:48:55.130645;;;WHEEL_POS;47.955,0.00
VAL;2026-09-18 10:48:55.146272;;;WHEEL_POS;47.971,0.00
VAL;2026-09-18 10:48:55.177529;;;WHEEL_POS;48.002,0.00
VAL;2026-09-18 10:48:55.208777;;;WHEEL_POS;48.034,0.00
VAL;2026-09-18 10:48:55.230911;;;WHEEL_POS;48.056,0.00
VAL;2026-09-18 10:48:55.246539;;;WHEEL_POS;48.071,0.00
VAL;2026-09-18 10:48:55.278795;;;WHEEL_POS;48.104,0.00
VAL;2026-09-18 10:48:55.294424;;;WHEEL_POS;48.119,0.00
VAL;2026-09-18 10:48:55.331187;;;WHEEL_POS;48.156,0.00
VAL;2026-09-18 10:48:55.362436;;;WHEEL_POS;48.187,0.00
VAL;2026-09-18 10:48:55.393695;;;WHEEL_POS;48.218,0.00
VAL;2026-09-18 10:48:55.431454;;;WHEEL_POS;48.256,0.00
VAL;2026-09-18 10:48:55.462707;;;WHEEL_POS;48.287,0.00
VAL;2026-09-18 10:48:55.478336;;;WHEEL_POS;48.303,0.00
VAL;2026-09-18 10:48:55.516104;;;WHEEL_POS;48.341,0.00
VAL;2026-09-18 10:48:55.531737;;;WHEEL_POS;48.356,0.00
VAL;2026-09-18 10:48:55.547363;;;WHEEL_POS;48.372,0.00
VAL;2026-09-18 10:48:55.578616;;;WHEEL_POS;48.403,0.00
VAL;2026-09-18 10:48:55.606569;;;WHEEL_POS;48.431,0.00
VAL;2026-09-18 10:48:55.631703;;;WHEEL_POS;48.456,0.00
VAL;2026-09-18 10:48:55.662956;;;WHEEL_POS;48.488,0.00
VAL;2026-09-18 10:48:55.712367;;;WHEEL_POS;48.537,0.00
VAL;2026-09-18 10:48:55.729393;;;WHEEL_POS;48.554,0.00
VAL;2026-09-18 10:48:55.776277;;;WHEEL_POS;48.601,0.00
VAL;2026-09-18 10:48:55.791902;;;WHEEL_POS;48.617,0.00
VAL;2026-09-18 10:48:55.807527;;;WHEEL_POS;48.632,0.00
VAL;2026-09-18 10:48:55.849801;;;WHEEL_POS;48.675,0.00
VAL;2026-09-18 10:48:55.865422;;;WHEEL_POS;48.690,0.00
VAL;2026-09-18 10:48:55.896910;;;WHEEL_POS;48.722,0.00
VAL;2026-09-18 10:48:55.932190;;;WHEEL_POS;48.757,0.00
VAL;2026-09-18 10:48:55.979070;;;WHEEL_POS;48.804,0.00
VAL;2026-09-18 10:48:55.994698;;;WHEEL_POS;48.819,0.00
VAL;2026-09-18 10:48:56.010321;;;WHEEL_POS;48.835,0.00
VAL;2026-09-18 10:48:56.032456;;;WHEEL_POS;48.857,0.00
VAL;2026-09-18 10:48:56.063709;;;WHEEL_POS;48.888,0.00
VAL;2026-09-18 10:48:56.082183;;;WHEEL_POS;48.907,0.00
VAL;2026-09-18 10:48:56.113442;;;WHEEL_POS;48.938,0.00
VAL;2026-09-18 10:48:56.132584;;;WHEEL_POS;48.957,0.00
VAL;2026-09-18 10:48:56.163836;;;WHEEL_POS;48.989,0.00
VAL;2026-09-18 10:48:56.179468;;;WHEEL_POS;49.004,0.00
VAL;2026-09-18 10:48:56.210716;;;WHEEL_POS;49.035,0.00
VAL;2026-09-18 10:48:56.232854;;;WHEEL_POS;49.058,0.00
VAL;2026-09-18 10:48:56.248481;;;WHEEL_POS;49.073,0.00
VAL;2026-09-18 10:48:56.283413;;;WHEEL_POS;49.108,0.00
VAL;2026-09-18 10:48:56.299042;;;WHEEL_POS;49.124,0.00
VAL;2026-09-18 10:48:56.332801;;;WHEEL_POS;49.158,0.00
VAL;2026-09-18 10:48:56.348434;;;WHEEL_POS;49.173,0.00
VAL;2026-09-18 10:48:56.379680;;;WHEEL_POS;49.204,0.00
VAL;2026-09-18 10:48:56.395307;;;WHEEL_POS;49.220,0.00
VAL;2026-09-18 10:48:56.433097;;;WHEEL_POS;49.258,0.00
VAL;2026-09-18 10:48:56.464349;;;WHEEL_POS;49.289,0.00
VAL;2026-09-18 10:48:56.500596;;;WHEEL_POS;49.325,0.00
VAL;2026-09-18 10:48:56.533355;;;WHEEL_POS;49.358,0.00
VAL;2026-09-18 10:48:56.564607;;;WHEEL_POS;49.389,0.00
VAL;2026-09-18 10:48:56.608219;;;WHEEL_POS;49.433,0.00
VAL;2026-09-18 10:48:56.633355;;;WHEEL_POS;49.458,0.00
VAL;2026-09-18 10:48:56.664604;;;WHEEL_POS;49.489,0.00
VAL;2026-09-18 10:48:56.698408;;;WHEEL_POS;49.523,0.00
VAL;2026-09-18 10:48:56.717548;;;WHEEL_POS;49.542,0.00
VAL;2026-09-18 10:48:56.733177;;;WHEEL_POS;49.558,0.00
VAL;2026-09-18 10:48:56.764429;;;WHEEL_POS;49.589,0.00
VAL;2026-09-18 10:48:56.795681;;;WHEEL_POS;49.620,0.00
VAL;2026-09-18 10:48:56.811307;;;WHEEL_POS;49.636,0.00
VAL;2026-09-18 10:48:56.833442;;;WHEEL_POS;49.658,0.00
VAL;2026-09-18 10:48:56.864693;;;WHEEL_POS;49.689,0.00
VAL;2026-09-18 10:48:56.886284;;;WHEEL_POS;49.710,0.00
VAL;2026-09-18 10:48:56.901917;;;WHEEL_POS;49.727,0.00
VAL;2026-09-18 10:48:56.933672;;;WHEEL_POS;49.758,0.00
VAL;2026-09-18 10:48:56.949303;;;WHEEL_POS;49.774,0.00
VAL;2026-09-18 10:48:56.980552;;;WHEEL_POS;49.805,0.00
VAL;2026-09-18 10:48:57.011803;;;WHEEL_POS;49.837,0.00
VAL;2026-09-18 10:48:57.033939;;;WHEEL_POS;49.859,0.00
VAL;2026-09-18 10:48:57.049572;;;WHEEL_POS;49.874,0.00
VAL;2026-09-18 10:48:57.086668;;;WHEEL_POS;49.911,0.00
VAL;2026-09-18 10:48:57.103298;;;WHEEL_POS;49.928,0.00
VAL;2026-09-18 10:48:57.133947;;;WHEEL_POS;49.959,0.00
VAL;2026-09-18 10:48:57.165193;;;WHEEL_POS;49.990,0.00
VAL;2026-09-18 10:48:57.196453;;;WHEEL_POS;50.021,0.00
VAL;2026-09-18 10:48:57.234208;;;WHEEL_POS;50.059,0.00
VAL;2026-09-18 10:48:57.265462;;;WHEEL_POS;50.090,0.00
VAL;2026-09-18 10:48:57.318395;;;WHEEL_POS;50.143,0.00
VAL;2026-09-18 10:48:57.349657;;;WHEEL_POS;50.174,0.00
VAL;2026-09-18 10:48:57.380912;;;WHEEL_POS;50.206,0.00
VAL;2026-09-18 10:48:57.412160;;;WHEEL_POS;50.237,0.00
VAL;2026-09-18 10:48:57.434296;;;WHEEL_POS;50.259,0.00
VAL;2026-09-18 10:48:57.465547;;;WHEEL_POS;50.290,0.00
VAL;2026-09-18 10:48:57.505137;;;WHEEL_POS;50.330,0.00
VAL;2026-09-18 10:48:57.534283;;;WHEEL_POS;50.359,0.00
VAL;2026-09-18 10:48:57.565532;;;WHEEL_POS;50.390,0.00
VAL;2026-09-18 10:48:57.608304;;;WHEEL_POS;50.433,0.00
VAL;2026-09-18 10:48:57.634437;;;WHEEL_POS;50.459,0.00
VAL;2026-09-18 10:48:57.665690;;;WHEEL_POS;50.490,0.00
VAL;2026-09-18 10:48:57.681316;;;WHEEL_POS;50.506,0.00
VAL;2026-09-18 10:48:57.699272;;;WHEEL_POS;50.524,0.00
VAL;2026-09-18 10:48:57.718906;;;WHEEL_POS;50.544,0.00
VAL;2026-09-18 10:48:57.750163;;;WHEEL_POS;50.575,0.00
VAL;2026-09-18 10:48:57.781420;;;WHEEL_POS;50.606,0.00
VAL;2026-09-18 10:48:57.812667;;;WHEEL_POS;50.637,0.00
VAL;2026-09-18 10:48:57.834801;;;WHEEL_POS;50.660,0.00
VAL;2026-09-18 10:48:57.850429;;;WHEEL_POS;50.675,0.00
VAL;2026-09-18 10:48:57.881678;;;WHEEL_POS;50.706,0.00
VAL;2026-09-18 10:48:57.906648;;;WHEEL_POS;50.731,0.00
VAL;2026-09-18 10:48:57.934799;;;WHEEL_POS;50.760,0.00
VAL;2026-09-18 10:48:57.950421;;;WHEEL_POS;50.775,0.00
VAL;2026-09-18 10:48:57.997305;;;WHEEL_POS;50.822,0.00
VAL;2026-09-18 10:48:58.012926;;;WHEEL_POS;50.838,0.00
VAL;2026-09-18 10:48:58.050691;;;WHEEL_POS;50.875,0.00
VAL;2026-09-18 10:48:58.066314;;;WHEEL_POS;50.891,0.00
VAL;2026-09-18 10:48:58.119439;;;WHEEL_POS;50.944,0.00
VAL;2026-09-18 10:48:58.150699;;;WHEEL_POS;50.975,0.00
VAL;2026-09-18 10:48:58.181955;;;WHEEL_POS;51.007,0.00
VAL;2026-09-18 10:48:58.197581;;;WHEEL_POS;51.022,0.00
VAL;2026-09-18 10:48:58.250965;;;WHEEL_POS;51.076,0.00
VAL;2026-09-18 10:48:58.266588;;;WHEEL_POS;51.091,0.00
VAL;2026-09-18 10:48:58.308323;;;WHEEL_POS;51.133,0.00
VAL;2026-09-18 10:48:58.335458;;;WHEEL_POS;51.160,0.00
VAL;2026-09-18 10:48:58.366709;;;WHEEL_POS;51.191,0.00
VAL;2026-09-18 10:48:58.382335;;;WHEEL_POS;51.207,0.00
VAL;2026-09-18 10:48:58.413587;;;WHEEL_POS;51.238,0.00
VAL;2026-09-18 10:48:58.435721;;;WHEEL_POS;51.260,0.00
VAL;2026-09-18 10:48:58.451350;;;WHEEL_POS;51.276,0.00
VAL;2026-09-18 10:48:58.482598;;;WHEEL_POS;51.307,0.00
VAL;2026-09-18 10:48:58.520081;;;WHEEL_POS;51.345,0.00
VAL;2026-09-18 10:48:58.551340;;;WHEEL_POS;51.376,0.00
VAL;2026-09-18 10:48:58.582598;;;WHEEL_POS;51.407,0.00
VAL;2026-09-18 10:48:58.611842;;;WHEEL_POS;51.437,0.00
VAL;2026-09-18 10:48:58.635976;;;WHEEL_POS;51.461,0.00
VAL;2026-09-18 10:48:58.667229;;;WHEEL_POS;51.492,0.00
VAL;2026-09-18 10:48:58.714959;;;WHEEL_POS;51.540,0.00
VAL;2026-09-18 10:48:58.736099;;;WHEEL_POS;51.561,0.00
VAL;2026-09-18 10:48:58.767350;;;WHEEL_POS;51.592,0.00
VAL;2026-09-18 10:48:58.800625;;;WHEEL_POS;51.625,0.00
VAL;2026-09-18 10:48:58.852017;;;WHEEL_POS;51.677,0.00
VAL;2026-09-18 10:48:58.867636;;;WHEEL_POS;51.692,0.00
VAL;2026-09-18 10:48:58.883261;;;WHEEL_POS;51.708,0.00
VAL;2026-09-18 10:48:58.911443;;;WHEEL_POS;51.736,0.00
VAL;2026-09-18 10:48:58.936581;;;WHEEL_POS;51.761,0.00
VAL;2026-09-18 10:48:58.967831;;;WHEEL_POS;51.793,0.00
VAL;2026-09-18 10:48:58.983456;;;WHEEL_POS;51.808,0.00
VAL;2026-09-18 10:48:59.014710;;;WHEEL_POS;51.839,0.00
VAL;2026-09-18 10:48:59.036845;;;WHEEL_POS;51.862,0.00
VAL;2026-09-18 10:48:59.052471;;;WHEEL_POS;51.877,0.00
VAL;2026-09-18 10:48:59.083723;;;WHEEL_POS;51.908,0.00
VAL;2026-09-18 10:48:59.121383;;;WHEEL_POS;51.946,0.00
VAL;2026-09-18 10:48:59.152642;;;WHEEL_POS;51.977,0.00
VAL;2026-09-18 10:48:59.183894;;;WHEEL_POS;52.009,0.00
VAL;2026-09-18 10:48:59.215147;;;WHEEL_POS;52.040,0.00
VAL;2026-09-18 10:48:59.252909;;;WHEEL_POS;52.078,0.00
VAL;2026-09-18 10:48:59.268533;;;WHEEL_POS;52.093,0.00
VAL;2026-09-18 10:48:59.313640;;;WHEEL_POS;52.138,0.00
VAL;2026-09-18 10:48:59.337277;;;WHEEL_POS;52.162,0.00
VAL;2026-09-18 10:48:59.368526;;;WHEEL_POS;52.193,0.00
VAL;2026-09-18 10:48:59.399782;;;WHEEL_POS;52.225,0.00
VAL;2026-09-18 10:48:59.453168;;;WHEEL_POS;52.278,0.00
VAL;2026-09-18 10:48:59.468790;;;WHEEL_POS;52.294,0.00
VAL;2026-09-18 10:48:59.514385;;;WHEEL_POS;52.339,0.00
VAL;2026-09-18 10:48:59.538395;;;WHEEL_POS;52.363,0.00
VAL;2026-09-18 10:48:59.555398;;;WHEEL_POS;52.380,0.00
VAL;2026-09-18 10:48:59.571402;;;WHEEL_POS;52.396,0.00
VAL;2026-09-18 10:48:59.596408;;;WHEEL_POS;52.421,0.00
VAL;2026-09-18 10:48:59.612411;;;WHEEL_POS;52.437,0.00
VAL;2026-09-18 10:48:59.628415;;;WHEEL_POS;52.453,0.00
VAL;2026-09-18 10:48:59.654421;;;WHEEL_POS;52.479,0.00
VAL;2026-09-18 10:48:59.671425;;;WHEEL_POS;52.496,0.00
VAL;2026-09-18 10:48:59.687429;;;WHEEL_POS;52.512,0.00
VAL;2026-09-18 10:48:59.705936;;;WHEEL_POS;52.531,0.00
VAL;2026-09-18 10:48:59.722940;;;WHEEL_POS;52.548,0.00
VAL;2026-09-18 10:48:59.739054;;;WHEEL_POS;52.564,0.00
END-TRIAL;2026-09-18 10:48:59.743055;;;The trial ended;
INFO;2026-09-18 10:48:59.743055;51.370331;57.029136;TRIAL-BPOD-TIME;5.658805000000001
STATE;2026-09-18 10:48:59.743055;nan;nan;Reward;nan
STATE;2026-09-18 10:48:59.743055;nan;nan;NoMovement;nan
STATE;2026-09-18 10:48:59.743055;nan;nan;ITI;nan
VAL;2026-09-18 10:48:59.779949;;;TRIAL_TYPE;stage1
VAL;2026-09-18 10:48:59.779949;;;MOVEMENT_DIRECTION;R
VAL;2026-09-18 10:48:59.779949;;;OUTCOME;NoMovement
VAL;2026-09-18 10:48:59.779949;;;GAIN_MULT;3.0
stdout;2026-09-18 10:48:59.779949;;;Trial 21: held 0.10s (broke 0x), NoMovement, gain=3.00x;
stdout;2026-09-18 10:48:59.779949;;;|
|;
VAL;2026-09-18 10:48:59.943987;;;TRIAL_INIT_START;52.76873064041138
VAL;2026-09-18 10:48:59.960989;;;WHEEL_POS;52.786,0.00
VAL;2026-09-18 10:48:59.976993;;;WHEEL_POS;52.802,0.00
VAL;2026-09-18 10:48:59.992997;;;WHEEL_POS;52.818,0.00
VAL;2026-09-18 10:49:00.009001;;;WHEEL_POS;52.834,0.00
VAL;2026-09-18 10:49:00.025036;;;WHEEL_POS;52.850,0.00
VAL;2026-09-18 10:49:00.041044;;;WHEEL_POS;52.866,0.00
VAL;2026-09-18 10:49:00.057035;;;WHEEL_POS;52.882,0.00
VAL;2026-09-18 10:49:00.073041;;;WHEEL_POS;52.898,0.00
VAL;2026-09-18 10:49:00.089032;;;WHEEL_POS;52.914,0.00
VAL;2026-09-18 10:49:00.108035;;;TRIAL_START;52.91377520561218
VAL;2026-09-18 10:49:00.108035;;;QUIESCENCE_BREAKS;0
TRIAL;2026-09-18 10:49:00.130332;;;New trial;
VAL;2026-09-18 10:49:00.130332;;;WHEEL_POS;52.955,0.00
VAL;2026-09-18 10:49:00.161583;;;WHEEL_POS;52.986,0.00
VAL;2026-09-18 10:49:00.192834;;;WHEEL_POS;53.018,0.00
VAL;2026-09-18 10:49:00.208461;;;WHEEL_POS;53.033,0.00
VAL;2026-09-18 10:49:00.238594;;;WHEEL_POS;53.063,0.00
VAL;2026-09-18 10:49:00.269846;;;WHEEL_POS;53.095,0.00
VAL;2026-09-18 10:49:00.285472;;;WHEEL_POS;53.110,0.00
VAL;2026-09-18 10:49:00.323247;;;WHEEL_POS;53.148,0.00
VAL;2026-09-18 10:49:00.338875;;;WHEEL_POS;53.164,0.00
VAL;2026-09-18 10:49:00.370130;;;WHEEL_POS;53.195,0.00
VAL;2026-09-18 10:49:00.401381;;;WHEEL_POS;53.226,0.00
VAL;2026-09-18 10:49:00.439151;;;WHEEL_POS;53.264,0.00
VAL;2026-09-18 10:49:00.486031;;;WHEEL_POS;53.311,0.00
VAL;2026-09-18 10:49:00.505645;;;WHEEL_POS;53.330,0.00
VAL;2026-09-18 10:49:00.523777;;;WHEEL_POS;53.349,0.00
VAL;2026-09-18 10:49:00.539409;;;WHEEL_POS;53.364,0.00
VAL;2026-09-18 10:49:00.570658;;;WHEEL_POS;53.395,0.00
VAL;2026-09-18 10:49:00.616432;;;WHEEL_POS;53.441,0.00
END-TRIAL;2026-09-18 10:49:00.639568;;;The trial ended;
VAL;2026-09-18 10:49:00.651153;;;WHEEL_POS;53.476,0.00
stdout;2026-09-18 10:49:00.724126;;;Bpod stopped running trials (Stop/Kill) -- ending session early after trial 22.;
stdout;2026-09-18 10:49:00.724126;;;|
|;
stdout;2026-09-18 10:49:00.725127;;;Session trial count: 21 (did NOT clear the 200-trial gate);
stdout;2026-09-18 10:49:00.725127;;;|
|;
stdout;2026-09-18 10:49:00.726126;;;ADVANCE-READY: no;
stdout;2026-09-18 10:49:00.726126;;;|
|;
stdout;2026-09-18 10:49:00.726126;;;|  (needs >200 trials on 2 CONSECUTIVE sessions; history so far this run: [False])|;
stdout;2026-09-18 10:49:00.726126;;;|
|;
stdout;2026-09-18 10:49:00.726126;;;Threshold now 1.75deg (5% of final) -- unchanged (session didn't qualify);
stdout;2026-09-18 10:49:00.726126;;;|
|;
stdout;2026-09-18 10:49:01.140659;;;CameraRecorder: wrote 1071 frame timestamps to session_video_timestamps.csv;
stdout;2026-09-18 10:49:01.140659;;;|
|;
INFO;2026-09-18 10:49:01.140659;;;SESSION-ENDED;2026-09-18 10:49:01.140659
stdout;2026-09-18 10:49:01.225302;;;Session struct exported: C:\Ugurcan\Experimental-Tasks\_projects\AuditoryEvidenceAccum\experiments\Stage1\setups\Stage1\sessions\20260918-104801\20260918-104801_struct.mat / C:\Ugurcan\Experimental-Tasks\_projects\AuditoryEvidenceAccum\experiments\Stage1\setups\Stage1\sessions\20260918-104801\20260918-104801_struct.json;
stdout;2026-09-18 10:49:01.225302;;;|
|;
stdout;2026-09-18 10:49:01.225302;;;Close the plot window to exit.;
stdout;2026-09-18 10:49:01.225302;;;|
|;
