__UUID4__;107b2cb6-7280-4404-a390-66cd94b59ac5
__CREATED-ON__;2026-09-18 16:12:06.495495
__DEF-URL__;http://pybpod-api.readthedocs.org
__DEF-TEXT__;This file contains data recorded during a session from the PyBpod system
__SOFTWARE__;PyBpod API v1.8.2
__HAS-HEADER__
TYPE;PC-TIME;BPOD-INITIAL-TIME;BPOD-FINAL-TIME;MSG;+INFO
INFO;2026-09-18 16:12:06.495495;;;SERIAL-PORT;COM10
INFO;2026-09-18 16:12:06.495495;;;PROTOCOL-NAME;stage3_clicks_direction
INFO;2026-09-18 16:12:06.495495;;;CREATOR-NAME;["UM", "f519825a-ab5d-4fe9-91c0-a52f3d5afee3", "local"]
INFO;2026-09-18 16:12:06.495495;;;PROJECT-NAME;AuditoryEvidenceAccum
INFO;2026-09-18 16:12:06.495495;;;EXPERIMENT-NAME;Stage3
INFO;2026-09-18 16:12:06.495495;;;BOARD-NAME;Box3
INFO;2026-09-18 16:12:06.495495;;;SETUP-NAME;Stage3
INFO;2026-09-18 16:12:06.495495;;;BPOD-GUI-VERSION;
INFO;2026-09-18 16:12:06.495495;;;NET-PORT;36000
INFO;2026-09-18 16:12:06.495495;;;SUBJECT-NAME;['test_stage3', '7ccf4666-0f7e-47ec-b218-76d067d83f69']
INFO;2026-09-18 16:12:06.951473;;;This is a PYBPOD file. Find more info at http://pybpod.readthedocs.io;
INFO;2026-09-18 16:12:06.951473;;;BPOD-API-VERSION;1.8.2
INFO;2026-09-18 16:12:06.951473;;;SESSION-NAME;20260918-161205
INFO;2026-09-18 16:12:06.951473;;;SESSION-STARTED;2026-09-18 16:12:06.495495
stdout;2026-09-18 16:12:06.951473;;;Connected to Bpod on COM10;
stdout;2026-09-18 16:12:06.951473;;;|
|;
stdout;2026-09-18 16:12:06.951473;;;Resolved module 'RotaryEncoder1' on Bpod port 1;
stdout;2026-09-18 16:12:06.951473;;;|
|;
stdout;2026-09-18 16:12:06.983891;;;RotaryEncoderModule.discover: probing ['COM11', 'COM1', 'COM14'] (excluding ['COM10']);
stdout;2026-09-18 16:12:06.983891;;;|
|;
stdout;2026-09-18 16:12:09.016093;;;  COM11: ack=217;
stdout;2026-09-18 16:12:09.016093;;;|
|;
stdout;2026-09-18 16:12:11.043634;;;Connected to rotary encoder on COM11;
stdout;2026-09-18 16:12:11.043634;;;|
|;
stdout;2026-09-18 16:12:11.187855;;;Connected to HiFi module on COM14 (192000Hz sampling);
stdout;2026-09-18 16:12:11.187855;;;|
|;
stdout;2026-09-18 16:12:11.187855;;;Amplitude from calibration: 0.6552 for 70.0dB SPL (L 4000Hz).;
stdout;2026-09-18 16:12:11.187855;;;|
|;
stdout;2026-09-18 16:12:11.202900;;;WARNING: sound calibration unavailable (R 10000Hz has no calibration fit yet -- run calibrate_sound.py and fit it before requesting an amplitude.) -- using hardcoded fallback amplitude=1.0.;
stdout;2026-09-18 16:12:11.202900;;;|
|;
VAL;2026-09-18 16:12:11.202900;;;LEFT_THRESHOLD_DEG;-35.0
VAL;2026-09-18 16:12:11.202900;;;RIGHT_THRESHOLD_DEG;35.0
VAL;2026-09-18 16:12:16.213723;;;GIT_COMMIT;unknown
VAL;2026-09-18 16:12:16.213723;;;TARGET_SPL_DB;70.0
VAL;2026-09-18 16:12:16.213723;;;LEFT_FREQ_HZ;4000
VAL;2026-09-18 16:12:16.213723;;;RIGHT_FREQ_HZ;10000
stdout;2026-09-18 16:12:18.420773;;;CameraRecorder: index 0, 640x480 @ 30.0fps -> session_video.avi;
stdout;2026-09-18 16:12:18.420773;;;|
|;
stdout;2026-09-18 16:12:18.420773;;;DEBUG: camera.start() returned OK;
stdout;2026-09-18 16:12:18.420773;;;|
|;
VAL;2026-09-18 16:12:18.420773;;;CAMERA_START_TIME;2.207050323486328
VAL;2026-09-18 16:12:18.420773;;;CAMERA_OUTPUT_PATH;session_video.avi
VAL;2026-09-18 16:12:18.420773;;;CAMERA_FPS;30.0
stdout;2026-09-18 16:12:18.420773;;;Dot gain calibrated to -78.99 px/wheel-deg (screen width 6144px, response threshold 35.0deg);
stdout;2026-09-18 16:12:18.420773;;;|
|;
stdout;2026-09-18 16:12:19.766698;;;Starting Stage 3 -- response threshold frozen at 35.0deg, in-trial threshold 10.0deg (PLACEHOLDER -- not yet empirically derived), click level FULL;
stdout;2026-09-18 16:12:19.766698;;;|
|;
VAL;2026-09-18 16:12:19.772748;;;TRIAL_INIT_START;3.5590248107910156
VAL;2026-09-18 16:12:19.799118;;;WHEEL_POS;3.585,0.00
VAL;2026-09-18 16:12:19.815208;;;WHEEL_POS;3.601,0.00
VAL;2026-09-18 16:12:19.831275;;;WHEEL_POS;3.618,0.00
VAL;2026-09-18 16:12:19.851403;;;WHEEL_POS;3.638,0.00
VAL;2026-09-18 16:12:19.863903;;;WHEEL_POS;3.650,0.00
VAL;2026-09-18 16:12:19.883344;;;WHEEL_POS;3.670,0.00
VAL;2026-09-18 16:12:19.917091;;;WHEEL_POS;3.703,0.00
VAL;2026-09-18 16:12:19.951260;;;WHEEL_POS;3.738,0.00
VAL;2026-09-18 16:12:19.962897;;;TRIAL_START;3.737537145614624
VAL;2026-09-18 16:12:19.962897;;;QUIESCENCE_BREAKS;0
VAL;2026-09-18 16:12:19.962897;;;TRIAL_TYPE;warmup
VAL;2026-09-18 16:12:20.341424;;;TRIAL_SIDE;L
VAL;2026-09-18 16:12:20.341424;;;CLICK_TIMES_L;0.0649,0.1230,0.1413,0.1805
VAL;2026-09-18 16:12:20.341424;;;CLICK_TIMES_R;
VAL;2026-09-18 16:12:20.341424;;;N_CLICKS_L;4
VAL;2026-09-18 16:12:20.341424;;;N_CLICKS_R;0
VAL;2026-09-18 16:12:20.341424;;;STIM_SEED;1457924095
VAL;2026-09-18 16:12:20.341424;;;CUE_ABORT_THRESHOLD_DEG;10.0
VAL;2026-09-18 16:12:20.341424;;;RESPONSE_THRESHOLD_DEG;35.0
VAL;2026-09-18 16:12:20.341424;;;QUIESCENCE_DUR_S;0.1
VAL;2026-09-18 16:12:20.341424;;;ITI_S;1.5
VAL;2026-09-18 16:12:20.341424;;;CLICK_LEVEL_ATTENUATED;False
stdout;2026-09-18 16:12:20.341424;;;Trial 1 (warmup): side=L, n_L=4, n_R=0;
stdout;2026-09-18 16:12:20.341424;;;|
|;
VAL;2026-09-18 16:12:20.341424;;;SM_SEND_TIME;4.127701044082642
VAL;2026-09-18 16:12:20.341424;;;CUE_ONSET_TIME;4.1487010440826415
TRIAL;2026-09-18 16:12:20.341424;;;New trial;
VAL;2026-09-18 16:12:20.351440;;;WHEEL_POS;4.138,0.00
VAL;2026-09-18 16:12:20.375678;;;WHEEL_POS;4.162,0.00
VAL;2026-09-18 16:12:20.392198;;;WHEEL_POS;4.178,0.00
VAL;2026-09-18 16:12:20.408614;;;WHEEL_POS;4.195,0.00
VAL;2026-09-18 16:12:20.424723;;;WHEEL_POS;4.211,0.00
VAL;2026-09-18 16:12:20.443494;;;WHEEL_POS;4.230,0.00
VAL;2026-09-18 16:12:20.457728;;;WHEEL_POS;4.244,0.00
VAL;2026-09-18 16:12:20.474039;;;WHEEL_POS;4.260,0.00
VAL;2026-09-18 16:12:20.490148;;;WHEEL_POS;4.276,0.00
VAL;2026-09-18 16:12:20.522761;;;WHEEL_POS;4.309,0.00
VAL;2026-09-18 16:12:20.537775;;;WHEEL_POS;4.324,0.00
VAL;2026-09-18 16:12:20.558277;;;WHEEL_POS;4.345,0.00
VAL;2026-09-18 16:12:20.572432;;;WHEEL_POS;4.359,0.00
VAL;2026-09-18 16:12:20.588738;;;WHEEL_POS;4.375,0.00
VAL;2026-09-18 16:12:20.606489;;;WHEEL_POS;4.393,0.00
VAL;2026-09-18 16:12:20.621495;;;WHEEL_POS;4.408,0.00
EVENT;2026-09-18 16:12:20.621495;0.271;;158;Tup
TRANSITION;2026-09-18 16:12:20.621495;0.271;;DelayPeriod;
VAL;2026-09-18 16:12:20.638667;;;WHEEL_POS;4.425,0.00
VAL;2026-09-18 16:12:20.654186;;;WHEEL_POS;4.440,0.00
VAL;2026-09-18 16:12:20.688505;;;WHEEL_POS;4.475,0.00
VAL;2026-09-18 16:12:20.706047;;;WHEEL_POS;4.492,0.00
VAL;2026-09-18 16:12:20.720914;;;WHEEL_POS;4.507,0.00
VAL;2026-09-18 16:12:20.751993;;;WHEEL_POS;4.538,0.00
EVENT;2026-09-18 16:12:20.772343;0.42410000000000003;;158;Tup
TRANSITION;2026-09-18 16:12:20.772343;0.42410000000000003;;CueComplete;
EVENT;2026-09-18 16:12:20.772343;0.4242;;158;Tup
END-TRIAL;2026-09-18 16:12:20.772343;;;The trial ended;
INFO;2026-09-18 16:12:20.772343;13.724831;14.149035;TRIAL-BPOD-TIME;0.4242039999999996
STATE;2026-09-18 16:12:20.772343;0;0.271;CuePeriod;0.271
STATE;2026-09-18 16:12:20.772343;0.271;0.42410000000000003;DelayPeriod;0.1531
STATE;2026-09-18 16:12:20.772343;0.42410000000000003;0.4242;CueComplete;9.999999999998899e-05
STATE;2026-09-18 16:12:20.772343;nan;nan;WheelAbort;nan
STATE;2026-09-18 16:12:20.772343;nan;nan;AbortITI;nan
VAL;2026-09-18 16:12:20.784348;;;SM_SEND_TIME;4.570625066757202
TRIAL;2026-09-18 16:12:20.784348;;;New trial;
VAL;2026-09-18 16:12:20.802084;;;WHEEL_POS;4.588,0.00
VAL;2026-09-18 16:12:20.821334;;;WHEEL_POS;4.608,0.00
VAL;2026-09-18 16:12:20.837907;;;WHEEL_POS;4.624,0.00
VAL;2026-09-18 16:12:20.874655;;;WHEEL_POS;4.661,0.00
VAL;2026-09-18 16:12:20.904688;;;WHEEL_POS;4.691,0.00
VAL;2026-09-18 16:12:20.937966;;;WHEEL_POS;4.724,0.00
VAL;2026-09-18 16:12:20.972685;;;WHEEL_POS;4.759,0.00
VAL;2026-09-18 16:12:21.006889;;;WHEEL_POS;4.793,0.00
VAL;2026-09-18 16:12:21.025296;;;WHEEL_POS;4.812,0.00
VAL;2026-09-18 16:12:21.039319;;;WHEEL_POS;4.826,0.00
VAL;2026-09-18 16:12:21.074040;;;WHEEL_POS;4.860,0.00
VAL;2026-09-18 16:12:21.094598;;;WHEEL_POS;4.881,0.00
VAL;2026-09-18 16:12:21.126817;;;WHEEL_POS;4.913,0.00
VAL;2026-09-18 16:12:21.157488;;;WHEEL_POS;4.944,0.00
VAL;2026-09-18 16:12:21.172598;;;WHEEL_POS;4.959,0.00
VAL;2026-09-18 16:12:21.187604;;;WHEEL_POS;4.974,0.00
VAL;2026-09-18 16:12:21.225454;;;WHEEL_POS;5.012,0.00
VAL;2026-09-18 16:12:21.239630;;;WHEEL_POS;5.026,0.00
VAL;2026-09-18 16:12:21.255158;;;WHEEL_POS;5.041,0.00
VAL;2026-09-18 16:12:21.288774;;;WHEEL_POS;5.075,0.00
VAL;2026-09-18 16:12:21.305992;;;WHEEL_POS;5.092,0.00
VAL;2026-09-18 16:12:21.339253;;;WHEEL_POS;5.126,0.00
VAL;2026-09-18 16:12:21.370393;;;WHEEL_POS;5.157,0.00
VAL;2026-09-18 16:12:21.385396;;;WHEEL_POS;5.172,0.00
VAL;2026-09-18 16:12:21.421137;;;WHEEL_POS;5.207,0.00
VAL;2026-09-18 16:12:21.437745;;;WHEEL_POS;5.224,0.00
VAL;2026-09-18 16:12:21.456052;;;WHEEL_POS;5.242,0.00
VAL;2026-09-18 16:12:21.469059;;;WHEEL_POS;5.255,0.00
VAL;2026-09-18 16:12:21.504951;;;WHEEL_POS;5.291,0.00
VAL;2026-09-18 16:12:21.519430;;;WHEEL_POS;5.306,0.00
VAL;2026-09-18 16:12:21.534436;;;WHEEL_POS;5.321,0.00
VAL;2026-09-18 16:12:21.565795;;;WHEEL_POS;5.352,0.00
VAL;2026-09-18 16:12:21.591196;;;WHEEL_POS;5.377,0.00
VAL;2026-09-18 16:12:21.606202;;;WHEEL_POS;5.392,0.00
VAL;2026-09-18 16:12:21.640828;;;WHEEL_POS;5.427,0.00
VAL;2026-09-18 16:12:21.656342;;;WHEEL_POS;5.443,0.00
VAL;2026-09-18 16:12:21.693972;;;WHEEL_POS;5.480,0.00
VAL;2026-09-18 16:12:21.724315;;;WHEEL_POS;5.511,0.00
VAL;2026-09-18 16:12:21.740446;;;WHEEL_POS;5.527,0.00
VAL;2026-09-18 16:12:21.774133;;;WHEEL_POS;5.560,0.00
VAL;2026-09-18 16:12:21.794355;;;WHEEL_POS;5.581,0.00
VAL;2026-09-18 16:12:21.810913;;;WHEEL_POS;5.597,-1.10
VAL;2026-09-18 16:12:21.824115;;;WHEEL_POS;5.610,-2.10
VAL;2026-09-18 16:12:21.840736;;;WHEEL_POS;5.627,-3.20
EVENT;2026-09-18 16:12:21.840736;1.0499;;0;RotaryEncoder1_1
VAL;2026-09-18 16:12:21.878133;;;WHEEL_POS;5.664,-4.90
VAL;2026-09-18 16:12:21.892350;;;WHEEL_POS;5.679,-5.30
VAL;2026-09-18 16:12:21.924429;;;WHEEL_POS;5.711,-7.40
VAL;2026-09-18 16:12:21.940570;;;WHEEL_POS;5.727,-8.40
EVENT;2026-09-18 16:12:21.957171;1.163;;4;RotaryEncoder1_5
VAL;2026-09-18 16:12:21.974237;;;WHEEL_POS;5.761,-9.80
VAL;2026-09-18 16:12:21.991364;;;WHEEL_POS;5.778,-11.60
VAL;2026-09-18 16:12:22.029580;;;WHEEL_POS;5.816,-14.10
VAL;2026-09-18 16:12:22.056323;;;WHEEL_POS;5.843,-15.80
VAL;2026-09-18 16:12:22.090603;;;WHEEL_POS;5.877,-17.20
VAL;2026-09-18 16:12:22.106822;;;WHEEL_POS;5.893,-17.90
VAL;2026-09-18 16:12:22.139285;;;WHEEL_POS;5.926,-19.00
VAL;2026-09-18 16:12:22.155871;;;WHEEL_POS;5.942,-19.70
VAL;2026-09-18 16:12:22.172302;;;WHEEL_POS;5.959,-20.40
VAL;2026-09-18 16:12:22.205400;;;WHEEL_POS;5.992,-21.80
VAL;2026-09-18 16:12:22.221486;;;WHEEL_POS;6.008,-22.90
VAL;2026-09-18 16:12:22.241078;;;WHEEL_POS;6.027,-23.60
VAL;2026-09-18 16:12:22.271023;;;WHEEL_POS;6.057,-25.00
VAL;2026-09-18 16:12:22.287594;;;WHEEL_POS;6.074,-25.30
VAL;2026-09-18 16:12:22.307286;;;WHEEL_POS;6.094,-26.00
VAL;2026-09-18 16:12:22.340526;;;WHEEL_POS;6.127,-26.40
VAL;2026-09-18 16:12:22.356559;;;WHEEL_POS;6.143,-26.70
VAL;2026-09-18 16:12:22.371754;;;WHEEL_POS;6.158,-27.10
VAL;2026-09-18 16:12:22.403061;;;WHEEL_POS;6.189,-27.80
VAL;2026-09-18 16:12:22.418066;;;WHEEL_POS;6.204,-28.10
VAL;2026-09-18 16:12:22.456706;;;WHEEL_POS;6.243,-28.50
VAL;2026-09-18 16:12:22.470245;;;WHEEL_POS;6.257,-28.80
VAL;2026-09-18 16:12:22.486380;;;WHEEL_POS;6.273,-28.80
VAL;2026-09-18 16:12:22.508703;;;WHEEL_POS;6.295,-29.20
VAL;2026-09-18 16:12:22.535983;;;WHEEL_POS;6.322,-30.60
VAL;2026-09-18 16:12:22.553499;;;WHEEL_POS;6.340,-31.30
VAL;2026-09-18 16:12:22.571265;;;WHEEL_POS;6.358,-32.30
VAL;2026-09-18 16:12:22.602814;;;WHEEL_POS;6.389,-34.80
EVENT;2026-09-18 16:12:22.602814;1.8069000000000002;;2;RotaryEncoder1_3
TRANSITION;2026-09-18 16:12:22.602814;1.8069000000000002;;Reward;
VAL;2026-09-18 16:12:22.617818;;;WHEEL_POS;6.404,-36.20
EVENT;2026-09-18 16:12:22.653535;1.8557000000000001;;158;Tup
TRANSITION;2026-09-18 16:12:22.653535;1.8557000000000001;;Consumption;
VAL;2026-09-18 16:12:22.653535;;;WHEEL_POS;6.440,-39.40
VAL;2026-09-18 16:12:22.689205;;;WHEEL_POS;6.475,-40.80
VAL;2026-09-18 16:12:22.708766;;;WHEEL_POS;6.495,-41.50
VAL;2026-09-18 16:12:22.720896;;;WHEEL_POS;6.507,-42.20
VAL;2026-09-18 16:12:22.735902;;;WHEEL_POS;6.522,-42.50
VAL;2026-09-18 16:12:22.775953;;;WHEEL_POS;6.562,-42.50
VAL;2026-09-18 16:12:22.790050;;;WHEEL_POS;6.576,-42.50
VAL;2026-09-18 16:12:22.805621;;;WHEEL_POS;6.592,-42.20
VAL;2026-09-18 16:12:22.838193;;;WHEEL_POS;6.624,-41.80
VAL;2026-09-18 16:12:22.854627;;;WHEEL_POS;6.641,-41.80
VAL;2026-09-18 16:12:22.870854;;;WHEEL_POS;6.657,-41.80
VAL;2026-09-18 16:12:22.891246;;;WHEEL_POS;6.678,-41.80
VAL;2026-09-18 16:12:22.907771;;;WHEEL_POS;6.694,-41.80
VAL;2026-09-18 16:12:22.922840;;;WHEEL_POS;6.709,-41.50
VAL;2026-09-18 16:12:22.935845;;;WHEEL_POS;6.722,-41.50
VAL;2026-09-18 16:12:22.974990;;;WHEEL_POS;6.761,-41.50
VAL;2026-09-18 16:12:22.990209;;;WHEEL_POS;6.776,-41.50
VAL;2026-09-18 16:12:23.005958;;;WHEEL_POS;6.792,-41.50
VAL;2026-09-18 16:12:23.024702;;;WHEEL_POS;6.811,-41.50
VAL;2026-09-18 16:12:23.039815;;;WHEEL_POS;6.826,-41.50
VAL;2026-09-18 16:12:23.055382;;;WHEEL_POS;6.842,-41.50
VAL;2026-09-18 16:12:23.087577;;;WHEEL_POS;6.874,-41.50
VAL;2026-09-18 16:12:23.103850;;;WHEEL_POS;6.890,-41.50
VAL;2026-09-18 16:12:23.122931;;;WHEEL_POS;6.909,-41.10
VAL;2026-09-18 16:12:23.153699;;;WHEEL_POS;6.940,-41.10
VAL;2026-09-18 16:12:23.185903;;;WHEEL_POS;6.972,-40.80
VAL;2026-09-18 16:12:23.218417;;;WHEEL_POS;7.005,-40.80
VAL;2026-09-18 16:12:23.237163;;;WHEEL_POS;7.023,-40.80
VAL;2026-09-18 16:12:23.253756;;;WHEEL_POS;7.040,-40.80
VAL;2026-09-18 16:12:23.267859;;;WHEEL_POS;7.054,-40.80
VAL;2026-09-18 16:12:23.283926;;;WHEEL_POS;7.070,-40.80
VAL;2026-09-18 16:12:23.316190;;;WHEEL_POS;7.102,-40.40
VAL;2026-09-18 16:12:23.333004;;;WHEEL_POS;7.119,-40.10
VAL;2026-09-18 16:12:23.354036;;;WHEEL_POS;7.140,-40.10
VAL;2026-09-18 16:12:23.382182;;;WHEEL_POS;7.168,-39.70
VAL;2026-09-18 16:12:23.398234;;;WHEEL_POS;7.185,-39.70
VAL;2026-09-18 16:12:23.431132;;;WHEEL_POS;7.217,-39.70
VAL;2026-09-18 16:12:23.447319;;;WHEEL_POS;7.234,-39.70
VAL;2026-09-18 16:12:23.465577;;;WHEEL_POS;7.252,-39.70
VAL;2026-09-18 16:12:23.480029;;;WHEEL_POS;7.266,-39.70
VAL;2026-09-18 16:12:23.512215;;;WHEEL_POS;7.298,-39.70
VAL;2026-09-18 16:12:23.528302;;;WHEEL_POS;7.315,-39.70
VAL;2026-09-18 16:12:23.545583;;;WHEEL_POS;7.332,-39.70
VAL;2026-09-18 16:12:23.583140;;;WHEEL_POS;7.369,-39.70
VAL;2026-09-18 16:12:23.594144;;;WHEEL_POS;7.380,-39.70
VAL;2026-09-18 16:12:23.627419;;;WHEEL_POS;7.414,-39.70
VAL;2026-09-18 16:12:23.645013;;;WHEEL_POS;7.431,-39.70
VAL;2026-09-18 16:12:23.661732;;;WHEEL_POS;7.448,-39.70
VAL;2026-09-18 16:12:23.679977;;;WHEEL_POS;7.466,-39.70
VAL;2026-09-18 16:12:23.713082;;;WHEEL_POS;7.499,-39.70
VAL;2026-09-18 16:12:23.732529;;;WHEEL_POS;7.519,-39.70
VAL;2026-09-18 16:12:23.763150;;;WHEEL_POS;7.549,-39.70
VAL;2026-09-18 16:12:23.782486;;;WHEEL_POS;7.569,-39.70
VAL;2026-09-18 16:12:23.809722;;;WHEEL_POS;7.596,-39.70
VAL;2026-09-18 16:12:23.846168;;;WHEEL_POS;7.632,-39.70
VAL;2026-09-18 16:12:23.862963;;;WHEEL_POS;7.649,-39.70
VAL;2026-09-18 16:12:23.899353;;;WHEEL_POS;7.686,-39.70
VAL;2026-09-18 16:12:23.913553;;;WHEEL_POS;7.700,-39.70
VAL;2026-09-18 16:12:23.928010;;;WHEEL_POS;7.714,-39.70
VAL;2026-09-18 16:12:23.961711;;;WHEEL_POS;7.748,-39.70
VAL;2026-09-18 16:12:23.978157;;;WHEEL_POS;7.764,-39.70
VAL;2026-09-18 16:12:24.010507;;;WHEEL_POS;7.797,-39.70
VAL;2026-09-18 16:12:24.031750;;;WHEEL_POS;7.818,-39.70
VAL;2026-09-18 16:12:24.058690;;;WHEEL_POS;7.845,-39.70
VAL;2026-09-18 16:12:24.093574;;;WHEEL_POS;7.880,-39.70
VAL;2026-09-18 16:12:24.108580;;;WHEEL_POS;7.895,-39.70
VAL;2026-09-18 16:12:24.142067;;;WHEEL_POS;7.928,-39.70
VAL;2026-09-18 16:12:24.159183;;;WHEEL_POS;7.945,-39.70
VAL;2026-09-18 16:12:24.178126;;;WHEEL_POS;7.964,-39.70
VAL;2026-09-18 16:12:24.193218;;;WHEEL_POS;7.979,-39.70
VAL;2026-09-18 16:12:24.207225;;;WHEEL_POS;7.994,-39.70
VAL;2026-09-18 16:12:24.244537;;;WHEEL_POS;8.031,-39.70
VAL;2026-09-18 16:12:24.259311;;;WHEEL_POS;8.046,-39.70
VAL;2026-09-18 16:12:24.274322;;;WHEEL_POS;8.061,-39.70
VAL;2026-09-18 16:12:24.305584;;;WHEEL_POS;8.092,-39.70
VAL;2026-09-18 16:12:24.332885;;;WHEEL_POS;8.119,-39.70
VAL;2026-09-18 16:12:24.371613;;;WHEEL_POS;8.158,-39.70
VAL;2026-09-18 16:12:24.384032;;;WHEEL_POS;8.170,-39.70
VAL;2026-09-18 16:12:24.400190;;;WHEEL_POS;8.186,-39.70
VAL;2026-09-18 16:12:24.417026;;;WHEEL_POS;8.203,-39.70
VAL;2026-09-18 16:12:24.449267;;;WHEEL_POS;8.236,-39.70
VAL;2026-09-18 16:12:24.480983;;;WHEEL_POS;8.267,-39.70
VAL;2026-09-18 16:12:24.516808;;;WHEEL_POS;8.303,-39.70
VAL;2026-09-18 16:12:24.537858;;;WHEEL_POS;8.324,-39.70
VAL;2026-09-18 16:12:24.592596;;;WHEEL_POS;8.379,-39.70
VAL;2026-09-18 16:12:24.612293;;;WHEEL_POS;8.399,-39.70
VAL;2026-09-18 16:12:24.628354;;;WHEEL_POS;8.415,-39.70
VAL;2026-09-18 16:12:24.644581;;;WHEEL_POS;8.431,-39.70
VAL;2026-09-18 16:12:24.661438;;;WHEEL_POS;8.448,-39.70
VAL;2026-09-18 16:12:24.696436;;;WHEEL_POS;8.483,-39.70
VAL;2026-09-18 16:12:24.710540;;;WHEEL_POS;8.497,-39.70
VAL;2026-09-18 16:12:24.727122;;;WHEEL_POS;8.513,-39.70
VAL;2026-09-18 16:12:24.760125;;;WHEEL_POS;8.546,-39.70
VAL;2026-09-18 16:12:24.776309;;;WHEEL_POS;8.563,-39.70
VAL;2026-09-18 16:12:24.791315;;;WHEEL_POS;8.578,-39.70
VAL;2026-09-18 16:12:24.827639;;;WHEEL_POS;8.614,-39.70
VAL;2026-09-18 16:12:24.845110;;;WHEEL_POS;8.631,-39.70
VAL;2026-09-18 16:12:24.862471;;;WHEEL_POS;8.649,-39.70
VAL;2026-09-18 16:12:24.895380;;;WHEEL_POS;8.682,-39.70
VAL;2026-09-18 16:12:24.912049;;;WHEEL_POS;8.698,-39.70
VAL;2026-09-18 16:12:24.939548;;;WHEEL_POS;8.726,-39.70
VAL;2026-09-18 16:12:24.970296;;;WHEEL_POS;8.757,-39.70
VAL;2026-09-18 16:12:24.986399;;;WHEEL_POS;8.773,-39.70
VAL;2026-09-18 16:12:25.001407;;;WHEEL_POS;8.788,-39.70
VAL;2026-09-18 16:12:25.040276;;;WHEEL_POS;8.827,-39.70
VAL;2026-09-18 16:12:25.055491;;;WHEEL_POS;8.842,-39.70
VAL;2026-09-18 16:12:25.087883;;;WHEEL_POS;8.874,-39.70
VAL;2026-09-18 16:12:25.122057;;;WHEEL_POS;8.908,-39.70
VAL;2026-09-18 16:12:25.139736;;;WHEEL_POS;8.926,-39.70
VAL;2026-09-18 16:12:25.156446;;;WHEEL_POS;8.943,-39.70
VAL;2026-09-18 16:12:25.172594;;;WHEEL_POS;8.959,-39.70
VAL;2026-09-18 16:12:25.189305;;;WHEEL_POS;8.976,-39.70
VAL;2026-09-18 16:12:25.220383;;;WHEEL_POS;9.007,-39.70
VAL;2026-09-18 16:12:25.255721;;;WHEEL_POS;9.042,-39.70
VAL;2026-09-18 16:12:25.287925;;;WHEEL_POS;9.074,-39.70
VAL;2026-09-18 16:12:25.304091;;;WHEEL_POS;9.090,-39.70
VAL;2026-09-18 16:12:25.337949;;;WHEEL_POS;9.124,-39.70
VAL;2026-09-18 16:12:25.386826;;;WHEEL_POS;9.173,-40.10
VAL;2026-09-18 16:12:25.407881;;;WHEEL_POS;9.194,-40.80
VAL;2026-09-18 16:12:25.422497;;;WHEEL_POS;9.209,-41.10
VAL;2026-09-18 16:12:25.453312;;;WHEEL_POS;9.240,-41.10
VAL;2026-09-18 16:12:25.470011;;;WHEEL_POS;9.256,-41.10
VAL;2026-09-18 16:12:25.505337;;;WHEEL_POS;9.292,-41.50
VAL;2026-09-18 16:12:25.524218;;;WHEEL_POS;9.310,-41.80
VAL;2026-09-18 16:12:25.555905;;;WHEEL_POS;9.342,-42.20
VAL;2026-09-18 16:12:25.576481;;;WHEEL_POS;9.363,-42.50
VAL;2026-09-18 16:12:25.604657;;;WHEEL_POS;9.391,-42.50
VAL;2026-09-18 16:12:25.620760;;;WHEEL_POS;9.407,-42.50
VAL;2026-09-18 16:12:25.637171;;;WHEEL_POS;9.423,-42.50
VAL;2026-09-18 16:12:25.654843;;;WHEEL_POS;9.441,-42.50
EVENT;2026-09-18 16:12:25.654843;4.855700000000001;;158;Tup
TRANSITION;2026-09-18 16:12:25.654843;4.855700000000001;;ITI;
VAL;2026-09-18 16:12:25.691093;;;WHEEL_POS;9.477,-43.20
VAL;2026-09-18 16:12:25.705352;;;WHEEL_POS;9.492,-43.20
VAL;2026-09-18 16:12:25.723368;;;WHEEL_POS;9.510,-43.90
VAL;2026-09-18 16:12:25.755051;;;WHEEL_POS;9.541,-45.40
VAL;2026-09-18 16:12:25.786066;;;WHEEL_POS;9.572,-46.80
VAL;2026-09-18 16:12:25.802137;;;WHEEL_POS;9.588,-48.20
VAL;2026-09-18 16:12:25.822049;;;WHEEL_POS;9.608,-49.20
VAL;2026-09-18 16:12:25.835073;;;WHEEL_POS;9.621,-49.90
VAL;2026-09-18 16:12:25.868839;;;WHEEL_POS;9.655,-51.00
VAL;2026-09-18 16:12:25.903540;;;WHEEL_POS;9.690,-51.30
VAL;2026-09-18 16:12:25.918548;;;WHEEL_POS;9.705,-51.30
VAL;2026-09-18 16:12:25.955243;;;WHEEL_POS;9.742,-51.30
VAL;2026-09-18 16:12:25.986391;;;WHEEL_POS;9.773,-51.30
VAL;2026-09-18 16:12:26.006556;;;WHEEL_POS;9.793,-51.30
VAL;2026-09-18 16:12:26.020108;;;WHEEL_POS;9.806,-51.30
VAL;2026-09-18 16:12:26.040073;;;WHEEL_POS;9.826,-51.30
VAL;2026-09-18 16:12:26.055495;;;WHEEL_POS;9.842,-51.30
VAL;2026-09-18 16:12:26.086215;;;WHEEL_POS;9.872,-51.00
VAL;2026-09-18 16:12:26.103733;;;WHEEL_POS;9.890,-51.00
VAL;2026-09-18 16:12:26.135253;;;WHEEL_POS;9.922,-51.00
VAL;2026-09-18 16:12:26.155814;;;WHEEL_POS;9.942,-51.00
VAL;2026-09-18 16:12:26.170369;;;WHEEL_POS;9.957,-51.00
VAL;2026-09-18 16:12:26.185648;;;WHEEL_POS;9.972,-51.00
VAL;2026-09-18 16:12:26.219155;;;WHEEL_POS;10.005,-51.00
VAL;2026-09-18 16:12:26.235237;;;WHEEL_POS;10.022,-51.00
VAL;2026-09-18 16:12:26.255824;;;WHEEL_POS;10.042,-51.00
VAL;2026-09-18 16:12:26.286593;;;WHEEL_POS;10.073,-50.30
VAL;2026-09-18 16:12:26.301596;;;WHEEL_POS;10.088,-49.90
VAL;2026-09-18 16:12:26.318231;;;WHEEL_POS;10.105,-49.20
VAL;2026-09-18 16:12:26.336671;;;WHEEL_POS;10.123,-48.90
VAL;2026-09-18 16:12:26.372401;;;WHEEL_POS;10.159,-48.20
VAL;2026-09-18 16:12:26.386743;;;WHEEL_POS;10.173,-47.50
VAL;2026-09-18 16:12:26.403392;;;WHEEL_POS;10.190,-47.10
VAL;2026-09-18 16:12:26.436748;;;WHEEL_POS;10.223,-46.80
VAL;2026-09-18 16:12:26.456287;;;WHEEL_POS;10.243,-46.40
VAL;2026-09-18 16:12:26.468298;;;WHEEL_POS;10.255,-46.10
VAL;2026-09-18 16:12:26.503082;;;WHEEL_POS;10.289,-45.70
VAL;2026-09-18 16:12:26.542664;;;WHEEL_POS;10.329,-45.40
VAL;2026-09-18 16:12:26.574698;;;WHEEL_POS;10.361,-45.40
VAL;2026-09-18 16:12:26.589708;;;WHEEL_POS;10.376,-45.40
VAL;2026-09-18 16:12:26.627564;;;WHEEL_POS;10.414,-45.40
VAL;2026-09-18 16:12:26.643629;;;WHEEL_POS;10.430,-45.40
VAL;2026-09-18 16:12:26.660265;;;WHEEL_POS;10.447,-45.40
VAL;2026-09-18 16:12:26.696670;;;WHEEL_POS;10.483,-45.40
VAL;2026-09-18 16:12:26.711349;;;WHEEL_POS;10.498,-45.40
VAL;2026-09-18 16:12:26.724358;;;WHEEL_POS;10.511,-45.70
VAL;2026-09-18 16:12:26.759531;;;WHEEL_POS;10.546,-45.70
VAL;2026-09-18 16:12:26.775728;;;WHEEL_POS;10.562,-45.70
VAL;2026-09-18 16:12:26.808331;;;WHEEL_POS;10.595,-45.70
VAL;2026-09-18 16:12:26.839707;;;WHEEL_POS;10.626,-45.70
VAL;2026-09-18 16:12:26.873539;;;WHEEL_POS;10.660,-45.70
VAL;2026-09-18 16:12:26.889656;;;WHEEL_POS;10.676,-45.70
VAL;2026-09-18 16:12:26.906994;;;WHEEL_POS;10.693,-45.70
VAL;2026-09-18 16:12:26.944297;;;WHEEL_POS;10.731,-45.70
VAL;2026-09-18 16:12:26.957456;;;WHEEL_POS;10.744,-45.70
VAL;2026-09-18 16:12:26.973548;;;WHEEL_POS;10.760,-45.70
VAL;2026-09-18 16:12:26.990354;;;WHEEL_POS;10.777,-45.70
VAL;2026-09-18 16:12:27.023309;;;WHEEL_POS;10.810,-45.70
VAL;2026-09-18 16:12:27.039369;;;WHEEL_POS;10.826,-45.70
VAL;2026-09-18 16:12:27.059075;;;WHEEL_POS;10.845,-45.70
VAL;2026-09-18 16:12:27.072084;;;WHEEL_POS;10.858,-45.70
VAL;2026-09-18 16:12:27.105863;;;WHEEL_POS;10.892,-45.70
VAL;2026-09-18 16:12:27.138847;;;WHEEL_POS;10.925,-45.70
EVENT;2026-09-18 16:12:27.156501;6.355700000000001;;158;Tup
END-TRIAL;2026-09-18 16:12:27.156501;;;The trial ended;
INFO;2026-09-18 16:12:27.156501;14.170831;20.526534;TRIAL-BPOD-TIME;6.355703000000002
STATE;2026-09-18 16:12:27.156501;0;1.8069000000000002;WheelDotPeriod;1.8069000000000002
STATE;2026-09-18 16:12:27.156501;1.8069000000000002;1.8557000000000001;Reward;0.048799999999999955
STATE;2026-09-18 16:12:27.156501;1.8557000000000001;4.855700000000001;Consumption;3.0000000000000004
STATE;2026-09-18 16:12:27.156501;4.855700000000001;6.355700000000001;ITI;1.5
STATE;2026-09-18 16:12:27.156501;nan;nan;ErrorConsumption;nan
STATE;2026-09-18 16:12:27.156501;nan;nan;IncorrectITI;nan
STATE;2026-09-18 16:12:27.156501;nan;nan;NoResponse;nan
VAL;2026-09-18 16:12:27.204040;;;INCLUDED;True
VAL;2026-09-18 16:12:27.204040;;;CONSUMPTION_LICKED;False
VAL;2026-09-18 16:12:27.204040;;;LED_ON_TIME;4.570625066757202
VAL;2026-09-18 16:12:27.204040;;;DOT_ONSET_JITTER_S;0.1622020396368504
VAL;2026-09-18 16:12:27.204040;;;DOT_ONSET_TIME;4.732827106394052
VAL;2026-09-18 16:12:27.204040;;;THRESHOLD_CROSSING_TIME;6.377525066757203
VAL;2026-09-18 16:12:27.204040;;;DOT_DISAPPEAR_JITTER_S;0.7773297887765485
VAL;2026-09-18 16:12:27.204040;;;DOT_DISAPPEAR_TIME;7.154854855533751
VAL;2026-09-18 16:12:27.204040;;;CORRECT;True
stdout;2026-09-18 16:12:27.204040;;;Trial 1 (warmup): side=L, Reward -> reward;
stdout;2026-09-18 16:12:27.204040;;;|
|;
VAL;2026-09-18 16:12:27.588278;;;TRIAL_INIT_START;11.374555349349976
VAL;2026-09-18 16:12:27.606591;;;WHEEL_POS;11.393,-46.10
VAL;2026-09-18 16:12:27.620720;;;WHEEL_POS;11.407,-46.10
VAL;2026-09-18 16:12:27.637201;;;WHEEL_POS;11.423,-46.10
VAL;2026-09-18 16:12:27.657750;;;WHEEL_POS;11.444,-46.10
VAL;2026-09-18 16:12:27.670191;;;WHEEL_POS;11.456,-46.10
VAL;2026-09-18 16:12:27.686327;;;WHEEL_POS;11.473,-46.10
VAL;2026-09-18 16:12:27.702515;;;WHEEL_POS;11.489,-46.10
VAL;2026-09-18 16:12:27.723754;;;WHEEL_POS;11.510,-46.10
VAL;2026-09-18 16:12:27.734761;;;WHEEL_POS;11.521,-46.10
VAL;2026-09-18 16:12:27.758055;;;TRIAL_START;11.521037817001343
VAL;2026-09-18 16:12:27.758055;;;QUIESCENCE_BREAKS;0
VAL;2026-09-18 16:12:27.758055;;;TRIAL_TYPE;warmup
VAL;2026-09-18 16:12:27.886671;;;TRIAL_SIDE;L
VAL;2026-09-18 16:12:27.901674;;;CLICK_TIMES_L;0.0150,0.1504,0.2164,0.2314,0.2464
VAL;2026-09-18 16:12:27.901674;;;CLICK_TIMES_R;
VAL;2026-09-18 16:12:27.901674;;;N_CLICKS_L;5
VAL;2026-09-18 16:12:27.901674;;;N_CLICKS_R;0
VAL;2026-09-18 16:12:27.901674;;;STIM_SEED;1162063606
VAL;2026-09-18 16:12:27.901674;;;CUE_ABORT_THRESHOLD_DEG;10.0
VAL;2026-09-18 16:12:27.901674;;;RESPONSE_THRESHOLD_DEG;35.0
VAL;2026-09-18 16:12:27.901674;;;QUIESCENCE_DUR_S;0.1
VAL;2026-09-18 16:12:27.901674;;;ITI_S;1.5
VAL;2026-09-18 16:12:27.901674;;;CLICK_LEVEL_ATTENUATED;False
stdout;2026-09-18 16:12:27.901674;;;Trial 2 (warmup): side=L, n_L=5, n_R=0;
stdout;2026-09-18 16:12:27.901674;;;|
|;
VAL;2026-09-18 16:12:27.902112;;;SM_SEND_TIME;11.688389301300049
VAL;2026-09-18 16:12:27.902112;;;CUE_ONSET_TIME;11.70938930130005
TRIAL;2026-09-18 16:12:27.903144;;;New trial;
VAL;2026-09-18 16:12:27.903144;;;WHEEL_POS;11.689,-0.40
VAL;2026-09-18 16:12:27.935833;;;WHEEL_POS;11.722,-0.40
VAL;2026-09-18 16:12:27.952695;;;WHEEL_POS;11.739,-0.40
VAL;2026-09-18 16:12:27.969711;;;WHEEL_POS;11.756,-0.40
VAL;2026-09-18 16:12:27.985906;;;WHEEL_POS;11.772,-0.40
VAL;2026-09-18 16:12:28.018038;;;WHEEL_POS;11.804,-0.40
VAL;2026-09-18 16:12:28.052787;;;WHEEL_POS;11.839,-0.40
VAL;2026-09-18 16:12:28.067751;;;WHEEL_POS;11.854,-0.70
VAL;2026-09-18 16:12:28.083865;;;WHEEL_POS;11.870,-1.10
VAL;2026-09-18 16:12:28.100028;;;WHEEL_POS;11.886,-2.50
EVENT;2026-09-18 16:12:28.116128;0.2069;;0;RotaryEncoder1_1
VAL;2026-09-18 16:12:28.135266;;;WHEEL_POS;11.922,-5.60
VAL;2026-09-18 16:12:28.148344;;;WHEEL_POS;11.935,-7.40
VAL;2026-09-18 16:12:28.167008;;;WHEEL_POS;11.953,-9.10
EVENT;2026-09-18 16:12:28.171057;0.2656;;4;RotaryEncoder1_5
TRANSITION;2026-09-18 16:12:28.171057;0.2656;;WheelAbort;
EVENT;2026-09-18 16:12:28.171057;0.2657;;158;Tup
TRANSITION;2026-09-18 16:12:28.171057;0.2657;;AbortITI;
VAL;2026-09-18 16:12:28.197235;;;WHEEL_POS;11.984,-13.40
VAL;2026-09-18 16:12:28.213314;;;WHEEL_POS;12.000,-16.50
VAL;2026-09-18 16:12:28.229431;;;WHEEL_POS;12.016,-19.70
VAL;2026-09-18 16:12:28.245481;;;WHEEL_POS;12.032,-22.90
VAL;2026-09-18 16:12:28.266901;;;WHEEL_POS;12.053,-26.40
VAL;2026-09-18 16:12:28.280990;;;WHEEL_POS;12.067,-29.20
VAL;2026-09-18 16:12:28.311167;;;WHEEL_POS;12.097,-33.00
VAL;2026-09-18 16:12:28.327249;;;WHEEL_POS;12.114,-33.80
VAL;2026-09-18 16:12:28.343332;;;WHEEL_POS;12.130,-34.10
VAL;2026-09-18 16:12:28.358895;;;WHEEL_POS;12.145,-34.50
VAL;2026-09-18 16:12:28.376488;;;WHEEL_POS;12.163,-34.50
EVENT;2026-09-18 16:12:28.393675;0.4838;;2;RotaryEncoder1_3
VAL;2026-09-18 16:12:28.394695;;;WHEEL_POS;12.181,-35.20
VAL;2026-09-18 16:12:28.424954;;;WHEEL_POS;12.211,-36.20
VAL;2026-09-18 16:12:28.459061;;;WHEEL_POS;12.245,-37.30
VAL;2026-09-18 16:12:28.474243;;;WHEEL_POS;12.261,-37.60
VAL;2026-09-18 16:12:28.491051;;;WHEEL_POS;12.277,-37.60
VAL;2026-09-18 16:12:28.509841;;;WHEEL_POS;12.296,-37.60
VAL;2026-09-18 16:12:28.524266;;;WHEEL_POS;12.311,-37.60
VAL;2026-09-18 16:12:28.559749;;;WHEEL_POS;12.346,-37.60
VAL;2026-09-18 16:12:28.574740;;;WHEEL_POS;12.361,-37.60
VAL;2026-09-18 16:12:28.610699;;;WHEEL_POS;12.397,-37.60
VAL;2026-09-18 16:12:28.624837;;;WHEEL_POS;12.411,-37.60
VAL;2026-09-18 16:12:28.640928;;;WHEEL_POS;12.427,-37.60
VAL;2026-09-18 16:12:28.673581;;;WHEEL_POS;12.460,-37.60
VAL;2026-09-18 16:12:28.689665;;;WHEEL_POS;12.476,-37.60
VAL;2026-09-18 16:12:28.706091;;;WHEEL_POS;12.492,-37.60
VAL;2026-09-18 16:12:28.724426;;;WHEEL_POS;12.511,-37.30
VAL;2026-09-18 16:12:28.738512;;;WHEEL_POS;12.525,-37.30
VAL;2026-09-18 16:12:28.758687;;;WHEEL_POS;12.545,-37.30
VAL;2026-09-18 16:12:28.771729;;;WHEEL_POS;12.558,-36.90
VAL;2026-09-18 16:12:28.787818;;;WHEEL_POS;12.574,-36.90
VAL;2026-09-18 16:12:28.804074;;;WHEEL_POS;12.590,-36.90
VAL;2026-09-18 16:12:28.820507;;;WHEEL_POS;12.607,-36.90
VAL;2026-09-18 16:12:28.838722;;;WHEEL_POS;12.625,-36.90
VAL;2026-09-18 16:12:28.868313;;;WHEEL_POS;12.655,-36.90
VAL;2026-09-18 16:12:28.902763;;;WHEEL_POS;12.689,-36.90
VAL;2026-09-18 16:12:28.919179;;;WHEEL_POS;12.705,-36.90
VAL;2026-09-18 16:12:28.935287;;;WHEEL_POS;12.722,-36.90
VAL;2026-09-18 16:12:28.950362;;;WHEEL_POS;12.737,-36.90
VAL;2026-09-18 16:12:28.973142;;;WHEEL_POS;12.759,-36.90
VAL;2026-09-18 16:12:28.989273;;;WHEEL_POS;12.776,-36.90
VAL;2026-09-18 16:12:29.005371;;;WHEEL_POS;12.792,-36.90
VAL;2026-09-18 16:12:29.022165;;;WHEEL_POS;12.808,-36.90
VAL;2026-09-18 16:12:29.038561;;;WHEEL_POS;12.825,-36.90
VAL;2026-09-18 16:12:29.054625;;;WHEEL_POS;12.841,-36.90
VAL;2026-09-18 16:12:29.073826;;;WHEEL_POS;12.860,-36.90
VAL;2026-09-18 16:12:29.101963;;;WHEEL_POS;12.888,-36.90
VAL;2026-09-18 16:12:29.137287;;;WHEEL_POS;12.924,-36.90
VAL;2026-09-18 16:12:29.152348;;;WHEEL_POS;12.939,-36.90
VAL;2026-09-18 16:12:29.171375;;;WHEEL_POS;12.958,-36.90
VAL;2026-09-18 16:12:29.185591;;;WHEEL_POS;12.972,-36.90
VAL;2026-09-18 16:12:29.202348;;;WHEEL_POS;12.989,-36.90
EVENT;2026-09-18 16:12:29.202348;1.3007;;158;Tup
END-TRIAL;2026-09-18 16:12:29.202348;;;The trial ended;
INFO;2026-09-18 16:12:29.202348;21.278831;22.579534;TRIAL-BPOD-TIME;1.3007029999999986
STATE;2026-09-18 16:12:29.202348;0;0.2656;CuePeriod;0.2656
STATE;2026-09-18 16:12:29.202348;0.2656;0.2657;WheelAbort;9.999999999998899e-05
STATE;2026-09-18 16:12:29.202348;0.2657;1.3007;AbortITI;1.035
STATE;2026-09-18 16:12:29.202348;nan;nan;DelayPeriod;nan
STATE;2026-09-18 16:12:29.202348;nan;nan;CueComplete;nan
VAL;2026-09-18 16:12:29.217405;;;ABORT;11.953989301300048
VAL;2026-09-18 16:12:29.217405;;;ABORT_EPOCH;cue
VAL;2026-09-18 16:12:29.217405;;;INCLUDED;False
stdout;2026-09-18 16:12:29.217405;;;Trial 2: Abort (cue epoch) -- re-offering side L next trial.;
stdout;2026-09-18 16:12:29.217405;;;|
|;
VAL;2026-09-18 16:12:29.582879;;;TRIAL_INIT_START;13.369155883789062
VAL;2026-09-18 16:12:29.599193;;;WHEEL_POS;13.385,-36.90
VAL;2026-09-18 16:12:29.619891;;;WHEEL_POS;13.406,-36.90
VAL;2026-09-18 16:12:29.648287;;;WHEEL_POS;13.435,-36.90
VAL;2026-09-18 16:12:29.665438;;;WHEEL_POS;13.452,-36.90
VAL;2026-09-18 16:12:29.680505;;;WHEEL_POS;13.467,-36.90
VAL;2026-09-18 16:12:29.696605;;;WHEEL_POS;13.483,-36.90
VAL;2026-09-18 16:12:29.712644;;;WHEEL_POS;13.499,-36.90
VAL;2026-09-18 16:12:29.732722;;;WHEEL_POS;13.519,-36.90
VAL;2026-09-18 16:12:29.744782;;;TRIAL_START;13.518999576568604
VAL;2026-09-18 16:12:29.744782;;;QUIESCENCE_BREAKS;0
VAL;2026-09-18 16:12:29.744782;;;TRIAL_TYPE;repeat
VAL;2026-09-18 16:12:29.942233;;;TRIAL_SIDE;L
VAL;2026-09-18 16:12:29.942233;;;CLICK_TIMES_L;0.0206,0.0649,0.0799,0.0949,0.1099,0.1414,0.2353
VAL;2026-09-18 16:12:29.942233;;;CLICK_TIMES_R;
VAL;2026-09-18 16:12:29.942233;;;N_CLICKS_L;7
VAL;2026-09-18 16:12:29.942233;;;N_CLICKS_R;0
VAL;2026-09-18 16:12:29.942233;;;STIM_SEED;51730302
VAL;2026-09-18 16:12:29.942233;;;CUE_ABORT_THRESHOLD_DEG;10.0
VAL;2026-09-18 16:12:29.942233;;;RESPONSE_THRESHOLD_DEG;35.0
VAL;2026-09-18 16:12:29.942233;;;QUIESCENCE_DUR_S;0.1
VAL;2026-09-18 16:12:29.942233;;;ITI_S;1.5
VAL;2026-09-18 16:12:29.942233;;;CLICK_LEVEL_ATTENUATED;False
stdout;2026-09-18 16:12:29.942233;;;Trial 3 (repeat): side=L, n_L=7, n_R=0;
stdout;2026-09-18 16:12:29.942233;;;|
|;
VAL;2026-09-18 16:12:29.942233;;;SM_SEND_TIME;13.72851037979126
VAL;2026-09-18 16:12:29.942233;;;CUE_ONSET_TIME;13.74951037979126
TRIAL;2026-09-18 16:12:29.942233;;;New trial;
VAL;2026-09-18 16:12:29.942233;;;WHEEL_POS;13.729,-2.10
EVENT;2026-09-18 16:12:29.970592;0.0245;;0;RotaryEncoder1_1
VAL;2026-09-18 16:12:29.982722;;;WHEEL_POS;13.769,-4.20
VAL;2026-09-18 16:12:29.998963;;;WHEEL_POS;13.785,-4.90
VAL;2026-09-18 16:12:30.016155;;;WHEEL_POS;13.802,-5.60
VAL;2026-09-18 16:12:30.032270;;;WHEEL_POS;13.819,-6.70
VAL;2026-09-18 16:12:30.048340;;;WHEEL_POS;13.835,-7.70
VAL;2026-09-18 16:12:30.066551;;;WHEEL_POS;13.853,-8.80
EVENT;2026-09-18 16:12:30.081625;0.1321;;4;RotaryEncoder1_5
TRANSITION;2026-09-18 16:12:30.081625;0.1321;;WheelAbort;
EVENT;2026-09-18 16:12:30.081625;0.1322;;158;Tup
TRANSITION;2026-09-18 16:12:30.081625;0.1322;;AbortITI;
VAL;2026-09-18 16:12:30.081625;;;WHEEL_POS;13.868,-9.80
VAL;2026-09-18 16:12:30.097857;;;WHEEL_POS;13.884,-10.50
VAL;2026-09-18 16:12:30.113915;;;WHEEL_POS;13.900,-11.60
VAL;2026-09-18 16:12:30.146120;;;WHEEL_POS;13.932,-13.40
VAL;2026-09-18 16:12:30.162676;;;WHEEL_POS;13.949,-14.40
VAL;2026-09-18 16:12:30.180944;;;WHEEL_POS;13.967,-15.80
VAL;2026-09-18 16:12:30.211311;;;WHEEL_POS;13.998,-18.30
VAL;2026-09-18 16:12:30.227370;;;WHEEL_POS;14.014,-19.00
VAL;2026-09-18 16:12:30.243459;;;WHEEL_POS;14.030,-19.70
VAL;2026-09-18 16:12:30.262065;;;WHEEL_POS;14.048,-19.70
VAL;2026-09-18 16:12:30.276728;;;WHEEL_POS;14.063,-19.70
VAL;2026-09-18 16:12:30.294923;;;WHEEL_POS;14.081,-19.30
VAL;2026-09-18 16:12:30.325098;;;WHEEL_POS;14.111,-19.30
VAL;2026-09-18 16:12:30.341186;;;WHEEL_POS;14.127,-19.30
VAL;2026-09-18 16:12:30.360251;;;WHEEL_POS;14.147,-19.30
VAL;2026-09-18 16:12:30.373404;;;WHEEL_POS;14.160,-19.30
VAL;2026-09-18 16:12:30.389820;;;WHEEL_POS;14.176,-19.30
VAL;2026-09-18 16:12:30.408441;;;WHEEL_POS;14.195,-19.00
VAL;2026-09-18 16:12:30.423202;;;WHEEL_POS;14.209,-18.30
VAL;2026-09-18 16:12:30.439343;;;WHEEL_POS;14.226,-17.90
VAL;2026-09-18 16:12:30.456395;;;WHEEL_POS;14.243,-17.60
VAL;2026-09-18 16:12:30.488702;;;WHEEL_POS;14.275,-16.50
VAL;2026-09-18 16:12:30.504769;;;WHEEL_POS;14.291,-16.20
VAL;2026-09-18 16:12:30.523244;;;WHEEL_POS;14.310,-16.20
VAL;2026-09-18 16:12:30.537376;;;WHEEL_POS;14.324,-15.80
VAL;2026-09-18 16:12:30.553480;;;WHEEL_POS;14.340,-15.80
VAL;2026-09-18 16:12:30.588570;;;WHEEL_POS;14.375,-15.50
VAL;2026-09-18 16:12:30.604736;;;WHEEL_POS;14.391,-15.50
VAL;2026-09-18 16:12:30.620864;;;WHEEL_POS;14.407,-15.50
VAL;2026-09-18 16:12:30.639115;;;WHEEL_POS;14.425,-15.50
VAL;2026-09-18 16:12:30.654200;;;WHEEL_POS;14.440,-15.50
VAL;2026-09-18 16:12:30.671207;;;WHEEL_POS;14.457,-15.50
VAL;2026-09-18 16:12:30.687259;;;WHEEL_POS;14.474,-15.50
VAL;2026-09-18 16:12:30.703928;;;WHEEL_POS;14.490,-15.50
VAL;2026-09-18 16:12:30.723914;;;WHEEL_POS;14.510,-15.50
VAL;2026-09-18 16:12:30.752073;;;WHEEL_POS;14.538,-15.50
VAL;2026-09-18 16:12:30.771786;;;WHEEL_POS;14.558,-15.50
VAL;2026-09-18 16:12:30.784831;;;WHEEL_POS;14.571,-15.50
VAL;2026-09-18 16:12:30.800923;;;WHEEL_POS;14.587,-15.50
VAL;2026-09-18 16:12:30.838203;;;WHEEL_POS;14.624,-15.50
VAL;2026-09-18 16:12:30.852357;;;WHEEL_POS;14.639,-15.50
VAL;2026-09-18 16:12:30.869409;;;WHEEL_POS;14.656,-15.50
VAL;2026-09-18 16:12:30.884642;;;WHEEL_POS;14.671,-15.50
VAL;2026-09-18 16:12:30.899753;;;WHEEL_POS;14.686,-15.50
VAL;2026-09-18 16:12:30.916327;;;WHEEL_POS;14.703,-15.50
VAL;2026-09-18 16:12:30.932364;;;WHEEL_POS;14.719,-15.50
VAL;2026-09-18 16:12:30.947260;;;WHEEL_POS;14.734,-15.50
VAL;2026-09-18 16:12:30.971875;;;WHEEL_POS;14.758,-15.50
VAL;2026-09-18 16:12:30.984014;;;WHEEL_POS;14.770,-15.50
VAL;2026-09-18 16:12:31.015093;;;WHEEL_POS;14.801,-15.50
VAL;2026-09-18 16:12:31.050901;;;WHEEL_POS;14.837,-15.50
VAL;2026-09-18 16:12:31.063501;;;WHEEL_POS;14.850,-15.50
VAL;2026-09-18 16:12:31.082720;;;WHEEL_POS;14.869,-15.50
VAL;2026-09-18 16:12:31.096900;;;WHEEL_POS;14.883,-15.50
VAL;2026-09-18 16:12:31.113132;;;WHEEL_POS;14.899,-15.50
VAL;2026-09-18 16:12:31.129763;;;WHEEL_POS;14.916,-15.50
VAL;2026-09-18 16:12:31.145878;;;WHEEL_POS;14.932,-15.50
VAL;2026-09-18 16:12:31.178589;;;WHEEL_POS;14.965,-15.50
VAL;2026-09-18 16:12:31.196783;;;WHEEL_POS;14.983,-15.50
VAL;2026-09-18 16:12:31.210925;;;WHEEL_POS;14.997,-15.50
VAL;2026-09-18 16:12:31.227014;;;WHEEL_POS;15.013,-15.50
VAL;2026-09-18 16:12:31.243638;;;WHEEL_POS;15.030,-15.50
VAL;2026-09-18 16:12:31.260928;;;WHEEL_POS;15.047,-15.50
VAL;2026-09-18 16:12:31.276494;;;WHEEL_POS;15.063,-15.50
VAL;2026-09-18 16:12:31.296512;;;WHEEL_POS;15.083,-15.50
VAL;2026-09-18 16:12:31.310577;;;WHEEL_POS;15.097,-15.50
VAL;2026-09-18 16:12:31.325817;;;WHEEL_POS;15.112,-15.50
VAL;2026-09-18 16:12:31.343415;;;WHEEL_POS;15.130,-15.50
VAL;2026-09-18 16:12:31.360985;;;WHEEL_POS;15.147,-15.50
VAL;2026-09-18 16:12:31.376137;;;WHEEL_POS;15.162,-15.50
VAL;2026-09-18 16:12:31.396137;;;WHEEL_POS;15.182,-15.50
VAL;2026-09-18 16:12:31.410270;;;WHEEL_POS;15.197,-15.50
VAL;2026-09-18 16:12:31.440703;;;WHEEL_POS;15.227,-15.50
VAL;2026-09-18 16:12:31.457283;;;WHEEL_POS;15.244,-15.50
VAL;2026-09-18 16:12:31.476367;;;WHEEL_POS;15.263,-15.50
VAL;2026-09-18 16:12:31.491446;;;WHEEL_POS;15.278,-15.50
VAL;2026-09-18 16:12:31.509090;;;WHEEL_POS;15.295,-15.50
VAL;2026-09-18 16:12:31.524143;;;WHEEL_POS;15.310,-15.50
EVENT;2026-09-18 16:12:31.524143;1.5827;;158;Tup
END-TRIAL;2026-09-18 16:12:31.524143;;;The trial ended;
INFO;2026-09-18 16:12:31.524143;23.321731;24.904434;TRIAL-BPOD-TIME;1.5827029999999986
STATE;2026-09-18 16:12:31.524143;0;0.1321;CuePeriod;0.1321
STATE;2026-09-18 16:12:31.524143;0.1321;0.1322;WheelAbort;0.00010000000000001674
STATE;2026-09-18 16:12:31.524143;0.1322;1.5827;AbortITI;1.4505
STATE;2026-09-18 16:12:31.524143;nan;nan;DelayPeriod;nan
STATE;2026-09-18 16:12:31.524143;nan;nan;CueComplete;nan
VAL;2026-09-18 16:12:31.538211;;;ABORT;13.86061037979126
VAL;2026-09-18 16:12:31.538211;;;ABORT_EPOCH;cue
VAL;2026-09-18 16:12:31.538211;;;INCLUDED;False
stdout;2026-09-18 16:12:31.538211;;;Trial 3: Abort (cue epoch) -- re-offering side L next trial.;
stdout;2026-09-18 16:12:31.538211;;;|
|;
VAL;2026-09-18 16:12:31.904168;;;TRIAL_INIT_START;15.690444707870483
VAL;2026-09-18 16:12:31.920259;;;WHEEL_POS;15.707,-15.50
VAL;2026-09-18 16:12:31.940332;;;WHEEL_POS;15.727,-15.50
VAL;2026-09-18 16:12:31.972487;;;WHEEL_POS;15.759,-15.50
VAL;2026-09-18 16:12:31.985680;;;WHEEL_POS;15.772,-15.80
VAL;2026-09-18 16:12:32.017848;;;WHEEL_POS;15.804,-16.20
VAL;2026-09-18 16:12:32.052696;;;WHEEL_POS;15.839,-16.50
VAL;2026-09-18 16:12:32.067291;;;WHEEL_POS;15.854,-16.50
VAL;2026-09-18 16:12:32.089218;;;TRIAL_START;15.85356855392456
VAL;2026-09-18 16:12:32.089218;;;QUIESCENCE_BREAKS;0
VAL;2026-09-18 16:12:32.089218;;;TRIAL_TYPE;repeat
VAL;2026-09-18 16:12:32.230251;;;TRIAL_SIDE;L
VAL;2026-09-18 16:12:32.230251;;;CLICK_TIMES_L;0.0161
VAL;2026-09-18 16:12:32.230251;;;CLICK_TIMES_R;
VAL;2026-09-18 16:12:32.230251;;;N_CLICKS_L;1
VAL;2026-09-18 16:12:32.230251;;;N_CLICKS_R;0
VAL;2026-09-18 16:12:32.230251;;;STIM_SEED;100395233
VAL;2026-09-18 16:12:32.230251;;;CUE_ABORT_THRESHOLD_DEG;10.0
VAL;2026-09-18 16:12:32.230251;;;RESPONSE_THRESHOLD_DEG;35.0
VAL;2026-09-18 16:12:32.230251;;;QUIESCENCE_DUR_S;0.1
VAL;2026-09-18 16:12:32.230251;;;ITI_S;1.5
VAL;2026-09-18 16:12:32.230251;;;CLICK_LEVEL_ATTENUATED;False
stdout;2026-09-18 16:12:32.230251;;;Trial 4 (repeat): side=L, n_L=1, n_R=0;
stdout;2026-09-18 16:12:32.230251;;;|
|;
VAL;2026-09-18 16:12:32.230251;;;SM_SEND_TIME;16.016528367996216
VAL;2026-09-18 16:12:32.230251;;;CUE_ONSET_TIME;16.037528367996217
TRIAL;2026-09-18 16:12:32.230251;;;New trial;
VAL;2026-09-18 16:12:32.230251;;;WHEEL_POS;16.017,-9.80
VAL;2026-09-18 16:12:32.263013;;;WHEEL_POS;16.049,-12.30
VAL;2026-09-18 16:12:32.296758;;;WHEEL_POS;16.083,-15.80
VAL;2026-09-18 16:12:32.315137;;;WHEEL_POS;16.101,-17.20
VAL;2026-09-18 16:12:32.345281;;;WHEEL_POS;16.132,-19.70
VAL;2026-09-18 16:12:32.361878;;;WHEEL_POS;16.148,-20.00
VAL;2026-09-18 16:12:32.394126;;;WHEEL_POS;16.180,-20.00
VAL;2026-09-18 16:12:32.410253;;;WHEEL_POS;16.197,-20.00
VAL;2026-09-18 16:12:32.443430;;;WHEEL_POS;16.230,-20.00
VAL;2026-09-18 16:12:32.460085;;;WHEEL_POS;16.246,-20.40
VAL;2026-09-18 16:12:32.476447;;;WHEEL_POS;16.263,-20.40
VAL;2026-09-18 16:12:32.493121;;;WHEEL_POS;16.279,-20.40
VAL;2026-09-18 16:12:32.509476;;;WHEEL_POS;16.296,-20.40
EVENT;2026-09-18 16:12:32.509476;0.271;;158;Tup
TRANSITION;2026-09-18 16:12:32.509476;0.271;;DelayPeriod;
VAL;2026-09-18 16:12:32.543619;;;WHEEL_POS;16.330,-19.70
VAL;2026-09-18 16:12:32.563508;;;WHEEL_POS;16.350,-19.00
VAL;2026-09-18 16:12:32.592748;;;WHEEL_POS;16.379,-18.60
VAL;2026-09-18 16:12:32.610124;;;WHEEL_POS;16.396,-18.30
VAL;2026-09-18 16:12:32.630497;;;WHEEL_POS;16.417,-18.30
VAL;2026-09-18 16:12:32.659223;;;WHEEL_POS;16.445,-17.90
VAL;2026-09-18 16:12:32.675416;;;WHEEL_POS;16.462,-17.90
EVENT;2026-09-18 16:12:32.675416;0.4454;;158;Tup
TRANSITION;2026-09-18 16:12:32.675416;0.4454;;CueComplete;
EVENT;2026-09-18 16:12:32.675416;0.4455;;158;Tup
END-TRIAL;2026-09-18 16:12:32.690420;;;The trial ended;
INFO;2026-09-18 16:12:32.690707;25.613731;26.059235;TRIAL-BPOD-TIME;0.4455039999999997
STATE;2026-09-18 16:12:32.690707;0;0.271;CuePeriod;0.271
STATE;2026-09-18 16:12:32.690707;0.271;0.4454;DelayPeriod;0.1744
STATE;2026-09-18 16:12:32.690707;0.4454;0.4455;CueComplete;9.999999999998899e-05
STATE;2026-09-18 16:12:32.690707;nan;nan;WheelAbort;nan
STATE;2026-09-18 16:12:32.690707;nan;nan;AbortITI;nan
VAL;2026-09-18 16:12:32.694234;;;WHEEL_POS;16.481,-17.90
VAL;2026-09-18 16:12:32.707272;;;SM_SEND_TIME;16.49354910850525
TRIAL;2026-09-18 16:12:32.709326;;;New trial;
VAL;2026-09-18 16:12:32.724510;;;WHEEL_POS;16.511,0.00
VAL;2026-09-18 16:12:32.741013;;;WHEEL_POS;16.527,0.00
VAL;2026-09-18 16:12:32.778343;;;WHEEL_POS;16.565,0.00
VAL;2026-09-18 16:12:32.790433;;;WHEEL_POS;16.577,0.00
VAL;2026-09-18 16:12:32.807892;;;WHEEL_POS;16.594,0.00
VAL;2026-09-18 16:12:32.824010;;;WHEEL_POS;16.610,0.00
VAL;2026-09-18 16:12:32.858054;;;WHEEL_POS;16.644,0.00
VAL;2026-09-18 16:12:32.878419;;;WHEEL_POS;16.665,0.00
VAL;2026-09-18 16:12:32.891929;;;WHEEL_POS;16.678,0.00
VAL;2026-09-18 16:12:32.925624;;;WHEEL_POS;16.712,0.00
VAL;2026-09-18 16:12:32.943307;;;WHEEL_POS;16.730,0.00
VAL;2026-09-18 16:12:32.957924;;;WHEEL_POS;16.744,0.00
VAL;2026-09-18 16:12:32.995624;;;WHEEL_POS;16.782,0.00
VAL;2026-09-18 16:12:33.008448;;;WHEEL_POS;16.795,0.00
VAL;2026-09-18 16:12:33.024554;;;WHEEL_POS;16.811,0.00
VAL;2026-09-18 16:12:33.040672;;;WHEEL_POS;16.827,0.00
VAL;2026-09-18 16:12:33.056231;;;WHEEL_POS;16.843,0.00
VAL;2026-09-18 16:12:33.094666;;;WHEEL_POS;16.881,0.00
VAL;2026-09-18 16:12:33.108323;;;WHEEL_POS;16.895,0.00
VAL;2026-09-18 16:12:33.124443;;;WHEEL_POS;16.911,0.00
VAL;2026-09-18 16:12:33.157559;;;WHEEL_POS;16.944,0.00
VAL;2026-09-18 16:12:33.174678;;;WHEEL_POS;16.961,0.00
VAL;2026-09-18 16:12:33.194053;;;WHEEL_POS;16.980,0.00
VAL;2026-09-18 16:12:33.222812;;;WHEEL_POS;17.009,0.00
VAL;2026-09-18 16:12:33.253907;;;WHEEL_POS;17.040,0.00
VAL;2026-09-18 16:12:33.271603;;;WHEEL_POS;17.058,0.00
VAL;2026-09-18 16:12:33.286610;;;WHEEL_POS;17.073,0.00
VAL;2026-09-18 16:12:33.323489;;;WHEEL_POS;17.110,0.00
VAL;2026-09-18 16:12:33.339168;;;WHEEL_POS;17.125,0.00
VAL;2026-09-18 16:12:33.353720;;;WHEEL_POS;17.140,0.00
VAL;2026-09-18 16:12:33.390756;;;WHEEL_POS;17.177,0.00
VAL;2026-09-18 16:12:33.403833;;;WHEEL_POS;17.190,0.00
VAL;2026-09-18 16:12:33.420431;;;WHEEL_POS;17.207,0.00
VAL;2026-09-18 16:12:33.440183;;;WHEEL_POS;17.226,0.00
VAL;2026-09-18 16:12:33.470094;;;WHEEL_POS;17.256,0.00
VAL;2026-09-18 16:12:33.486369;;;WHEEL_POS;17.273,0.00
VAL;2026-09-18 16:12:33.501375;;;WHEEL_POS;17.288,0.00
VAL;2026-09-18 16:12:33.539829;;;WHEEL_POS;17.326,0.00
VAL;2026-09-18 16:12:33.554176;;;WHEEL_POS;17.340,0.00
VAL;2026-09-18 16:12:33.575612;;;WHEEL_POS;17.362,0.00
VAL;2026-09-18 16:12:33.606857;;;WHEEL_POS;17.393,-0.40
VAL;2026-09-18 16:12:33.623080;;;WHEEL_POS;17.409,-1.10
VAL;2026-09-18 16:12:33.639456;;;WHEEL_POS;17.426,-2.10
EVENT;2026-09-18 16:12:33.658396;0.9461;;0;RotaryEncoder1_1
VAL;2026-09-18 16:12:33.671402;;;WHEEL_POS;17.458,-4.90
EVENT;2026-09-18 16:12:33.705501;0.9853000000000001;;4;RotaryEncoder1_5
VAL;2026-09-18 16:12:33.705501;;;WHEEL_POS;17.492,-10.50
VAL;2026-09-18 16:12:33.721749;;;WHEEL_POS;17.508,-13.70
VAL;2026-09-18 16:12:33.736755;;;WHEEL_POS;17.523,-16.90
VAL;2026-09-18 16:12:33.774626;;;WHEEL_POS;17.561,-21.40
VAL;2026-09-18 16:12:33.791899;;;WHEEL_POS;17.578,-22.90
VAL;2026-09-18 16:12:33.802904;;;WHEEL_POS;17.589,-24.30
VAL;2026-09-18 16:12:33.837184;;;WHEEL_POS;17.623,-26.00
VAL;2026-09-18 16:12:33.854779;;;WHEEL_POS;17.641,-27.10
VAL;2026-09-18 16:12:33.872961;;;WHEEL_POS;17.659,-28.50
VAL;2026-09-18 16:12:33.909293;;;WHEEL_POS;17.696,-30.60
VAL;2026-09-18 16:12:33.924500;;;WHEEL_POS;17.711,-32.00
VAL;2026-09-18 16:12:33.942324;;;WHEEL_POS;17.729,-33.40
EVENT;2026-09-18 16:12:33.955855;1.2503;;2;RotaryEncoder1_3
TRANSITION;2026-09-18 16:12:33.955855;1.2503;;Reward;
VAL;2026-09-18 16:12:33.976526;;;WHEEL_POS;17.763,-35.20
VAL;2026-09-18 16:12:33.995697;;;WHEEL_POS;17.782,-36.20
VAL;2026-09-18 16:12:34.008745;;;WHEEL_POS;17.795,-36.90
EVENT;2026-09-18 16:12:34.008745;1.2991000000000001;;158;Tup
TRANSITION;2026-09-18 16:12:34.008745;1.2991000000000001;;Consumption;
VAL;2026-09-18 16:12:34.025044;;;WHEEL_POS;17.811,-37.60
VAL;2026-09-18 16:12:34.041150;;;WHEEL_POS;17.827,-38.30
VAL;2026-09-18 16:12:34.075378;;;WHEEL_POS;17.862,-39.40
VAL;2026-09-18 16:12:34.090382;;;WHEEL_POS;17.877,-39.70
VAL;2026-09-18 16:12:34.126518;;;WHEEL_POS;17.913,-40.10
VAL;2026-09-18 16:12:34.142671;;;WHEEL_POS;17.929,-40.10
VAL;2026-09-18 16:12:34.176165;;;WHEEL_POS;17.962,-40.10
VAL;2026-09-18 16:12:34.196759;;;WHEEL_POS;17.983,-40.10
VAL;2026-09-18 16:12:34.225009;;;WHEEL_POS;18.011,-40.10
VAL;2026-09-18 16:12:34.258164;;;WHEEL_POS;18.044,-40.10
VAL;2026-09-18 16:12:34.274347;;;WHEEL_POS;18.061,-40.10
VAL;2026-09-18 16:12:34.300078;;;WHEEL_POS;18.086,-40.10
VAL;2026-09-18 16:12:34.325096;;;WHEEL_POS;18.111,-40.10
VAL;2026-09-18 16:12:34.340154;;;WHEEL_POS;18.126,-40.10
VAL;2026-09-18 16:12:34.373896;;;WHEEL_POS;18.160,-40.10
VAL;2026-09-18 16:12:34.397875;;;WHEEL_POS;18.184,-40.10
VAL;2026-09-18 16:12:34.427125;;;WHEEL_POS;18.213,-40.10
VAL;2026-09-18 16:12:34.441385;;;WHEEL_POS;18.228,-40.10
VAL;2026-09-18 16:12:34.455981;;;WHEEL_POS;18.242,-40.10
VAL;2026-09-18 16:12:34.472533;;;WHEEL_POS;18.259,-40.10
VAL;2026-09-18 16:12:34.487537;;;WHEEL_POS;18.274,-40.10
VAL;2026-09-18 16:12:34.524543;;;WHEEL_POS;18.311,-40.10
VAL;2026-09-18 16:12:34.538738;;;WHEEL_POS;18.325,-40.10
VAL;2026-09-18 16:12:34.558002;;;WHEEL_POS;18.344,-40.10
VAL;2026-09-18 16:12:34.576524;;;WHEEL_POS;18.363,-40.10
VAL;2026-09-18 16:12:34.588502;;;WHEEL_POS;18.375,-40.10
VAL;2026-09-18 16:12:34.603593;;;WHEEL_POS;18.390,-40.10
VAL;2026-09-18 16:12:34.637647;;;WHEEL_POS;18.424,-40.10
VAL;2026-09-18 16:12:34.669206;;;WHEEL_POS;18.455,-40.10
VAL;2026-09-18 16:12:34.686532;;;WHEEL_POS;18.473,-40.10
VAL;2026-09-18 16:12:34.734835;;;WHEEL_POS;18.521,-40.10
VAL;2026-09-18 16:12:34.755062;;;WHEEL_POS;18.541,-40.10
VAL;2026-09-18 16:12:34.774271;;;WHEEL_POS;18.561,-40.10
VAL;2026-09-18 16:12:34.793451;;;WHEEL_POS;18.580,-40.10
VAL;2026-09-18 16:12:34.824582;;;WHEEL_POS;18.611,-40.10
VAL;2026-09-18 16:12:34.857777;;;WHEEL_POS;18.644,-40.10
VAL;2026-09-18 16:12:34.899091;;;WHEEL_POS;18.685,-40.10
VAL;2026-09-18 16:12:34.931795;;;WHEEL_POS;18.718,-40.10
VAL;2026-09-18 16:12:34.947452;;;WHEEL_POS;18.734,-40.10
VAL;2026-09-18 16:12:34.970472;;;WHEEL_POS;18.757,-40.10
VAL;2026-09-18 16:12:35.003766;;;WHEEL_POS;18.790,-40.10
VAL;2026-09-18 16:12:35.026479;;;WHEEL_POS;18.813,-40.10
VAL;2026-09-18 16:12:35.044272;;;WHEEL_POS;18.831,-40.10
VAL;2026-09-18 16:12:35.075321;;;WHEEL_POS;18.862,-40.10
VAL;2026-09-18 16:12:35.108594;;;WHEEL_POS;18.895,-40.10
VAL;2026-09-18 16:12:35.143658;;;WHEEL_POS;18.930,-40.10
VAL;2026-09-18 16:12:35.176207;;;WHEEL_POS;18.962,-40.10
VAL;2026-09-18 16:12:35.209039;;;WHEEL_POS;18.995,-40.10
VAL;2026-09-18 16:12:35.227935;;;WHEEL_POS;19.014,-40.10
VAL;2026-09-18 16:12:35.243757;;;WHEEL_POS;19.030,-40.10
VAL;2026-09-18 16:12:35.260271;;;WHEEL_POS;19.047,-40.10
VAL;2026-09-18 16:12:35.292468;;;WHEEL_POS;19.079,-40.10
VAL;2026-09-18 16:12:35.325816;;;WHEEL_POS;19.112,-40.10
VAL;2026-09-18 16:12:35.363819;;;WHEEL_POS;19.150,-40.10
VAL;2026-09-18 16:12:35.380581;;;WHEEL_POS;19.167,-40.10
VAL;2026-09-18 16:12:35.412919;;;WHEEL_POS;19.199,-40.10
VAL;2026-09-18 16:12:35.428895;;;WHEEL_POS;19.215,-40.10
VAL;2026-09-18 16:12:35.462981;;;WHEEL_POS;19.249,-40.10
VAL;2026-09-18 16:12:35.494114;;;WHEEL_POS;19.280,-40.10
VAL;2026-09-18 16:12:35.538831;;;WHEEL_POS;19.325,-40.40
VAL;2026-09-18 16:12:35.579989;;;WHEEL_POS;19.366,-40.40
VAL;2026-09-18 16:12:35.598252;;;WHEEL_POS;19.385,-40.40
VAL;2026-09-18 16:12:35.613430;;;WHEEL_POS;19.400,-40.40
VAL;2026-09-18 16:12:35.629964;;;WHEEL_POS;19.416,-40.40
VAL;2026-09-18 16:12:35.665763;;;WHEEL_POS;19.452,-40.10
VAL;2026-09-18 16:12:35.697230;;;WHEEL_POS;19.484,-39.70
VAL;2026-09-18 16:12:35.735084;;;WHEEL_POS;19.521,-39.70
VAL;2026-09-18 16:12:35.766292;;;WHEEL_POS;19.553,-39.70
VAL;2026-09-18 16:12:35.785058;;;WHEEL_POS;19.571,-39.70
VAL;2026-09-18 16:12:35.799467;;;WHEEL_POS;19.586,-39.40
VAL;2026-09-18 16:12:35.814632;;;WHEEL_POS;19.601,-39.40
VAL;2026-09-18 16:12:35.847344;;;WHEEL_POS;19.634,-39.40
VAL;2026-09-18 16:12:35.865524;;;WHEEL_POS;19.652,-39.40
VAL;2026-09-18 16:12:35.881960;;;WHEEL_POS;19.668,-39.40
VAL;2026-09-18 16:12:35.914787;;;WHEEL_POS;19.701,-39.70
VAL;2026-09-18 16:12:35.930972;;;WHEEL_POS;19.717,-39.70
VAL;2026-09-18 16:12:35.955938;;;WHEEL_POS;19.742,-39.70
VAL;2026-09-18 16:12:35.981201;;;WHEEL_POS;19.767,-39.70
VAL;2026-09-18 16:12:35.997295;;;WHEEL_POS;19.784,-39.70
VAL;2026-09-18 16:12:36.017394;;;WHEEL_POS;19.804,-39.70
VAL;2026-09-18 16:12:36.046631;;;WHEEL_POS;19.833,-39.70
VAL;2026-09-18 16:12:36.062632;;;WHEEL_POS;19.849,-39.70
VAL;2026-09-18 16:12:36.078949;;;WHEEL_POS;19.865,-40.10
VAL;2026-09-18 16:12:36.115452;;;WHEEL_POS;19.902,-40.10
VAL;2026-09-18 16:12:36.129579;;;WHEEL_POS;19.916,-40.10
VAL;2026-09-18 16:12:36.144876;;;WHEEL_POS;19.931,-40.10
VAL;2026-09-18 16:12:36.178280;;;WHEEL_POS;19.965,-40.10
VAL;2026-09-18 16:12:36.193355;;;WHEEL_POS;19.980,-40.10
VAL;2026-09-18 16:12:36.210384;;;WHEEL_POS;19.997,-40.10
VAL;2026-09-18 16:12:36.243179;;;WHEEL_POS;20.029,-40.10
VAL;2026-09-18 16:12:36.260295;;;WHEEL_POS;20.047,-40.10
VAL;2026-09-18 16:12:36.278608;;;WHEEL_POS;20.065,-40.10
VAL;2026-09-18 16:12:36.294982;;;WHEEL_POS;20.081,-40.10
VAL;2026-09-18 16:12:36.311219;;;WHEEL_POS;20.097,-40.10
VAL;2026-09-18 16:12:36.326223;;;WHEEL_POS;20.112,-40.10
VAL;2026-09-18 16:12:36.363146;;;WHEEL_POS;20.149,-40.10
VAL;2026-09-18 16:12:36.394136;;;WHEEL_POS;20.180,-39.70
VAL;2026-09-18 16:12:36.410479;;;WHEEL_POS;20.197,-39.70
VAL;2026-09-18 16:12:36.442855;;;WHEEL_POS;20.229,-39.70
VAL;2026-09-18 16:12:36.476478;;;WHEEL_POS;20.263,-39.70
VAL;2026-09-18 16:12:36.493148;;;WHEEL_POS;20.279,-39.70
VAL;2026-09-18 16:12:36.509331;;;WHEEL_POS;20.296,-39.70
VAL;2026-09-18 16:12:36.526524;;;WHEEL_POS;20.313,-39.70
VAL;2026-09-18 16:12:36.541576;;;WHEEL_POS;20.328,-39.40
VAL;2026-09-18 16:12:36.580053;;;WHEEL_POS;20.366,-36.90
VAL;2026-09-18 16:12:36.596238;;;WHEEL_POS;20.383,-34.80
VAL;2026-09-18 16:12:36.629478;;;WHEEL_POS;20.416,-32.00
VAL;2026-09-18 16:12:36.645635;;;WHEEL_POS;20.432,-29.50
VAL;2026-09-18 16:12:36.666430;;;WHEEL_POS;20.453,-27.10
VAL;2026-09-18 16:12:36.681671;;;WHEEL_POS;20.468,-23.90
VAL;2026-09-18 16:12:36.695674;;;WHEEL_POS;20.482,-21.10
VAL;2026-09-18 16:12:36.728374;;;WHEEL_POS;20.515,-16.90
VAL;2026-09-18 16:12:36.762923;;;WHEEL_POS;20.549,-15.80
VAL;2026-09-18 16:12:36.783339;;;WHEEL_POS;20.570,-15.80
VAL;2026-09-18 16:12:36.811156;;;WHEEL_POS;20.597,-15.50
VAL;2026-09-18 16:12:36.828268;;;WHEEL_POS;20.615,-14.80
VAL;2026-09-18 16:12:36.844353;;;WHEEL_POS;20.631,-14.40
VAL;2026-09-18 16:12:36.861069;;;WHEEL_POS;20.647,-14.10
VAL;2026-09-18 16:12:36.876079;;;WHEEL_POS;20.662,-14.10
VAL;2026-09-18 16:12:36.912259;;;WHEEL_POS;20.699,-15.10
VAL;2026-09-18 16:12:36.926263;;;WHEEL_POS;20.713,-16.50
VAL;2026-09-18 16:12:36.962368;;;WHEEL_POS;20.749,-18.30
VAL;2026-09-18 16:12:36.978578;;;WHEEL_POS;20.765,-19.70
VAL;2026-09-18 16:12:36.996219;;;WHEEL_POS;20.782,-20.70
EVENT;2026-09-18 16:12:37.012887;4.2991;;158;Tup
TRANSITION;2026-09-18 16:12:37.012887;4.2991;;ITI;
VAL;2026-09-18 16:12:37.028987;;;WHEEL_POS;20.815,-22.50
VAL;2026-09-18 16:12:37.061777;;;WHEEL_POS;20.848,-24.30
VAL;2026-09-18 16:12:37.079977;;;WHEEL_POS;20.866,-25.00
VAL;2026-09-18 16:12:37.096713;;;WHEEL_POS;20.883,-25.70
VAL;2026-09-18 16:12:37.112776;;;WHEEL_POS;20.899,-26.00
VAL;2026-09-18 16:12:37.132297;;;WHEEL_POS;20.919,-26.70
VAL;2026-09-18 16:12:37.164061;;;WHEEL_POS;20.950,-27.40
VAL;2026-09-18 16:12:37.197928;;;WHEEL_POS;20.984,-28.10
VAL;2026-09-18 16:12:37.234188;;;WHEEL_POS;21.020,-28.80
VAL;2026-09-18 16:12:37.262702;;;WHEEL_POS;21.049,-29.90
VAL;2026-09-18 16:12:37.278873;;;WHEEL_POS;21.065,-30.90
VAL;2026-09-18 16:12:37.327166;;;WHEEL_POS;21.113,-30.90
VAL;2026-09-18 16:12:37.348951;;;WHEEL_POS;21.135,-30.90
VAL;2026-09-18 16:12:37.362263;;;WHEEL_POS;21.149,-30.90
VAL;2026-09-18 16:12:37.394602;;;WHEEL_POS;21.181,-30.90
VAL;2026-09-18 16:12:37.412938;;;WHEEL_POS;21.199,-30.60
VAL;2026-09-18 16:12:37.428027;;;WHEEL_POS;21.214,-30.60
VAL;2026-09-18 16:12:37.464159;;;WHEEL_POS;21.250,-30.60
VAL;2026-09-18 16:12:37.493325;;;WHEEL_POS;21.280,-29.90
VAL;2026-09-18 16:12:37.524451;;;WHEEL_POS;21.311,-28.80
VAL;2026-09-18 16:12:37.543352;;;WHEEL_POS;21.330,-27.80
VAL;2026-09-18 16:12:37.592901;;;WHEEL_POS;21.379,-27.10
VAL;2026-09-18 16:12:37.614089;;;WHEEL_POS;21.399,-26.70
VAL;2026-09-18 16:12:37.642047;;;WHEEL_POS;21.428,-26.40
VAL;2026-09-18 16:12:37.659161;;;WHEEL_POS;21.445,-26.40
VAL;2026-09-18 16:12:37.675799;;;WHEEL_POS;21.462,-26.40
VAL;2026-09-18 16:12:37.695349;;;WHEEL_POS;21.482,-26.40
VAL;2026-09-18 16:12:37.708727;;;WHEEL_POS;21.495,-26.40
VAL;2026-09-18 16:12:37.725300;;;WHEEL_POS;21.512,-26.40
VAL;2026-09-18 16:12:37.758064;;;WHEEL_POS;21.544,-26.70
VAL;2026-09-18 16:12:37.787177;;;WHEEL_POS;21.573,-26.40
VAL;2026-09-18 16:12:37.801930;;;WHEEL_POS;21.588,-25.30
VAL;2026-09-18 16:12:37.833943;;;WHEEL_POS;21.620,-20.70
VAL;2026-09-18 16:12:37.866522;;;WHEEL_POS;21.653,-17.20
VAL;2026-09-18 16:12:37.883756;;;WHEEL_POS;21.670,-13.00
VAL;2026-09-18 16:12:37.899822;;;WHEEL_POS;21.686,-10.50
VAL;2026-09-18 16:12:37.919025;;;WHEEL_POS;21.705,-8.10
VAL;2026-09-18 16:12:37.934726;;;WHEEL_POS;21.721,-5.30
VAL;2026-09-18 16:12:37.958343;;;WHEEL_POS;21.745,-3.90
VAL;2026-09-18 16:12:38.002389;;;WHEEL_POS;21.789,-4.20
VAL;2026-09-18 16:12:38.024620;;;WHEEL_POS;21.811,-5.30
VAL;2026-09-18 16:12:38.037532;;;WHEEL_POS;21.824,-5.60
VAL;2026-09-18 16:12:38.069346;;;WHEEL_POS;21.856,-6.30
VAL;2026-09-18 16:12:38.084979;;;WHEEL_POS;21.871,-8.10
VAL;2026-09-18 16:12:38.125543;;;WHEEL_POS;21.912,-12.00
VAL;2026-09-18 16:12:38.147522;;;WHEEL_POS;21.934,-15.80
VAL;2026-09-18 16:12:38.162815;;;WHEEL_POS;21.949,-17.60
VAL;2026-09-18 16:12:38.193870;;;WHEEL_POS;21.980,-19.70
VAL;2026-09-18 16:12:38.214049;;;WHEEL_POS;22.000,-21.10
VAL;2026-09-18 16:12:38.230154;;;WHEEL_POS;22.016,-21.40
VAL;2026-09-18 16:12:38.259005;;;WHEEL_POS;22.045,-21.80
VAL;2026-09-18 16:12:38.275102;;;WHEEL_POS;22.061,-22.50
VAL;2026-09-18 16:12:38.291183;;;WHEEL_POS;22.077,-23.20
VAL;2026-09-18 16:12:38.323770;;;WHEEL_POS;22.110,-23.90
VAL;2026-09-18 16:12:38.339819;;;WHEEL_POS;22.126,-24.60
VAL;2026-09-18 16:12:38.359089;;;WHEEL_POS;22.145,-24.60
VAL;2026-09-18 16:12:38.372915;;;WHEEL_POS;22.159,-24.60
VAL;2026-09-18 16:12:38.405078;;;WHEEL_POS;22.191,-24.30
VAL;2026-09-18 16:12:38.421262;;;WHEEL_POS;22.208,-24.30
VAL;2026-09-18 16:12:38.437379;;;WHEEL_POS;22.224,-24.30
VAL;2026-09-18 16:12:38.458412;;;WHEEL_POS;22.245,-24.30
VAL;2026-09-18 16:12:38.490796;;;WHEEL_POS;22.277,-24.30
VAL;2026-09-18 16:12:38.511566;;;WHEEL_POS;22.298,-24.30
EVENT;2026-09-18 16:12:38.511566;5.7991;;158;Tup
END-TRIAL;2026-09-18 16:12:38.511566;;;The trial ended;
INFO;2026-09-18 16:12:38.511566;26.089731;31.888834;TRIAL-BPOD-TIME;5.799102999999999
STATE;2026-09-18 16:12:38.511566;0;1.2503;WheelDotPeriod;1.2503
STATE;2026-09-18 16:12:38.511566;1.2503;1.2991000000000001;Reward;0.04880000000000018
STATE;2026-09-18 16:12:38.511566;1.2991000000000001;4.2991;Consumption;3.0
STATE;2026-09-18 16:12:38.511566;4.2991;5.7991;ITI;1.5
STATE;2026-09-18 16:12:38.511566;nan;nan;ErrorConsumption;nan
STATE;2026-09-18 16:12:38.511566;nan;nan;IncorrectITI;nan
STATE;2026-09-18 16:12:38.511566;nan;nan;NoResponse;nan
VAL;2026-09-18 16:12:38.595085;;;INCLUDED;True
VAL;2026-09-18 16:12:38.595085;;;CONSUMPTION_LICKED;False
VAL;2026-09-18 16:12:38.595085;;;LED_ON_TIME;16.49354910850525
VAL;2026-09-18 16:12:38.595085;;;DOT_ONSET_JITTER_S;0.1449623394045123
VAL;2026-09-18 16:12:38.595085;;;DOT_ONSET_TIME;16.63851144790976
VAL;2026-09-18 16:12:38.595085;;;THRESHOLD_CROSSING_TIME;17.74384910850525
VAL;2026-09-18 16:12:38.595085;;;DOT_DISAPPEAR_JITTER_S;0.593799159237055
VAL;2026-09-18 16:12:38.595085;;;DOT_DISAPPEAR_TIME;18.337648267742303
VAL;2026-09-18 16:12:38.595085;;;CORRECT;True
stdout;2026-09-18 16:12:38.595085;;;Trial 4 (repeat): side=L, Reward -> reward;
stdout;2026-09-18 16:12:38.595085;;;|
|;
VAL;2026-09-18 16:12:38.973716;;;TRIAL_INIT_START;22.759992837905884
VAL;2026-09-18 16:12:38.995632;;;WHEEL_POS;22.782,-24.60
VAL;2026-09-18 16:12:39.026697;;;WHEEL_POS;22.813,-24.60
VAL;2026-09-18 16:12:39.059243;;;WHEEL_POS;22.846,-24.60
VAL;2026-09-18 16:12:39.073339;;;WHEEL_POS;22.860,-24.60
VAL;2026-09-18 16:12:39.090812;;;WHEEL_POS;22.877,-24.60
VAL;2026-09-18 16:12:39.106189;;;WHEEL_POS;22.892,-24.60
VAL;2026-09-18 16:12:39.122320;;;WHEEL_POS;22.909,-24.60
VAL;2026-09-18 16:12:39.144796;;;TRIAL_START;22.908596754074097
VAL;2026-09-18 16:12:39.144796;;;QUIESCENCE_BREAKS;0
VAL;2026-09-18 16:12:39.144796;;;TRIAL_TYPE;warmup
VAL;2026-09-18 16:12:39.318370;;;TRIAL_SIDE;L
VAL;2026-09-18 16:12:39.318370;;;CLICK_TIMES_L;0.0150,0.0464,0.0631,0.0813,0.1264,0.1451
VAL;2026-09-18 16:12:39.318370;;;CLICK_TIMES_R;
VAL;2026-09-18 16:12:39.318370;;;N_CLICKS_L;6
VAL;2026-09-18 16:12:39.318370;;;N_CLICKS_R;0
VAL;2026-09-18 16:12:39.318370;;;STIM_SEED;1110232756
VAL;2026-09-18 16:12:39.318370;;;CUE_ABORT_THRESHOLD_DEG;10.0
VAL;2026-09-18 16:12:39.318370;;;RESPONSE_THRESHOLD_DEG;35.0
VAL;2026-09-18 16:12:39.318370;;;QUIESCENCE_DUR_S;0.1
VAL;2026-09-18 16:12:39.318370;;;ITI_S;1.5
VAL;2026-09-18 16:12:39.318370;;;CLICK_LEVEL_ATTENUATED;False
stdout;2026-09-18 16:12:39.318370;;;Trial 5 (warmup): side=L, n_L=6, n_R=0;
stdout;2026-09-18 16:12:39.318370;;;|
|;
VAL;2026-09-18 16:12:39.318370;;;SM_SEND_TIME;23.104647159576416
VAL;2026-09-18 16:12:39.318370;;;CUE_ONSET_TIME;23.125647159576417
TRIAL;2026-09-18 16:12:39.318370;;;New trial;
VAL;2026-09-18 16:12:39.318370;;;WHEEL_POS;23.105,0.00
VAL;2026-09-18 16:12:39.350574;;;WHEEL_POS;23.137,0.00
VAL;2026-09-18 16:12:39.368729;;;WHEEL_POS;23.155,0.00
VAL;2026-09-18 16:12:39.400612;;;WHEEL_POS;23.187,0.00
VAL;2026-09-18 16:12:39.420795;;;WHEEL_POS;23.207,0.00
VAL;2026-09-18 16:12:39.434313;;;WHEEL_POS;23.221,0.00
VAL;2026-09-18 16:12:39.450512;;;WHEEL_POS;23.237,0.00
VAL;2026-09-18 16:12:39.470997;;;WHEEL_POS;23.257,0.00
VAL;2026-09-18 16:12:39.500173;;;WHEEL_POS;23.286,0.40
VAL;2026-09-18 16:12:39.516300;;;WHEEL_POS;23.303,1.40
VAL;2026-09-18 16:12:39.532396;;;WHEEL_POS;23.319,2.50
VAL;2026-09-18 16:12:39.548473;;;WHEEL_POS;23.335,3.20
EVENT;2026-09-18 16:12:39.558986;0.2255;;1;RotaryEncoder1_2
VAL;2026-09-18 16:12:39.565396;;;WHEEL_POS;23.352,4.20
VAL;2026-09-18 16:12:39.581589;;;WHEEL_POS;23.368,5.60
VAL;2026-09-18 16:12:39.601255;;;WHEEL_POS;23.388,7.00
EVENT;2026-09-18 16:12:39.601255;0.271;;158;Tup
TRANSITION;2026-09-18 16:12:39.601255;0.271;;DelayPeriod;
VAL;2026-09-18 16:12:39.618192;;;WHEEL_POS;23.404,8.40
VAL;2026-09-18 16:12:39.632788;;;WHEEL_POS;23.419,9.10
VAL;2026-09-18 16:12:39.649029;;;WHEEL_POS;23.435,9.50
VAL;2026-09-18 16:12:39.665632;;;WHEEL_POS;23.452,9.50
VAL;2026-09-18 16:12:39.683964;;;WHEEL_POS;23.470,9.50
VAL;2026-09-18 16:12:39.699641;;;WHEEL_POS;23.486,9.50
VAL;2026-09-18 16:12:39.714831;;;WHEEL_POS;23.501,9.50
VAL;2026-09-18 16:12:39.729834;;;WHEEL_POS;23.516,9.50
VAL;2026-09-18 16:12:39.779940;;;WHEEL_POS;23.566,8.40
EVENT;2026-09-18 16:12:39.779940;0.4466;;158;Tup
TRANSITION;2026-09-18 16:12:39.779940;0.4466;;CueComplete;
EVENT;2026-09-18 16:12:39.779940;0.44670000000000004;;158;Tup
END-TRIAL;2026-09-18 16:12:39.779940;;;The trial ended;
INFO;2026-09-18 16:12:39.779940;32.702631;33.149334;TRIAL-BPOD-TIME;0.4467030000000065
STATE;2026-09-18 16:12:39.779940;0;0.271;CuePeriod;0.271
STATE;2026-09-18 16:12:39.779940;0.271;0.4466;DelayPeriod;0.17559999999999998
STATE;2026-09-18 16:12:39.780968;0.4466;0.44670000000000004;CueComplete;0.0001000000000000445
STATE;2026-09-18 16:12:39.780968;nan;nan;WheelAbort;nan
STATE;2026-09-18 16:12:39.780968;nan;nan;AbortITI;nan
VAL;2026-09-18 16:12:39.813087;;;SM_SEND_TIME;23.599364042282104
TRIAL;2026-09-18 16:12:39.813087;;;New trial;
VAL;2026-09-18 16:12:39.813087;;;WHEEL_POS;23.599,-0.40
VAL;2026-09-18 16:12:39.848994;;;WHEEL_POS;23.635,-2.10
EVENT;2026-09-18 16:12:39.865540;0.046;;0;RotaryEncoder1_1
VAL;2026-09-18 16:12:39.865540;;;WHEEL_POS;23.652,-3.90
VAL;2026-09-18 16:12:39.882144;;;WHEEL_POS;23.668,-5.30
VAL;2026-09-18 16:12:39.898229;;;WHEEL_POS;23.685,-6.70
VAL;2026-09-18 16:12:39.914439;;;WHEEL_POS;23.701,-7.70
VAL;2026-09-18 16:12:39.932673;;;WHEEL_POS;23.719,-8.80
EVENT;2026-09-18 16:12:39.947765;0.1311;;4;RotaryEncoder1_5
VAL;2026-09-18 16:12:39.963781;;;WHEEL_POS;23.750,-10.20
VAL;2026-09-18 16:12:39.979981;;;WHEEL_POS;23.766,-10.50
VAL;2026-09-18 16:12:40.028736;;;WHEEL_POS;23.815,-10.20
VAL;2026-09-18 16:12:40.049457;;;WHEEL_POS;23.836,-10.20
VAL;2026-09-18 16:12:40.065337;;;WHEEL_POS;23.852,-9.80
VAL;2026-09-18 16:12:40.078742;;;WHEEL_POS;23.865,-9.80
VAL;2026-09-18 16:12:40.113122;;;WHEEL_POS;23.899,-9.80
VAL;2026-09-18 16:12:40.133512;;;WHEEL_POS;23.920,-9.80
VAL;2026-09-18 16:12:40.162719;;;WHEEL_POS;23.949,-9.80
VAL;2026-09-18 16:12:40.196584;;;WHEEL_POS;23.983,-9.10
VAL;2026-09-18 16:12:40.212726;;;WHEEL_POS;23.999,-8.80
VAL;2026-09-18 16:12:40.229417;;;WHEEL_POS;24.016,-8.40
VAL;2026-09-18 16:12:40.245665;;;WHEEL_POS;24.032,-8.40
VAL;2026-09-18 16:12:40.281837;;;WHEEL_POS;24.068,-8.40
VAL;2026-09-18 16:12:40.313917;;;WHEEL_POS;24.100,-8.40
VAL;2026-09-18 16:12:40.332125;;;WHEEL_POS;24.118,-8.40
VAL;2026-09-18 16:12:40.348234;;;WHEEL_POS;24.135,-8.40
VAL;2026-09-18 16:12:40.368371;;;WHEEL_POS;24.155,-8.40
VAL;2026-09-18 16:12:40.400059;;;WHEEL_POS;24.186,-7.70
VAL;2026-09-18 16:12:40.416163;;;WHEEL_POS;24.202,-5.60
VAL;2026-09-18 16:12:40.433016;;;WHEEL_POS;24.219,-2.50
VAL;2026-09-18 16:12:40.449335;;;WHEEL_POS;24.236,1.80
EVENT;2026-09-18 16:12:40.459853;0.6402;;1;RotaryEncoder1_2
VAL;2026-09-18 16:12:40.485625;;;WHEEL_POS;24.272,8.80
EVENT;2026-09-18 16:12:40.490536;0.6694;;5;RotaryEncoder1_6
VAL;2026-09-18 16:12:40.503680;;;WHEEL_POS;24.290,11.60
VAL;2026-09-18 16:12:40.516851;;;WHEEL_POS;24.303,13.40
VAL;2026-09-18 16:12:40.533430;;;WHEEL_POS;24.320,15.10
VAL;2026-09-18 16:12:40.566235;;;WHEEL_POS;24.353,17.60
VAL;2026-09-18 16:12:40.582267;;;WHEEL_POS;24.369,18.60
VAL;2026-09-18 16:12:40.598008;;;WHEEL_POS;24.384,19.30
VAL;2026-09-18 16:12:40.635930;;;WHEEL_POS;24.422,20.70
VAL;2026-09-18 16:12:40.651127;;;WHEEL_POS;24.437,20.70
VAL;2026-09-18 16:12:40.667646;;;WHEEL_POS;24.454,20.70
VAL;2026-09-18 16:12:40.705981;;;WHEEL_POS;24.492,21.10
VAL;2026-09-18 16:12:40.736215;;;WHEEL_POS;24.522,22.10
VAL;2026-09-18 16:12:40.755395;;;WHEEL_POS;24.542,23.20
VAL;2026-09-18 16:12:40.770905;;;WHEEL_POS;24.557,23.90
VAL;2026-09-18 16:12:40.814615;;;WHEEL_POS;24.601,23.90
VAL;2026-09-18 16:12:40.831527;;;WHEEL_POS;24.618,23.90
VAL;2026-09-18 16:12:40.848114;;;WHEEL_POS;24.634,23.90
VAL;2026-09-18 16:12:40.862137;;;WHEEL_POS;24.648,23.90
VAL;2026-09-18 16:12:40.913501;;;WHEEL_POS;24.700,23.90
VAL;2026-09-18 16:12:40.932972;;;WHEEL_POS;24.719,23.90
VAL;2026-09-18 16:12:40.949917;;;WHEEL_POS;24.736,23.90
VAL;2026-09-18 16:12:40.966077;;;WHEEL_POS;24.752,23.90
VAL;2026-09-18 16:12:41.000277;;;WHEEL_POS;24.787,23.90
VAL;2026-09-18 16:12:41.017207;;;WHEEL_POS;24.803,23.90
VAL;2026-09-18 16:12:41.049073;;;WHEEL_POS;24.835,23.90
VAL;2026-09-18 16:12:41.072773;;;WHEEL_POS;24.859,23.90
VAL;2026-09-18 16:12:41.088830;;;WHEEL_POS;24.875,23.90
VAL;2026-09-18 16:12:41.103835;;;WHEEL_POS;24.890,23.90
VAL;2026-09-18 16:12:41.156889;;;WHEEL_POS;24.943,23.90
VAL;2026-09-18 16:12:41.177434;;;WHEEL_POS;24.964,23.90
VAL;2026-09-18 16:12:41.194823;;;WHEEL_POS;24.981,23.90
VAL;2026-09-18 16:12:41.214846;;;WHEEL_POS;25.001,26.00
VAL;2026-09-18 16:12:41.245859;;;WHEEL_POS;25.032,29.50
VAL;2026-09-18 16:12:41.276498;;;WHEEL_POS;25.063,33.40
EVENT;2026-09-18 16:12:41.307750;1.49;;3;RotaryEncoder1_4
TRANSITION;2026-09-18 16:12:41.307750;1.49;;ErrorConsumption;
VAL;2026-09-18 16:12:41.307750;;;WHEEL_POS;25.094,35.20
VAL;2026-09-18 16:12:41.339001;;;WHEEL_POS;25.125,35.50
VAL;2026-09-18 16:12:41.383919;;;WHEEL_POS;25.170,36.20
VAL;2026-09-18 16:12:41.415997;;;WHEEL_POS;25.202,37.60
VAL;2026-09-18 16:12:41.432520;;;WHEEL_POS;25.219,38.00
VAL;2026-09-18 16:12:41.448750;;;WHEEL_POS;25.235,38.30
VAL;2026-09-18 16:12:41.464466;;;WHEEL_POS;25.251,38.30
VAL;2026-09-18 16:12:41.500866;;;WHEEL_POS;25.287,38.30
VAL;2026-09-18 16:12:41.514889;;;WHEEL_POS;25.301,39.40
VAL;2026-09-18 16:12:41.547419;;;WHEEL_POS;25.334,40.10
VAL;2026-09-18 16:12:41.563548;;;WHEEL_POS;25.350,40.40
VAL;2026-09-18 16:12:41.581453;;;WHEEL_POS;25.368,40.80
VAL;2026-09-18 16:12:41.617141;;;WHEEL_POS;25.403,42.90
VAL;2026-09-18 16:12:41.647824;;;WHEEL_POS;25.434,44.60
VAL;2026-09-18 16:12:41.664224;;;WHEEL_POS;25.451,46.10
VAL;2026-09-18 16:12:41.682518;;;WHEEL_POS;25.469,47.80
VAL;2026-09-18 16:12:41.701842;;;WHEEL_POS;25.488,49.20
VAL;2026-09-18 16:12:41.715947;;;WHEEL_POS;25.502,49.90
VAL;2026-09-18 16:12:41.747150;;;WHEEL_POS;25.533,50.30
VAL;2026-09-18 16:12:41.763265;;;WHEEL_POS;25.550,50.30
VAL;2026-09-18 16:12:41.779827;;;WHEEL_POS;25.566,50.30
VAL;2026-09-18 16:12:41.795654;;;WHEEL_POS;25.582,50.30
EVENT;2026-09-18 16:12:41.811801;1.99;;158;Tup
TRANSITION;2026-09-18 16:12:41.811801;1.99;;IncorrectITI;
VAL;2026-09-18 16:12:41.830556;;;WHEEL_POS;25.617,51.00
VAL;2026-09-18 16:12:41.844765;;;WHEEL_POS;25.631,51.70
VAL;2026-09-18 16:12:41.861587;;;WHEEL_POS;25.648,52.00
VAL;2026-09-18 16:12:41.881223;;;WHEEL_POS;25.667,52.00
VAL;2026-09-18 16:12:41.894331;;;WHEEL_POS;25.681,52.00
VAL;2026-09-18 16:12:41.910481;;;WHEEL_POS;25.697,51.70
VAL;2026-09-18 16:12:41.926759;;;WHEEL_POS;25.713,51.30
VAL;2026-09-18 16:12:41.945993;;;WHEEL_POS;25.732,51.30
VAL;2026-09-18 16:12:41.961467;;;WHEEL_POS;25.748,51.30
VAL;2026-09-18 16:12:41.978042;;;WHEEL_POS;25.764,51.30
VAL;2026-09-18 16:12:41.994992;;;WHEEL_POS;25.781,51.00
VAL;2026-09-18 16:12:42.028049;;;WHEEL_POS;25.814,50.60
VAL;2026-09-18 16:12:42.046475;;;WHEEL_POS;25.833,50.60
VAL;2026-09-18 16:12:42.081388;;;WHEEL_POS;25.868,50.60
VAL;2026-09-18 16:12:42.095009;;;WHEEL_POS;25.881,50.60
VAL;2026-09-18 16:12:42.111038;;;WHEEL_POS;25.897,50.60
VAL;2026-09-18 16:12:42.147309;;;WHEEL_POS;25.934,50.60
VAL;2026-09-18 16:12:42.178922;;;WHEEL_POS;25.965,50.60
VAL;2026-09-18 16:12:42.194090;;;WHEEL_POS;25.980,50.60
VAL;2026-09-18 16:12:42.210197;;;WHEEL_POS;25.996,50.60
VAL;2026-09-18 16:12:42.226541;;;WHEEL_POS;26.013,50.60
VAL;2026-09-18 16:12:42.261927;;;WHEEL_POS;26.048,50.60
VAL;2026-09-18 16:12:42.277107;;;WHEEL_POS;26.063,50.60
VAL;2026-09-18 16:12:42.292372;;;WHEEL_POS;26.079,50.60
VAL;2026-09-18 16:12:42.328569;;;WHEEL_POS;26.115,50.60
VAL;2026-09-18 16:12:42.362192;;;WHEEL_POS;26.148,50.60
VAL;2026-09-18 16:12:42.381864;;;WHEEL_POS;26.168,50.60
VAL;2026-09-18 16:12:42.401502;;;WHEEL_POS;26.188,50.60
VAL;2026-09-18 16:12:42.415549;;;WHEEL_POS;26.202,50.60
VAL;2026-09-18 16:12:42.430560;;;WHEEL_POS;26.217,50.60
VAL;2026-09-18 16:12:42.466344;;;WHEEL_POS;26.253,50.60
VAL;2026-09-18 16:12:42.483413;;;WHEEL_POS;26.270,50.60
VAL;2026-09-18 16:12:42.501906;;;WHEEL_POS;26.288,50.60
VAL;2026-09-18 16:12:42.533669;;;WHEEL_POS;26.320,50.60
VAL;2026-09-18 16:12:42.549861;;;WHEEL_POS;26.336,50.60
VAL;2026-09-18 16:12:42.566874;;;WHEEL_POS;26.353,50.60
VAL;2026-09-18 16:12:42.599996;;;WHEEL_POS;26.386,50.60
VAL;2026-09-18 16:12:42.632159;;;WHEEL_POS;26.418,50.60
VAL;2026-09-18 16:12:42.653367;;;WHEEL_POS;26.440,50.60
VAL;2026-09-18 16:12:42.671438;;;WHEEL_POS;26.458,50.60
VAL;2026-09-18 16:12:42.688235;;;WHEEL_POS;26.475,50.60
VAL;2026-09-18 16:12:42.722949;;;WHEEL_POS;26.509,51.00
VAL;2026-09-18 16:12:42.739713;;;WHEEL_POS;26.526,51.00
VAL;2026-09-18 16:12:42.754749;;;WHEEL_POS;26.541,51.00
VAL;2026-09-18 16:12:42.788977;;;WHEEL_POS;26.575,51.00
VAL;2026-09-18 16:12:42.826666;;;WHEEL_POS;26.613,51.00
VAL;2026-09-18 16:12:42.854644;;;WHEEL_POS;26.641,51.00
VAL;2026-09-18 16:12:42.871309;;;WHEEL_POS;26.658,51.00
VAL;2026-09-18 16:12:42.904767;;;WHEEL_POS;26.691,51.00
VAL;2026-09-18 16:12:42.920944;;;WHEEL_POS;26.707,50.60
VAL;2026-09-18 16:12:42.937051;;;WHEEL_POS;26.723,50.60
VAL;2026-09-18 16:12:42.962294;;;WHEEL_POS;26.749,50.60
VAL;2026-09-18 16:12:42.984720;;;WHEEL_POS;26.771,50.60
VAL;2026-09-18 16:12:43.001913;;;WHEEL_POS;26.788,50.30
VAL;2026-09-18 16:12:43.018658;;;WHEEL_POS;26.805,50.30
VAL;2026-09-18 16:12:43.050861;;;WHEEL_POS;26.837,49.90
VAL;2026-09-18 16:12:43.087874;;;WHEEL_POS;26.874,48.20
VAL;2026-09-18 16:12:43.116568;;;WHEEL_POS;26.903,46.40
VAL;2026-09-18 16:12:43.132808;;;WHEEL_POS;26.919,45.00
VAL;2026-09-18 16:12:43.165885;;;WHEEL_POS;26.952,41.10
VAL;2026-09-18 16:12:43.185720;;;WHEEL_POS;26.972,39.40
VAL;2026-09-18 16:12:43.198799;;;WHEEL_POS;26.985,37.30
VAL;2026-09-18 16:12:43.215539;;;WHEEL_POS;27.002,35.50
VAL;2026-09-18 16:12:43.248597;;;WHEEL_POS;27.035,34.50
VAL;2026-09-18 16:12:43.264613;;;WHEEL_POS;27.051,34.50
VAL;2026-09-18 16:12:43.288550;;;WHEEL_POS;27.075,35.20
VAL;2026-09-18 16:12:43.315992;;;WHEEL_POS;27.102,35.50
VAL;2026-09-18 16:12:43.347171;;;WHEEL_POS;27.133,35.20
VAL;2026-09-18 16:12:43.408670;;;WHEEL_POS;27.195,34.10
VAL;2026-09-18 16:12:43.423965;;;WHEEL_POS;27.210,32.30
VAL;2026-09-18 16:12:43.440357;;;WHEEL_POS;27.227,31.30
VAL;2026-09-18 16:12:43.471450;;;WHEEL_POS;27.258,28.80
VAL;2026-09-18 16:12:43.490619;;;WHEEL_POS;27.277,25.30
VAL;2026-09-18 16:12:43.523091;;;WHEEL_POS;27.309,22.10
VAL;2026-09-18 16:12:43.539716;;;WHEEL_POS;27.326,19.30
VAL;2026-09-18 16:12:43.555830;;;WHEEL_POS;27.342,17.90
VAL;2026-09-18 16:12:43.587422;;;WHEEL_POS;27.374,16.50
VAL;2026-09-18 16:12:43.607409;;;WHEEL_POS;27.394,15.10
VAL;2026-09-18 16:12:43.641696;;;WHEEL_POS;27.428,14.40
VAL;2026-09-18 16:12:43.674370;;;WHEEL_POS;27.461,14.80
VAL;2026-09-18 16:12:43.692529;;;WHEEL_POS;27.479,15.80
VAL;2026-09-18 16:12:43.707584;;;WHEEL_POS;27.494,18.60
VAL;2026-09-18 16:12:43.745541;;;WHEEL_POS;27.532,22.50
VAL;2026-09-18 16:12:43.763026;;;WHEEL_POS;27.549,25.00
VAL;2026-09-18 16:12:43.790914;;;WHEEL_POS;27.577,29.20
VAL;2026-09-18 16:12:43.829599;;;WHEEL_POS;27.616,32.70
VAL;2026-09-18 16:12:43.842610;;;WHEEL_POS;27.629,33.40
VAL;2026-09-18 16:12:43.874473;;;WHEEL_POS;27.661,34.10
VAL;2026-09-18 16:12:43.891121;;;WHEEL_POS;27.677,34.50
VAL;2026-09-18 16:12:43.925011;;;WHEEL_POS;27.711,34.50
VAL;2026-09-18 16:12:43.941736;;;WHEEL_POS;27.728,34.50
VAL;2026-09-18 16:12:43.974402;;;WHEEL_POS;27.761,34.50
VAL;2026-09-18 16:12:44.009217;;;WHEEL_POS;27.795,34.10
VAL;2026-09-18 16:12:44.025315;;;WHEEL_POS;27.812,34.10
VAL;2026-09-18 16:12:44.041426;;;WHEEL_POS;27.828,33.80
VAL;2026-09-18 16:12:44.076542;;;WHEEL_POS;27.863,33.80
VAL;2026-09-18 16:12:44.106267;;;WHEEL_POS;27.893,33.80
VAL;2026-09-18 16:12:44.121274;;;WHEEL_POS;27.908,33.80
VAL;2026-09-18 16:12:44.155640;;;WHEEL_POS;27.942,33.80
VAL;2026-09-18 16:12:44.171155;;;WHEEL_POS;27.957,33.80
VAL;2026-09-18 16:12:44.203840;;;WHEEL_POS;27.990,33.80
VAL;2026-09-18 16:12:44.254460;;;WHEEL_POS;28.041,33.80
VAL;2026-09-18 16:12:44.276035;;;WHEEL_POS;28.062,33.80
VAL;2026-09-18 16:12:44.304293;;;WHEEL_POS;28.091,33.80
VAL;2026-09-18 16:12:44.319302;;;WHEEL_POS;28.106,33.80
VAL;2026-09-18 16:12:44.354631;;;WHEEL_POS;28.141,33.80
VAL;2026-09-18 16:12:44.386324;;;WHEEL_POS;28.173,32.70
VAL;2026-09-18 16:12:44.405509;;;WHEEL_POS;28.192,28.10
VAL;2026-09-18 16:12:44.436884;;;WHEEL_POS;28.223,23.20
VAL;2026-09-18 16:12:44.457436;;;WHEEL_POS;28.244,18.60
VAL;2026-09-18 16:12:44.490631;;;WHEEL_POS;28.277,14.10
VAL;2026-09-18 16:12:44.506205;;;WHEEL_POS;28.292,10.90
VAL;2026-09-18 16:12:44.541467;;;WHEEL_POS;28.328,9.10
VAL;2026-09-18 16:12:44.558106;;;WHEEL_POS;28.344,7.70
VAL;2026-09-18 16:12:44.573626;;;WHEEL_POS;28.360,7.00
VAL;2026-09-18 16:12:44.608008;;;WHEEL_POS;28.394,6.30
VAL;2026-09-18 16:12:44.626809;;;WHEEL_POS;28.413,6.70
VAL;2026-09-18 16:12:44.639816;;;WHEEL_POS;28.426,7.40
VAL;2026-09-18 16:12:44.674058;;;WHEEL_POS;28.460,9.50
VAL;2026-09-18 16:12:44.690152;;;WHEEL_POS;28.476,10.90
VAL;2026-09-18 16:12:44.705210;;;WHEEL_POS;28.491,12.00
VAL;2026-09-18 16:12:44.742233;;;WHEEL_POS;28.529,12.70
VAL;2026-09-18 16:12:44.775976;;;WHEEL_POS;28.562,12.70
VAL;2026-09-18 16:12:44.796543;;;WHEEL_POS;28.583,12.70
VAL;2026-09-18 16:12:44.840172;;;WHEEL_POS;28.626,12.30
VAL;2026-09-18 16:12:44.862383;;;WHEEL_POS;28.649,12.30
VAL;2026-09-18 16:12:44.876150;;;WHEEL_POS;28.662,12.30
VAL;2026-09-18 16:12:44.892323;;;WHEEL_POS;28.679,12.30
VAL;2026-09-18 16:12:44.907378;;;WHEEL_POS;28.694,12.30
VAL;2026-09-18 16:12:44.944577;;;WHEEL_POS;28.731,12.30
VAL;2026-09-18 16:12:44.965360;;;WHEEL_POS;28.752,12.30
VAL;2026-09-18 16:12:45.000041;;;WHEEL_POS;28.786,12.30
VAL;2026-09-18 16:12:45.016147;;;WHEEL_POS;28.802,12.30
VAL;2026-09-18 16:12:45.049825;;;WHEEL_POS;28.836,12.30
VAL;2026-09-18 16:12:45.085641;;;WHEEL_POS;28.872,12.30
VAL;2026-09-18 16:12:45.101562;;;WHEEL_POS;28.888,12.30
VAL;2026-09-18 16:12:45.137909;;;WHEEL_POS;28.924,12.30
VAL;2026-09-18 16:12:45.154014;;;WHEEL_POS;28.940,12.30
VAL;2026-09-18 16:12:45.169541;;;WHEEL_POS;28.956,12.30
VAL;2026-09-18 16:12:45.206218;;;WHEEL_POS;28.992,12.30
VAL;2026-09-18 16:12:45.238963;;;WHEEL_POS;29.025,12.30
VAL;2026-09-18 16:12:45.257626;;;WHEEL_POS;29.044,12.30
VAL;2026-09-18 16:12:45.274510;;;WHEEL_POS;29.061,12.30
VAL;2026-09-18 16:12:45.306282;;;WHEEL_POS;29.093,12.30
VAL;2026-09-18 16:12:45.323070;;;WHEEL_POS;29.109,12.30
VAL;2026-09-18 16:12:45.373144;;;WHEEL_POS;29.159,12.30
VAL;2026-09-18 16:12:45.389229;;;WHEEL_POS;29.176,12.30
VAL;2026-09-18 16:12:45.438322;;;WHEEL_POS;29.225,12.30
VAL;2026-09-18 16:12:45.454445;;;WHEEL_POS;29.241,12.30
VAL;2026-09-18 16:12:45.479579;;;WHEEL_POS;29.266,12.30
VAL;2026-09-18 16:12:45.510830;;;WHEEL_POS;29.297,12.30
VAL;2026-09-18 16:12:45.542085;;;WHEEL_POS;29.328,12.30
VAL;2026-09-18 16:12:45.579854;;;WHEEL_POS;29.366,12.30
VAL;2026-09-18 16:12:45.611107;;;WHEEL_POS;29.397,12.30
VAL;2026-09-18 16:12:45.642361;;;WHEEL_POS;29.429,12.30
VAL;2026-09-18 16:12:45.680120;;;WHEEL_POS;29.466,12.30
VAL;2026-09-18 16:12:45.711371;;;WHEEL_POS;29.498,12.30
VAL;2026-09-18 16:12:45.742624;;;WHEEL_POS;29.529,12.30
VAL;2026-09-18 16:12:45.780542;;;WHEEL_POS;29.567,12.30
VAL;2026-09-18 16:12:45.804008;;;WHEEL_POS;29.590,12.30
EVENT;2026-09-18 16:12:45.804008;5.99;;158;Tup
END-TRIAL;2026-09-18 16:12:45.804008;;;The trial ended;
INFO;2026-09-18 16:12:45.804008;33.190631;39.180634;TRIAL-BPOD-TIME;5.990002999999994
STATE;2026-09-18 16:12:45.804008;0;1.49;WheelDotPeriod;1.49
STATE;2026-09-18 16:12:45.804008;1.49;1.99;ErrorConsumption;0.5
STATE;2026-09-18 16:12:45.804008;1.99;5.99;IncorrectITI;4.0
STATE;2026-09-18 16:12:45.804008;nan;nan;Reward;nan
STATE;2026-09-18 16:12:45.804008;nan;nan;Consumption;nan
STATE;2026-09-18 16:12:45.804008;nan;nan;NoResponse;nan
STATE;2026-09-18 16:12:45.804008;nan;nan;ITI;nan
VAL;2026-09-18 16:12:45.887397;;;INCLUDED;True
VAL;2026-09-18 16:12:45.887397;;;CONSUMPTION_LICKED;False
VAL;2026-09-18 16:12:45.887397;;;LED_ON_TIME;23.599364042282104
VAL;2026-09-18 16:12:45.887397;;;DOT_ONSET_JITTER_S;0.1841529039126312
VAL;2026-09-18 16:12:45.887397;;;DOT_ONSET_TIME;23.783516946194737
VAL;2026-09-18 16:12:45.887397;;;THRESHOLD_CROSSING_TIME;25.089364042282103
VAL;2026-09-18 16:12:45.887397;;;DOT_DISAPPEAR_JITTER_S;0.8553934075729933
VAL;2026-09-18 16:12:45.887397;;;DOT_DISAPPEAR_TIME;25.944757449855096
VAL;2026-09-18 16:12:45.887397;;;CORRECT;False
stdout;2026-09-18 16:12:45.887397;;;Trial 5 (warmup): side=L, NoReward;
stdout;2026-09-18 16:12:45.887397;;;|
|;
VAL;2026-09-18 16:12:46.302674;;;TRIAL_INIT_START;30.088951349258423
VAL;2026-09-18 16:12:46.332038;;;WHEEL_POS;30.118,12.30
VAL;2026-09-18 16:12:46.349326;;;WHEEL_POS;30.136,12.30
VAL;2026-09-18 16:12:46.366387;;;WHEEL_POS;30.153,12.30
VAL;2026-09-18 16:12:46.382446;;;WHEEL_POS;30.169,12.30
VAL;2026-09-18 16:12:46.398578;;;WHEEL_POS;30.185,12.30
VAL;2026-09-18 16:12:46.414633;;;WHEEL_POS;30.201,12.30
VAL;2026-09-18 16:12:46.435164;;;WHEEL_POS;30.221,12.30
VAL;2026-09-18 16:12:46.465412;;;WHEEL_POS;30.252,12.30
VAL;2026-09-18 16:12:46.480031;;;TRIAL_START;30.251688718795776
VAL;2026-09-18 16:12:46.480031;;;QUIESCENCE_BREAKS;0
VAL;2026-09-18 16:12:46.480031;;;TRIAL_TYPE;warmup
VAL;2026-09-18 16:12:46.632441;;;TRIAL_SIDE;L
VAL;2026-09-18 16:12:46.632441;;;CLICK_TIMES_L;0.0298,0.0448,0.1181,0.1689,0.1839,0.2229
VAL;2026-09-18 16:12:46.632441;;;CLICK_TIMES_R;
VAL;2026-09-18 16:12:46.632441;;;N_CLICKS_L;6
VAL;2026-09-18 16:12:46.632441;;;N_CLICKS_R;0
VAL;2026-09-18 16:12:46.632441;;;STIM_SEED;69492686
VAL;2026-09-18 16:12:46.632441;;;CUE_ABORT_THRESHOLD_DEG;10.0
VAL;2026-09-18 16:12:46.632441;;;RESPONSE_THRESHOLD_DEG;35.0
VAL;2026-09-18 16:12:46.632441;;;QUIESCENCE_DUR_S;0.1
VAL;2026-09-18 16:12:46.632441;;;ITI_S;1.5
VAL;2026-09-18 16:12:46.632441;;;CLICK_LEVEL_ATTENUATED;False
stdout;2026-09-18 16:12:46.632441;;;Trial 6 (warmup): side=L, n_L=6, n_R=0;
stdout;2026-09-18 16:12:46.632441;;;|
|;
VAL;2026-09-18 16:12:46.632441;;;SM_SEND_TIME;30.418718099594116
VAL;2026-09-18 16:12:46.632441;;;CUE_ONSET_TIME;30.439718099594117
TRIAL;2026-09-18 16:12:46.632441;;;New trial;
VAL;2026-09-18 16:12:46.645526;;;WHEEL_POS;30.432,0.00
VAL;2026-09-18 16:12:46.660722;;;WHEEL_POS;30.447,0.00
VAL;2026-09-18 16:12:46.676784;;;WHEEL_POS;30.463,0.00
VAL;2026-09-18 16:12:46.692867;;;WHEEL_POS;30.479,0.00
VAL;2026-09-18 16:12:46.725001;;;WHEEL_POS;30.511,0.00
VAL;2026-09-18 16:12:46.745598;;;WHEEL_POS;30.532,0.00
VAL;2026-09-18 16:12:46.774722;;;WHEEL_POS;30.561,0.00
VAL;2026-09-18 16:12:46.792981;;;WHEEL_POS;30.579,0.00
VAL;2026-09-18 16:12:46.823172;;;WHEEL_POS;30.609,0.00
VAL;2026-09-18 16:12:46.839290;;;WHEEL_POS;30.626,0.00
VAL;2026-09-18 16:12:46.855369;;;WHEEL_POS;30.642,0.00
VAL;2026-09-18 16:12:46.873999;;;WHEEL_POS;30.660,0.00
VAL;2026-09-18 16:12:46.889187;;;WHEEL_POS;30.675,0.00
EVENT;2026-09-18 16:12:46.905577;0.2611;;94;Port1In
VAL;2026-09-18 16:12:46.905577;;;WHEEL_POS;30.692,0.00
EVENT;2026-09-18 16:12:46.905577;0.271;;158;Tup
TRANSITION;2026-09-18 16:12:46.905577;0.271;;DelayPeriod;
VAL;2026-09-18 16:12:46.921669;;;WHEEL_POS;30.708,0.00
VAL;2026-09-18 16:12:46.939834;;;WHEEL_POS;30.726,0.00
VAL;2026-09-18 16:12:46.975993;;;WHEEL_POS;30.762,0.00
VAL;2026-09-18 16:12:47.003673;;;WHEEL_POS;30.790,0.00
VAL;2026-09-18 16:12:47.019765;;;WHEEL_POS;30.806,0.00
VAL;2026-09-18 16:12:47.035868;;;WHEEL_POS;30.822,0.00
VAL;2026-09-18 16:12:47.068548;;;WHEEL_POS;30.855,0.00
EVENT;2026-09-18 16:12:47.068548;0.43360000000000004;;158;Tup
TRANSITION;2026-09-18 16:12:47.068548;0.43360000000000004;;CueComplete;
EVENT;2026-09-18 16:12:47.068548;0.43370000000000003;;158;Tup
END-TRIAL;2026-09-18 16:12:47.068548;;;The trial ended;
INFO;2026-09-18 16:12:47.068548;40.015531;40.449235;TRIAL-BPOD-TIME;0.43370399999999876
STATE;2026-09-18 16:12:47.068548;0;0.271;CuePeriod;0.271
STATE;2026-09-18 16:12:47.068548;0.271;0.43360000000000004;DelayPeriod;0.16260000000000002
STATE;2026-09-18 16:12:47.068548;0.43360000000000004;0.43370000000000003;CueComplete;9.999999999998899e-05
STATE;2026-09-18 16:12:47.068548;nan;nan;WheelAbort;nan
STATE;2026-09-18 16:12:47.068548;nan;nan;AbortITI;nan
VAL;2026-09-18 16:12:47.083551;;;SM_SEND_TIME;30.86982774734497
TRIAL;2026-09-18 16:12:47.085410;;;New trial;
VAL;2026-09-18 16:12:47.089739;;;WHEEL_POS;30.876,0.00
VAL;2026-09-18 16:12:47.117916;;;WHEEL_POS;30.904,0.00
VAL;2026-09-18 16:12:47.134566;;;WHEEL_POS;30.921,0.00
VAL;2026-09-18 16:12:47.152787;;;WHEEL_POS;30.939,0.00
EVENT;2026-09-18 16:12:47.168152;0.0886;;95;Port1Out
VAL;2026-09-18 16:12:47.184249;;;WHEEL_POS;30.971,0.00
VAL;2026-09-18 16:12:47.203460;;;WHEEL_POS;30.990,0.00
VAL;2026-09-18 16:12:47.232748;;;WHEEL_POS;31.019,0.00
VAL;2026-09-18 16:12:47.249003;;;WHEEL_POS;31.035,0.00
VAL;2026-09-18 16:12:47.265890;;;WHEEL_POS;31.052,0.00
VAL;2026-09-18 16:12:47.282020;;;WHEEL_POS;31.068,0.00
VAL;2026-09-18 16:12:47.317186;;;WHEEL_POS;31.103,0.00
VAL;2026-09-18 16:12:47.333786;;;WHEEL_POS;31.120,0.00
VAL;2026-09-18 16:12:47.350363;;;WHEEL_POS;31.137,0.00
VAL;2026-09-18 16:12:47.366920;;;WHEEL_POS;31.153,0.00
VAL;2026-09-18 16:12:47.383238;;;WHEEL_POS;31.170,0.00
VAL;2026-09-18 16:12:47.416266;;;WHEEL_POS;31.203,0.00
VAL;2026-09-18 16:12:47.449369;;;WHEEL_POS;31.236,0.00
VAL;2026-09-18 16:12:47.465905;;;WHEEL_POS;31.252,0.00
VAL;2026-09-18 16:12:47.498468;;;WHEEL_POS;31.285,0.00
VAL;2026-09-18 16:12:47.547146;;;WHEEL_POS;31.333,0.00
VAL;2026-09-18 16:12:47.568920;;;WHEEL_POS;31.355,0.00
VAL;2026-09-18 16:12:47.583992;;;WHEEL_POS;31.370,0.00
VAL;2026-09-18 16:12:47.619164;;;WHEEL_POS;31.405,-1.80
VAL;2026-09-18 16:12:47.637154;;;WHEEL_POS;31.423,-2.50
VAL;2026-09-18 16:12:47.655457;;;WHEEL_POS;31.442,-2.50
VAL;2026-09-18 16:12:47.668473;;;WHEEL_POS;31.455,-1.40
VAL;2026-09-18 16:12:47.705915;;;WHEEL_POS;31.492,2.10
EVENT;2026-09-18 16:12:47.723305;0.632;;1;RotaryEncoder1_2
VAL;2026-09-18 16:12:47.741479;;;WHEEL_POS;31.528,6.30
VAL;2026-09-18 16:12:47.756250;;;WHEEL_POS;31.543,9.10
EVENT;2026-09-18 16:12:47.756250;0.6716000000000001;;5;RotaryEncoder1_6
VAL;2026-09-18 16:12:47.790135;;;WHEEL_POS;31.576,15.50
VAL;2026-09-18 16:12:47.805145;;;WHEEL_POS;31.591,18.30
VAL;2026-09-18 16:12:47.837819;;;WHEEL_POS;31.624,21.40
VAL;2026-09-18 16:12:47.874694;;;WHEEL_POS;31.661,22.50
VAL;2026-09-18 16:12:47.904035;;;WHEEL_POS;31.690,23.60
VAL;2026-09-18 16:12:47.942337;;;WHEEL_POS;31.729,25.00
VAL;2026-09-18 16:12:47.976402;;;WHEEL_POS;31.763,27.80
VAL;2026-09-18 16:12:48.028556;;;WHEEL_POS;31.815,30.90
VAL;2026-09-18 16:12:48.048236;;;WHEEL_POS;31.835,33.40
EVENT;2026-09-18 16:12:48.065893;0.9752000000000001;;3;RotaryEncoder1_4
TRANSITION;2026-09-18 16:12:48.065893;0.9752000000000001;;ErrorConsumption;
VAL;2026-09-18 16:12:48.065893;;;WHEEL_POS;31.852,35.20
VAL;2026-09-18 16:12:48.079896;;;WHEEL_POS;31.866,37.30
VAL;2026-09-18 16:12:48.114421;;;WHEEL_POS;31.901,40.10
VAL;2026-09-18 16:12:48.132446;;;WHEEL_POS;31.919,41.10
VAL;2026-09-18 16:12:48.152643;;;WHEEL_POS;31.939,42.20
VAL;2026-09-18 16:12:48.165718;;;WHEEL_POS;31.952,42.90
VAL;2026-09-18 16:12:48.182110;;;WHEEL_POS;31.968,44.30
VAL;2026-09-18 16:12:48.198199;;;WHEEL_POS;31.984,45.40
VAL;2026-09-18 16:12:48.216504;;;WHEEL_POS;32.003,46.80
VAL;2026-09-18 16:12:48.230794;;;WHEEL_POS;32.017,48.20
VAL;2026-09-18 16:12:48.247732;;;WHEEL_POS;32.034,49.60
VAL;2026-09-18 16:12:48.265994;;;WHEEL_POS;32.052,51.30
VAL;2026-09-18 16:12:48.280647;;;WHEEL_POS;32.067,52.40
VAL;2026-09-18 16:12:48.296762;;;WHEEL_POS;32.083,53.40
VAL;2026-09-18 16:12:48.316836;;;WHEEL_POS;32.103,54.80
VAL;2026-09-18 16:12:48.346025;;;WHEEL_POS;32.132,56.20
VAL;2026-09-18 16:12:48.365818;;;WHEEL_POS;32.152,58.00
VAL;2026-09-18 16:12:48.395839;;;WHEEL_POS;32.182,59.40
VAL;2026-09-18 16:12:48.411973;;;WHEEL_POS;32.198,60.50
VAL;2026-09-18 16:12:48.447069;;;WHEEL_POS;32.233,61.50
VAL;2026-09-18 16:12:48.465740;;;WHEEL_POS;32.252,62.20
VAL;2026-09-18 16:12:48.478370;;;WHEEL_POS;32.265,62.20
VAL;2026-09-18 16:12:48.494506;;;WHEEL_POS;32.281,62.20
VAL;2026-09-18 16:12:48.509511;;;WHEEL_POS;32.296,61.90
VAL;2026-09-18 16:12:48.527179;;;WHEEL_POS;32.313,61.90
VAL;2026-09-18 16:12:48.544365;;;WHEEL_POS;32.331,61.90
VAL;2026-09-18 16:12:48.565565;;;WHEEL_POS;32.352,61.90
EVENT;2026-09-18 16:12:48.565565;1.4752;;158;Tup
TRANSITION;2026-09-18 16:12:48.565565;1.4752;;IncorrectITI;
VAL;2026-09-18 16:12:48.594338;;;WHEEL_POS;32.381,62.20
VAL;2026-09-18 16:12:48.610609;;;WHEEL_POS;32.397,62.60
VAL;2026-09-18 16:12:48.626916;;;WHEEL_POS;32.413,62.60
VAL;2026-09-18 16:12:48.647440;;;WHEEL_POS;32.434,62.60
VAL;2026-09-18 16:12:48.662220;;;WHEEL_POS;32.448,62.60
VAL;2026-09-18 16:12:48.677186;;;WHEEL_POS;32.463,62.60
VAL;2026-09-18 16:12:48.693253;;;WHEEL_POS;32.480,62.60
VAL;2026-09-18 16:12:48.713568;;;WHEEL_POS;32.500,62.60
VAL;2026-09-18 16:12:48.745886;;;WHEEL_POS;32.532,62.60
VAL;2026-09-18 16:12:48.758435;;;WHEEL_POS;32.545,62.60
VAL;2026-09-18 16:12:48.776995;;;WHEEL_POS;32.563,62.60
VAL;2026-09-18 16:12:48.791294;;;WHEEL_POS;32.578,62.60
VAL;2026-09-18 16:12:48.807420;;;WHEEL_POS;32.594,62.60
VAL;2026-09-18 16:12:48.840682;;;WHEEL_POS;32.627,62.60
VAL;2026-09-18 16:12:48.856779;;;WHEEL_POS;32.643,62.60
VAL;2026-09-18 16:12:48.872296;;;WHEEL_POS;32.659,62.60
VAL;2026-09-18 16:12:48.906405;;;WHEEL_POS;32.693,62.60
VAL;2026-09-18 16:12:48.922506;;;WHEEL_POS;32.709,62.60
VAL;2026-09-18 16:12:48.954330;;;WHEEL_POS;32.741,62.60
VAL;2026-09-18 16:12:48.971682;;;WHEEL_POS;32.758,62.60
VAL;2026-09-18 16:12:49.022748;;;WHEEL_POS;32.809,62.60
VAL;2026-09-18 16:12:49.038256;;;WHEEL_POS;32.825,62.60
VAL;2026-09-18 16:12:49.096882;;;WHEEL_POS;32.883,62.60
VAL;2026-09-18 16:12:49.121617;;;WHEEL_POS;32.908,62.60
VAL;2026-09-18 16:12:49.135398;;;WHEEL_POS;32.922,62.60
VAL;2026-09-18 16:12:49.152804;;;WHEEL_POS;32.939,62.60
VAL;2026-09-18 16:12:49.185989;;;WHEEL_POS;32.972,62.60
VAL;2026-09-18 16:12:49.208031;;;WHEEL_POS;32.994,62.60
VAL;2026-09-18 16:12:49.239292;;;WHEEL_POS;33.026,62.60
VAL;2026-09-18 16:12:49.292493;;;WHEEL_POS;33.079,62.60
VAL;2026-09-18 16:12:49.308099;;;WHEEL_POS;33.094,62.60
VAL;2026-09-18 16:12:49.328214;;;WHEEL_POS;33.114,62.60
VAL;2026-09-18 16:12:49.348541;;;WHEEL_POS;33.135,62.60
VAL;2026-09-18 16:12:49.378823;;;WHEEL_POS;33.165,62.60
VAL;2026-09-18 16:12:49.396888;;;WHEEL_POS;33.183,62.60
VAL;2026-09-18 16:12:49.409953;;;WHEEL_POS;33.196,62.60
VAL;2026-09-18 16:12:49.429109;;;WHEEL_POS;33.215,62.60
VAL;2026-09-18 16:12:49.449248;;;WHEEL_POS;33.236,62.60
VAL;2026-09-18 16:12:49.469355;;;WHEEL_POS;33.256,62.60
VAL;2026-09-18 16:12:49.492462;;;WHEEL_POS;33.279,62.60
VAL;2026-09-18 16:12:49.517723;;;WHEEL_POS;33.304,62.60
VAL;2026-09-18 16:12:49.553185;;;WHEEL_POS;33.339,62.60
EVENT;2026-09-18 16:12:49.562819;2.4726;;94;Port1In
VAL;2026-09-18 16:12:49.569872;;;WHEEL_POS;33.356,62.60
VAL;2026-09-18 16:12:49.600089;;;WHEEL_POS;33.386,62.60
VAL;2026-09-18 16:12:49.630363;;;WHEEL_POS;33.417,62.60
VAL;2026-09-18 16:12:49.650464;;;WHEEL_POS;33.437,62.60
VAL;2026-09-18 16:12:49.678790;;;WHEEL_POS;33.465,62.60
VAL;2026-09-18 16:12:49.710955;;;WHEEL_POS;33.497,62.60
VAL;2026-09-18 16:12:49.751711;;;WHEEL_POS;33.538,62.60
VAL;2026-09-18 16:12:49.771814;;;WHEEL_POS;33.558,62.60
VAL;2026-09-18 16:12:49.791896;;;WHEEL_POS;33.578,62.60
VAL;2026-09-18 16:12:49.820113;;;WHEEL_POS;33.606,62.60
VAL;2026-09-18 16:12:49.852463;;;WHEEL_POS;33.639,62.60
VAL;2026-09-18 16:12:49.872606;;;WHEEL_POS;33.659,62.60
VAL;2026-09-18 16:12:49.892810;;;WHEEL_POS;33.679,62.60
VAL;2026-09-18 16:12:49.923096;;;WHEEL_POS;33.709,62.60
VAL;2026-09-18 16:12:49.943215;;;WHEEL_POS;33.729,62.60
VAL;2026-09-18 16:12:49.964583;;;WHEEL_POS;33.751,62.60
VAL;2026-09-18 16:12:49.984723;;;WHEEL_POS;33.771,62.60
VAL;2026-09-18 16:12:50.004882;;;WHEEL_POS;33.791,62.60
VAL;2026-09-18 16:12:50.024961;;;WHEEL_POS;33.811,62.60
VAL;2026-09-18 16:12:50.048360;;;WHEEL_POS;33.835,62.60
VAL;2026-09-18 16:12:50.084291;;;WHEEL_POS;33.871,62.60
VAL;2026-09-18 16:12:50.112731;;;WHEEL_POS;33.899,62.60
VAL;2026-09-18 16:12:50.143006;;;WHEEL_POS;33.929,62.60
VAL;2026-09-18 16:12:50.173076;;;WHEEL_POS;33.959,62.60
VAL;2026-09-18 16:12:50.193115;;;WHEEL_POS;33.979,62.60
VAL;2026-09-18 16:12:50.206122;;;WHEEL_POS;33.992,62.60
VAL;2026-09-18 16:12:50.243418;;;WHEEL_POS;34.030,62.60
VAL;2026-09-18 16:12:50.259557;;;WHEEL_POS;34.046,62.60
VAL;2026-09-18 16:12:50.276094;;;WHEEL_POS;34.062,62.60
VAL;2026-09-18 16:12:50.292444;;;WHEEL_POS;34.079,62.60
VAL;2026-09-18 16:12:50.309278;;;WHEEL_POS;34.096,62.60
VAL;2026-09-18 16:12:50.343790;;;WHEEL_POS;34.130,62.60
VAL;2026-09-18 16:12:50.359038;;;WHEEL_POS;34.145,62.60
VAL;2026-09-18 16:12:50.391799;;;WHEEL_POS;34.178,62.60
VAL;2026-09-18 16:12:50.406803;;;WHEEL_POS;34.193,62.60
VAL;2026-09-18 16:12:50.424498;;;WHEEL_POS;34.211,62.60
VAL;2026-09-18 16:12:50.442783;;;WHEEL_POS;34.229,62.60
VAL;2026-09-18 16:12:50.473342;;;WHEEL_POS;34.260,62.60
VAL;2026-09-18 16:12:50.490274;;;WHEEL_POS;34.277,62.60
VAL;2026-09-18 16:12:50.522582;;;WHEEL_POS;34.309,62.60
VAL;2026-09-18 16:12:50.542722;;;WHEEL_POS;34.329,62.60
VAL;2026-09-18 16:12:50.559262;;;WHEEL_POS;34.346,62.60
VAL;2026-09-18 16:12:50.574181;;;WHEEL_POS;34.360,62.60
VAL;2026-09-18 16:12:50.588187;;;WHEEL_POS;34.374,62.60
VAL;2026-09-18 16:12:50.622011;;;WHEEL_POS;34.408,62.60
VAL;2026-09-18 16:12:50.639463;;;WHEEL_POS;34.426,62.60
VAL;2026-09-18 16:12:50.673710;;;WHEEL_POS;34.460,62.60
VAL;2026-09-18 16:12:50.688785;;;WHEEL_POS;34.475,62.60
VAL;2026-09-18 16:12:50.706975;;;WHEEL_POS;34.493,62.60
VAL;2026-09-18 16:12:50.721986;;;WHEEL_POS;34.508,62.60
VAL;2026-09-18 16:12:50.757705;;;WHEEL_POS;34.544,62.60
VAL;2026-09-18 16:12:50.794585;;;WHEEL_POS;34.581,62.60
VAL;2026-09-18 16:12:50.809766;;;WHEEL_POS;34.596,62.60
VAL;2026-09-18 16:12:50.829297;;;WHEEL_POS;34.616,62.60
VAL;2026-09-18 16:12:50.863452;;;WHEEL_POS;34.650,62.60
VAL;2026-09-18 16:12:50.878457;;;WHEEL_POS;34.665,62.60
VAL;2026-09-18 16:12:50.912676;;;WHEEL_POS;34.699,62.60
VAL;2026-09-18 16:12:50.929867;;;WHEEL_POS;34.716,62.60
VAL;2026-09-18 16:12:50.946571;;;WHEEL_POS;34.733,62.60
VAL;2026-09-18 16:12:50.961578;;;WHEEL_POS;34.748,62.60
EVENT;2026-09-18 16:12:50.978214;3.8881;;95;Port1Out
VAL;2026-09-18 16:12:50.999046;;;WHEEL_POS;34.785,62.60
VAL;2026-09-18 16:12:51.015765;;;WHEEL_POS;34.802,62.60
VAL;2026-09-18 16:12:51.035935;;;WHEEL_POS;34.822,62.60
EVENT;2026-09-18 16:12:51.042955;3.9534000000000002;;94;Port1In
VAL;2026-09-18 16:12:51.059416;;;WHEEL_POS;34.846,62.60
VAL;2026-09-18 16:12:51.072816;;;WHEEL_POS;34.859,62.60
VAL;2026-09-18 16:12:51.089488;;;WHEEL_POS;34.876,62.60
VAL;2026-09-18 16:12:51.104495;;;WHEEL_POS;34.891,62.60
VAL;2026-09-18 16:12:51.138345;;;WHEEL_POS;34.925,62.60
VAL;2026-09-18 16:12:51.155469;;;WHEEL_POS;34.942,62.60
VAL;2026-09-18 16:12:51.170615;;;WHEEL_POS;34.957,62.60
VAL;2026-09-18 16:12:51.186512;;;WHEEL_POS;34.973,62.60
VAL;2026-09-18 16:12:51.228049;;;WHEEL_POS;35.014,62.60
VAL;2026-09-18 16:12:51.245755;;;WHEEL_POS;35.032,62.60
VAL;2026-09-18 16:12:51.261746;;;WHEEL_POS;35.048,62.60
VAL;2026-09-18 16:12:51.296008;;;WHEEL_POS;35.082,62.60
VAL;2026-09-18 16:12:51.313053;;;WHEEL_POS;35.099,62.60
VAL;2026-09-18 16:12:51.329604;;;WHEEL_POS;35.116,62.60
VAL;2026-09-18 16:12:51.362941;;;WHEEL_POS;35.149,62.60
VAL;2026-09-18 16:12:51.381359;;;WHEEL_POS;35.168,62.60
VAL;2026-09-18 16:12:51.394374;;;WHEEL_POS;35.181,62.60
VAL;2026-09-18 16:12:51.429940;;;WHEEL_POS;35.216,62.60
VAL;2026-09-18 16:12:51.445454;;;WHEEL_POS;35.232,62.60
VAL;2026-09-18 16:12:51.479077;;;WHEEL_POS;35.265,62.60
VAL;2026-09-18 16:12:51.511767;;;WHEEL_POS;35.298,62.60
VAL;2026-09-18 16:12:51.546121;;;WHEEL_POS;35.332,62.60
VAL;2026-09-18 16:12:51.561125;;;WHEEL_POS;35.347,62.60
VAL;2026-09-18 16:12:51.598362;;;WHEEL_POS;35.385,62.60
VAL;2026-09-18 16:12:51.630839;;;WHEEL_POS;35.417,62.60
VAL;2026-09-18 16:12:51.649396;;;WHEEL_POS;35.436,62.60
VAL;2026-09-18 16:12:51.673559;;;WHEEL_POS;35.460,62.60
VAL;2026-09-18 16:12:51.704819;;;WHEEL_POS;35.491,62.60
VAL;2026-09-18 16:12:51.726635;;;WHEEL_POS;35.513,62.60
VAL;2026-09-18 16:12:51.762015;;;WHEEL_POS;35.548,62.60
VAL;2026-09-18 16:12:51.782386;;;WHEEL_POS;35.569,62.60
VAL;2026-09-18 16:12:51.797590;;;WHEEL_POS;35.584,62.60
EVENT;2026-09-18 16:12:51.812888;4.720400000000001;;95;Port1Out
VAL;2026-09-18 16:12:51.812888;;;WHEEL_POS;35.599,62.60
VAL;2026-09-18 16:12:51.846059;;;WHEEL_POS;35.632,62.60
VAL;2026-09-18 16:12:51.862362;;;WHEEL_POS;35.649,62.60
VAL;2026-09-18 16:12:51.877368;;;WHEEL_POS;35.664,62.60
EVENT;2026-09-18 16:12:51.877368;4.7999;;94;Port1In
VAL;2026-09-18 16:12:51.913725;;;WHEEL_POS;35.700,62.60
VAL;2026-09-18 16:12:51.927818;;;WHEEL_POS;35.714,62.60
VAL;2026-09-18 16:12:51.943853;;;WHEEL_POS;35.730,62.60
VAL;2026-09-18 16:12:51.977678;;;WHEEL_POS;35.764,62.60
VAL;2026-09-18 16:12:52.010185;;;WHEEL_POS;35.796,62.60
VAL;2026-09-18 16:12:52.046244;;;WHEEL_POS;35.833,62.60
VAL;2026-09-18 16:12:52.061250;;;WHEEL_POS;35.848,62.60
VAL;2026-09-18 16:12:52.095995;;;WHEEL_POS;35.882,62.60
VAL;2026-09-18 16:12:52.132859;;;WHEEL_POS;35.919,62.60
VAL;2026-09-18 16:12:52.163460;;;WHEEL_POS;35.950,62.60
VAL;2026-09-18 16:12:52.199810;;;WHEEL_POS;35.986,62.60
VAL;2026-09-18 16:12:52.215464;;;WHEEL_POS;36.002,62.60
EVENT;2026-09-18 16:12:52.255892;5.1643;;95;Port1Out
VAL;2026-09-18 16:12:52.256918;;;WHEEL_POS;36.043,62.60
VAL;2026-09-18 16:12:52.272636;;;WHEEL_POS;36.059,62.60
VAL;2026-09-18 16:12:52.305839;;;WHEEL_POS;36.092,62.60
VAL;2026-09-18 16:12:52.322762;;;WHEEL_POS;36.109,62.60
EVENT;2026-09-18 16:12:52.322762;5.2436;;94;Port1In
VAL;2026-09-18 16:12:52.344228;;;WHEEL_POS;36.131,62.60
VAL;2026-09-18 16:12:52.372418;;;WHEEL_POS;36.159,62.60
VAL;2026-09-18 16:12:52.405432;;;WHEEL_POS;36.192,62.60
VAL;2026-09-18 16:12:52.438331;;;WHEEL_POS;36.225,62.60
VAL;2026-09-18 16:12:52.453840;;;WHEEL_POS;36.240,62.60
VAL;2026-09-18 16:12:52.487411;;;WHEEL_POS;36.274,62.60
EVENT;2026-09-18 16:12:52.521980;5.439;;95;Port1Out
VAL;2026-09-18 16:12:52.521980;;;WHEEL_POS;36.308,62.60
VAL;2026-09-18 16:12:52.554994;;;WHEEL_POS;36.341,62.60
EVENT;2026-09-18 16:12:52.566998;5.4752;;158;Tup
END-TRIAL;2026-09-18 16:12:52.567056;;;The trial ended;
INFO;2026-09-18 16:12:52.567056;40.460531;45.935734;TRIAL-BPOD-TIME;5.475202999999993
STATE;2026-09-18 16:12:52.567056;0;0.9752000000000001;WheelDotPeriod;0.9752000000000001
STATE;2026-09-18 16:12:52.567056;0.9752000000000001;1.4752;ErrorConsumption;0.5
STATE;2026-09-18 16:12:52.567056;1.4752;5.4752;IncorrectITI;4.0
STATE;2026-09-18 16:12:52.567056;nan;nan;Reward;nan
STATE;2026-09-18 16:12:52.567056;nan;nan;Consumption;nan
STATE;2026-09-18 16:12:52.567056;nan;nan;NoResponse;nan
STATE;2026-09-18 16:12:52.567056;nan;nan;ITI;nan
VAL;2026-09-18 16:12:52.604312;;;INCLUDED;True
VAL;2026-09-18 16:12:52.604312;;;CONSUMPTION_LICKED;False
VAL;2026-09-18 16:12:52.604312;;;LED_ON_TIME;30.86982774734497
VAL;2026-09-18 16:12:52.604312;;;DOT_ONSET_JITTER_S;0.15923210186780457
VAL;2026-09-18 16:12:52.604312;;;DOT_ONSET_TIME;31.029059849212775
VAL;2026-09-18 16:12:52.604312;;;THRESHOLD_CROSSING_TIME;31.84502774734497
VAL;2026-09-18 16:12:52.604312;;;DOT_DISAPPEAR_JITTER_S;0.7537652397556356
VAL;2026-09-18 16:12:52.604312;;;DOT_DISAPPEAR_TIME;32.59879298710061
VAL;2026-09-18 16:12:52.604312;;;CORRECT;False
stdout;2026-09-18 16:12:52.604312;;;Trial 6 (warmup): side=L, NoReward;
stdout;2026-09-18 16:12:52.604312;;;|
|;
VAL;2026-09-18 16:12:53.026186;;;TRIAL_INIT_START;36.81246256828308
VAL;2026-09-18 16:12:53.051346;;;WHEEL_POS;36.838,62.60
VAL;2026-09-18 16:12:53.071637;;;WHEEL_POS;36.858,62.60
VAL;2026-09-18 16:12:53.084322;;;WHEEL_POS;36.871,62.60
VAL;2026-09-18 16:12:53.100489;;;WHEEL_POS;36.887,62.60
VAL;2026-09-18 16:12:53.132932;;;WHEEL_POS;36.919,62.60
VAL;2026-09-18 16:12:53.161725;;;WHEEL_POS;36.948,62.60
VAL;2026-09-18 16:12:53.177933;;;WHEEL_POS;36.964,62.60
VAL;2026-09-18 16:12:53.194008;;;TRIAL_START;36.96420955657959
VAL;2026-09-18 16:12:53.194008;;;QUIESCENCE_BREAKS;0
VAL;2026-09-18 16:12:53.194008;;;TRIAL_TYPE;warmup
VAL;2026-09-18 16:12:53.369281;;;TRIAL_SIDE;L
VAL;2026-09-18 16:12:53.369281;;;CLICK_TIMES_L;0.0729,0.1237,0.2092,0.2242
VAL;2026-09-18 16:12:53.369281;;;CLICK_TIMES_R;
VAL;2026-09-18 16:12:53.369281;;;N_CLICKS_L;4
VAL;2026-09-18 16:12:53.369281;;;N_CLICKS_R;0
VAL;2026-09-18 16:12:53.369281;;;STIM_SEED;1456293136
VAL;2026-09-18 16:12:53.369281;;;CUE_ABORT_THRESHOLD_DEG;10.0
VAL;2026-09-18 16:12:53.369281;;;RESPONSE_THRESHOLD_DEG;35.0
VAL;2026-09-18 16:12:53.369281;;;QUIESCENCE_DUR_S;0.1
VAL;2026-09-18 16:12:53.369281;;;ITI_S;1.5
VAL;2026-09-18 16:12:53.369281;;;CLICK_LEVEL_ATTENUATED;False
stdout;2026-09-18 16:12:53.369281;;;Trial 7 (warmup): side=L, n_L=4, n_R=0;
stdout;2026-09-18 16:12:53.369281;;;|
|;
VAL;2026-09-18 16:12:53.369281;;;SM_SEND_TIME;37.15555810928345
VAL;2026-09-18 16:12:53.369281;;;CUE_ONSET_TIME;37.17655810928345
TRIAL;2026-09-18 16:12:53.417588;;;New trial;
VAL;2026-09-18 16:12:53.417588;;;WHEEL_POS;37.204,0.00
VAL;2026-09-18 16:12:53.451185;;;WHEEL_POS;37.237,0.00
VAL;2026-09-18 16:12:53.466188;;;WHEEL_POS;37.252,0.00
VAL;2026-09-18 16:12:53.498894;;;WHEEL_POS;37.285,0.00
VAL;2026-09-18 16:12:53.533620;;;WHEEL_POS;37.320,-0.40
VAL;2026-09-18 16:12:53.549179;;;WHEEL_POS;37.335,-0.70
VAL;2026-09-18 16:12:53.565613;;;WHEEL_POS;37.352,-1.10
VAL;2026-09-18 16:12:53.586618;;;WHEEL_POS;37.373,-1.80
VAL;2026-09-18 16:12:53.601683;;;WHEEL_POS;37.388,-2.10
VAL;2026-09-18 16:12:53.617228;;;WHEEL_POS;37.404,-2.50
VAL;2026-09-18 16:12:53.633413;;;WHEEL_POS;37.420,-3.20
EVENT;2026-09-18 16:12:53.633413;0.2187;;0;RotaryEncoder1_1
VAL;2026-09-18 16:12:53.649574;;;WHEEL_POS;37.436,-4.20
VAL;2026-09-18 16:12:53.682273;;;WHEEL_POS;37.469,-5.60
EVENT;2026-09-18 16:12:53.698418;0.271;;158;Tup
TRANSITION;2026-09-18 16:12:53.698418;0.271;;DelayPeriod;
VAL;2026-09-18 16:12:53.700454;;;WHEEL_POS;37.487,-6.30
VAL;2026-09-18 16:12:53.714516;;;WHEEL_POS;37.501,-7.00
VAL;2026-09-18 16:12:53.731075;;;WHEEL_POS;37.517,-7.70
VAL;2026-09-18 16:12:53.749127;;;WHEEL_POS;37.535,-9.50
EVENT;2026-09-18 16:12:53.749127;0.328;;4;RotaryEncoder1_5
TRANSITION;2026-09-18 16:12:53.749127;0.328;;WheelAbort;
EVENT;2026-09-18 16:12:53.749127;0.3281;;158;Tup
TRANSITION;2026-09-18 16:12:53.749127;0.3281;;AbortITI;
VAL;2026-09-18 16:12:53.765879;;;WHEEL_POS;37.552,-11.20
VAL;2026-09-18 16:12:53.782481;;;WHEEL_POS;37.569,-13.00
VAL;2026-09-18 16:12:53.798311;;;WHEEL_POS;37.585,-15.10
VAL;2026-09-18 16:12:53.831893;;;WHEEL_POS;37.618,-18.30
VAL;2026-09-18 16:12:53.848523;;;WHEEL_POS;37.635,-19.70
VAL;2026-09-18 16:12:53.864642;;;WHEEL_POS;37.651,-21.10
VAL;2026-09-18 16:12:53.880882;;;WHEEL_POS;37.667,-22.10
VAL;2026-09-18 16:12:53.897600;;;WHEEL_POS;37.684,-23.20
VAL;2026-09-18 16:12:53.917268;;;WHEEL_POS;37.704,-24.30
VAL;2026-09-18 16:12:53.931388;;;WHEEL_POS;37.718,-25.70
VAL;2026-09-18 16:12:53.947044;;;WHEEL_POS;37.733,-27.10
VAL;2026-09-18 16:12:53.965103;;;WHEEL_POS;37.751,-29.20
VAL;2026-09-18 16:12:53.979958;;;WHEEL_POS;37.766,-30.90
VAL;2026-09-18 16:12:54.012364;;;WHEEL_POS;37.799,-34.80
EVENT;2026-09-18 16:12:54.012364;0.5902000000000001;;2;RotaryEncoder1_3
VAL;2026-09-18 16:12:54.031892;;;WHEEL_POS;37.818,-36.90
VAL;2026-09-18 16:12:54.062325;;;WHEEL_POS;37.849,-40.40
VAL;2026-09-18 16:12:54.078869;;;WHEEL_POS;37.865,-42.50
VAL;2026-09-18 16:12:54.095490;;;WHEEL_POS;37.882,-45.00
VAL;2026-09-18 16:12:54.132396;;;WHEEL_POS;37.919,-48.90
VAL;2026-09-18 16:12:54.147221;;;WHEEL_POS;37.933,-51.00
VAL;2026-09-18 16:12:54.162136;;;WHEEL_POS;37.948,-53.10
VAL;2026-09-18 16:12:54.178256;;;WHEEL_POS;37.965,-55.50
VAL;2026-09-18 16:12:54.196368;;;WHEEL_POS;37.983,-57.70
VAL;2026-09-18 16:12:54.210519;;;WHEEL_POS;37.997,-60.10
VAL;2026-09-18 16:12:54.227054;;;WHEEL_POS;38.013,-61.90
VAL;2026-09-18 16:12:54.247180;;;WHEEL_POS;38.033,-64.00
VAL;2026-09-18 16:12:54.261230;;;WHEEL_POS;38.048,-65.40
VAL;2026-09-18 16:12:54.276416;;;WHEEL_POS;38.063,-67.10
VAL;2026-09-18 16:12:54.292621;;;WHEEL_POS;38.079,-68.20
VAL;2026-09-18 16:12:54.309230;;;WHEEL_POS;38.096,-69.30
VAL;2026-09-18 16:12:54.325312;;;WHEEL_POS;38.112,-70.30
VAL;2026-09-18 16:12:54.341397;;;WHEEL_POS;38.128,-71.00
VAL;2026-09-18 16:12:54.376356;;;WHEEL_POS;38.163,-71.70
VAL;2026-09-18 16:12:54.391000;;;WHEEL_POS;38.177,-72.10
VAL;2026-09-18 16:12:54.407158;;;WHEEL_POS;38.193,-72.80
VAL;2026-09-18 16:12:54.423301;;;WHEEL_POS;38.210,-73.50
VAL;2026-09-18 16:12:54.440400;;;WHEEL_POS;38.227,-73.80
VAL;2026-09-18 16:12:54.457119;;;WHEEL_POS;38.243,-74.20
VAL;2026-09-18 16:12:54.493948;;;WHEEL_POS;38.280,-74.20
VAL;2026-09-18 16:12:54.507222;;;WHEEL_POS;38.293,-73.80
VAL;2026-09-18 16:12:54.541275;;;WHEEL_POS;38.328,-71.70
VAL;2026-09-18 16:12:54.558392;;;WHEEL_POS;38.345,-70.00
VAL;2026-09-18 16:12:54.573396;;;WHEEL_POS;38.360,-67.90
VAL;2026-09-18 16:12:54.609653;;;WHEEL_POS;38.396,-63.60
VAL;2026-09-18 16:12:54.640765;;;WHEEL_POS;38.427,-59.10
VAL;2026-09-18 16:12:54.657401;;;WHEEL_POS;38.444,-56.60
VAL;2026-09-18 16:12:54.672405;;;WHEEL_POS;38.459,-54.10
VAL;2026-09-18 16:12:54.709450;;;WHEEL_POS;38.496,-47.50
VAL;2026-09-18 16:12:54.740162;;;WHEEL_POS;38.526,-40.40
VAL;2026-09-18 16:12:54.756721;;;WHEEL_POS;38.543,-36.90
VAL;2026-09-18 16:12:54.773865;;;WHEEL_POS;38.560,-33.80
VAL;2026-09-18 16:12:54.789412;;;WHEEL_POS;38.576,-30.60
VAL;2026-09-18 16:12:54.808619;;;WHEEL_POS;38.595,-27.40
VAL;2026-09-18 16:12:54.837721;;;WHEEL_POS;38.624,-21.40
VAL;2026-09-18 16:12:54.856780;;;WHEEL_POS;38.643,-18.60
VAL;2026-09-18 16:12:54.873044;;;WHEEL_POS;38.659,-15.80
VAL;2026-09-18 16:12:54.889200;;;WHEEL_POS;38.675,-13.70
VAL;2026-09-18 16:12:54.904203;;;WHEEL_POS;38.690,-12.00
VAL;2026-09-18 16:12:54.939495;;;WHEEL_POS;38.726,-8.10
VAL;2026-09-18 16:12:54.954595;;;WHEEL_POS;38.741,-6.70
VAL;2026-09-18 16:12:54.970273;;;WHEEL_POS;38.757,-5.60
VAL;2026-09-18 16:12:55.004070;;;WHEEL_POS;38.790,-6.00
VAL;2026-09-18 16:12:55.037702;;;WHEEL_POS;38.824,-8.80
VAL;2026-09-18 16:12:55.056292;;;WHEEL_POS;38.843,-11.20
VAL;2026-09-18 16:12:55.070426;;;WHEEL_POS;38.857,-14.10
VAL;2026-09-18 16:12:55.087054;;;WHEEL_POS;38.873,-16.90
VAL;2026-09-18 16:12:55.120992;;;WHEEL_POS;38.907,-22.50
VAL;2026-09-18 16:12:55.137152;;;WHEEL_POS;38.923,-25.30
VAL;2026-09-18 16:12:55.157807;;;WHEEL_POS;38.944,-28.10
VAL;2026-09-18 16:12:55.170346;;;WHEEL_POS;38.957,-31.30
VAL;2026-09-18 16:12:55.186438;;;WHEEL_POS;38.973,-34.50
VAL;2026-09-18 16:12:55.220346;;;WHEEL_POS;39.007,-40.40
VAL;2026-09-18 16:12:55.236392;;;WHEEL_POS;39.023,-43.90
VAL;2026-09-18 16:12:55.255715;;;WHEEL_POS;39.042,-47.10
VAL;2026-09-18 16:12:55.286385;;;WHEEL_POS;39.073,-53.40
VAL;2026-09-18 16:12:55.302508;;;WHEEL_POS;39.089,-56.20
VAL;2026-09-18 16:12:55.318574;;;WHEEL_POS;39.105,-58.70
VAL;2026-09-18 16:12:55.334712;;;WHEEL_POS;39.121,-61.20
VAL;2026-09-18 16:12:55.351326;;;WHEEL_POS;39.138,-63.60
VAL;2026-09-18 16:12:55.383921;;;WHEEL_POS;39.170,-68.20
VAL;2026-09-18 16:12:55.416189;;;WHEEL_POS;39.202,-70.70
VAL;2026-09-18 16:12:55.431819;;;WHEEL_POS;39.218,-71.40
VAL;2026-09-18 16:12:55.463577;;;WHEEL_POS;39.250,-71.40
VAL;2026-09-18 16:12:55.479204;;;WHEEL_POS;39.265,-71.40
VAL;2026-09-18 16:12:55.510456;;;WHEEL_POS;39.297,-70.70
VAL;2026-09-18 16:12:55.551433;;;WHEEL_POS;39.338,-70.00
VAL;2026-09-18 16:12:55.567577;;;WHEEL_POS;39.354,-70.00
EVENT;2026-09-18 16:12:55.567577;2.1512000000000002;;158;Tup
END-TRIAL;2026-09-18 16:12:55.567577;;;The trial ended;
INFO;2026-09-18 16:12:55.567577;46.795431;48.946634;TRIAL-BPOD-TIME;2.1512030000000024
STATE;2026-09-18 16:12:55.567577;0;0.271;CuePeriod;0.271
STATE;2026-09-18 16:12:55.567577;0.271;0.328;DelayPeriod;0.056999999999999995
STATE;2026-09-18 16:12:55.567577;0.328;0.3281;WheelAbort;9.999999999998899e-05
STATE;2026-09-18 16:12:55.567577;0.3281;2.1512000000000002;AbortITI;1.8231000000000002
STATE;2026-09-18 16:12:55.567577;nan;nan;CueComplete;nan
VAL;2026-09-18 16:12:55.582581;;;ABORT;37.48355810928345
VAL;2026-09-18 16:12:55.582581;;;ABORT_EPOCH;delay
VAL;2026-09-18 16:12:55.582581;;;INCLUDED;False
stdout;2026-09-18 16:12:55.582581;;;Trial 7: Abort (delay epoch) -- re-offering side L next trial.;
stdout;2026-09-18 16:12:55.582581;;;|
|;
VAL;2026-09-18 16:12:55.995755;;;TRIAL_INIT_START;39.782031774520874
VAL;2026-09-18 16:12:56.011916;;;WHEEL_POS;39.798,-96.00
VAL;2026-09-18 16:12:56.048891;;;QUIESCENCE_RESET_TIME;39.83516812324524
VAL;2026-09-18 16:12:56.048891;;;WHEEL_POS;39.835,-103.40
VAL;2026-09-18 16:12:56.064955;;;WHEEL_POS;39.851,-106.90
VAL;2026-09-18 16:12:56.078184;;;WHEEL_POS;39.864,-110.00
VAL;2026-09-18 16:12:56.110954;;;QUIESCENCE_RESET_TIME;39.89723062515259
VAL;2026-09-18 16:12:56.110954;;;WHEEL_POS;39.897,-115.00
VAL;2026-09-18 16:12:56.127863;;;WHEEL_POS;39.914,-117.80
VAL;2026-09-18 16:12:56.148908;;;WHEEL_POS;39.935,-120.20
VAL;2026-09-18 16:12:56.168231;;;WHEEL_POS;39.955,-122.70
VAL;2026-09-18 16:12:56.182376;;;WHEEL_POS;39.969,-124.80
VAL;2026-09-18 16:12:56.202544;;;WHEEL_POS;39.989,-126.60
VAL;2026-09-18 16:12:56.214925;;;WHEEL_POS;40.001,-129.00
VAL;2026-09-18 16:12:56.231093;;;WHEEL_POS;40.017,-131.50
VAL;2026-09-18 16:12:56.268965;;;WHEEL_POS;40.055,-135.40
VAL;2026-09-18 16:12:56.283299;;;WHEEL_POS;40.070,-136.80
VAL;2026-09-18 16:12:56.313576;;;WHEEL_POS;40.100,-138.50
VAL;2026-09-18 16:12:56.330337;;;WHEEL_POS;40.117,-138.90
VAL;2026-09-18 16:12:56.349282;;;WHEEL_POS;40.136,-138.90
VAL;2026-09-18 16:12:56.365064;;;WHEEL_POS;40.151,-138.50
VAL;2026-09-18 16:12:56.400409;;;WHEEL_POS;40.187,-138.20
VAL;2026-09-18 16:12:56.413546;;;WHEEL_POS;40.200,-138.20
VAL;2026-09-18 16:12:56.429638;;;TRIAL_START;40.1998233795166
VAL;2026-09-18 16:12:56.429638;;;QUIESCENCE_BREAKS;2
VAL;2026-09-18 16:12:56.429638;;;TRIAL_TYPE;repeat
VAL;2026-09-18 16:12:56.549579;;;TRIAL_SIDE;L
VAL;2026-09-18 16:12:56.549579;;;CLICK_TIMES_L;0.0150,0.0926
VAL;2026-09-18 16:12:56.549579;;;CLICK_TIMES_R;
VAL;2026-09-18 16:12:56.549579;;;N_CLICKS_L;2
VAL;2026-09-18 16:12:56.549579;;;N_CLICKS_R;0
VAL;2026-09-18 16:12:56.549579;;;STIM_SEED;1998126782
VAL;2026-09-18 16:12:56.549579;;;CUE_ABORT_THRESHOLD_DEG;10.0
VAL;2026-09-18 16:12:56.549579;;;RESPONSE_THRESHOLD_DEG;35.0
VAL;2026-09-18 16:12:56.549579;;;QUIESCENCE_DUR_S;0.1
VAL;2026-09-18 16:12:56.549579;;;ITI_S;1.5
VAL;2026-09-18 16:12:56.549579;;;CLICK_LEVEL_ATTENUATED;False
stdout;2026-09-18 16:12:56.549579;;;Trial 8 (repeat): side=L, n_L=2, n_R=0;
stdout;2026-09-18 16:12:56.549579;;;|
|;
VAL;2026-09-18 16:12:56.549579;;;SM_SEND_TIME;40.335856199264526
VAL;2026-09-18 16:12:56.549579;;;CUE_ONSET_TIME;40.35685619926453
TRIAL;2026-09-18 16:12:56.549579;;;New trial;
VAL;2026-09-18 16:12:56.562642;;;WHEEL_POS;40.349,-0.70
VAL;2026-09-18 16:12:56.578938;;;WHEEL_POS;40.365,-0.70
VAL;2026-09-18 16:12:56.595053;;;WHEEL_POS;40.381,-0.70
VAL;2026-09-18 16:12:56.613321;;;WHEEL_POS;40.400,-0.70
VAL;2026-09-18 16:12:56.643464;;;WHEEL_POS;40.430,-0.70
VAL;2026-09-18 16:12:56.660166;;;WHEEL_POS;40.446,-0.70
VAL;2026-09-18 16:12:56.676861;;;WHEEL_POS;40.463,-0.70
VAL;2026-09-18 16:12:56.691865;;;WHEEL_POS;40.478,-0.70
VAL;2026-09-18 16:12:56.727958;;;WHEEL_POS;40.514,-1.80
VAL;2026-09-18 16:12:56.742018;;;WHEEL_POS;40.528,-2.50
VAL;2026-09-18 16:12:56.758040;;;WHEEL_POS;40.544,-3.20
EVENT;2026-09-18 16:12:56.776790;0.2147;;0;RotaryEncoder1_1
VAL;2026-09-18 16:12:56.791294;;;WHEEL_POS;40.578,-3.90
VAL;2026-09-18 16:12:56.813018;;;WHEEL_POS;40.599,-4.60
VAL;2026-09-18 16:12:56.831335;;;WHEEL_POS;40.618,-5.30
EVENT;2026-09-18 16:12:56.837314;0.271;;158;Tup
TRANSITION;2026-09-18 16:12:56.837314;0.271;;DelayPeriod;
VAL;2026-09-18 16:12:56.850098;;;WHEEL_POS;40.636,-6.00
VAL;2026-09-18 16:12:56.864208;;;WHEEL_POS;40.650,-7.40
VAL;2026-09-18 16:12:56.881552;;;WHEEL_POS;40.668,-9.10
EVENT;2026-09-18 16:12:56.881552;0.3231;;4;RotaryEncoder1_5
TRANSITION;2026-09-18 16:12:56.881552;0.3231;;WheelAbort;
EVENT;2026-09-18 16:12:56.881552;0.32320000000000004;;158;Tup
TRANSITION;2026-09-18 16:12:56.881552;0.32320000000000004;;AbortITI;
VAL;2026-09-18 16:12:56.897679;;;WHEEL_POS;40.684,-11.20
VAL;2026-09-18 16:12:56.913869;;;WHEEL_POS;40.700,-13.00
VAL;2026-09-18 16:12:56.929925;;;WHEEL_POS;40.716,-15.10
VAL;2026-09-18 16:12:56.967353;;;WHEEL_POS;40.754,-17.90
VAL;2026-09-18 16:12:56.979380;;;WHEEL_POS;40.766,-18.60
VAL;2026-09-18 16:12:57.011978;;;WHEEL_POS;40.798,-19.70
VAL;2026-09-18 16:12:57.027607;;;WHEEL_POS;40.814,-20.40
VAL;2026-09-18 16:12:57.043233;;;WHEEL_POS;40.830,-20.70
VAL;2026-09-18 16:12:57.064218;;;WHEEL_POS;40.850,-21.80
VAL;2026-09-18 16:12:57.085189;;;WHEEL_POS;40.871,-22.50
VAL;2026-09-18 16:12:57.101452;;;WHEEL_POS;40.888,-23.90
VAL;2026-09-18 16:12:57.116457;;;WHEEL_POS;40.903,-24.60
VAL;2026-09-18 16:12:57.153099;;;WHEEL_POS;40.939,-25.30
VAL;2026-09-18 16:12:57.171282;;;WHEEL_POS;40.958,-25.30
VAL;2026-09-18 16:12:57.185750;;;WHEEL_POS;40.972,-25.00
VAL;2026-09-18 16:12:57.202871;;;WHEEL_POS;40.989,-24.60
VAL;2026-09-18 16:12:57.217269;;;WHEEL_POS;41.004,-24.30
VAL;2026-09-18 16:12:57.234677;;;WHEEL_POS;41.021,-23.90
VAL;2026-09-18 16:12:57.250802;;;WHEEL_POS;41.037,-23.60
VAL;2026-09-18 16:12:57.270821;;;WHEEL_POS;41.057,-23.20
VAL;2026-09-18 16:12:57.284427;;;WHEEL_POS;41.071,-22.90
VAL;2026-09-18 16:12:57.299491;;;WHEEL_POS;41.086,-22.90
VAL;2026-09-18 16:12:57.315636;;;WHEEL_POS;41.102,-22.90
VAL;2026-09-18 16:12:57.332077;;;WHEEL_POS;41.118,-22.90
VAL;2026-09-18 16:12:57.349643;;;WHEEL_POS;41.136,-22.90
VAL;2026-09-18 16:12:57.364884;;;WHEEL_POS;41.151,-22.90
VAL;2026-09-18 16:12:57.383842;;;WHEEL_POS;41.170,-22.90
VAL;2026-09-18 16:12:57.413142;;;WHEEL_POS;41.199,-23.20
VAL;2026-09-18 16:12:57.429286;;;WHEEL_POS;41.216,-23.20
VAL;2026-09-18 16:12:57.461664;;;WHEEL_POS;41.248,-23.20
VAL;2026-09-18 16:12:57.477717;;;WHEEL_POS;41.264,-23.20
VAL;2026-09-18 16:12:57.497402;;;WHEEL_POS;41.284,-23.20
VAL;2026-09-18 16:12:57.511633;;;WHEEL_POS;41.298,-23.20
VAL;2026-09-18 16:12:57.526752;;;WHEEL_POS;41.313,-23.20
VAL;2026-09-18 16:12:57.559599;;;WHEEL_POS;41.346,-23.20
VAL;2026-09-18 16:12:57.574669;;;WHEEL_POS;41.361,-23.20
VAL;2026-09-18 16:12:57.593692;;;WHEEL_POS;41.380,-23.20
VAL;2026-09-18 16:12:57.609765;;;WHEEL_POS;41.396,-23.20
VAL;2026-09-18 16:12:57.628838;;;WHEEL_POS;41.415,-23.20
VAL;2026-09-18 16:12:57.642853;;;WHEEL_POS;41.429,-23.20
VAL;2026-09-18 16:12:57.660752;;;WHEEL_POS;41.447,-23.20
VAL;2026-09-18 16:12:57.676896;;;WHEEL_POS;41.463,-23.20
VAL;2026-09-18 16:12:57.693073;;;WHEEL_POS;41.479,-23.20
VAL;2026-09-18 16:12:57.710135;;;WHEEL_POS;41.496,-23.20
VAL;2026-09-18 16:12:57.725141;;;WHEEL_POS;41.511,-23.20
VAL;2026-09-18 16:12:57.757843;;;WHEEL_POS;41.544,-23.20
VAL;2026-09-18 16:12:57.793224;;;WHEEL_POS;41.580,-23.20
VAL;2026-09-18 16:12:57.811106;;;WHEEL_POS;41.597,-23.20
VAL;2026-09-18 16:12:57.826198;;;WHEEL_POS;41.612,-23.20
VAL;2026-09-18 16:12:57.858295;;;WHEEL_POS;41.645,-23.20
VAL;2026-09-18 16:12:57.891602;;;WHEEL_POS;41.678,-23.20
VAL;2026-09-18 16:12:57.908173;;;WHEEL_POS;41.694,-23.20
VAL;2026-09-18 16:12:57.924255;;;WHEEL_POS;41.711,-23.20
VAL;2026-09-18 16:12:57.940296;;;WHEEL_POS;41.727,-23.20
VAL;2026-09-18 16:12:57.957808;;;WHEEL_POS;41.744,-23.20
VAL;2026-09-18 16:12:57.973766;;;WHEEL_POS;41.760,-23.20
VAL;2026-09-18 16:12:57.990445;;;WHEEL_POS;41.777,-23.20
VAL;2026-09-18 16:12:58.010512;;;WHEEL_POS;41.797,-23.20
VAL;2026-09-18 16:12:58.023394;;;WHEEL_POS;41.810,-23.20
VAL;2026-09-18 16:12:58.039434;;;WHEEL_POS;41.826,-23.20
VAL;2026-09-18 16:12:58.058568;;;WHEEL_POS;41.845,-23.20
VAL;2026-09-18 16:12:58.089109;;;WHEEL_POS;41.875,-23.20
VAL;2026-09-18 16:12:58.105201;;;WHEEL_POS;41.891,-23.20
VAL;2026-09-18 16:12:58.120205;;;WHEEL_POS;41.906,-23.20
VAL;2026-09-18 16:12:58.158379;;;WHEEL_POS;41.945,-23.20
VAL;2026-09-18 16:12:58.171508;;;WHEEL_POS;41.958,-23.20
VAL;2026-09-18 16:12:58.187640;;;WHEEL_POS;41.974,-23.20
VAL;2026-09-18 16:12:58.221799;;;WHEEL_POS;42.008,-23.20
EVENT;2026-09-18 16:12:58.221799;1.6706;;158;Tup
END-TRIAL;2026-09-18 16:12:58.221799;;;The trial ended;
INFO;2026-09-18 16:12:58.237428;49.935431;51.606034;TRIAL-BPOD-TIME;1.6706029999999998
STATE;2026-09-18 16:12:58.237428;0;0.271;CuePeriod;0.271
STATE;2026-09-18 16:12:58.237428;0.271;0.3231;DelayPeriod;0.05209999999999998
STATE;2026-09-18 16:12:58.237428;0.3231;0.32320000000000004;WheelAbort;0.0001000000000000445
STATE;2026-09-18 16:12:58.237428;0.32320000000000004;1.6706;AbortITI;1.3474
STATE;2026-09-18 16:12:58.237428;nan;nan;CueComplete;nan
VAL;2026-09-18 16:12:58.238438;;;WHEEL_POS;42.025,-23.20
VAL;2026-09-18 16:12:58.270314;;;ABORT;40.65895619926452
VAL;2026-09-18 16:12:58.270314;;;ABORT_EPOCH;delay
VAL;2026-09-18 16:12:58.270314;;;INCLUDED;False
stdout;2026-09-18 16:12:58.270314;;;Trial 8: Abort (delay epoch) -- re-offering side L next trial.;
stdout;2026-09-18 16:12:58.270314;;;|
|;
VAL;2026-09-18 16:12:58.666102;;;TRIAL_INIT_START;42.45237946510315
VAL;2026-09-18 16:12:58.698337;;;WHEEL_POS;42.485,-23.20
VAL;2026-09-18 16:12:58.714438;;;WHEEL_POS;42.501,-23.20
VAL;2026-09-18 16:12:58.730584;;;WHEEL_POS;42.517,-23.20
VAL;2026-09-18 16:12:58.750162;;;WHEEL_POS;42.536,-23.20
VAL;2026-09-18 16:12:58.763798;;;WHEEL_POS;42.550,-23.20
VAL;2026-09-18 16:12:58.780710;;;WHEEL_POS;42.567,-23.20
VAL;2026-09-18 16:12:58.796949;;;WHEEL_POS;42.583,-23.20
VAL;2026-09-18 16:12:58.814855;;;WHEEL_POS;42.601,-23.20
VAL;2026-09-18 16:12:58.828861;;;WHEEL_POS;42.615,-23.20
VAL;2026-09-18 16:12:58.851153;;;TRIAL_START;42.615137577056885
VAL;2026-09-18 16:12:58.851153;;;QUIESCENCE_BREAKS;0
VAL;2026-09-18 16:12:58.851153;;;TRIAL_TYPE;repeat
VAL;2026-09-18 16:12:58.978888;;;TRIAL_SIDE;L
VAL;2026-09-18 16:12:58.978888;;;CLICK_TIMES_L;0.1013,0.1746
VAL;2026-09-18 16:12:58.978888;;;CLICK_TIMES_R;
VAL;2026-09-18 16:12:58.978888;;;N_CLICKS_L;2
VAL;2026-09-18 16:12:58.978888;;;N_CLICKS_R;0
VAL;2026-09-18 16:12:58.978888;;;STIM_SEED;1774477012
VAL;2026-09-18 16:12:58.978888;;;CUE_ABORT_THRESHOLD_DEG;10.0
VAL;2026-09-18 16:12:58.978888;;;RESPONSE_THRESHOLD_DEG;35.0
VAL;2026-09-18 16:12:58.978888;;;QUIESCENCE_DUR_S;0.1
VAL;2026-09-18 16:12:58.978888;;;ITI_S;1.5
VAL;2026-09-18 16:12:58.978888;;;CLICK_LEVEL_ATTENUATED;False
stdout;2026-09-18 16:12:58.978888;;;Trial 9 (repeat): side=L, n_L=2, n_R=0;
stdout;2026-09-18 16:12:58.978888;;;|
|;
VAL;2026-09-18 16:12:58.978888;;;SM_SEND_TIME;42.76516509056091
VAL;2026-09-18 16:12:58.978888;;;CUE_ONSET_TIME;42.786165090560914
TRIAL;2026-09-18 16:12:58.978888;;;New trial;
VAL;2026-09-18 16:12:58.994519;;;WHEEL_POS;42.781,0.00
VAL;2026-09-18 16:12:59.014779;;;WHEEL_POS;42.801,0.00
VAL;2026-09-18 16:12:59.027957;;;WHEEL_POS;42.814,0.00
VAL;2026-09-18 16:12:59.064589;;;WHEEL_POS;42.851,0.00
VAL;2026-09-18 16:12:59.079213;;;WHEEL_POS;42.865,0.00
VAL;2026-09-18 16:12:59.093600;;;WHEEL_POS;42.880,0.00
VAL;2026-09-18 16:12:59.109685;;;WHEEL_POS;42.896,0.00
VAL;2026-09-18 16:12:59.125773;;;WHEEL_POS;42.912,0.00
VAL;2026-09-18 16:12:59.141927;;;WHEEL_POS;42.928,0.00
VAL;2026-09-18 16:12:59.159603;;;WHEEL_POS;42.946,0.00
VAL;2026-09-18 16:12:59.192669;;;WHEEL_POS;42.979,0.00
VAL;2026-09-18 16:12:59.207830;;;WHEEL_POS;42.994,0.00
VAL;2026-09-18 16:12:59.224160;;;WHEEL_POS;43.010,0.00
VAL;2026-09-18 16:12:59.256861;;;WHEEL_POS;43.043,0.00
EVENT;2026-09-18 16:12:59.256861;0.271;;158;Tup
TRANSITION;2026-09-18 16:12:59.256861;0.271;;DelayPeriod;
VAL;2026-09-18 16:12:59.272980;;;WHEEL_POS;43.059,0.00
VAL;2026-09-18 16:12:59.307763;;;WHEEL_POS;43.094,0.00
VAL;2026-09-18 16:12:59.321832;;;WHEEL_POS;43.108,0.00
VAL;2026-09-18 16:12:59.337905;;;WHEEL_POS;43.124,0.00
VAL;2026-09-18 16:12:59.358632;;;WHEEL_POS;43.145,0.00
VAL;2026-09-18 16:12:59.370939;;;WHEEL_POS;43.157,0.00
VAL;2026-09-18 16:12:59.407278;;;WHEEL_POS;43.194,0.00
EVENT;2026-09-18 16:12:59.415336;0.4214;;158;Tup
TRANSITION;2026-09-18 16:12:59.415336;0.4214;;CueComplete;
EVENT;2026-09-18 16:12:59.415336;0.42150000000000004;;158;Tup
END-TRIAL;2026-09-18 16:12:59.415336;;;The trial ended;
INFO;2026-09-18 16:12:59.415336;52.365331;52.786835;TRIAL-BPOD-TIME;0.4215040000000059
STATE;2026-09-18 16:12:59.415336;0;0.271;CuePeriod;0.271
STATE;2026-09-18 16:12:59.415336;0.271;0.4214;DelayPeriod;0.15039999999999998
STATE;2026-09-18 16:12:59.415336;0.4214;0.42150000000000004;CueComplete;0.0001000000000000445
STATE;2026-09-18 16:12:59.415336;nan;nan;WheelAbort;nan
STATE;2026-09-18 16:12:59.415336;nan;nan;AbortITI;nan
VAL;2026-09-18 16:12:59.419340;;;SM_SEND_TIME;43.20561742782593
TRIAL;2026-09-18 16:12:59.425878;;;New trial;
VAL;2026-09-18 16:12:59.435904;;;WHEEL_POS;43.222,0.00
VAL;2026-09-18 16:12:59.451919;;;WHEEL_POS;43.238,0.00
VAL;2026-09-18 16:12:59.486484;;;WHEEL_POS;43.273,0.00
VAL;2026-09-18 16:12:59.501489;;;WHEEL_POS;43.288,0.00
VAL;2026-09-18 16:12:59.536618;;;WHEEL_POS;43.323,0.00
VAL;2026-09-18 16:12:59.551698;;;WHEEL_POS;43.338,0.00
VAL;2026-09-18 16:12:59.566709;;;WHEEL_POS;43.353,0.00
VAL;2026-09-18 16:12:59.603662;;;WHEEL_POS;43.390,0.00
VAL;2026-09-18 16:12:59.619734;;;WHEEL_POS;43.406,0.00
VAL;2026-09-18 16:12:59.655455;;;WHEEL_POS;43.442,0.00
VAL;2026-09-18 16:12:59.671604;;;WHEEL_POS;43.458,0.00
VAL;2026-09-18 16:12:59.686609;;;WHEEL_POS;43.473,0.00
VAL;2026-09-18 16:12:59.705440;;;WHEEL_POS;43.492,0.00
VAL;2026-09-18 16:12:59.738625;;;WHEEL_POS;43.525,0.00
VAL;2026-09-18 16:12:59.756238;;;WHEEL_POS;43.543,0.00
VAL;2026-09-18 16:12:59.777657;;;WHEEL_POS;43.564,0.00
VAL;2026-09-18 16:12:59.804530;;;WHEEL_POS;43.591,0.00
VAL;2026-09-18 16:12:59.820949;;;WHEEL_POS;43.607,0.00
VAL;2026-09-18 16:12:59.837614;;;WHEEL_POS;43.624,0.00
VAL;2026-09-18 16:12:59.874773;;;WHEEL_POS;43.661,0.00
VAL;2026-09-18 16:12:59.887935;;;WHEEL_POS;43.674,0.00
VAL;2026-09-18 16:12:59.905080;;;WHEEL_POS;43.691,0.00
VAL;2026-09-18 16:12:59.921153;;;WHEEL_POS;43.707,0.00
VAL;2026-09-18 16:12:59.936205;;;WHEEL_POS;43.722,0.00
VAL;2026-09-18 16:12:59.974574;;;WHEEL_POS;43.761,0.00
VAL;2026-09-18 16:12:59.989654;;;WHEEL_POS;43.776,0.00
VAL;2026-09-18 16:13:00.007492;;;WHEEL_POS;43.794,0.00
VAL;2026-09-18 16:13:00.041131;;;WHEEL_POS;43.827,0.00
VAL;2026-09-18 16:13:00.057758;;;WHEEL_POS;43.844,0.00
VAL;2026-09-18 16:13:00.073829;;;WHEEL_POS;43.860,0.00
VAL;2026-09-18 16:13:00.092560;;;WHEEL_POS;43.879,0.00
VAL;2026-09-18 16:13:00.123831;;;WHEEL_POS;43.910,0.00
VAL;2026-09-18 16:13:00.139970;;;WHEEL_POS;43.926,0.00
VAL;2026-09-18 16:13:00.159156;;;WHEEL_POS;43.945,0.00
VAL;2026-09-18 16:13:00.172168;;;WHEEL_POS;43.958,0.00
VAL;2026-09-18 16:13:00.208680;;;WHEEL_POS;43.995,0.00
VAL;2026-09-18 16:13:00.225164;;;WHEEL_POS;44.011,0.00
VAL;2026-09-18 16:13:00.257618;;;WHEEL_POS;44.044,0.00
VAL;2026-09-18 16:13:00.273752;;;WHEEL_POS;44.060,0.00
VAL;2026-09-18 16:13:00.289792;;;WHEEL_POS;44.076,0.00
VAL;2026-09-18 16:13:00.308586;;;WHEEL_POS;44.095,0.00
VAL;2026-09-18 16:13:00.337363;;;WHEEL_POS;44.124,0.00
VAL;2026-09-18 16:13:00.371046;;;WHEEL_POS;44.157,0.00
VAL;2026-09-18 16:13:00.403912;;;WHEEL_POS;44.190,0.00
VAL;2026-09-18 16:13:00.436523;;;WHEEL_POS;44.223,0.00
VAL;2026-09-18 16:13:00.453093;;;WHEEL_POS;44.239,0.00
VAL;2026-09-18 16:13:00.470166;;;WHEEL_POS;44.256,0.00
VAL;2026-09-18 16:13:00.503767;;;WHEEL_POS;44.290,0.00
VAL;2026-09-18 16:13:00.520627;;;WHEEL_POS;44.307,0.00
VAL;2026-09-18 16:13:00.539731;;;WHEEL_POS;44.326,0.00
VAL;2026-09-18 16:13:00.571752;;;WHEEL_POS;44.358,0.00
VAL;2026-09-18 16:13:00.587904;;;WHEEL_POS;44.374,0.00
VAL;2026-09-18 16:13:00.604073;;;WHEEL_POS;44.390,0.00
VAL;2026-09-18 16:13:00.637964;;;WHEEL_POS;44.424,0.00
VAL;2026-09-18 16:13:00.670572;;;WHEEL_POS;44.457,0.00
VAL;2026-09-18 16:13:00.727411;;;WHEEL_POS;44.514,0.00
VAL;2026-09-18 16:13:00.747057;;;WHEEL_POS;44.533,0.00
VAL;2026-09-18 16:13:00.765643;;;WHEEL_POS;44.552,0.00
VAL;2026-09-18 16:13:00.797360;;;WHEEL_POS;44.584,0.00
VAL;2026-09-18 16:13:00.817537;;;WHEEL_POS;44.604,0.00
VAL;2026-09-18 16:13:00.828541;;;WHEEL_POS;44.615,0.00
VAL;2026-09-18 16:13:00.867983;;;WHEEL_POS;44.654,0.00
VAL;2026-09-18 16:13:00.881424;;;WHEEL_POS;44.668,0.00
VAL;2026-09-18 16:13:00.914143;;;WHEEL_POS;44.700,0.00
VAL;2026-09-18 16:13:00.930533;;;WHEEL_POS;44.717,0.00
VAL;2026-09-18 16:13:00.947326;;;WHEEL_POS;44.734,0.00
VAL;2026-09-18 16:13:00.967743;;;WHEEL_POS;44.754,0.00
VAL;2026-09-18 16:13:00.979485;;;WHEEL_POS;44.766,0.00
VAL;2026-09-18 16:13:01.010737;;;WHEEL_POS;44.797,0.00
VAL;2026-09-18 16:13:01.041968;;;WHEEL_POS;44.828,0.00
VAL;2026-09-18 16:13:01.082860;;;WHEEL_POS;44.869,0.00
VAL;2026-09-18 16:13:01.112779;;;WHEEL_POS;44.899,0.00
VAL;2026-09-18 16:13:01.127783;;;WHEEL_POS;44.914,0.00
VAL;2026-09-18 16:13:01.145485;;;WHEEL_POS;44.932,0.00
VAL;2026-09-18 16:13:01.179666;;;WHEEL_POS;44.966,0.00
VAL;2026-09-18 16:13:01.196005;;;WHEEL_POS;44.982,0.00
VAL;2026-09-18 16:13:01.214483;;;WHEEL_POS;45.001,0.00
VAL;2026-09-18 16:13:01.229425;;;WHEEL_POS;45.016,0.00
VAL;2026-09-18 16:13:01.280779;;;WHEEL_POS;45.067,0.00
VAL;2026-09-18 16:13:01.296413;;;WHEEL_POS;45.083,0.00
VAL;2026-09-18 16:13:01.337798;;;WHEEL_POS;45.124,0.00
VAL;2026-09-18 16:13:01.356444;;;WHEEL_POS;45.143,0.00
VAL;2026-09-18 16:13:01.375047;;;WHEEL_POS;45.161,0.00
VAL;2026-09-18 16:13:01.407414;;;WHEEL_POS;45.194,0.00
VAL;2026-09-18 16:13:01.430049;;;WHEEL_POS;45.215,0.00
VAL;2026-09-18 16:13:01.476270;;;WHEEL_POS;45.263,0.00
VAL;2026-09-18 16:13:01.492355;;;WHEEL_POS;45.279,0.00
VAL;2026-09-18 16:13:01.508448;;;WHEEL_POS;45.295,0.00
VAL;2026-09-18 16:13:01.528497;;;WHEEL_POS;45.315,0.00
VAL;2026-09-18 16:13:01.542704;;;WHEEL_POS;45.329,0.00
VAL;2026-09-18 16:13:01.574373;;;WHEEL_POS;45.361,0.00
VAL;2026-09-18 16:13:01.590546;;;WHEEL_POS;45.377,0.00
VAL;2026-09-18 16:13:01.623047;;;WHEEL_POS;45.409,0.00
VAL;2026-09-18 16:13:01.657355;;;WHEEL_POS;45.444,0.00
VAL;2026-09-18 16:13:01.686000;;;WHEEL_POS;45.472,0.00
VAL;2026-09-18 16:13:01.706110;;;WHEEL_POS;45.492,0.00
VAL;2026-09-18 16:13:01.753948;;;WHEEL_POS;45.540,0.00
VAL;2026-09-18 16:13:01.775274;;;WHEEL_POS;45.562,0.00
VAL;2026-09-18 16:13:01.788296;;;WHEEL_POS;45.575,0.00
VAL;2026-09-18 16:13:01.821204;;;WHEEL_POS;45.607,0.00
VAL;2026-09-18 16:13:01.838192;;;WHEEL_POS;45.624,0.00
VAL;2026-09-18 16:13:01.889389;;;WHEEL_POS;45.676,0.00
VAL;2026-09-18 16:13:01.906541;;;WHEEL_POS;45.693,0.00
VAL;2026-09-18 16:13:01.922605;;;WHEEL_POS;45.709,0.00
VAL;2026-09-18 16:13:01.938659;;;WHEEL_POS;45.725,0.00
VAL;2026-09-18 16:13:01.957177;;;WHEEL_POS;45.743,0.00
VAL;2026-09-18 16:13:01.993879;;;WHEEL_POS;45.780,0.00
VAL;2026-09-18 16:13:02.006516;;;WHEEL_POS;45.793,0.00
VAL;2026-09-18 16:13:02.039362;;;WHEEL_POS;45.826,0.00
VAL;2026-09-18 16:13:02.055997;;;WHEEL_POS;45.842,0.00
VAL;2026-09-18 16:13:02.089789;;;WHEEL_POS;45.876,0.00
VAL;2026-09-18 16:13:02.122621;;;WHEEL_POS;45.909,0.00
VAL;2026-09-18 16:13:02.138712;;;WHEEL_POS;45.925,0.00
VAL;2026-09-18 16:13:02.162670;;;WHEEL_POS;45.949,0.00
VAL;2026-09-18 16:13:02.190339;;;WHEEL_POS;45.977,0.00
VAL;2026-09-18 16:13:02.206745;;;WHEEL_POS;45.993,0.00
VAL;2026-09-18 16:13:02.225949;;;WHEEL_POS;46.012,0.00
VAL;2026-09-18 16:13:02.255830;;;WHEEL_POS;46.042,0.00
VAL;2026-09-18 16:13:02.271973;;;WHEEL_POS;46.058,0.00
VAL;2026-09-18 16:13:02.305523;;;WHEEL_POS;46.092,0.00
VAL;2026-09-18 16:13:02.323744;;;WHEEL_POS;46.110,0.00
VAL;2026-09-18 16:13:02.358990;;;WHEEL_POS;46.145,0.00
VAL;2026-09-18 16:13:02.386711;;;WHEEL_POS;46.173,0.00
VAL;2026-09-18 16:13:02.403249;;;WHEEL_POS;46.190,0.00
VAL;2026-09-18 16:13:02.419423;;;WHEEL_POS;46.206,0.00
VAL;2026-09-18 16:13:02.452607;;;WHEEL_POS;46.239,0.00
VAL;2026-09-18 16:13:02.468831;;;WHEEL_POS;46.255,0.00
VAL;2026-09-18 16:13:02.501532;;;WHEEL_POS;46.288,0.00
VAL;2026-09-18 16:13:02.518218;;;WHEEL_POS;46.304,0.00
VAL;2026-09-18 16:13:02.538247;;;WHEEL_POS;46.325,0.00
VAL;2026-09-18 16:13:02.552650;;;WHEEL_POS;46.339,0.00
VAL;2026-09-18 16:13:02.584001;;;WHEEL_POS;46.370,0.00
VAL;2026-09-18 16:13:02.617821;;;WHEEL_POS;46.404,0.00
VAL;2026-09-18 16:13:02.652470;;;WHEEL_POS;46.439,0.00
VAL;2026-09-18 16:13:02.681133;;;WHEEL_POS;46.467,0.00
VAL;2026-09-18 16:13:02.696768;;;WHEEL_POS;46.483,0.00
VAL;2026-09-18 16:13:02.737095;;;WHEEL_POS;46.523,-0.40
VAL;2026-09-18 16:13:02.752298;;;WHEEL_POS;46.539,-0.70
VAL;2026-09-18 16:13:02.788310;;;WHEEL_POS;46.575,-1.80
VAL;2026-09-18 16:13:02.822692;;;WHEEL_POS;46.609,-3.50
EVENT;2026-09-18 16:13:02.829707;3.3960000000000004;;0;RotaryEncoder1_1
VAL;2026-09-18 16:13:02.838788;;;WHEEL_POS;46.625,-4.60
VAL;2026-09-18 16:13:02.870396;;;WHEEL_POS;46.657,-5.60
VAL;2026-09-18 16:13:02.891605;;;WHEEL_POS;46.678,-7.00
VAL;2026-09-18 16:13:02.904627;;;WHEEL_POS;46.691,-8.10
VAL;2026-09-18 16:13:02.923457;;;WHEEL_POS;46.710,-8.80
VAL;2026-09-18 16:13:02.940842;;;WHEEL_POS;46.727,-9.50
EVENT;2026-09-18 16:13:02.940842;3.5127;;4;RotaryEncoder1_5
VAL;2026-09-18 16:13:02.957436;;;WHEEL_POS;46.744,-10.20
VAL;2026-09-18 16:13:02.991153;;;WHEEL_POS;46.777,-11.60
VAL;2026-09-18 16:13:03.024482;;;WHEEL_POS;46.811,-12.70
VAL;2026-09-18 16:13:03.040581;;;WHEEL_POS;46.827,-13.40
VAL;2026-09-18 16:13:03.057258;;;WHEEL_POS;46.844,-13.70
VAL;2026-09-18 16:13:03.076229;;;WHEEL_POS;46.863,-14.10
VAL;2026-09-18 16:13:03.109599;;;WHEEL_POS;46.896,-13.70
VAL;2026-09-18 16:13:03.123322;;;WHEEL_POS;46.910,-13.40
VAL;2026-09-18 16:13:03.139565;;;WHEEL_POS;46.926,-14.10
VAL;2026-09-18 16:13:03.173610;;;WHEEL_POS;46.960,-19.00
VAL;2026-09-18 16:13:03.188724;;;WHEEL_POS;46.975,-22.10
VAL;2026-09-18 16:13:03.203733;;;WHEEL_POS;46.990,-25.00
VAL;2026-09-18 16:13:03.240244;;;WHEEL_POS;47.027,-31.30
EVENT;2026-09-18 16:13:03.272120;3.8337000000000003;;2;RotaryEncoder1_3
TRANSITION;2026-09-18 16:13:03.273123;3.8337000000000003;;Reward;
VAL;2026-09-18 16:13:03.273123;;;WHEEL_POS;47.059,-36.60
VAL;2026-09-18 16:13:03.290816;;;WHEEL_POS;47.077,-39.00
VAL;2026-09-18 16:13:03.305820;;;WHEEL_POS;47.092,-41.50
EVENT;2026-09-18 16:13:03.305820;3.8825000000000003;;158;Tup
TRANSITION;2026-09-18 16:13:03.305820;3.8825000000000003;;Consumption;
VAL;2026-09-18 16:13:03.341482;;;WHEEL_POS;47.128,-46.80
VAL;2026-09-18 16:13:03.357516;;;WHEEL_POS;47.144,-49.20
VAL;2026-09-18 16:13:03.373641;;;WHEEL_POS;47.160,-51.70
VAL;2026-09-18 16:13:03.390146;;;WHEEL_POS;47.176,-53.80
VAL;2026-09-18 16:13:03.406310;;;WHEEL_POS;47.193,-55.50
VAL;2026-09-18 16:13:03.423272;;;WHEEL_POS;47.210,-57.00
VAL;2026-09-18 16:13:03.439369;;;WHEEL_POS;47.226,-58.40
VAL;2026-09-18 16:13:03.471835;;;WHEEL_POS;47.258,-61.20
VAL;2026-09-18 16:13:03.504256;;;WHEEL_POS;47.291,-62.60
VAL;2026-09-18 16:13:03.520562;;;WHEEL_POS;47.307,-63.60
VAL;2026-09-18 16:13:03.540758;;;WHEEL_POS;47.327,-64.30
VAL;2026-09-18 16:13:03.555328;;;WHEEL_POS;47.342,-65.00
VAL;2026-09-18 16:13:03.570463;;;WHEEL_POS;47.357,-65.70
VAL;2026-09-18 16:13:03.587103;;;WHEEL_POS;47.373,-66.10
VAL;2026-09-18 16:13:03.603180;;;WHEEL_POS;47.389,-66.80
VAL;2026-09-18 16:13:03.619751;;;WHEEL_POS;47.406,-67.10
VAL;2026-09-18 16:13:03.635867;;;WHEEL_POS;47.422,-67.50
VAL;2026-09-18 16:13:03.653017;;;WHEEL_POS;47.439,-67.90
VAL;2026-09-18 16:13:03.671180;;;WHEEL_POS;47.457,-67.90
VAL;2026-09-18 16:13:03.686369;;;WHEEL_POS;47.473,-68.20
VAL;2026-09-18 16:13:03.701373;;;WHEEL_POS;47.488,-68.20
VAL;2026-09-18 16:13:03.735520;;;WHEEL_POS;47.522,-68.20
VAL;2026-09-18 16:13:03.754502;;;WHEEL_POS;47.541,-68.20
VAL;2026-09-18 16:13:03.773182;;;WHEEL_POS;47.559,-68.20
VAL;2026-09-18 16:13:03.801998;;;WHEEL_POS;47.588,-68.20
VAL;2026-09-18 16:13:03.819331;;;WHEEL_POS;47.606,-68.20
VAL;2026-09-18 16:13:03.835475;;;WHEEL_POS;47.622,-68.20
VAL;2026-09-18 16:13:03.853123;;;WHEEL_POS;47.639,-68.20
VAL;2026-09-18 16:13:03.869251;;;WHEEL_POS;47.656,-68.20
VAL;2026-09-18 16:13:03.889008;;;WHEEL_POS;47.675,-68.20
VAL;2026-09-18 16:13:03.903099;;;WHEEL_POS;47.689,-68.20
VAL;2026-09-18 16:13:03.917106;;;WHEEL_POS;47.703,-68.20
VAL;2026-09-18 16:13:03.953298;;;WHEEL_POS;47.740,-68.20
VAL;2026-09-18 16:13:03.972006;;;WHEEL_POS;47.758,-68.20
VAL;2026-09-18 16:13:04.004192;;;WHEEL_POS;47.790,-68.20
VAL;2026-09-18 16:13:04.021367;;;WHEEL_POS;47.808,-68.20
VAL;2026-09-18 16:13:04.038218;;;WHEEL_POS;47.824,-68.20
VAL;2026-09-18 16:13:04.054975;;;WHEEL_POS;47.841,-68.20
VAL;2026-09-18 16:13:04.071453;;;WHEEL_POS;47.858,-68.20
VAL;2026-09-18 16:13:04.107871;;;WHEEL_POS;47.894,-68.20
VAL;2026-09-18 16:13:04.139596;;;WHEEL_POS;47.926,-68.20
VAL;2026-09-18 16:13:04.173400;;;WHEEL_POS;47.960,-68.20
VAL;2026-09-18 16:13:04.206827;;;WHEEL_POS;47.993,-68.20
VAL;2026-09-18 16:13:04.240126;;;WHEEL_POS;48.026,-68.20
VAL;2026-09-18 16:13:04.255285;;;WHEEL_POS;48.042,-68.20
VAL;2026-09-18 16:13:04.271912;;;WHEEL_POS;48.058,-68.20
VAL;2026-09-18 16:13:04.304157;;;WHEEL_POS;48.090,-68.20
VAL;2026-09-18 16:13:04.335128;;;WHEEL_POS;48.121,-68.20
VAL;2026-09-18 16:13:04.354919;;;WHEEL_POS;48.141,-68.20
VAL;2026-09-18 16:13:04.370980;;;WHEEL_POS;48.157,-68.20
VAL;2026-09-18 16:13:04.403317;;;WHEEL_POS;48.190,-68.20
VAL;2026-09-18 16:13:04.437852;;;WHEEL_POS;48.224,-68.20
VAL;2026-09-18 16:13:04.455546;;;WHEEL_POS;48.242,-68.20
VAL;2026-09-18 16:13:04.488793;;;WHEEL_POS;48.275,-68.20
VAL;2026-09-18 16:13:04.521176;;;WHEEL_POS;48.307,-68.20
VAL;2026-09-18 16:13:04.539043;;;WHEEL_POS;48.325,-68.20
VAL;2026-09-18 16:13:04.555885;;;WHEEL_POS;48.342,-68.20
VAL;2026-09-18 16:13:04.574163;;;WHEEL_POS;48.360,-68.20
VAL;2026-09-18 16:13:04.587175;;;WHEEL_POS;48.373,-68.20
VAL;2026-09-18 16:13:04.625142;;;WHEEL_POS;48.411,-68.20
VAL;2026-09-18 16:13:04.657742;;;WHEEL_POS;48.444,-68.20
VAL;2026-09-18 16:13:04.675430;;;WHEEL_POS;48.462,-68.20
VAL;2026-09-18 16:13:04.706740;;;WHEEL_POS;48.493,-68.20
VAL;2026-09-18 16:13:04.721744;;;WHEEL_POS;48.508,-68.20
VAL;2026-09-18 16:13:04.739522;;;WHEEL_POS;48.526,-68.20
VAL;2026-09-18 16:13:04.776303;;;WHEEL_POS;48.563,-68.20
VAL;2026-09-18 16:13:04.790788;;;WHEEL_POS;48.577,-68.20
VAL;2026-09-18 16:13:04.803796;;;WHEEL_POS;48.590,-68.20
VAL;2026-09-18 16:13:04.839701;;;WHEEL_POS;48.626,-68.20
VAL;2026-09-18 16:13:04.856172;;;WHEEL_POS;48.642,-68.20
VAL;2026-09-18 16:13:04.871180;;;WHEEL_POS;48.657,-68.20
VAL;2026-09-18 16:13:04.906672;;;WHEEL_POS;48.693,-68.20
VAL;2026-09-18 16:13:04.920675;;;WHEEL_POS;48.707,-68.20
VAL;2026-09-18 16:13:04.938949;;;WHEEL_POS;48.725,-68.20
VAL;2026-09-18 16:13:04.976444;;;WHEEL_POS;48.763,-68.20
VAL;2026-09-18 16:13:04.988629;;;WHEEL_POS;48.775,-68.20
VAL;2026-09-18 16:13:05.003636;;;WHEEL_POS;48.790,-68.20
VAL;2026-09-18 16:13:05.039170;;;WHEEL_POS;48.825,-68.20
VAL;2026-09-18 16:13:05.054818;;;WHEEL_POS;48.841,-68.20
VAL;2026-09-18 16:13:05.069824;;;WHEEL_POS;48.856,-68.20
VAL;2026-09-18 16:13:05.110299;;;WHEEL_POS;48.897,-68.20
VAL;2026-09-18 16:13:05.128342;;;WHEEL_POS;48.915,-68.20
VAL;2026-09-18 16:13:05.160663;;;WHEEL_POS;48.947,-68.20
VAL;2026-09-18 16:13:05.205088;;;WHEEL_POS;48.991,-68.20
VAL;2026-09-18 16:13:05.234133;;;WHEEL_POS;49.020,-68.20
VAL;2026-09-18 16:13:05.264719;;;WHEEL_POS;49.051,-68.20
VAL;2026-09-18 16:13:05.282256;;;WHEEL_POS;49.069,-68.20
VAL;2026-09-18 16:13:05.298359;;;WHEEL_POS;49.085,-68.20
VAL;2026-09-18 16:13:05.314543;;;WHEEL_POS;49.101,-68.20
VAL;2026-09-18 16:13:05.329549;;;WHEEL_POS;49.116,-68.20
VAL;2026-09-18 16:13:05.366288;;;WHEEL_POS;49.153,-68.20
VAL;2026-09-18 16:13:05.382835;;;WHEEL_POS;49.169,-68.20
VAL;2026-09-18 16:13:05.399336;;;WHEEL_POS;49.186,-68.20
EVENT;2026-09-18 16:13:05.399336;5.9736;;94;Port1In
TRANSITION;2026-09-18 16:13:05.399336;5.9736;;ITI;
VAL;2026-09-18 16:13:05.431875;;;WHEEL_POS;49.218,-68.20
VAL;2026-09-18 16:13:05.448147;;;WHEEL_POS;49.234,-68.20
VAL;2026-09-18 16:13:05.466383;;;WHEEL_POS;49.253,-68.20
EVENT;2026-09-18 16:13:05.481439;6.054;;95;Port1Out
VAL;2026-09-18 16:13:05.497616;;;WHEEL_POS;49.284,-68.20
VAL;2026-09-18 16:13:05.530014;;;WHEEL_POS;49.316,-68.20
VAL;2026-09-18 16:13:05.547277;;;WHEEL_POS;49.334,-68.20
VAL;2026-09-18 16:13:05.563922;;;WHEEL_POS;49.350,-68.20
VAL;2026-09-18 16:13:05.596623;;;WHEEL_POS;49.383,-68.20
VAL;2026-09-18 16:13:05.612809;;;WHEEL_POS;49.399,-68.20
VAL;2026-09-18 16:13:05.630536;;;WHEEL_POS;49.417,-68.20
VAL;2026-09-18 16:13:05.646765;;;WHEEL_POS;49.433,-68.20
VAL;2026-09-18 16:13:05.662285;;;WHEEL_POS;49.449,-68.20
VAL;2026-09-18 16:13:05.697927;;;WHEEL_POS;49.484,-68.20
EVENT;2026-09-18 16:13:05.713070;6.2831;;94;Port1In
VAL;2026-09-18 16:13:05.713070;;;WHEEL_POS;49.499,-68.20
VAL;2026-09-18 16:13:05.728084;;;WHEEL_POS;49.514,-68.20
VAL;2026-09-18 16:13:05.763705;;;WHEEL_POS;49.550,-68.20
EVENT;2026-09-18 16:13:05.763705;6.3444;;95;Port1Out
VAL;2026-09-18 16:13:05.779775;;;WHEEL_POS;49.566,-68.20
VAL;2026-09-18 16:13:05.797513;;;WHEEL_POS;49.584,-68.20
VAL;2026-09-18 16:13:05.828983;;;WHEEL_POS;49.615,-68.20
VAL;2026-09-18 16:13:05.845105;;;WHEEL_POS;49.631,-68.20
VAL;2026-09-18 16:13:05.862375;;;WHEEL_POS;49.649,-68.20
VAL;2026-09-18 16:13:05.898423;;;WHEEL_POS;49.685,-68.20
VAL;2026-09-18 16:13:05.912551;;;WHEEL_POS;49.699,-68.20
EVENT;2026-09-18 16:13:05.912551;6.491700000000001;;94;Port1In
VAL;2026-09-18 16:13:05.926558;;;WHEEL_POS;49.713,-68.20
VAL;2026-09-18 16:13:05.962077;;;WHEEL_POS;49.748,-68.20
VAL;2026-09-18 16:13:05.993799;;;WHEEL_POS;49.780,-68.20
VAL;2026-09-18 16:13:06.030514;;;WHEEL_POS;49.817,-68.20
EVENT;2026-09-18 16:13:06.030514;6.5975;;95;Port1Out
VAL;2026-09-18 16:13:06.058912;;;WHEEL_POS;49.845,-68.20
VAL;2026-09-18 16:13:06.077852;;;WHEEL_POS;49.864,-68.20
VAL;2026-09-18 16:13:06.108202;;;WHEEL_POS;49.894,-68.20
VAL;2026-09-18 16:13:06.124419;;;WHEEL_POS;49.911,-68.20
EVENT;2026-09-18 16:13:06.124419;6.696000000000001;;94;Port1In
VAL;2026-09-18 16:13:06.143251;;;WHEEL_POS;49.930,-68.20
VAL;2026-09-18 16:13:06.177037;;;WHEEL_POS;49.963,-68.20
VAL;2026-09-18 16:13:06.192300;;;WHEEL_POS;49.979,-68.20
VAL;2026-09-18 16:13:06.228383;;;WHEEL_POS;50.015,-68.20
VAL;2026-09-18 16:13:06.258951;;;WHEEL_POS;50.045,-68.20
VAL;2026-09-18 16:13:06.291409;;;WHEEL_POS;50.078,-68.20
VAL;2026-09-18 16:13:06.307969;;;WHEEL_POS;50.094,-68.20
VAL;2026-09-18 16:13:06.324013;;;WHEEL_POS;50.110,-68.20
EVENT;2026-09-18 16:13:06.324013;6.896;;95;Port1Out
VAL;2026-09-18 16:13:06.358814;;;WHEEL_POS;50.145,-68.20
VAL;2026-09-18 16:13:06.373176;;;WHEEL_POS;50.159,-68.20
VAL;2026-09-18 16:13:06.389269;;;WHEEL_POS;50.176,-68.20
VAL;2026-09-18 16:13:06.405398;;;WHEEL_POS;50.192,-68.20
VAL;2026-09-18 16:13:06.420406;;;WHEEL_POS;50.207,-68.20
EVENT;2026-09-18 16:13:06.420406;6.9964;;94;Port1In
VAL;2026-09-18 16:13:06.455526;;;WHEEL_POS;50.242,-68.20
VAL;2026-09-18 16:13:06.473742;;;WHEEL_POS;50.260,-68.20
VAL;2026-09-18 16:13:06.505497;;;WHEEL_POS;50.292,-68.20
VAL;2026-09-18 16:13:06.521648;;;WHEEL_POS;50.308,-68.20
VAL;2026-09-18 16:13:06.554324;;;WHEEL_POS;50.341,-68.20
EVENT;2026-09-18 16:13:06.555395;7.1272;;95;Port1Out
VAL;2026-09-18 16:13:06.570401;;;WHEEL_POS;50.357,-68.20
VAL;2026-09-18 16:13:06.605235;;;WHEEL_POS;50.392,-68.20
VAL;2026-09-18 16:13:06.621371;;;WHEEL_POS;50.408,-68.20
VAL;2026-09-18 16:13:06.654988;;;WHEEL_POS;50.441,-68.20
EVENT;2026-09-18 16:13:06.654988;7.2283;;94;Port1In
VAL;2026-09-18 16:13:06.689564;;;WHEEL_POS;50.476,-68.20
VAL;2026-09-18 16:13:06.721273;;;WHEEL_POS;50.508,-68.20
VAL;2026-09-18 16:13:06.752457;;;WHEEL_POS;50.539,-68.20
EVENT;2026-09-18 16:13:06.770101;7.3405000000000005;;95;Port1Out
VAL;2026-09-18 16:13:06.770101;;;WHEEL_POS;50.556,-68.20
VAL;2026-09-18 16:13:06.795350;;;WHEEL_POS;50.582,-68.20
VAL;2026-09-18 16:13:06.832309;;;WHEEL_POS;50.619,-68.20
VAL;2026-09-18 16:13:06.848473;;;WHEEL_POS;50.635,-68.20
VAL;2026-09-18 16:13:06.865876;;;WHEEL_POS;50.652,-68.20
EVENT;2026-09-18 16:13:06.865876;7.443700000000001;;94;Port1In
VAL;2026-09-18 16:13:06.880884;;;WHEEL_POS;50.667,-68.20
EVENT;2026-09-18 16:13:06.906968;7.4736;;158;Tup
END-TRIAL;2026-09-18 16:13:06.906968;;;The trial ended;
INFO;2026-09-18 16:13:06.906968;52.802331;60.275934;TRIAL-BPOD-TIME;7.473602999999997
STATE;2026-09-18 16:13:06.906968;0;3.8337000000000003;WheelDotPeriod;3.8337000000000003
STATE;2026-09-18 16:13:06.906968;3.8337000000000003;3.8825000000000003;Reward;0.048799999999999955
STATE;2026-09-18 16:13:06.906968;3.8825000000000003;5.9736;Consumption;2.0911
STATE;2026-09-18 16:13:06.906968;5.9736;7.4736;ITI;1.5
STATE;2026-09-18 16:13:06.906968;nan;nan;ErrorConsumption;nan
STATE;2026-09-18 16:13:06.906968;nan;nan;IncorrectITI;nan
STATE;2026-09-18 16:13:06.906968;nan;nan;NoResponse;nan
VAL;2026-09-18 16:13:06.954621;;;INCLUDED;True
VAL;2026-09-18 16:13:06.954621;;;CONSUMPTION_LICKED;True
VAL;2026-09-18 16:13:06.954621;;;LED_ON_TIME;43.20561742782593
VAL;2026-09-18 16:13:06.954621;;;DOT_ONSET_JITTER_S;0.12223529228865654
VAL;2026-09-18 16:13:06.954621;;;DOT_ONSET_TIME;43.327852720114585
VAL;2026-09-18 16:13:06.954621;;;THRESHOLD_CROSSING_TIME;47.03931742782593
VAL;2026-09-18 16:13:06.954621;;;DOT_DISAPPEAR_JITTER_S;0.6998543569505362
VAL;2026-09-18 16:13:06.954621;;;DOT_DISAPPEAR_TIME;47.73917178477647
VAL;2026-09-18 16:13:06.954621;;;CORRECT;True
stdout;2026-09-18 16:13:06.954621;;;Trial 9 (repeat): side=L, Reward -> reward;
stdout;2026-09-18 16:13:06.954621;;;|
|;
VAL;2026-09-18 16:13:07.396316;;;TRIAL_INIT_START;51.18259358406067
VAL;2026-09-18 16:13:07.412455;;;WHEEL_POS;51.199,-68.20
VAL;2026-09-18 16:13:07.428685;;;WHEEL_POS;51.215,-68.20
VAL;2026-09-18 16:13:07.445826;;;WHEEL_POS;51.232,-68.20
VAL;2026-09-18 16:13:07.465064;;;WHEEL_POS;51.251,-68.20
VAL;2026-09-18 16:13:07.493366;;;WHEEL_POS;51.280,-68.20
VAL;2026-09-18 16:13:07.510292;;;WHEEL_POS;51.297,-68.20
VAL;2026-09-18 16:13:07.526423;;;WHEEL_POS;51.313,-68.20
VAL;2026-09-18 16:13:07.542581;;;WHEEL_POS;51.329,-68.20
VAL;2026-09-18 16:13:07.559652;;;TRIAL_START;51.32885766029358
VAL;2026-09-18 16:13:07.559652;;;QUIESCENCE_BREAKS;0
VAL;2026-09-18 16:13:07.559652;;;TRIAL_TYPE;warmup
VAL;2026-09-18 16:13:07.710469;;;TRIAL_SIDE;R
VAL;2026-09-18 16:13:07.710469;;;CLICK_TIMES_L;
VAL;2026-09-18 16:13:07.710469;;;CLICK_TIMES_R;0.0391,0.0796,0.1353,0.2266
VAL;2026-09-18 16:13:07.710469;;;N_CLICKS_L;0
VAL;2026-09-18 16:13:07.710469;;;N_CLICKS_R;4
VAL;2026-09-18 16:13:07.710469;;;STIM_SEED;659474700
VAL;2026-09-18 16:13:07.710469;;;CUE_ABORT_THRESHOLD_DEG;10.0
VAL;2026-09-18 16:13:07.710469;;;RESPONSE_THRESHOLD_DEG;35.0
VAL;2026-09-18 16:13:07.710469;;;QUIESCENCE_DUR_S;0.1
VAL;2026-09-18 16:13:07.710469;;;ITI_S;1.5
VAL;2026-09-18 16:13:07.710469;;;CLICK_LEVEL_ATTENUATED;False
stdout;2026-09-18 16:13:07.710469;;;Trial 10 (warmup): side=R, n_L=0, n_R=4;
stdout;2026-09-18 16:13:07.710469;;;|
|;
VAL;2026-09-18 16:13:07.710469;;;SM_SEND_TIME;51.496746301651
VAL;2026-09-18 16:13:07.710469;;;CUE_ONSET_TIME;51.517746301651
TRIAL;2026-09-18 16:13:07.710469;;;New trial;
VAL;2026-09-18 16:13:07.710469;;;WHEEL_POS;51.497,0.00
VAL;2026-09-18 16:13:07.741105;;;WHEEL_POS;51.527,0.00
VAL;2026-09-18 16:13:07.758747;;;WHEEL_POS;51.545,0.00
VAL;2026-09-18 16:13:07.775523;;;WHEEL_POS;51.562,0.00
VAL;2026-09-18 16:13:07.795841;;;WHEEL_POS;51.582,0.00
VAL;2026-09-18 16:13:07.810134;;;WHEEL_POS;51.596,0.00
VAL;2026-09-18 16:13:07.825709;;;WHEEL_POS;51.612,0.00
VAL;2026-09-18 16:13:07.845988;;;WHEEL_POS;51.631,0.00
VAL;2026-09-18 16:13:07.858555;;;WHEEL_POS;51.645,0.00
VAL;2026-09-18 16:13:07.874670;;;WHEEL_POS;51.661,0.00
VAL;2026-09-18 16:13:07.890826;;;WHEEL_POS;51.677,0.00
VAL;2026-09-18 16:13:07.910574;;;WHEEL_POS;51.697,0.00
VAL;2026-09-18 16:13:07.940122;;;WHEEL_POS;51.726,0.00
VAL;2026-09-18 16:13:07.972278;;;WHEEL_POS;51.759,0.00
EVENT;2026-09-18 16:13:07.988785;0.271;;158;Tup
TRANSITION;2026-09-18 16:13:07.988785;0.271;;DelayPeriod;
VAL;2026-09-18 16:13:07.988785;;;WHEEL_POS;51.775,0.00
VAL;2026-09-18 16:13:08.004875;;;WHEEL_POS;51.791,0.00
VAL;2026-09-18 16:13:08.025534;;;WHEEL_POS;51.812,0.00
VAL;2026-09-18 16:13:08.039116;;;WHEEL_POS;51.825,0.00
VAL;2026-09-18 16:13:08.055292;;;WHEEL_POS;51.842,0.00
VAL;2026-09-18 16:13:08.071434;;;WHEEL_POS;51.858,0.00
VAL;2026-09-18 16:13:08.088841;;;WHEEL_POS;51.875,0.00
VAL;2026-09-18 16:13:08.105138;;;WHEEL_POS;51.891,0.00
VAL;2026-09-18 16:13:08.121240;;;WHEEL_POS;51.908,0.00
VAL;2026-09-18 16:13:08.136244;;;WHEEL_POS;51.923,0.00
EVENT;2026-09-18 16:13:08.136244;0.4274;;158;Tup
TRANSITION;2026-09-18 16:13:08.136244;0.4274;;CueComplete;
EVENT;2026-09-18 16:13:08.136244;0.42750000000000005;;158;Tup
END-TRIAL;2026-09-18 16:13:08.136244;;;The trial ended;
INFO;2026-09-18 16:13:08.136244;61.089231;61.516735;TRIAL-BPOD-TIME;0.427503999999999
STATE;2026-09-18 16:13:08.136244;0;0.271;CuePeriod;0.271
STATE;2026-09-18 16:13:08.136244;0.271;0.4274;DelayPeriod;0.15639999999999998
STATE;2026-09-18 16:13:08.136244;0.4274;0.42750000000000005;CueComplete;0.0001000000000000445
STATE;2026-09-18 16:13:08.136244;nan;nan;WheelAbort;nan
STATE;2026-09-18 16:13:08.136244;nan;nan;AbortITI;nan
VAL;2026-09-18 16:13:08.170013;;;SM_SEND_TIME;51.95629024505615
TRIAL;2026-09-18 16:13:08.170646;;;New trial;
VAL;2026-09-18 16:13:08.177760;;;WHEEL_POS;51.964,0.00
VAL;2026-09-18 16:13:08.203137;;;WHEEL_POS;51.989,0.00
VAL;2026-09-18 16:13:08.236293;;;WHEEL_POS;52.023,0.00
VAL;2026-09-18 16:13:08.255201;;;WHEEL_POS;52.041,0.00
VAL;2026-09-18 16:13:08.272270;;;WHEEL_POS;52.059,0.00
VAL;2026-09-18 16:13:08.286274;;;WHEEL_POS;52.073,0.00
VAL;2026-09-18 16:13:08.336773;;;WHEEL_POS;52.123,0.00
VAL;2026-09-18 16:13:08.357466;;;WHEEL_POS;52.144,0.00
VAL;2026-09-18 16:13:08.371477;;;WHEEL_POS;52.158,0.00
VAL;2026-09-18 16:13:08.385565;;;WHEEL_POS;52.172,0.00
VAL;2026-09-18 16:13:08.401701;;;WHEEL_POS;52.188,0.00
VAL;2026-09-18 16:13:08.437609;;;WHEEL_POS;52.224,0.00
VAL;2026-09-18 16:13:08.455242;;;WHEEL_POS;52.242,0.00
VAL;2026-09-18 16:13:08.488431;;;WHEEL_POS;52.275,0.00
VAL;2026-09-18 16:13:08.504639;;;WHEEL_POS;52.291,0.00
VAL;2026-09-18 16:13:08.519644;;;WHEEL_POS;52.306,0.00
VAL;2026-09-18 16:13:08.555408;;;WHEEL_POS;52.342,0.00
VAL;2026-09-18 16:13:08.570410;;;WHEEL_POS;52.357,0.00
VAL;2026-09-18 16:13:08.609551;;;WHEEL_POS;52.396,0.00
VAL;2026-09-18 16:13:08.623771;;;WHEEL_POS;52.410,0.00
VAL;2026-09-18 16:13:08.639969;;;WHEEL_POS;52.426,0.00
VAL;2026-09-18 16:13:08.656621;;;WHEEL_POS;52.443,0.00
VAL;2026-09-18 16:13:08.671626;;;WHEEL_POS;52.458,0.40
VAL;2026-09-18 16:13:08.709323;;;WHEEL_POS;52.496,0.00
VAL;2026-09-18 16:13:08.722446;;;WHEEL_POS;52.509,-0.40
VAL;2026-09-18 16:13:08.738540;;;WHEEL_POS;52.525,-0.70
VAL;2026-09-18 16:13:08.755599;;;WHEEL_POS;52.542,-1.10
VAL;2026-09-18 16:13:08.789511;;;WHEEL_POS;52.576,-2.10
VAL;2026-09-18 16:13:08.805637;;;WHEEL_POS;52.592,-2.50
VAL;2026-09-18 16:13:08.823947;;;WHEEL_POS;52.610,-2.50
VAL;2026-09-18 16:13:08.856387;;;WHEEL_POS;52.643,-2.80
VAL;2026-09-18 16:13:08.872721;;;WHEEL_POS;52.659,-3.20
VAL;2026-09-18 16:13:08.888880;;;WHEEL_POS;52.675,-3.20
VAL;2026-09-18 16:13:08.905152;;;WHEEL_POS;52.691,-2.50
VAL;2026-09-18 16:13:08.941409;;;WHEEL_POS;52.728,0.40
VAL;2026-09-18 16:13:08.956000;;;WHEEL_POS;52.742,2.10
EVENT;2026-09-18 16:13:08.971918;0.7941;;1;RotaryEncoder1_2
VAL;2026-09-18 16:13:08.971918;;;WHEEL_POS;52.758,4.20
VAL;2026-09-18 16:13:08.989929;;;WHEEL_POS;52.776,6.70
VAL;2026-09-18 16:13:09.003939;;;WHEEL_POS;52.790,9.80
EVENT;2026-09-18 16:13:09.003939;0.8323;;5;RotaryEncoder1_6
VAL;2026-09-18 16:13:09.042457;;;WHEEL_POS;52.829,15.80
VAL;2026-09-18 16:13:09.057175;;;WHEEL_POS;52.843,19.00
VAL;2026-09-18 16:13:09.072307;;;WHEEL_POS;52.859,21.80
VAL;2026-09-18 16:13:09.088577;;;WHEEL_POS;52.875,24.60
VAL;2026-09-18 16:13:09.121000;;;WHEEL_POS;52.907,30.20
EVENT;2026-09-18 16:13:09.142232;0.9718;;3;RotaryEncoder1_4
TRANSITION;2026-09-18 16:13:09.142232;0.9718;;Reward;
VAL;2026-09-18 16:13:09.156379;;;WHEEL_POS;52.943,36.90
VAL;2026-09-18 16:13:09.170521;;;WHEEL_POS;52.957,41.10
VAL;2026-09-18 16:13:09.186714;;;WHEEL_POS;52.973,45.00
EVENT;2026-09-18 16:13:09.186714;1.0206;;158;Tup
TRANSITION;2026-09-18 16:13:09.186714;1.0206;;Consumption;
VAL;2026-09-18 16:13:09.203403;;;WHEEL_POS;52.990,48.90
VAL;2026-09-18 16:13:09.219855;;;WHEEL_POS;53.006,52.40
VAL;2026-09-18 16:13:09.256517;;;WHEEL_POS;53.043,58.40
VAL;2026-09-18 16:13:09.272234;;;WHEEL_POS;53.059,61.50
VAL;2026-09-18 16:13:09.286756;;;WHEEL_POS;53.073,64.00
VAL;2026-09-18 16:13:09.301759;;;WHEEL_POS;53.088,66.80
VAL;2026-09-18 16:13:09.319468;;;WHEEL_POS;53.106,70.00
VAL;2026-09-18 16:13:09.352184;;;WHEEL_POS;53.138,74.20
VAL;2026-09-18 16:13:09.368729;;;WHEEL_POS;53.155,76.30
VAL;2026-09-18 16:13:09.386378;;;WHEEL_POS;53.173,78.80
VAL;2026-09-18 16:13:09.401552;;;WHEEL_POS;53.188,80.90
VAL;2026-09-18 16:13:09.417826;;;WHEEL_POS;53.204,82.60
VAL;2026-09-18 16:13:09.434264;;;WHEEL_POS;53.221,84.40
VAL;2026-09-18 16:13:09.452062;;;WHEEL_POS;53.238,86.50
VAL;2026-09-18 16:13:09.467178;;;WHEEL_POS;53.253,88.20
VAL;2026-09-18 16:13:09.487708;;;WHEEL_POS;53.274,89.60
VAL;2026-09-18 16:13:09.501810;;;WHEEL_POS;53.288,91.40
VAL;2026-09-18 16:13:09.515900;;;WHEEL_POS;53.302,92.80
VAL;2026-09-18 16:13:09.532035;;;WHEEL_POS;53.318,93.90
VAL;2026-09-18 16:13:09.565276;;;WHEEL_POS;53.352,96.70
VAL;2026-09-18 16:13:09.601041;;;WHEEL_POS;53.387,98.40
VAL;2026-09-18 16:13:09.615860;;;WHEEL_POS;53.402,99.10
VAL;2026-09-18 16:13:09.629866;;;WHEEL_POS;53.416,100.20
VAL;2026-09-18 16:13:09.664681;;;WHEEL_POS;53.451,101.20
VAL;2026-09-18 16:13:09.680302;;;WHEEL_POS;53.467,102.00
VAL;2026-09-18 16:13:09.696838;;;WHEEL_POS;53.483,102.30
VAL;2026-09-18 16:13:09.733212;;;WHEEL_POS;53.519,102.70
VAL;2026-09-18 16:13:09.746010;;;WHEEL_POS;53.532,102.70
VAL;2026-09-18 16:13:09.761045;;;WHEEL_POS;53.547,102.70
VAL;2026-09-18 16:13:09.798704;;;WHEEL_POS;53.585,102.70
VAL;2026-09-18 16:13:09.819986;;;WHEEL_POS;53.606,102.70
VAL;2026-09-18 16:13:09.851659;;;WHEEL_POS;53.638,102.30
VAL;2026-09-18 16:13:09.866013;;;WHEEL_POS;53.652,102.30
VAL;2026-09-18 16:13:09.882311;;;WHEEL_POS;53.669,102.30
VAL;2026-09-18 16:13:09.899058;;;WHEEL_POS;53.685,102.00
VAL;2026-09-18 16:13:09.934743;;;WHEEL_POS;53.721,102.00
VAL;2026-09-18 16:13:09.964098;;;WHEEL_POS;53.750,102.00
VAL;2026-09-18 16:13:09.981806;;;WHEEL_POS;53.768,102.00
VAL;2026-09-18 16:13:09.998439;;;WHEEL_POS;53.785,102.00
VAL;2026-09-18 16:13:10.031256;;;WHEEL_POS;53.818,102.00
VAL;2026-09-18 16:13:10.047537;;;WHEEL_POS;53.834,102.00
VAL;2026-09-18 16:13:10.066886;;;WHEEL_POS;53.853,102.00
VAL;2026-09-18 16:13:10.081000;;;WHEEL_POS;53.867,102.00
VAL;2026-09-18 16:13:10.113758;;;WHEEL_POS;53.900,102.00
VAL;2026-09-18 16:13:10.129893;;;WHEEL_POS;53.916,102.00
VAL;2026-09-18 16:13:10.145974;;;WHEEL_POS;53.932,102.00
VAL;2026-09-18 16:13:10.181263;;;WHEEL_POS;53.968,102.00
VAL;2026-09-18 16:13:10.196411;;;WHEEL_POS;53.983,102.00
VAL;2026-09-18 16:13:10.213593;;;WHEEL_POS;54.000,102.00
VAL;2026-09-18 16:13:10.227599;;;WHEEL_POS;54.014,102.00
VAL;2026-09-18 16:13:10.266197;;;WHEEL_POS;54.052,102.00
VAL;2026-09-18 16:13:10.294620;;;WHEEL_POS;54.081,102.00
VAL;2026-09-18 16:13:10.310707;;;WHEEL_POS;54.097,102.00
VAL;2026-09-18 16:13:10.326824;;;WHEEL_POS;54.113,102.00
VAL;2026-09-18 16:13:10.359495;;;WHEEL_POS;54.146,102.00
VAL;2026-09-18 16:13:10.393469;;;WHEEL_POS;54.180,102.00
VAL;2026-09-18 16:13:10.408530;;;WHEEL_POS;54.195,102.00
VAL;2026-09-18 16:13:10.423535;;;WHEEL_POS;54.210,102.00
VAL;2026-09-18 16:13:10.459832;;;WHEEL_POS;54.246,102.00
VAL;2026-09-18 16:13:10.474889;;;WHEEL_POS;54.261,102.00
VAL;2026-09-18 16:13:10.490525;;;WHEEL_POS;54.277,102.00
VAL;2026-09-18 16:13:10.524398;;;WHEEL_POS;54.311,102.00
VAL;2026-09-18 16:13:10.540650;;;WHEEL_POS;54.327,102.00
VAL;2026-09-18 16:13:10.557574;;;WHEEL_POS;54.344,102.00
VAL;2026-09-18 16:13:10.574823;;;WHEEL_POS;54.361,102.00
VAL;2026-09-18 16:13:10.607572;;;WHEEL_POS;54.394,102.00
VAL;2026-09-18 16:13:10.640114;;;WHEEL_POS;54.426,102.00
VAL;2026-09-18 16:13:10.657885;;;WHEEL_POS;54.444,102.00
VAL;2026-09-18 16:13:10.674076;;;WHEEL_POS;54.460,102.00
EVENT;2026-09-18 16:13:10.690796;2.5137;;94;Port1In
TRANSITION;2026-09-18 16:13:10.690796;2.5137;;ITI;
VAL;2026-09-18 16:13:10.707025;;;WHEEL_POS;54.493,102.00
VAL;2026-09-18 16:13:10.741917;;;WHEEL_POS;54.528,102.00
VAL;2026-09-18 16:13:10.758493;;;WHEEL_POS;54.545,102.00
VAL;2026-09-18 16:13:10.788803;;;WHEEL_POS;54.575,102.00
VAL;2026-09-18 16:13:10.821119;;;WHEEL_POS;54.607,102.00
VAL;2026-09-18 16:13:10.855555;;;WHEEL_POS;54.642,102.00
VAL;2026-09-18 16:13:10.867685;;;WHEEL_POS;54.654,102.00
VAL;2026-09-18 16:13:10.883755;;;WHEEL_POS;54.670,102.00
VAL;2026-09-18 16:13:10.900645;;;WHEEL_POS;54.687,102.00
EVENT;2026-09-18 16:13:10.917039;2.7473;;95;Port1Out
VAL;2026-09-18 16:13:10.917039;;;WHEEL_POS;54.703,102.00
VAL;2026-09-18 16:13:10.952722;;;WHEEL_POS;54.739,102.00
EVENT;2026-09-18 16:13:10.966406;2.7976;;94;Port1In
VAL;2026-09-18 16:13:10.981703;;;WHEEL_POS;54.768,102.00
VAL;2026-09-18 16:13:11.000260;;;WHEEL_POS;54.787,102.00
VAL;2026-09-18 16:13:11.016349;;;WHEEL_POS;54.803,102.00
VAL;2026-09-18 16:13:11.047541;;;WHEEL_POS;54.834,102.00
EVENT;2026-09-18 16:13:11.071955;2.8942;;95;Port1Out
VAL;2026-09-18 16:13:11.071955;;;WHEEL_POS;54.858,102.00
VAL;2026-09-18 16:13:11.103198;;;WHEEL_POS;54.889,102.00
VAL;2026-09-18 16:13:11.119306;;;WHEEL_POS;54.906,102.00
EVENT;2026-09-18 16:13:11.119306;2.9564000000000004;;94;Port1In
VAL;2026-09-18 16:13:11.136093;;;WHEEL_POS;54.922,102.00
VAL;2026-09-18 16:13:11.170984;;;WHEEL_POS;54.957,102.00
VAL;2026-09-18 16:13:11.187510;;;WHEEL_POS;54.974,102.00
VAL;2026-09-18 16:13:11.204561;;;WHEEL_POS;54.991,102.00
VAL;2026-09-18 16:13:11.219598;;;WHEEL_POS;55.006,102.00
VAL;2026-09-18 16:13:11.252505;;;WHEEL_POS;55.039,102.00
VAL;2026-09-18 16:13:11.274878;;;WHEEL_POS;55.061,102.00
EVENT;2026-09-18 16:13:11.303173;3.1260000000000003;;95;Port1Out
VAL;2026-09-18 16:13:11.303173;;;WHEEL_POS;55.089,102.00
VAL;2026-09-18 16:13:11.337520;;;WHEEL_POS;55.124,102.00
VAL;2026-09-18 16:13:11.358082;;;WHEEL_POS;55.144,102.00
VAL;2026-09-18 16:13:11.369087;;;WHEEL_POS;55.155,102.00
EVENT;2026-09-18 16:13:11.369087;3.2;;94;Port1In
VAL;2026-09-18 16:13:11.404135;;;WHEEL_POS;55.190,102.00
VAL;2026-09-18 16:13:11.419310;;;WHEEL_POS;55.206,102.00
EVENT;2026-09-18 16:13:11.419310;3.2503;;95;Port1Out
VAL;2026-09-18 16:13:11.435714;;;WHEEL_POS;55.222,102.00
VAL;2026-09-18 16:13:11.468372;;;WHEEL_POS;55.255,102.00
VAL;2026-09-18 16:13:11.484462;;;WHEEL_POS;55.271,102.00
VAL;2026-09-18 16:13:11.499469;;;WHEEL_POS;55.286,102.00
VAL;2026-09-18 16:13:11.534412;;;WHEEL_POS;55.321,102.00
VAL;2026-09-18 16:13:11.550542;;;WHEEL_POS;55.337,102.00
VAL;2026-09-18 16:13:11.566647;;;WHEEL_POS;55.353,102.00
VAL;2026-09-18 16:13:11.599414;;;WHEEL_POS;55.386,102.00
VAL;2026-09-18 16:13:11.620056;;;WHEEL_POS;55.406,102.00
VAL;2026-09-18 16:13:11.649018;;;WHEEL_POS;55.435,102.00
VAL;2026-09-18 16:13:11.665714;;;WHEEL_POS;55.452,102.00
VAL;2026-09-18 16:13:11.681798;;;WHEEL_POS;55.468,102.00
VAL;2026-09-18 16:13:11.696808;;;WHEEL_POS;55.483,102.00
VAL;2026-09-18 16:13:11.734913;;;WHEEL_POS;55.521,102.00
VAL;2026-09-18 16:13:11.747932;;;WHEEL_POS;55.534,102.00
VAL;2026-09-18 16:13:11.764459;;;WHEEL_POS;55.551,102.00
VAL;2026-09-18 16:13:11.799318;;;WHEEL_POS;55.586,102.00
VAL;2026-09-18 16:13:11.815394;;;WHEEL_POS;55.602,102.00
VAL;2026-09-18 16:13:11.831029;;;WHEEL_POS;55.617,102.00
VAL;2026-09-18 16:13:11.865541;;;WHEEL_POS;55.652,102.00
VAL;2026-09-18 16:13:11.881516;;;WHEEL_POS;55.668,102.00
VAL;2026-09-18 16:13:11.896522;;;WHEEL_POS;55.683,102.00
VAL;2026-09-18 16:13:11.931170;;;WHEEL_POS;55.717,102.00
VAL;2026-09-18 16:13:11.966888;;;WHEEL_POS;55.753,102.00
VAL;2026-09-18 16:13:11.983058;;;WHEEL_POS;55.769,102.00
VAL;2026-09-18 16:13:12.015667;;;WHEEL_POS;55.802,102.00
VAL;2026-09-18 16:13:12.032646;;;WHEEL_POS;55.819,102.00
VAL;2026-09-18 16:13:12.068430;;;WHEEL_POS;55.855,102.00
VAL;2026-09-18 16:13:12.081535;;;WHEEL_POS;55.868,102.00
VAL;2026-09-18 16:13:12.098439;;;WHEEL_POS;55.885,102.00
VAL;2026-09-18 16:13:12.130995;;;WHEEL_POS;55.917,102.00
VAL;2026-09-18 16:13:12.163260;;;WHEEL_POS;55.950,102.00
EVENT;2026-09-18 16:13:12.184281;4.0137;;158;Tup
END-TRIAL;2026-09-18 16:13:12.184281;;;The trial ended;
INFO;2026-09-18 16:13:12.184281;61.546231;65.559934;TRIAL-BPOD-TIME;4.013703
STATE;2026-09-18 16:13:12.184281;0;0.9718;WheelDotPeriod;0.9718
STATE;2026-09-18 16:13:12.184281;0.9718;1.0206;Reward;0.048799999999999955
STATE;2026-09-18 16:13:12.184281;1.0206;2.5137;Consumption;1.4931
STATE;2026-09-18 16:13:12.184281;2.5137;4.0137;ITI;1.5
STATE;2026-09-18 16:13:12.184281;nan;nan;ErrorConsumption;nan
STATE;2026-09-18 16:13:12.184281;nan;nan;IncorrectITI;nan
STATE;2026-09-18 16:13:12.184281;nan;nan;NoResponse;nan
VAL;2026-09-18 16:13:12.229437;;;INCLUDED;True
VAL;2026-09-18 16:13:12.229437;;;CONSUMPTION_LICKED;True
VAL;2026-09-18 16:13:12.229437;;;LED_ON_TIME;51.95629024505615
VAL;2026-09-18 16:13:12.229437;;;DOT_ONSET_JITTER_S;0.12449301487027109
VAL;2026-09-18 16:13:12.229437;;;DOT_ONSET_TIME;52.08078325992642
VAL;2026-09-18 16:13:12.229437;;;THRESHOLD_CROSSING_TIME;52.928090245056154
VAL;2026-09-18 16:13:12.229437;;;DOT_DISAPPEAR_JITTER_S;0.448146036241414
VAL;2026-09-18 16:13:12.229437;;;DOT_DISAPPEAR_TIME;53.376236281297565
VAL;2026-09-18 16:13:12.229437;;;CORRECT;True
stdout;2026-09-18 16:13:12.229437;;;Trial 10 (warmup): side=R, Reward -> reward;
stdout;2026-09-18 16:13:12.229437;;;|
|;
VAL;2026-09-18 16:13:12.677631;;;TRIAL_INIT_START;56.463907957077026
VAL;2026-09-18 16:13:12.694760;;;WHEEL_POS;56.481,102.00
VAL;2026-09-18 16:13:12.710965;;;WHEEL_POS;56.497,102.00
VAL;2026-09-18 16:13:12.731299;;;WHEEL_POS;56.518,102.00
VAL;2026-09-18 16:13:12.746021;;;WHEEL_POS;56.532,102.00
VAL;2026-09-18 16:13:12.760577;;;WHEEL_POS;56.547,102.00
VAL;2026-09-18 16:13:12.776686;;;WHEEL_POS;56.563,102.00
VAL;2026-09-18 16:13:12.809975;;;WHEEL_POS;56.596,102.00
VAL;2026-09-18 16:13:12.842827;;;WHEEL_POS;56.629,102.00
VAL;2026-09-18 16:13:12.865466;;;TRIAL_START;56.62910437583923
VAL;2026-09-18 16:13:12.865466;;;QUIESCENCE_BREAKS;0
VAL;2026-09-18 16:13:12.865466;;;TRIAL_TYPE;warmup
VAL;2026-09-18 16:13:12.992402;;;TRIAL_SIDE;R
VAL;2026-09-18 16:13:12.992402;;;CLICK_TIMES_L;
VAL;2026-09-18 16:13:12.992402;;;CLICK_TIMES_R;0.0150,0.0774,0.1085,0.1235,0.1385,0.1593,0.1782,0.1932,0.2082,0.2232,0.2382
VAL;2026-09-18 16:13:12.992402;;;N_CLICKS_L;0
VAL;2026-09-18 16:13:12.992402;;;N_CLICKS_R;11
VAL;2026-09-18 16:13:12.992402;;;STIM_SEED;188043457
VAL;2026-09-18 16:13:12.992402;;;CUE_ABORT_THRESHOLD_DEG;10.0
VAL;2026-09-18 16:13:12.992402;;;RESPONSE_THRESHOLD_DEG;35.0
VAL;2026-09-18 16:13:12.992402;;;QUIESCENCE_DUR_S;0.1
VAL;2026-09-18 16:13:12.992402;;;ITI_S;1.5
VAL;2026-09-18 16:13:12.992402;;;CLICK_LEVEL_ATTENUATED;False
stdout;2026-09-18 16:13:12.992402;;;Trial 11 (warmup): side=R, n_L=0, n_R=11;
stdout;2026-09-18 16:13:12.992402;;;|
|;
VAL;2026-09-18 16:13:12.992402;;;SM_SEND_TIME;56.77867889404297
VAL;2026-09-18 16:13:12.992402;;;CUE_ONSET_TIME;56.79967889404297
TRIAL;2026-09-18 16:13:12.992402;;;New trial;
VAL;2026-09-18 16:13:12.992402;;;WHEEL_POS;56.779,0.00
VAL;2026-09-18 16:13:13.025714;;;WHEEL_POS;56.812,0.00
VAL;2026-09-18 16:13:13.041863;;;WHEEL_POS;56.828,0.00
VAL;2026-09-18 16:13:13.060508;;;WHEEL_POS;56.847,0.00
VAL;2026-09-18 16:13:13.079100;;;WHEEL_POS;56.865,0.00
VAL;2026-09-18 16:13:13.093491;;;WHEEL_POS;56.880,0.00
VAL;2026-09-18 16:13:13.110694;;;WHEEL_POS;56.897,0.00
VAL;2026-09-18 16:13:13.126815;;;WHEEL_POS;56.913,0.00
VAL;2026-09-18 16:13:13.160509;;;WHEEL_POS;56.947,0.00
VAL;2026-09-18 16:13:13.180463;;;WHEEL_POS;56.967,0.00
VAL;2026-09-18 16:13:13.197773;;;WHEEL_POS;56.984,0.00
VAL;2026-09-18 16:13:13.214897;;;WHEEL_POS;57.001,0.00
VAL;2026-09-18 16:13:13.244240;;;WHEEL_POS;57.031,0.00
VAL;2026-09-18 16:13:13.260916;;;WHEEL_POS;57.047,0.00
EVENT;2026-09-18 16:13:13.277659;0.271;;158;Tup
TRANSITION;2026-09-18 16:13:13.277659;0.271;;DelayPeriod;
VAL;2026-09-18 16:13:13.277659;;;WHEEL_POS;57.064,0.00
VAL;2026-09-18 16:13:13.295678;;;WHEEL_POS;57.082,0.00
VAL;2026-09-18 16:13:13.313831;;;WHEEL_POS;57.100,0.00
VAL;2026-09-18 16:13:13.327907;;;WHEEL_POS;57.114,0.00
VAL;2026-09-18 16:13:13.344442;;;WHEEL_POS;57.131,0.00
VAL;2026-09-18 16:13:13.361505;;;WHEEL_POS;57.148,0.00
VAL;2026-09-18 16:13:13.384343;;;WHEEL_POS;57.171,0.00
VAL;2026-09-18 16:13:13.418537;;;WHEEL_POS;57.205,0.00
VAL;2026-09-18 16:13:13.432867;;;WHEEL_POS;57.219,0.00
EVENT;2026-09-18 16:13:13.432867;0.43210000000000004;;158;Tup
TRANSITION;2026-09-18 16:13:13.432867;0.43210000000000004;;CueComplete;
EVENT;2026-09-18 16:13:13.432867;0.43220000000000003;;158;Tup
END-TRIAL;2026-09-18 16:13:13.432867;;;The trial ended;
INFO;2026-09-18 16:13:13.432867;66.376131;66.808334;TRIAL-BPOD-TIME;0.4322030000000012
STATE;2026-09-18 16:13:13.432867;0;0.271;CuePeriod;0.271
STATE;2026-09-18 16:13:13.432867;0.271;0.43210000000000004;DelayPeriod;0.16110000000000002
STATE;2026-09-18 16:13:13.432867;0.43210000000000004;0.43220000000000003;CueComplete;9.999999999998899e-05
STATE;2026-09-18 16:13:13.432867;nan;nan;WheelAbort;nan
STATE;2026-09-18 16:13:13.432867;nan;nan;AbortITI;nan
VAL;2026-09-18 16:13:13.447976;;;SM_SEND_TIME;57.234158992767334
TRIAL;2026-09-18 16:13:13.448985;;;New trial;
VAL;2026-09-18 16:13:13.448985;;;WHEEL_POS;57.235,0.00
VAL;2026-09-18 16:13:13.482717;;;WHEEL_POS;57.269,0.00
VAL;2026-09-18 16:13:13.497721;;;WHEEL_POS;57.284,0.00
VAL;2026-09-18 16:13:13.517714;;;WHEEL_POS;57.304,0.00
VAL;2026-09-18 16:13:13.533852;;;WHEEL_POS;57.320,0.00
VAL;2026-09-18 16:13:13.548938;;;WHEEL_POS;57.335,0.00
VAL;2026-09-18 16:13:13.566689;;;WHEEL_POS;57.353,0.00
VAL;2026-09-18 16:13:13.582804;;;WHEEL_POS;57.369,0.00
VAL;2026-09-18 16:13:13.598877;;;WHEEL_POS;57.385,0.00
VAL;2026-09-18 16:13:13.613881;;;WHEEL_POS;57.400,0.00
VAL;2026-09-18 16:13:13.664377;;;WHEEL_POS;57.451,0.00
VAL;2026-09-18 16:13:13.689762;;;WHEEL_POS;57.476,0.00
VAL;2026-09-18 16:13:13.704766;;;WHEEL_POS;57.491,0.00
VAL;2026-09-18 16:13:13.737457;;;WHEEL_POS;57.524,0.00
VAL;2026-09-18 16:13:13.756152;;;WHEEL_POS;57.542,0.00
VAL;2026-09-18 16:13:13.771684;;;WHEEL_POS;57.558,0.00
VAL;2026-09-18 16:13:13.793853;;;WHEEL_POS;57.580,0.00
VAL;2026-09-18 16:13:13.822559;;;WHEEL_POS;57.609,0.00
VAL;2026-09-18 16:13:13.839401;;;WHEEL_POS;57.626,0.00
VAL;2026-09-18 16:13:13.871609;;;WHEEL_POS;57.658,0.00
VAL;2026-09-18 16:13:13.891430;;;WHEEL_POS;57.678,0.00
VAL;2026-09-18 16:13:13.907589;;;WHEEL_POS;57.694,0.00
VAL;2026-09-18 16:13:13.940197;;;WHEEL_POS;57.726,0.00
VAL;2026-09-18 16:13:13.960293;;;WHEEL_POS;57.747,0.00
VAL;2026-09-18 16:13:13.974780;;;WHEEL_POS;57.761,0.00
VAL;2026-09-18 16:13:14.003996;;;WHEEL_POS;57.790,0.00
VAL;2026-09-18 16:13:14.021351;;;WHEEL_POS;57.808,0.00
VAL;2026-09-18 16:13:14.053544;;;WHEEL_POS;57.840,0.00
VAL;2026-09-18 16:13:14.074663;;;WHEEL_POS;57.861,0.00
VAL;2026-09-18 16:13:14.090344;;;WHEEL_POS;57.877,0.00
VAL;2026-09-18 16:13:14.120552;;;WHEEL_POS;57.907,0.00
VAL;2026-09-18 16:13:14.160466;;;WHEEL_POS;57.947,0.00
VAL;2026-09-18 16:13:14.191896;;;WHEEL_POS;57.978,0.00
VAL;2026-09-18 16:13:14.206080;;;WHEEL_POS;57.992,0.00
VAL;2026-09-18 16:13:14.222093;;;WHEEL_POS;58.008,0.00
VAL;2026-09-18 16:13:14.254824;;;WHEEL_POS;58.041,-0.40
VAL;2026-09-18 16:13:14.275518;;;WHEEL_POS;58.062,-0.70
VAL;2026-09-18 16:13:14.290425;;;WHEEL_POS;58.077,-1.10
VAL;2026-09-18 16:13:14.311882;;;WHEEL_POS;58.098,-1.10
VAL;2026-09-18 16:13:14.339079;;;WHEEL_POS;58.125,-0.40
VAL;2026-09-18 16:13:14.372087;;;WHEEL_POS;58.158,2.10
EVENT;2026-09-18 16:13:14.390517;0.9362;;1;RotaryEncoder1_2
VAL;2026-09-18 16:13:14.406563;;;WHEEL_POS;58.193,5.60
VAL;2026-09-18 16:13:14.424781;;;WHEEL_POS;58.211,7.70
EVENT;2026-09-18 16:13:14.437788;0.9894000000000001;;5;RotaryEncoder1_6
VAL;2026-09-18 16:13:14.455734;;;WHEEL_POS;58.242,11.20
VAL;2026-09-18 16:13:14.475657;;;WHEEL_POS;58.262,13.70
VAL;2026-09-18 16:13:14.487662;;;WHEEL_POS;58.274,15.80
VAL;2026-09-18 16:13:14.505847;;;WHEEL_POS;58.292,18.30
VAL;2026-09-18 16:13:14.528421;;;WHEEL_POS;58.315,20.70
VAL;2026-09-18 16:13:14.560535;;;WHEEL_POS;58.347,26.40
VAL;2026-09-18 16:13:14.588152;;;WHEEL_POS;58.374,30.20
VAL;2026-09-18 16:13:14.606479;;;WHEEL_POS;58.393,34.50
EVENT;2026-09-18 16:13:14.606479;1.1573;;3;RotaryEncoder1_4
TRANSITION;2026-09-18 16:13:14.606479;1.1573;;Reward;
VAL;2026-09-18 16:13:14.622654;;;WHEEL_POS;58.409,36.60
VAL;2026-09-18 16:13:14.637659;;;WHEEL_POS;58.424,38.70
VAL;2026-09-18 16:13:14.657856;;;WHEEL_POS;58.444,40.10
EVENT;2026-09-18 16:13:14.660365;1.2061;;158;Tup
TRANSITION;2026-09-18 16:13:14.660365;1.2061;;Consumption;
VAL;2026-09-18 16:13:14.676124;;;WHEEL_POS;58.462,41.50
VAL;2026-09-18 16:13:14.706143;;;WHEEL_POS;58.492,42.20
VAL;2026-09-18 16:13:14.722326;;;WHEEL_POS;58.509,42.20
VAL;2026-09-18 16:13:14.738453;;;WHEEL_POS;58.525,42.20
VAL;2026-09-18 16:13:14.771840;;;WHEEL_POS;58.558,41.80
VAL;2026-09-18 16:13:14.788028;;;WHEEL_POS;58.574,41.80
VAL;2026-09-18 16:13:14.804169;;;WHEEL_POS;58.590,41.50
VAL;2026-09-18 16:13:14.820478;;;WHEEL_POS;58.607,41.50
VAL;2026-09-18 16:13:14.836743;;;WHEEL_POS;58.623,41.50
VAL;2026-09-18 16:13:14.852838;;;WHEEL_POS;58.639,41.50
VAL;2026-09-18 16:13:14.885299;;;WHEEL_POS;58.672,41.50
VAL;2026-09-18 16:13:14.902032;;;WHEEL_POS;58.688,41.50
VAL;2026-09-18 16:13:14.919258;;;WHEEL_POS;58.706,41.50
VAL;2026-09-18 16:13:14.934262;;;WHEEL_POS;58.721,41.50
VAL;2026-09-18 16:13:14.972354;;;WHEEL_POS;58.759,41.50
VAL;2026-09-18 16:13:15.001326;;;WHEEL_POS;58.788,41.50
VAL;2026-09-18 16:13:15.017501;;;WHEEL_POS;58.804,41.50
VAL;2026-09-18 16:13:15.049732;;;WHEEL_POS;58.836,41.50
VAL;2026-09-18 16:13:15.076411;;;WHEEL_POS;58.863,41.50
VAL;2026-09-18 16:13:15.102040;;;WHEEL_POS;58.888,41.50
VAL;2026-09-18 16:13:15.115219;;;WHEEL_POS;58.901,41.50
VAL;2026-09-18 16:13:15.146357;;;WHEEL_POS;58.933,41.50
VAL;2026-09-18 16:13:15.183383;;;WHEEL_POS;58.970,41.50
VAL;2026-09-18 16:13:15.216071;;;WHEEL_POS;59.002,41.50
VAL;2026-09-18 16:13:15.230309;;;WHEEL_POS;59.017,41.50
VAL;2026-09-18 16:13:15.263108;;;WHEEL_POS;59.049,41.50
VAL;2026-09-18 16:13:15.295489;;;WHEEL_POS;59.082,41.50
VAL;2026-09-18 16:13:15.311565;;;WHEEL_POS;59.098,41.50
VAL;2026-09-18 16:13:15.329803;;;WHEEL_POS;59.116,41.50
VAL;2026-09-18 16:13:15.344937;;;WHEEL_POS;59.131,41.50
VAL;2026-09-18 16:13:15.377688;;;WHEEL_POS;59.164,41.50
VAL;2026-09-18 16:13:15.393782;;;WHEEL_POS;59.180,41.50
VAL;2026-09-18 16:13:15.413393;;;WHEEL_POS;59.200,41.50
VAL;2026-09-18 16:13:15.429378;;;WHEEL_POS;59.216,41.50
EVENT;2026-09-18 16:13:15.444475;2.0037000000000003;;94;Port1In
TRANSITION;2026-09-18 16:13:15.444475;2.0037000000000003;;ITI;
VAL;2026-09-18 16:13:15.461189;;;WHEEL_POS;59.247,41.50
VAL;2026-09-18 16:13:15.479061;;;WHEEL_POS;59.265,41.50
VAL;2026-09-18 16:13:15.510707;;;WHEEL_POS;59.297,41.50
VAL;2026-09-18 16:13:15.527359;;;WHEEL_POS;59.314,41.50
VAL;2026-09-18 16:13:15.545463;;;WHEEL_POS;59.332,41.50
VAL;2026-09-18 16:13:15.561291;;;WHEEL_POS;59.348,41.50
EVENT;2026-09-18 16:13:15.592553;2.1386000000000003;;95;Port1Out
VAL;2026-09-18 16:13:15.592553;;;WHEEL_POS;59.379,41.50
VAL;2026-09-18 16:13:15.608923;;;WHEEL_POS;59.395,41.50
VAL;2026-09-18 16:13:15.625277;;;WHEEL_POS;59.412,41.50
VAL;2026-09-18 16:13:15.661495;;;WHEEL_POS;59.448,41.50
VAL;2026-09-18 16:13:15.678446;;;WHEEL_POS;59.465,41.50
VAL;2026-09-18 16:13:15.690457;;;WHEEL_POS;59.477,41.50
EVENT;2026-09-18 16:13:15.713378;2.2584;;94;Port1In
VAL;2026-09-18 16:13:15.723382;;;WHEEL_POS;59.510,41.50
VAL;2026-09-18 16:13:15.761642;;;WHEEL_POS;59.548,41.50
VAL;2026-09-18 16:13:15.795107;;;WHEEL_POS;59.581,41.50
VAL;2026-09-18 16:13:15.808672;;;WHEEL_POS;59.595,41.50
VAL;2026-09-18 16:13:15.823682;;;WHEEL_POS;59.610,41.50
VAL;2026-09-18 16:13:15.863233;;;WHEEL_POS;59.650,41.50
VAL;2026-09-18 16:13:15.878806;;;WHEEL_POS;59.665,41.50
VAL;2026-09-18 16:13:15.908210;;;WHEEL_POS;59.694,41.50
EVENT;2026-09-18 16:13:15.908210;2.463;;95;Port1Out
VAL;2026-09-18 16:13:15.924400;;;WHEEL_POS;59.711,41.50
VAL;2026-09-18 16:13:15.940893;;;WHEEL_POS;59.727,41.50
EVENT;2026-09-18 16:13:15.962138;2.5095;;94;Port1In
VAL;2026-09-18 16:13:15.977739;;;WHEEL_POS;59.764,41.50
VAL;2026-09-18 16:13:16.007573;;;WHEEL_POS;59.794,41.50
VAL;2026-09-18 16:13:16.023696;;;WHEEL_POS;59.810,41.50
VAL;2026-09-18 16:13:16.038700;;;WHEEL_POS;59.825,41.50
VAL;2026-09-18 16:13:16.056380;;;WHEEL_POS;59.843,41.50
VAL;2026-09-18 16:13:16.079682;;;WHEEL_POS;59.866,41.50
VAL;2026-09-18 16:13:16.107159;;;WHEEL_POS;59.893,41.50
VAL;2026-09-18 16:13:16.121489;;;WHEEL_POS;59.908,41.50
VAL;2026-09-18 16:13:16.136499;;;WHEEL_POS;59.923,41.50
VAL;2026-09-18 16:13:16.187777;;;WHEEL_POS;59.974,41.50
VAL;2026-09-18 16:13:16.206962;;;WHEEL_POS;59.993,41.50
VAL;2026-09-18 16:13:16.225205;;;WHEEL_POS;60.011,41.50
VAL;2026-09-18 16:13:16.239214;;;WHEEL_POS;60.025,41.50
VAL;2026-09-18 16:13:16.292906;;;WHEEL_POS;60.079,41.50
VAL;2026-09-18 16:13:16.310570;;;WHEEL_POS;60.097,41.50
VAL;2026-09-18 16:13:16.328662;;;WHEEL_POS;60.115,41.50
VAL;2026-09-18 16:13:16.341667;;;WHEEL_POS;60.128,41.50
VAL;2026-09-18 16:13:16.362638;;;WHEEL_POS;60.149,41.50
VAL;2026-09-18 16:13:16.390773;;;WHEEL_POS;60.177,41.50
VAL;2026-09-18 16:13:16.422652;;;WHEEL_POS;60.209,41.50
VAL;2026-09-18 16:13:16.455158;;;WHEEL_POS;60.241,41.50
VAL;2026-09-18 16:13:16.487180;;;WHEEL_POS;60.273,41.50
VAL;2026-09-18 16:13:16.521389;;;WHEEL_POS;60.308,41.50
VAL;2026-09-18 16:13:16.555708;;;WHEEL_POS;60.342,41.50
VAL;2026-09-18 16:13:16.572334;;;WHEEL_POS;60.359,41.50
VAL;2026-09-18 16:13:16.588807;;;WHEEL_POS;60.375,41.50
VAL;2026-09-18 16:13:16.603871;;;WHEEL_POS;60.390,41.50
VAL;2026-09-18 16:13:16.637139;;;WHEEL_POS;60.423,41.50
EVENT;2026-09-18 16:13:16.637139;3.1958;;95;Port1Out
VAL;2026-09-18 16:13:16.662792;;;WHEEL_POS;60.449,41.50
VAL;2026-09-18 16:13:16.690022;;;WHEEL_POS;60.476,41.50
VAL;2026-09-18 16:13:16.706692;;;WHEEL_POS;60.493,41.50
VAL;2026-09-18 16:13:16.751931;;;WHEEL_POS;60.538,41.50
VAL;2026-09-18 16:13:16.775474;;;WHEEL_POS;60.562,41.50
VAL;2026-09-18 16:13:16.787579;;;WHEEL_POS;60.574,41.50
VAL;2026-09-18 16:13:16.804224;;;WHEEL_POS;60.591,41.50
VAL;2026-09-18 16:13:16.820645;;;WHEEL_POS;60.607,41.50
VAL;2026-09-18 16:13:16.854330;;;WHEEL_POS;60.641,41.50
VAL;2026-09-18 16:13:16.872809;;;WHEEL_POS;60.659,41.50
VAL;2026-09-18 16:13:16.888113;;;WHEEL_POS;60.674,41.50
VAL;2026-09-18 16:13:16.920487;;;WHEEL_POS;60.707,41.50
VAL;2026-09-18 16:13:16.952125;;;WHEEL_POS;60.738,41.50
EVENT;2026-09-18 16:13:16.952125;3.5037000000000003;;158;Tup
END-TRIAL;2026-09-18 16:13:16.952125;;;The trial ended;
INFO;2026-09-18 16:13:16.952125;66.824131;70.327834;TRIAL-BPOD-TIME;3.5037030000000016
STATE;2026-09-18 16:13:16.952125;0;1.1573;WheelDotPeriod;1.1573
STATE;2026-09-18 16:13:16.952125;1.1573;1.2061;Reward;0.048799999999999955
STATE;2026-09-18 16:13:16.952125;1.2061;2.0037000000000003;Consumption;0.7976000000000003
STATE;2026-09-18 16:13:16.952125;2.0037000000000003;3.5037000000000003;ITI;1.5
STATE;2026-09-18 16:13:16.952125;nan;nan;ErrorConsumption;nan
STATE;2026-09-18 16:13:16.952125;nan;nan;IncorrectITI;nan
STATE;2026-09-18 16:13:16.952125;nan;nan;NoResponse;nan
VAL;2026-09-18 16:13:17.006131;;;INCLUDED;True
VAL;2026-09-18 16:13:17.006131;;;CONSUMPTION_LICKED;True
VAL;2026-09-18 16:13:17.006131;;;LED_ON_TIME;57.234158992767334
VAL;2026-09-18 16:13:17.006131;;;DOT_ONSET_JITTER_S;0.18636625980331992
VAL;2026-09-18 16:13:17.006131;;;DOT_ONSET_TIME;57.420525252570656
VAL;2026-09-18 16:13:17.006131;;;THRESHOLD_CROSSING_TIME;58.39145899276733
VAL;2026-09-18 16:13:17.006131;;;DOT_DISAPPEAR_JITTER_S;0.5522156392055084
VAL;2026-09-18 16:13:17.006131;;;DOT_DISAPPEAR_TIME;58.94367463197284
VAL;2026-09-18 16:13:17.006131;;;CORRECT;True
stdout;2026-09-18 16:13:17.006131;;;Trial 11 (warmup): side=R, Reward -> reward;
stdout;2026-09-18 16:13:17.006131;;;|
|;
VAL;2026-09-18 16:13:17.473572;;;TRIAL_INIT_START;61.259849071502686
VAL;2026-09-18 16:13:17.505720;;;WHEEL_POS;61.292,41.50
VAL;2026-09-18 16:13:17.521791;;;WHEEL_POS;61.308,41.50
VAL;2026-09-18 16:13:17.536798;;;WHEEL_POS;61.323,41.50
VAL;2026-09-18 16:13:17.571692;;;WHEEL_POS;61.358,41.50
VAL;2026-09-18 16:13:17.587255;;;WHEEL_POS;61.374,41.50
VAL;2026-09-18 16:13:17.603397;;;WHEEL_POS;61.390,41.50
VAL;2026-09-18 16:13:17.619478;;;WHEEL_POS;61.406,41.50
VAL;2026-09-18 16:13:17.653230;;;WHEEL_POS;61.440,41.50
VAL;2026-09-18 16:13:17.671365;;;TRIAL_START;61.439507246017456
VAL;2026-09-18 16:13:17.671365;;;QUIESCENCE_BREAKS;0
VAL;2026-09-18 16:13:17.671365;;;TRIAL_TYPE;warmup
VAL;2026-09-18 16:13:17.773622;;;TRIAL_SIDE;R
VAL;2026-09-18 16:13:17.784626;;;CLICK_TIMES_L;
VAL;2026-09-18 16:13:17.784626;;;CLICK_TIMES_R;0.1713,0.1903
VAL;2026-09-18 16:13:17.784626;;;N_CLICKS_L;0
VAL;2026-09-18 16:13:17.784626;;;N_CLICKS_R;2
VAL;2026-09-18 16:13:17.784626;;;STIM_SEED;1508859659
VAL;2026-09-18 16:13:17.784626;;;CUE_ABORT_THRESHOLD_DEG;10.0
VAL;2026-09-18 16:13:17.784626;;;RESPONSE_THRESHOLD_DEG;35.0
VAL;2026-09-18 16:13:17.784626;;;QUIESCENCE_DUR_S;0.1
VAL;2026-09-18 16:13:17.784626;;;ITI_S;1.5
VAL;2026-09-18 16:13:17.784626;;;CLICK_LEVEL_ATTENUATED;False
stdout;2026-09-18 16:13:17.784626;;;Trial 12 (warmup): side=R, n_L=0, n_R=2;
stdout;2026-09-18 16:13:17.784626;;;|
|;
VAL;2026-09-18 16:13:17.784626;;;SM_SEND_TIME;61.57090353965759
VAL;2026-09-18 16:13:17.784626;;;CUE_ONSET_TIME;61.591903539657594
TRIAL;2026-09-18 16:13:17.787299;;;New trial;
VAL;2026-09-18 16:13:17.788322;;;WHEEL_POS;61.575,0.00
VAL;2026-09-18 16:13:17.818999;;;WHEEL_POS;61.605,0.00
VAL;2026-09-18 16:13:17.836312;;;WHEEL_POS;61.623,0.00
VAL;2026-09-18 16:13:17.852338;;;WHEEL_POS;61.639,0.00
VAL;2026-09-18 16:13:17.868350;;;WHEEL_POS;61.655,0.00
VAL;2026-09-18 16:13:17.904234;;;WHEEL_POS;61.691,0.00
VAL;2026-09-18 16:13:17.919298;;;WHEEL_POS;61.706,0.00
VAL;2026-09-18 16:13:17.935444;;;WHEEL_POS;61.722,0.00
VAL;2026-09-18 16:13:17.950460;;;WHEEL_POS;61.737,0.00
VAL;2026-09-18 16:13:17.985524;;;WHEEL_POS;61.772,0.00
VAL;2026-09-18 16:13:18.001737;;;WHEEL_POS;61.788,0.00
VAL;2026-09-18 16:13:18.033971;;;WHEEL_POS;61.820,0.00
EVENT;2026-09-18 16:13:18.050500;0.271;;158;Tup
TRANSITION;2026-09-18 16:13:18.050500;0.271;;DelayPeriod;
VAL;2026-09-18 16:13:18.067415;;;WHEEL_POS;61.854,0.00
VAL;2026-09-18 16:13:18.087756;;;WHEEL_POS;61.874,0.00
VAL;2026-09-18 16:13:18.104638;;;WHEEL_POS;61.891,0.00
VAL;2026-09-18 16:13:18.132798;;;WHEEL_POS;61.919,0.00
VAL;2026-09-18 16:13:18.148919;;;WHEEL_POS;61.935,0.00
VAL;2026-09-18 16:13:18.165563;;;WHEEL_POS;61.952,0.00
VAL;2026-09-18 16:13:18.184639;;;WHEEL_POS;61.971,0.00
VAL;2026-09-18 16:13:18.197726;;;WHEEL_POS;61.984,0.00
EVENT;2026-09-18 16:13:18.214139;0.4222;;158;Tup
TRANSITION;2026-09-18 16:13:18.214139;0.4222;;CueComplete;
EVENT;2026-09-18 16:13:18.214139;0.4223;;158;Tup
END-TRIAL;2026-09-18 16:13:18.214139;;;The trial ended;
INFO;2026-09-18 16:13:18.214139;71.162131;71.584435;TRIAL-BPOD-TIME;0.4223039999999969
STATE;2026-09-18 16:13:18.214139;0;0.271;CuePeriod;0.271
STATE;2026-09-18 16:13:18.214139;0.271;0.4222;DelayPeriod;0.1512
STATE;2026-09-18 16:13:18.214139;0.4222;0.4223;CueComplete;9.999999999998899e-05
STATE;2026-09-18 16:13:18.214139;nan;nan;WheelAbort;nan
STATE;2026-09-18 16:13:18.214139;nan;nan;AbortITI;nan
VAL;2026-09-18 16:13:18.214139;;;WHEEL_POS;62.000,0.00
VAL;2026-09-18 16:13:18.230271;;;SM_SEND_TIME;62.01654863357544
TRIAL;2026-09-18 16:13:18.231827;;;New trial;
VAL;2026-09-18 16:13:18.231827;;;WHEEL_POS;62.018,0.00
VAL;2026-09-18 16:13:18.265658;;;WHEEL_POS;62.052,0.00
VAL;2026-09-18 16:13:18.280305;;;WHEEL_POS;62.067,0.00
VAL;2026-09-18 16:13:18.296635;;;WHEEL_POS;62.083,0.00
VAL;2026-09-18 16:13:18.314306;;;WHEEL_POS;62.101,0.00
VAL;2026-09-18 16:13:18.329310;;;WHEEL_POS;62.116,0.00
VAL;2026-09-18 16:13:18.365613;;;WHEEL_POS;62.152,0.00
VAL;2026-09-18 16:13:18.396328;;;WHEEL_POS;62.183,0.00
VAL;2026-09-18 16:13:18.429182;;;WHEEL_POS;62.215,0.00
VAL;2026-09-18 16:13:18.465658;;;WHEEL_POS;62.252,0.00
VAL;2026-09-18 16:13:18.485300;;;WHEEL_POS;62.272,0.00
VAL;2026-09-18 16:13:18.501703;;;WHEEL_POS;62.288,0.00
VAL;2026-09-18 16:13:18.534132;;;WHEEL_POS;62.320,0.00
VAL;2026-09-18 16:13:18.569449;;;WHEEL_POS;62.356,0.00
VAL;2026-09-18 16:13:18.583550;;;WHEEL_POS;62.370,0.00
VAL;2026-09-18 16:13:18.598585;;;WHEEL_POS;62.385,0.00
VAL;2026-09-18 16:13:18.633039;;;WHEEL_POS;62.419,0.00
VAL;2026-09-18 16:13:18.650469;;;WHEEL_POS;62.437,0.40
VAL;2026-09-18 16:13:18.665737;;;WHEEL_POS;62.452,0.70
VAL;2026-09-18 16:13:18.688707;;;WHEEL_POS;62.475,1.40
VAL;2026-09-18 16:13:18.703234;;;WHEEL_POS;62.490,2.50
EVENT;2026-09-18 16:13:18.717348;0.4827;;1;RotaryEncoder1_2
VAL;2026-09-18 16:13:18.717348;;;WHEEL_POS;62.504,3.90
VAL;2026-09-18 16:13:18.733944;;;WHEEL_POS;62.520,4.90
VAL;2026-09-18 16:13:18.750109;;;WHEEL_POS;62.536,6.70
EVENT;2026-09-18 16:13:18.783541;0.5453;;5;RotaryEncoder1_6
VAL;2026-09-18 16:13:18.787097;;;WHEEL_POS;62.573,10.20
VAL;2026-09-18 16:13:18.818472;;;WHEEL_POS;62.605,13.40
VAL;2026-09-18 16:13:18.851131;;;WHEEL_POS;62.637,17.90
VAL;2026-09-18 16:13:18.867728;;;WHEEL_POS;62.654,20.00
VAL;2026-09-18 16:13:18.890477;;;WHEEL_POS;62.677,22.50
VAL;2026-09-18 16:13:18.917594;;;WHEEL_POS;62.704,27.40
VAL;2026-09-18 16:13:18.933666;;;WHEEL_POS;62.720,29.50
VAL;2026-09-18 16:13:18.950252;;;WHEEL_POS;62.737,31.60
EVENT;2026-09-18 16:13:18.967246;0.7427;;3;RotaryEncoder1_4
TRANSITION;2026-09-18 16:13:18.967246;0.7427;;Reward;
VAL;2026-09-18 16:13:18.987201;;;WHEEL_POS;62.773,35.90
VAL;2026-09-18 16:13:18.998205;;;WHEEL_POS;62.784,37.60
EVENT;2026-09-18 16:13:19.022568;0.7915000000000001;;158;Tup
TRANSITION;2026-09-18 16:13:19.022568;0.7915000000000001;;Consumption;
VAL;2026-09-18 16:13:19.040535;;;WHEEL_POS;62.827,41.80
VAL;2026-09-18 16:13:19.055680;;;WHEEL_POS;62.842,43.60
VAL;2026-09-18 16:13:19.072405;;;WHEEL_POS;62.859,45.40
VAL;2026-09-18 16:13:19.105572;;;WHEEL_POS;62.892,48.50
VAL;2026-09-18 16:13:19.123772;;;WHEEL_POS;62.910,49.90
VAL;2026-09-18 16:13:19.138835;;;WHEEL_POS;62.925,51.30
VAL;2026-09-18 16:13:19.154959;;;WHEEL_POS;62.941,52.70
VAL;2026-09-18 16:13:19.174055;;;WHEEL_POS;62.960,54.10
VAL;2026-09-18 16:13:19.187093;;;WHEEL_POS;62.973,55.90
VAL;2026-09-18 16:13:19.223870;;;WHEEL_POS;63.010,57.70
VAL;2026-09-18 16:13:19.239135;;;WHEEL_POS;63.025,58.70
VAL;2026-09-18 16:13:19.254357;;;WHEEL_POS;63.041,59.80
VAL;2026-09-18 16:13:19.271339;;;WHEEL_POS;63.058,60.80
VAL;2026-09-18 16:13:19.286343;;;WHEEL_POS;63.073,61.90
VAL;2026-09-18 16:13:19.320919;;;WHEEL_POS;63.107,63.60
VAL;2026-09-18 16:13:19.341173;;;WHEEL_POS;63.127,64.30
VAL;2026-09-18 16:13:19.370836;;;WHEEL_POS;63.157,66.10
VAL;2026-09-18 16:13:19.387893;;;WHEEL_POS;63.174,66.80
VAL;2026-09-18 16:13:19.404424;;;WHEEL_POS;63.191,67.10
VAL;2026-09-18 16:13:19.420557;;;WHEEL_POS;63.207,67.90
VAL;2026-09-18 16:13:19.437856;;;WHEEL_POS;63.224,68.60
VAL;2026-09-18 16:13:19.455423;;;WHEEL_POS;63.242,68.90
VAL;2026-09-18 16:13:19.488791;;;WHEEL_POS;63.275,70.00
VAL;2026-09-18 16:13:19.521089;;;WHEEL_POS;63.307,70.30
VAL;2026-09-18 16:13:19.540288;;;WHEEL_POS;63.327,71.00
VAL;2026-09-18 16:13:19.573085;;;WHEEL_POS;63.359,71.40
VAL;2026-09-18 16:13:19.606190;;;WHEEL_POS;63.392,71.70
VAL;2026-09-18 16:13:19.622868;;;WHEEL_POS;63.409,71.70
VAL;2026-09-18 16:13:19.638235;;;WHEEL_POS;63.425,71.70
VAL;2026-09-18 16:13:19.671656;;;WHEEL_POS;63.458,71.70
VAL;2026-09-18 16:13:19.692768;;;WHEEL_POS;63.479,71.70
VAL;2026-09-18 16:13:19.709892;;;WHEEL_POS;63.496,71.70
VAL;2026-09-18 16:13:19.726038;;;WHEEL_POS;63.512,71.70
VAL;2026-09-18 16:13:19.759506;;;WHEEL_POS;63.546,71.70
VAL;2026-09-18 16:13:19.779850;;;WHEEL_POS;63.566,71.70
VAL;2026-09-18 16:13:19.809619;;;WHEEL_POS;63.596,71.70
VAL;2026-09-18 16:13:19.826144;;;WHEEL_POS;63.612,71.70
VAL;2026-09-18 16:13:19.842400;;;WHEEL_POS;63.629,71.70
VAL;2026-09-18 16:13:19.858780;;;WHEEL_POS;63.645,71.70
VAL;2026-09-18 16:13:19.895202;;;WHEEL_POS;63.681,71.70
VAL;2026-09-18 16:13:19.923568;;;WHEEL_POS;63.710,71.70
VAL;2026-09-18 16:13:19.966835;;;WHEEL_POS;63.753,71.70
VAL;2026-09-18 16:13:19.995934;;;WHEEL_POS;63.782,71.70
VAL;2026-09-18 16:13:20.032932;;;WHEEL_POS;63.819,71.70
VAL;2026-09-18 16:13:20.067003;;;WHEEL_POS;63.853,71.70
VAL;2026-09-18 16:13:20.091587;;;WHEEL_POS;63.878,71.70
VAL;2026-09-18 16:13:20.109000;;;WHEEL_POS;63.895,71.70
VAL;2026-09-18 16:13:20.143108;;;WHEEL_POS;63.929,71.70
VAL;2026-09-18 16:13:20.174987;;;WHEEL_POS;63.961,71.70
VAL;2026-09-18 16:13:20.207715;;;WHEEL_POS;63.994,71.70
VAL;2026-09-18 16:13:20.240092;;;WHEEL_POS;64.026,71.70
VAL;2026-09-18 16:13:20.258225;;;WHEEL_POS;64.045,71.70
VAL;2026-09-18 16:13:20.274826;;;WHEEL_POS;64.061,71.70
VAL;2026-09-18 16:13:20.291003;;;WHEEL_POS;64.077,71.70
VAL;2026-09-18 16:13:20.307196;;;WHEEL_POS;64.093,71.70
VAL;2026-09-18 16:13:20.338453;;;WHEEL_POS;64.125,71.70
VAL;2026-09-18 16:13:20.382726;;;WHEEL_POS;64.169,71.70
VAL;2026-09-18 16:13:20.429599;;;WHEEL_POS;64.216,71.70
VAL;2026-09-18 16:13:20.445225;;;WHEEL_POS;64.232,71.70
VAL;2026-09-18 16:13:20.504726;;;WHEEL_POS;64.291,71.70
VAL;2026-09-18 16:13:20.524279;;;WHEEL_POS;64.311,71.70
VAL;2026-09-18 16:13:20.539283;;;WHEEL_POS;64.326,71.70
VAL;2026-09-18 16:13:20.573175;;;WHEEL_POS;64.359,71.70
VAL;2026-09-18 16:13:20.606721;;;WHEEL_POS;64.393,71.70
VAL;2026-09-18 16:13:20.623332;;;WHEEL_POS;64.410,71.70
VAL;2026-09-18 16:13:20.638340;;;WHEEL_POS;64.425,71.70
EVENT;2026-09-18 16:13:20.638340;2.4102;;94;Port1In
TRANSITION;2026-09-18 16:13:20.638340;2.4102;;ITI;
VAL;2026-09-18 16:13:20.675731;;;WHEEL_POS;64.462,71.70
VAL;2026-09-18 16:13:20.694615;;;WHEEL_POS;64.481,71.70
EVENT;2026-09-18 16:13:20.694615;2.4628;;95;Port1Out
VAL;2026-09-18 16:13:20.709045;;;WHEEL_POS;64.495,71.70
VAL;2026-09-18 16:13:20.742232;;;WHEEL_POS;64.529,71.70
VAL;2026-09-18 16:13:20.758351;;;WHEEL_POS;64.545,71.70
VAL;2026-09-18 16:13:20.773873;;;WHEEL_POS;64.560,71.70
VAL;2026-09-18 16:13:20.814772;;;WHEEL_POS;64.601,71.70
EVENT;2026-09-18 16:13:20.828475;2.5922;;94;Port1In
VAL;2026-09-18 16:13:20.828475;;;WHEEL_POS;64.615,71.70
VAL;2026-09-18 16:13:20.843481;;;WHEEL_POS;64.630,71.70
VAL;2026-09-18 16:13:20.877836;;;WHEEL_POS;64.664,71.70
VAL;2026-09-18 16:13:20.895038;;;WHEEL_POS;64.681,71.70
VAL;2026-09-18 16:13:20.910045;;;WHEEL_POS;64.696,71.70
VAL;2026-09-18 16:13:20.944894;;;WHEEL_POS;64.731,71.70
VAL;2026-09-18 16:13:20.960934;;;WHEEL_POS;64.747,71.70
VAL;2026-09-18 16:13:20.977581;;;WHEEL_POS;64.764,71.70
VAL;2026-09-18 16:13:21.000105;;;WHEEL_POS;64.786,71.70
VAL;2026-09-18 16:13:21.015741;;;WHEEL_POS;64.802,71.70
VAL;2026-09-18 16:13:21.036156;;;WHEEL_POS;64.822,71.70
VAL;2026-09-18 16:13:21.051189;;;WHEEL_POS;64.837,71.70
VAL;2026-09-18 16:13:21.086377;;;WHEEL_POS;64.873,71.70
VAL;2026-09-18 16:13:21.102511;;;WHEEL_POS;64.889,71.70
VAL;2026-09-18 16:13:21.118646;;;WHEEL_POS;64.905,71.70
VAL;2026-09-18 16:13:21.149967;;;WHEEL_POS;64.936,71.70
VAL;2026-09-18 16:13:21.185653;;;WHEEL_POS;64.972,71.70
VAL;2026-09-18 16:13:21.199135;;;WHEEL_POS;64.985,71.70
VAL;2026-09-18 16:13:21.224585;;;WHEEL_POS;65.011,71.70
VAL;2026-09-18 16:13:21.243828;;;WHEEL_POS;65.030,71.70
VAL;2026-09-18 16:13:21.271028;;;WHEEL_POS;65.057,71.70
VAL;2026-09-18 16:13:21.304645;;;WHEEL_POS;65.091,71.70
VAL;2026-09-18 16:13:21.338422;;;WHEEL_POS;65.125,71.70
VAL;2026-09-18 16:13:21.355671;;;WHEEL_POS;65.142,71.70
VAL;2026-09-18 16:13:21.387852;;;WHEEL_POS;65.174,71.70
VAL;2026-09-18 16:13:21.404159;;;WHEEL_POS;65.190,71.70
VAL;2026-09-18 16:13:21.425077;;;WHEEL_POS;65.211,71.70
VAL;2026-09-18 16:13:21.455815;;;WHEEL_POS;65.242,71.70
VAL;2026-09-18 16:13:21.475412;;;WHEEL_POS;65.262,71.70
VAL;2026-09-18 16:13:21.490431;;;WHEEL_POS;65.277,71.70
VAL;2026-09-18 16:13:21.522614;;;WHEEL_POS;65.309,71.70
VAL;2026-09-18 16:13:21.553724;;;WHEEL_POS;65.340,71.70
VAL;2026-09-18 16:13:21.576564;;;WHEEL_POS;65.363,71.70
VAL;2026-09-18 16:13:21.590747;;;WHEEL_POS;65.377,71.70
VAL;2026-09-18 16:13:21.604828;;;WHEEL_POS;65.391,71.70
VAL;2026-09-18 16:13:21.625435;;;WHEEL_POS;65.412,71.70
VAL;2026-09-18 16:13:21.653700;;;WHEEL_POS;65.440,71.70
VAL;2026-09-18 16:13:21.669229;;;WHEEL_POS;65.456,71.70
VAL;2026-09-18 16:13:21.688374;;;WHEEL_POS;65.475,71.70
VAL;2026-09-18 16:13:21.742042;;;WHEEL_POS;65.528,71.70
VAL;2026-09-18 16:13:21.758118;;;WHEEL_POS;65.544,71.70
VAL;2026-09-18 16:13:21.778322;;;WHEEL_POS;65.565,71.70
VAL;2026-09-18 16:13:21.812072;;;WHEEL_POS;65.598,71.70
VAL;2026-09-18 16:13:21.841880;;;WHEEL_POS;65.628,71.70
VAL;2026-09-18 16:13:21.858013;;;WHEEL_POS;65.644,71.70
EVENT;2026-09-18 16:13:21.858013;3.6303;;95;Port1Out
VAL;2026-09-18 16:13:21.891346;;;WHEEL_POS;65.678,71.70
VAL;2026-09-18 16:13:21.907480;;;WHEEL_POS;65.694,71.70
VAL;2026-09-18 16:13:21.940001;;;WHEEL_POS;65.726,71.70
VAL;2026-09-18 16:13:21.972285;;;WHEEL_POS;65.759,71.70
VAL;2026-09-18 16:13:22.004055;;;WHEEL_POS;65.790,71.70
VAL;2026-09-18 16:13:22.019686;;;WHEEL_POS;65.806,71.70
VAL;2026-09-18 16:13:22.050241;;;WHEEL_POS;65.837,71.70
VAL;2026-09-18 16:13:22.076119;;;WHEEL_POS;65.862,71.70
VAL;2026-09-18 16:13:22.091748;;;WHEEL_POS;65.878,71.70
VAL;2026-09-18 16:13:22.107375;;;WHEEL_POS;65.894,71.70
VAL;2026-09-18 16:13:22.138629;;;WHEEL_POS;65.925,71.70
EVENT;2026-09-18 16:13:22.138629;3.9102;;158;Tup
END-TRIAL;2026-09-18 16:13:22.138629;;;The trial ended;
INFO;2026-09-18 16:13:22.138629;71.607131;75.517334;TRIAL-BPOD-TIME;3.91020300000001
STATE;2026-09-18 16:13:22.138629;0;0.7427;WheelDotPeriod;0.7427
STATE;2026-09-18 16:13:22.138629;0.7427;0.7915000000000001;Reward;0.048800000000000066
STATE;2026-09-18 16:13:22.138629;0.7915000000000001;2.4102;Consumption;1.6187
STATE;2026-09-18 16:13:22.138629;2.4102;3.9102;ITI;1.5
STATE;2026-09-18 16:13:22.138629;nan;nan;ErrorConsumption;nan
STATE;2026-09-18 16:13:22.138629;nan;nan;IncorrectITI;nan
STATE;2026-09-18 16:13:22.138629;nan;nan;NoResponse;nan
VAL;2026-09-18 16:13:22.206206;;;INCLUDED;True
VAL;2026-09-18 16:13:22.206206;;;CONSUMPTION_LICKED;True
VAL;2026-09-18 16:13:22.206206;;;LED_ON_TIME;62.01654863357544
VAL;2026-09-18 16:13:22.206206;;;DOT_ONSET_JITTER_S;0.19218965491429854
VAL;2026-09-18 16:13:22.206206;;;DOT_ONSET_TIME;62.20873828848974
VAL;2026-09-18 16:13:22.206206;;;THRESHOLD_CROSSING_TIME;62.75924863357544
VAL;2026-09-18 16:13:22.206206;;;DOT_DISAPPEAR_JITTER_S;0.4297329684570737
VAL;2026-09-18 16:13:22.206206;;;DOT_DISAPPEAR_TIME;63.18898160203251
VAL;2026-09-18 16:13:22.206206;;;CORRECT;True
stdout;2026-09-18 16:13:22.206206;;;Trial 12 (warmup): side=R, Reward -> reward;
stdout;2026-09-18 16:13:22.206206;;;|
|;
VAL;2026-09-18 16:13:22.674439;;;TRIAL_INIT_START;66.4607162475586
VAL;2026-09-18 16:13:22.708855;;;WHEEL_POS;66.495,71.70
VAL;2026-09-18 16:13:22.722981;;;WHEEL_POS;66.509,71.70
VAL;2026-09-18 16:13:22.756439;;;WHEEL_POS;66.543,71.70
VAL;2026-09-18 16:13:22.772635;;;WHEEL_POS;66.559,71.70
VAL;2026-09-18 16:13:22.788777;;;WHEEL_POS;66.575,71.70
VAL;2026-09-18 16:13:22.804843;;;WHEEL_POS;66.591,71.70
VAL;2026-09-18 16:13:22.823153;;;WHEEL_POS;66.609,71.70
VAL;2026-09-18 16:13:22.837553;;;WHEEL_POS;66.624,71.70
VAL;2026-09-18 16:13:22.854178;;;TRIAL_START;66.62382984161377
VAL;2026-09-18 16:13:22.854178;;;QUIESCENCE_BREAKS;0
VAL;2026-09-18 16:13:22.854178;;;TRIAL_TYPE;warmup
VAL;2026-09-18 16:13:22.988768;;;TRIAL_SIDE;R
VAL;2026-09-18 16:13:22.988768;;;CLICK_TIMES_L;
VAL;2026-09-18 16:13:22.988768;;;CLICK_TIMES_R;0.0263,0.0430,0.0761,0.0911,0.1625,0.1775,0.2470
VAL;2026-09-18 16:13:22.988768;;;N_CLICKS_L;0
VAL;2026-09-18 16:13:22.988768;;;N_CLICKS_R;7
VAL;2026-09-18 16:13:22.988768;;;STIM_SEED;1003523528
VAL;2026-09-18 16:13:22.988768;;;CUE_ABORT_THRESHOLD_DEG;10.0
VAL;2026-09-18 16:13:22.988768;;;RESPONSE_THRESHOLD_DEG;35.0
VAL;2026-09-18 16:13:22.988768;;;QUIESCENCE_DUR_S;0.1
VAL;2026-09-18 16:13:22.988768;;;ITI_S;1.5
VAL;2026-09-18 16:13:22.988768;;;CLICK_LEVEL_ATTENUATED;False
stdout;2026-09-18 16:13:22.988768;;;Trial 13 (warmup): side=R, n_L=0, n_R=7;
stdout;2026-09-18 16:13:22.988768;;;|
|;
VAL;2026-09-18 16:13:22.988768;;;SM_SEND_TIME;66.77504515647888
VAL;2026-09-18 16:13:22.988768;;;CUE_ONSET_TIME;66.79604515647888
TRIAL;2026-09-18 16:13:22.988768;;;New trial;
VAL;2026-09-18 16:13:22.988768;;;WHEEL_POS;66.775,0.00
VAL;2026-09-18 16:13:23.025966;;;WHEEL_POS;66.812,0.00
VAL;2026-09-18 16:13:23.045451;;;WHEEL_POS;66.832,0.00
VAL;2026-09-18 16:13:23.058965;;;WHEEL_POS;66.845,0.00
VAL;2026-09-18 16:13:23.092283;;;WHEEL_POS;66.879,0.00
VAL;2026-09-18 16:13:23.129647;;;WHEEL_POS;66.916,0.00
VAL;2026-09-18 16:13:23.147051;;;WHEEL_POS;66.933,0.00
VAL;2026-09-18 16:13:23.167592;;;WHEEL_POS;66.954,-0.40
VAL;2026-09-18 16:13:23.184632;;;WHEEL_POS;66.971,-0.40
VAL;2026-09-18 16:13:23.198529;;;WHEEL_POS;66.985,-0.70
VAL;2026-09-18 16:13:23.217247;;;WHEEL_POS;67.004,-1.10
VAL;2026-09-18 16:13:23.236403;;;WHEEL_POS;67.023,-1.10
VAL;2026-09-18 16:13:23.253630;;;WHEEL_POS;67.040,-1.10
VAL;2026-09-18 16:13:23.268149;;;WHEEL_POS;67.054,-0.40
EVENT;2026-09-18 16:13:23.268149;0.271;;158;Tup
TRANSITION;2026-09-18 16:13:23.268149;0.271;;DelayPeriod;
VAL;2026-09-18 16:13:23.282153;;;WHEEL_POS;67.068,0.70
VAL;2026-09-18 16:13:23.314870;;;WHEEL_POS;67.101,2.80
EVENT;2026-09-18 16:13:23.314870;0.32930000000000004;;1;RotaryEncoder1_2
VAL;2026-09-18 16:13:23.351052;;;WHEEL_POS;67.137,5.30
VAL;2026-09-18 16:13:23.365636;;;WHEEL_POS;67.152,6.30
VAL;2026-09-18 16:13:23.384697;;;WHEEL_POS;67.171,7.40
VAL;2026-09-18 16:13:23.398655;;;WHEEL_POS;67.185,8.80
EVENT;2026-09-18 16:13:23.414789;0.4153;;5;RotaryEncoder1_6
TRANSITION;2026-09-18 16:13:23.414789;0.4153;;WheelAbort;
EVENT;2026-09-18 16:13:23.414789;0.41540000000000005;;158;Tup
TRANSITION;2026-09-18 16:13:23.414789;0.41540000000000005;;AbortITI;
VAL;2026-09-18 16:13:23.419599;;;WHEEL_POS;67.206,9.80
VAL;2026-09-18 16:13:23.437029;;;WHEEL_POS;67.223,11.20
VAL;2026-09-18 16:13:23.452551;;;WHEEL_POS;67.239,12.70
VAL;2026-09-18 16:13:23.469954;;;WHEEL_POS;67.256,14.10
VAL;2026-09-18 16:13:23.487513;;;WHEEL_POS;67.274,15.80
VAL;2026-09-18 16:13:23.508838;;;WHEEL_POS;67.295,17.60
VAL;2026-09-18 16:13:23.523872;;;WHEEL_POS;67.310,20.00
VAL;2026-09-18 16:13:23.557086;;;WHEEL_POS;67.343,24.30
VAL;2026-09-18 16:13:23.594525;;;WHEEL_POS;67.381,29.20
VAL;2026-09-18 16:13:23.613055;;;WHEEL_POS;67.399,31.60
VAL;2026-09-18 16:13:23.643300;;;WHEEL_POS;67.430,34.80
EVENT;2026-09-18 16:13:23.643300;0.6507000000000001;;3;RotaryEncoder1_4
VAL;2026-09-18 16:13:23.658813;;;WHEEL_POS;67.445,35.90
VAL;2026-09-18 16:13:23.676502;;;WHEEL_POS;67.463,36.60
VAL;2026-09-18 16:13:23.693449;;;WHEEL_POS;67.480,36.90
VAL;2026-09-18 16:13:23.713973;;;WHEEL_POS;67.500,36.90
VAL;2026-09-18 16:13:23.727695;;;WHEEL_POS;67.514,36.90
VAL;2026-09-18 16:13:23.742768;;;WHEEL_POS;67.529,37.30
VAL;2026-09-18 16:13:23.759556;;;WHEEL_POS;67.546,37.60
VAL;2026-09-18 16:13:23.775621;;;WHEEL_POS;67.562,38.00
VAL;2026-09-18 16:13:23.791747;;;WHEEL_POS;67.578,38.00
VAL;2026-09-18 16:13:23.808559;;;WHEEL_POS;67.595,38.00
VAL;2026-09-18 16:13:23.826786;;;WHEEL_POS;67.613,38.00
VAL;2026-09-18 16:13:23.857418;;;WHEEL_POS;67.644,36.90
VAL;2026-09-18 16:13:23.873566;;;WHEEL_POS;67.660,36.20
VAL;2026-09-18 16:13:23.889640;;;WHEEL_POS;67.676,35.90
VAL;2026-09-18 16:13:23.906230;;;WHEEL_POS;67.693,35.50
VAL;2026-09-18 16:13:23.923110;;;WHEEL_POS;67.709,35.50
VAL;2026-09-18 16:13:23.940817;;;WHEEL_POS;67.727,35.50
VAL;2026-09-18 16:13:23.956384;;;WHEEL_POS;67.743,35.50
VAL;2026-09-18 16:13:23.972496;;;WHEEL_POS;67.759,35.50
VAL;2026-09-18 16:13:24.005194;;;WHEEL_POS;67.791,35.90
VAL;2026-09-18 16:13:24.021236;;;WHEEL_POS;67.808,35.90
VAL;2026-09-18 16:13:24.038232;;;WHEEL_POS;67.825,35.90
VAL;2026-09-18 16:13:24.056354;;;WHEEL_POS;67.843,35.90
VAL;2026-09-18 16:13:24.070485;;;WHEEL_POS;67.857,35.90
VAL;2026-09-18 16:13:24.087296;;;WHEEL_POS;67.874,35.90
VAL;2026-09-18 16:13:24.103306;;;WHEEL_POS;67.890,35.90
VAL;2026-09-18 16:13:24.119603;;;WHEEL_POS;67.906,35.90
VAL;2026-09-18 16:13:24.136741;;;WHEEL_POS;67.923,35.90
VAL;2026-09-18 16:13:24.153594;;;WHEEL_POS;67.940,35.90
VAL;2026-09-18 16:13:24.171277;;;WHEEL_POS;67.958,35.90
VAL;2026-09-18 16:13:24.186718;;;WHEEL_POS;67.973,35.90
VAL;2026-09-18 16:13:24.219117;;;WHEEL_POS;68.005,35.90
VAL;2026-09-18 16:13:24.237883;;;WHEEL_POS;68.024,35.20
VAL;2026-09-18 16:13:24.252336;;;WHEEL_POS;68.039,34.10
VAL;2026-09-18 16:13:24.268411;;;WHEEL_POS;68.055,33.40
VAL;2026-09-18 16:13:24.301087;;;WHEEL_POS;68.087,32.30
VAL;2026-09-18 16:13:24.333708;;;WHEEL_POS;68.120,31.30
VAL;2026-09-18 16:13:24.351332;;;WHEEL_POS;68.138,31.30
VAL;2026-09-18 16:13:24.367162;;;WHEEL_POS;68.153,31.30
VAL;2026-09-18 16:13:24.387218;;;WHEEL_POS;68.173,31.30
VAL;2026-09-18 16:13:24.401362;;;WHEEL_POS;68.188,31.60
VAL;2026-09-18 16:13:24.415423;;;WHEEL_POS;68.202,32.00
VAL;2026-09-18 16:13:24.431527;;;WHEEL_POS;68.218,32.70
VAL;2026-09-18 16:13:24.451150;;;WHEEL_POS;68.237,33.00
VAL;2026-09-18 16:13:24.465063;;;WHEEL_POS;68.251,33.40
EVENT;2026-09-18 16:13:24.484691;1.484;;158;Tup
END-TRIAL;2026-09-18 16:13:24.484691;;;The trial ended;
INFO;2026-09-18 16:13:24.484691;76.369031;77.853034;TRIAL-BPOD-TIME;1.484002999999987
STATE;2026-09-18 16:13:24.484691;0;0.271;CuePeriod;0.271
STATE;2026-09-18 16:13:24.484691;0.271;0.4153;DelayPeriod;0.14429999999999998
STATE;2026-09-18 16:13:24.484691;0.4153;0.41540000000000005;WheelAbort;0.0001000000000000445
STATE;2026-09-18 16:13:24.484691;0.41540000000000005;1.484;AbortITI;1.0686
STATE;2026-09-18 16:13:24.484691;nan;nan;CueComplete;nan
VAL;2026-09-18 16:13:24.484691;;;WHEEL_POS;68.271,33.40
VAL;2026-09-18 16:13:24.512553;;;ABORT;67.19034515647888
VAL;2026-09-18 16:13:24.512553;;;ABORT_EPOCH;delay
VAL;2026-09-18 16:13:24.512553;;;INCLUDED;False
stdout;2026-09-18 16:13:24.512553;;;Trial 13: Abort (delay epoch) -- re-offering side R next trial.;
stdout;2026-09-18 16:13:24.512553;;;|
|;
VAL;2026-09-18 16:13:24.916871;;;TRIAL_INIT_START;68.7031478881836
VAL;2026-09-18 16:13:24.934085;;;WHEEL_POS;68.720,48.90
VAL;2026-09-18 16:13:24.952186;;;WHEEL_POS;68.738,50.60
VAL;2026-09-18 16:13:24.979993;;;WHEEL_POS;68.766,53.40
VAL;2026-09-18 16:13:24.995611;;;WHEEL_POS;68.782,55.90
VAL;2026-09-18 16:13:25.015822;;;WHEEL_POS;68.802,58.00
VAL;2026-09-18 16:13:25.031947;;;WHEEL_POS;68.818,61.20
VAL;2026-09-18 16:13:25.052098;;;WHEEL_POS;68.838,64.00
VAL;2026-09-18 16:13:25.082699;;;QUIESCENCE_RESET_TIME;68.86897611618042
VAL;2026-09-18 16:13:25.082699;;;WHEEL_POS;68.869,70.70
VAL;2026-09-18 16:13:25.100217;;;WHEEL_POS;68.886,74.50
VAL;2026-09-18 16:13:25.115576;;;WHEEL_POS;68.902,78.40
VAL;2026-09-18 16:13:25.131692;;;WHEEL_POS;68.918,81.20
VAL;2026-09-18 16:13:25.152397;;;WHEEL_POS;68.939,83.00
VAL;2026-09-18 16:13:25.164670;;;WHEEL_POS;68.951,83.30
VAL;2026-09-18 16:13:25.183553;;;WHEEL_POS;68.970,82.60
VAL;2026-09-18 16:13:25.199472;;;WHEEL_POS;68.986,81.90
VAL;2026-09-18 16:13:25.214662;;;WHEEL_POS;69.001,81.60
VAL;2026-09-18 16:13:25.247482;;;WHEEL_POS;69.034,81.90
VAL;2026-09-18 16:13:25.267673;;;WHEEL_POS;69.054,81.90
VAL;2026-09-18 16:13:25.280468;;;TRIAL_START;69.05395007133484
VAL;2026-09-18 16:13:25.280468;;;QUIESCENCE_BREAKS;1
VAL;2026-09-18 16:13:25.280468;;;TRIAL_TYPE;repeat
VAL;2026-09-18 16:13:25.427404;;;TRIAL_SIDE;R
VAL;2026-09-18 16:13:25.427404;;;CLICK_TIMES_L;
VAL;2026-09-18 16:13:25.427404;;;CLICK_TIMES_R;0.0259,0.1315,0.1555,0.1731,0.2043
VAL;2026-09-18 16:13:25.427404;;;N_CLICKS_L;0
VAL;2026-09-18 16:13:25.427404;;;N_CLICKS_R;5
VAL;2026-09-18 16:13:25.427404;;;STIM_SEED;1579790604
VAL;2026-09-18 16:13:25.427404;;;CUE_ABORT_THRESHOLD_DEG;10.0
VAL;2026-09-18 16:13:25.427404;;;RESPONSE_THRESHOLD_DEG;35.0
VAL;2026-09-18 16:13:25.427404;;;QUIESCENCE_DUR_S;0.1
VAL;2026-09-18 16:13:25.427404;;;ITI_S;1.5
VAL;2026-09-18 16:13:25.427404;;;CLICK_LEVEL_ATTENUATED;False
stdout;2026-09-18 16:13:25.427404;;;Trial 14 (repeat): side=R, n_L=0, n_R=5;
stdout;2026-09-18 16:13:25.427404;;;|
|;
VAL;2026-09-18 16:13:25.427404;;;SM_SEND_TIME;69.21368145942688
VAL;2026-09-18 16:13:25.427404;;;CUE_ONSET_TIME;69.23468145942688
TRIAL;2026-09-18 16:13:25.428436;;;New trial;
VAL;2026-09-18 16:13:25.428436;;;WHEEL_POS;69.215,-2.50
VAL;2026-09-18 16:13:25.461182;;;WHEEL_POS;69.247,-2.50
VAL;2026-09-18 16:13:25.477275;;;WHEEL_POS;69.264,-2.50
VAL;2026-09-18 16:13:25.497583;;;WHEEL_POS;69.284,-2.50
VAL;2026-09-18 16:13:25.511750;;;WHEEL_POS;69.298,-2.50
VAL;2026-09-18 16:13:25.526846;;;WHEEL_POS;69.313,-2.50
VAL;2026-09-18 16:13:25.559210;;;WHEEL_POS;69.345,-2.50
VAL;2026-09-18 16:13:25.575398;;;WHEEL_POS;69.362,-2.50
VAL;2026-09-18 16:13:25.591466;;;WHEEL_POS;69.378,-2.50
VAL;2026-09-18 16:13:25.611649;;;WHEEL_POS;69.398,-2.50
VAL;2026-09-18 16:13:25.642118;;;WHEEL_POS;69.428,-2.50
VAL;2026-09-18 16:13:25.657277;;;WHEEL_POS;69.444,-2.50
VAL;2026-09-18 16:13:25.673600;;;WHEEL_POS;69.460,-2.50
VAL;2026-09-18 16:13:25.689730;;;WHEEL_POS;69.476,-2.50
EVENT;2026-09-18 16:13:25.704734;0.271;;158;Tup
TRANSITION;2026-09-18 16:13:25.704734;0.271;;DelayPeriod;
VAL;2026-09-18 16:13:25.704734;;;WHEEL_POS;69.491,-2.50
VAL;2026-09-18 16:13:25.722904;;;WHEEL_POS;69.509,-2.50
VAL;2026-09-18 16:13:25.741452;;;WHEEL_POS;69.528,-2.50
VAL;2026-09-18 16:13:25.771787;;;WHEEL_POS;69.558,-2.50
VAL;2026-09-18 16:13:25.786790;;;WHEEL_POS;69.573,-2.50
VAL;2026-09-18 16:13:25.804496;;;WHEEL_POS;69.591,-2.50
VAL;2026-09-18 16:13:25.820736;;;WHEEL_POS;69.607,-2.50
EVENT;2026-09-18 16:13:25.852221;0.4171;;158;Tup
TRANSITION;2026-09-18 16:13:25.853229;0.4171;;CueComplete;
EVENT;2026-09-18 16:13:25.853229;0.4172;;158;Tup
END-TRIAL;2026-09-18 16:13:25.853229;;;The trial ended;
INFO;2026-09-18 16:13:25.853765;78.804031;79.221234;TRIAL-BPOD-TIME;0.41720300000000066
STATE;2026-09-18 16:13:25.853765;0;0.271;CuePeriod;0.271
STATE;2026-09-18 16:13:25.853765;0.271;0.4171;DelayPeriod;0.1461
STATE;2026-09-18 16:13:25.853765;0.4171;0.4172;CueComplete;9.999999999998899e-05
STATE;2026-09-18 16:13:25.853765;nan;nan;WheelAbort;nan
STATE;2026-09-18 16:13:25.853765;nan;nan;AbortITI;nan
VAL;2026-09-18 16:13:25.855806;;;WHEEL_POS;69.642,-2.50
VAL;2026-09-18 16:13:25.868810;;;SM_SEND_TIME;69.6550874710083
TRIAL;2026-09-18 16:13:25.868810;;;New trial;
VAL;2026-09-18 16:13:25.885944;;;WHEEL_POS;69.672,0.00
VAL;2026-09-18 16:13:25.902579;;;WHEEL_POS;69.689,0.00
VAL;2026-09-18 16:13:25.920790;;;WHEEL_POS;69.707,0.00
VAL;2026-09-18 16:13:25.935794;;;WHEEL_POS;69.722,0.00
VAL;2026-09-18 16:13:25.970216;;;WHEEL_POS;69.756,0.00
VAL;2026-09-18 16:13:25.989362;;;WHEEL_POS;69.776,0.00
VAL;2026-09-18 16:13:26.002366;;;WHEEL_POS;69.789,0.00
VAL;2026-09-18 16:13:26.042978;;;WHEEL_POS;69.829,0.00
VAL;2026-09-18 16:13:26.056681;;;WHEEL_POS;69.843,0.00
VAL;2026-09-18 16:13:26.089098;;;WHEEL_POS;69.875,0.00
VAL;2026-09-18 16:13:26.107941;;;WHEEL_POS;69.894,0.00
VAL;2026-09-18 16:13:26.139244;;;WHEEL_POS;69.926,0.00
VAL;2026-09-18 16:13:26.155830;;;WHEEL_POS;69.942,0.00
VAL;2026-09-18 16:13:26.172152;;;WHEEL_POS;69.958,0.00
VAL;2026-09-18 16:13:26.205831;;;WHEEL_POS;69.992,0.00
VAL;2026-09-18 16:13:26.243360;;;WHEEL_POS;70.030,0.00
VAL;2026-09-18 16:13:26.270465;;;WHEEL_POS;70.057,0.00
VAL;2026-09-18 16:13:26.321171;;;WHEEL_POS;70.107,0.00
VAL;2026-09-18 16:13:26.341355;;;WHEEL_POS;70.128,0.00
VAL;2026-09-18 16:13:26.359424;;;WHEEL_POS;70.146,0.00
VAL;2026-09-18 16:13:26.374449;;;WHEEL_POS;70.161,0.00
VAL;2026-09-18 16:13:26.411546;;;WHEEL_POS;70.198,0.00
VAL;2026-09-18 16:13:26.445397;;;WHEEL_POS;70.232,0.00
VAL;2026-09-18 16:13:26.460708;;;WHEEL_POS;70.247,0.00
VAL;2026-09-18 16:13:26.477149;;;WHEEL_POS;70.263,0.00
VAL;2026-09-18 16:13:26.493307;;;WHEEL_POS;70.280,0.00
VAL;2026-09-18 16:13:26.508314;;;WHEEL_POS;70.295,0.00
VAL;2026-09-18 16:13:26.543422;;;WHEEL_POS;70.330,0.00
VAL;2026-09-18 16:13:26.560013;;;WHEEL_POS;70.346,0.00
VAL;2026-09-18 16:13:26.592402;;;WHEEL_POS;70.379,0.00
VAL;2026-09-18 16:13:26.627348;;;WHEEL_POS;70.414,0.00
VAL;2026-09-18 16:13:26.644598;;;WHEEL_POS;70.431,0.00
VAL;2026-09-18 16:13:26.658717;;;WHEEL_POS;70.445,0.00
VAL;2026-09-18 16:13:26.691690;;;WHEEL_POS;70.478,0.00
VAL;2026-09-18 16:13:26.706694;;;WHEEL_POS;70.493,0.00
VAL;2026-09-18 16:13:26.724867;;;WHEEL_POS;70.511,0.00
VAL;2026-09-18 16:13:26.742390;;;WHEEL_POS;70.529,0.00
VAL;2026-09-18 16:13:26.774217;;;WHEEL_POS;70.560,0.00
VAL;2026-09-18 16:13:26.790416;;;WHEEL_POS;70.577,0.00
VAL;2026-09-18 16:13:26.815488;;;WHEEL_POS;70.602,0.00
VAL;2026-09-18 16:13:26.841960;;;WHEEL_POS;70.628,0.00
VAL;2026-09-18 16:13:26.859547;;;WHEEL_POS;70.646,0.00
VAL;2026-09-18 16:13:26.890972;;;WHEEL_POS;70.676,0.00
VAL;2026-09-18 16:13:26.908036;;;WHEEL_POS;70.694,0.00
VAL;2026-09-18 16:13:26.924221;;;WHEEL_POS;70.710,0.00
VAL;2026-09-18 16:13:26.957149;;;WHEEL_POS;70.743,0.00
VAL;2026-09-18 16:13:26.977568;;;WHEEL_POS;70.764,0.00
VAL;2026-09-18 16:13:27.022875;;;WHEEL_POS;70.809,0.00
VAL;2026-09-18 16:13:27.042566;;;WHEEL_POS;70.829,0.00
VAL;2026-09-18 16:13:27.059749;;;WHEEL_POS;70.846,0.00
VAL;2026-09-18 16:13:27.077684;;;WHEEL_POS;70.864,0.00
VAL;2026-09-18 16:13:27.095831;;;WHEEL_POS;70.882,0.00
VAL;2026-09-18 16:13:27.126049;;;WHEEL_POS;70.912,0.00
VAL;2026-09-18 16:13:27.160664;;;WHEEL_POS;70.947,0.00
VAL;2026-09-18 16:13:27.194830;;;WHEEL_POS;70.981,0.00
VAL;2026-09-18 16:13:27.210033;;;WHEEL_POS;70.996,0.00
VAL;2026-09-18 16:13:27.248573;;;WHEEL_POS;71.035,0.00
VAL;2026-09-18 16:13:27.276880;;;WHEEL_POS;71.063,0.00
VAL;2026-09-18 16:13:27.293131;;;WHEEL_POS;71.079,0.00
VAL;2026-09-18 16:13:27.325852;;;WHEEL_POS;71.112,0.00
VAL;2026-09-18 16:13:27.342833;;;WHEEL_POS;71.129,0.00
VAL;2026-09-18 16:13:27.358373;;;WHEEL_POS;71.145,0.00
VAL;2026-09-18 16:13:27.395891;;;WHEEL_POS;71.182,0.00
VAL;2026-09-18 16:13:27.424012;;;WHEEL_POS;71.210,0.00
VAL;2026-09-18 16:13:27.460285;;;WHEEL_POS;71.247,0.00
VAL;2026-09-18 16:13:27.476567;;;WHEEL_POS;71.263,0.00
VAL;2026-09-18 16:13:27.491573;;;WHEEL_POS;71.278,0.00
VAL;2026-09-18 16:13:27.526215;;;WHEEL_POS;71.312,0.00
VAL;2026-09-18 16:13:27.541295;;;WHEEL_POS;71.328,0.00
VAL;2026-09-18 16:13:27.558347;;;WHEEL_POS;71.345,0.00
VAL;2026-09-18 16:13:27.590919;;;WHEEL_POS;71.377,0.00
VAL;2026-09-18 16:13:27.623363;;;WHEEL_POS;71.410,0.00
VAL;2026-09-18 16:13:27.656215;;;WHEEL_POS;71.442,0.00
VAL;2026-09-18 16:13:27.671219;;;WHEEL_POS;71.457,0.00
VAL;2026-09-18 16:13:27.706485;;;WHEEL_POS;71.493,0.00
VAL;2026-09-18 16:13:27.722901;;;WHEEL_POS;71.509,0.00
VAL;2026-09-18 16:13:27.742675;;;WHEEL_POS;71.529,0.00
VAL;2026-09-18 16:13:27.775103;;;WHEEL_POS;71.561,0.00
VAL;2026-09-18 16:13:27.787106;;;WHEEL_POS;71.573,0.00
VAL;2026-09-18 16:13:27.819962;;;WHEEL_POS;71.606,0.00
VAL;2026-09-18 16:13:27.859072;;;WHEEL_POS;71.642,0.00
VAL;2026-09-18 16:13:27.873175;;;WHEEL_POS;71.659,0.00
VAL;2026-09-18 16:13:27.887180;;;WHEEL_POS;71.673,0.00
VAL;2026-09-18 16:13:27.921244;;;WHEEL_POS;71.708,0.00
VAL;2026-09-18 16:13:27.937344;;;WHEEL_POS;71.724,0.00
VAL;2026-09-18 16:13:27.954912;;;WHEEL_POS;71.741,0.00
VAL;2026-09-18 16:13:27.989792;;;WHEEL_POS;71.776,0.00
VAL;2026-09-18 16:13:28.004478;;;WHEEL_POS;71.791,0.00
VAL;2026-09-18 16:13:28.038766;;;WHEEL_POS;71.825,0.00
VAL;2026-09-18 16:13:28.055412;;;WHEEL_POS;71.842,0.00
VAL;2026-09-18 16:13:28.071523;;;WHEEL_POS;71.858,0.00
VAL;2026-09-18 16:13:28.094265;;;WHEEL_POS;71.881,0.00
VAL;2026-09-18 16:13:28.120573;;;WHEEL_POS;71.907,0.00
VAL;2026-09-18 16:13:28.136693;;;WHEEL_POS;71.923,0.00
VAL;2026-09-18 16:13:28.154737;;;WHEEL_POS;71.941,0.00
VAL;2026-09-18 16:13:28.187421;;;WHEEL_POS;71.974,0.00
VAL;2026-09-18 16:13:28.222250;;;WHEEL_POS;72.009,0.00
VAL;2026-09-18 16:13:28.255844;;;WHEEL_POS;72.042,0.00
VAL;2026-09-18 16:13:28.271940;;;WHEEL_POS;72.058,0.00
VAL;2026-09-18 16:13:28.305848;;;WHEEL_POS;72.092,0.00
VAL;2026-09-18 16:13:28.322329;;;WHEEL_POS;72.109,0.00
VAL;2026-09-18 16:13:28.338403;;;WHEEL_POS;72.125,0.00
VAL;2026-09-18 16:13:28.354978;;;WHEEL_POS;72.141,0.00
VAL;2026-09-18 16:13:28.369984;;;WHEEL_POS;72.156,0.00
VAL;2026-09-18 16:13:28.408587;;;WHEEL_POS;72.195,0.00
VAL;2026-09-18 16:13:28.423047;;;WHEEL_POS;72.209,0.00
VAL;2026-09-18 16:13:28.437982;;;WHEEL_POS;72.224,0.00
VAL;2026-09-18 16:13:28.470381;;;WHEEL_POS;72.257,0.00
VAL;2026-09-18 16:13:28.485384;;;WHEEL_POS;72.272,0.00
VAL;2026-09-18 16:13:28.524135;;;WHEEL_POS;72.310,0.00
VAL;2026-09-18 16:13:28.539255;;;WHEEL_POS;72.326,0.00
VAL;2026-09-18 16:13:28.555131;;;WHEEL_POS;72.341,0.00
VAL;2026-09-18 16:13:28.570138;;;WHEEL_POS;72.356,0.00
VAL;2026-09-18 16:13:28.604475;;;WHEEL_POS;72.391,0.00
VAL;2026-09-18 16:13:28.620609;;;WHEEL_POS;72.407,0.00
VAL;2026-09-18 16:13:28.650164;;;WHEEL_POS;72.436,0.00
VAL;2026-09-18 16:13:28.670002;;;WHEEL_POS;72.456,0.00
VAL;2026-09-18 16:13:28.702284;;;WHEEL_POS;72.489,0.00
VAL;2026-09-18 16:13:28.740221;;;WHEEL_POS;72.526,0.00
VAL;2026-09-18 16:13:28.773038;;;WHEEL_POS;72.559,0.00
VAL;2026-09-18 16:13:28.792732;;;WHEEL_POS;72.579,0.00
VAL;2026-09-18 16:13:28.809362;;;WHEEL_POS;72.596,0.00
VAL;2026-09-18 16:13:28.825822;;;WHEEL_POS;72.612,0.00
VAL;2026-09-18 16:13:28.842250;;;WHEEL_POS;72.629,0.00
VAL;2026-09-18 16:13:28.858929;;;WHEEL_POS;72.645,0.00
VAL;2026-09-18 16:13:28.876985;;;WHEEL_POS;72.663,0.00
VAL;2026-09-18 16:13:28.891371;;;WHEEL_POS;72.678,0.00
VAL;2026-09-18 16:13:28.907852;;;WHEEL_POS;72.694,0.00
VAL;2026-09-18 16:13:28.940628;;;WHEEL_POS;72.727,0.00
VAL;2026-09-18 16:13:28.957178;;;WHEEL_POS;72.743,0.00
VAL;2026-09-18 16:13:28.984474;;;WHEEL_POS;72.771,0.00
VAL;2026-09-18 16:13:29.007385;;;WHEEL_POS;72.794,0.00
VAL;2026-09-18 16:13:29.024231;;;WHEEL_POS;72.811,0.00
VAL;2026-09-18 16:13:29.040257;;;WHEEL_POS;72.827,0.00
VAL;2026-09-18 16:13:29.076921;;;WHEEL_POS;72.863,0.00
VAL;2026-09-18 16:13:29.106073;;;WHEEL_POS;72.892,0.00
VAL;2026-09-18 16:13:29.138421;;;WHEEL_POS;72.925,0.00
VAL;2026-09-18 16:13:29.170991;;;WHEEL_POS;72.957,0.00
VAL;2026-09-18 16:13:29.207856;;;WHEEL_POS;72.994,0.00
VAL;2026-09-18 16:13:29.220986;;;WHEEL_POS;73.007,0.00
VAL;2026-09-18 16:13:29.237124;;;WHEEL_POS;73.023,0.00
VAL;2026-09-18 16:13:29.270141;;;WHEEL_POS;73.056,0.00
VAL;2026-09-18 16:13:29.286278;;;WHEEL_POS;73.073,0.00
VAL;2026-09-18 16:13:29.306375;;;WHEEL_POS;73.093,0.00
VAL;2026-09-18 16:13:29.322706;;;WHEEL_POS;73.109,0.00
VAL;2026-09-18 16:13:29.339269;;;WHEEL_POS;73.126,0.00
VAL;2026-09-18 16:13:29.356349;;;WHEEL_POS;73.143,0.00
VAL;2026-09-18 16:13:29.387439;;;WHEEL_POS;73.174,0.00
VAL;2026-09-18 16:13:29.405189;;;WHEEL_POS;73.191,0.00
VAL;2026-09-18 16:13:29.421325;;;WHEEL_POS;73.208,0.00
VAL;2026-09-18 16:13:29.455585;;;WHEEL_POS;73.242,0.00
VAL;2026-09-18 16:13:29.471668;;;WHEEL_POS;73.258,0.00
VAL;2026-09-18 16:13:29.487750;;;WHEEL_POS;73.274,0.00
VAL;2026-09-18 16:13:29.503826;;;WHEEL_POS;73.290,0.00
VAL;2026-09-18 16:13:29.520305;;;WHEEL_POS;73.307,0.00
VAL;2026-09-18 16:13:29.555628;;;WHEEL_POS;73.342,0.00
VAL;2026-09-18 16:13:29.584817;;;WHEEL_POS;73.371,0.00
VAL;2026-09-18 16:13:29.601963;;;WHEEL_POS;73.388,0.00
VAL;2026-09-18 16:13:29.638156;;;WHEEL_POS;73.424,0.00
VAL;2026-09-18 16:13:29.669552;;;WHEEL_POS;73.456,0.00
VAL;2026-09-18 16:13:29.687915;;;WHEEL_POS;73.474,0.00
VAL;2026-09-18 16:13:29.704098;;;WHEEL_POS;73.490,0.00
VAL;2026-09-18 16:13:29.738763;;;WHEEL_POS;73.525,0.00
VAL;2026-09-18 16:13:29.755316;;;WHEEL_POS;73.542,0.00
VAL;2026-09-18 16:13:29.773852;;;WHEEL_POS;73.560,0.00
VAL;2026-09-18 16:13:29.789053;;;WHEEL_POS;73.575,0.00
VAL;2026-09-18 16:13:29.822824;;;WHEEL_POS;73.609,0.00
VAL;2026-09-18 16:13:29.840016;;;WHEEL_POS;73.626,0.00
VAL;2026-09-18 16:13:29.870878;;;WHEEL_POS;73.657,0.00
VAL;2026-09-18 16:13:29.898380;;;WHEEL_POS;73.685,0.00
VAL;2026-09-18 16:13:29.931080;;;WHEEL_POS;73.717,0.00
VAL;2026-09-18 16:13:29.965271;;;WHEEL_POS;73.752,0.00
VAL;2026-09-18 16:13:30.000438;;;WHEEL_POS;73.787,0.00
VAL;2026-09-18 16:13:30.016574;;;WHEEL_POS;73.803,0.00
VAL;2026-09-18 16:13:30.033776;;;WHEEL_POS;73.820,0.00
VAL;2026-09-18 16:13:30.055253;;;WHEEL_POS;73.842,0.00
VAL;2026-09-18 16:13:30.083721;;;WHEEL_POS;73.870,0.00
VAL;2026-09-18 16:13:30.102054;;;WHEEL_POS;73.888,0.00
VAL;2026-09-18 16:13:30.116698;;;WHEEL_POS;73.903,0.00
VAL;2026-09-18 16:13:30.149226;;;WHEEL_POS;73.936,0.00
VAL;2026-09-18 16:13:30.182332;;;WHEEL_POS;73.969,0.00
VAL;2026-09-18 16:13:30.199967;;;WHEEL_POS;73.986,0.00
VAL;2026-09-18 16:13:30.219297;;;WHEEL_POS;74.006,0.00
VAL;2026-09-18 16:13:30.255365;;;WHEEL_POS;74.042,0.00
VAL;2026-09-18 16:13:30.283312;;;WHEEL_POS;74.070,0.00
VAL;2026-09-18 16:13:30.299667;;;WHEEL_POS;74.086,0.00
VAL;2026-09-18 16:13:30.316333;;;WHEEL_POS;74.103,0.00
VAL;2026-09-18 16:13:30.349013;;;WHEEL_POS;74.135,0.00
VAL;2026-09-18 16:13:30.386066;;;WHEEL_POS;74.172,0.00
VAL;2026-09-18 16:13:30.402149;;;WHEEL_POS;74.188,0.00
VAL;2026-09-18 16:13:30.422883;;;WHEEL_POS;74.209,0.00
VAL;2026-09-18 16:13:30.437063;;;WHEEL_POS;74.223,0.00
VAL;2026-09-18 16:13:30.455414;;;WHEEL_POS;74.242,0.00
VAL;2026-09-18 16:13:30.485006;;;WHEEL_POS;74.271,0.00
VAL;2026-09-18 16:13:30.517430;;;WHEEL_POS;74.304,0.00
VAL;2026-09-18 16:13:30.552044;;;WHEEL_POS;74.338,0.00
VAL;2026-09-18 16:13:30.566605;;;WHEEL_POS;74.353,0.00
VAL;2026-09-18 16:13:30.584553;;;WHEEL_POS;74.371,0.00
VAL;2026-09-18 16:13:30.616246;;;WHEEL_POS;74.403,0.00
VAL;2026-09-18 16:13:30.632550;;;WHEEL_POS;74.419,0.00
VAL;2026-09-18 16:13:30.655473;;;WHEEL_POS;74.442,0.00
VAL;2026-09-18 16:13:30.682459;;;WHEEL_POS;74.469,0.00
VAL;2026-09-18 16:13:30.715810;;;WHEEL_POS;74.502,0.00
VAL;2026-09-18 16:13:30.748490;;;WHEEL_POS;74.535,0.00
VAL;2026-09-18 16:13:30.764005;;;WHEEL_POS;74.550,0.00
VAL;2026-09-18 16:13:30.798540;;;WHEEL_POS;74.585,0.00
VAL;2026-09-18 16:13:30.818751;;;WHEEL_POS;74.605,0.00
VAL;2026-09-18 16:13:30.833346;;;WHEEL_POS;74.620,0.00
VAL;2026-09-18 16:13:30.855376;;;WHEEL_POS;74.642,0.00
EVENT;2026-09-18 16:13:30.866931;5.0;;158;Tup
TRANSITION;2026-09-18 16:13:30.866931;5.0;;NoResponse;
EVENT;2026-09-18 16:13:30.866931;5.000100000000001;;158;Tup
TRANSITION;2026-09-18 16:13:30.866931;5.000100000000001;;ITI;
VAL;2026-09-18 16:13:30.887219;;;WHEEL_POS;74.673,0.00
VAL;2026-09-18 16:13:30.900892;;;WHEEL_POS;74.687,0.00
VAL;2026-09-18 16:13:30.917465;;;WHEEL_POS;74.704,0.00
VAL;2026-09-18 16:13:30.949940;;;WHEEL_POS;74.736,0.00
VAL;2026-09-18 16:13:30.966519;;;WHEEL_POS;74.753,0.00
VAL;2026-09-18 16:13:31.004934;;;WHEEL_POS;74.791,0.00
VAL;2026-09-18 16:13:31.032465;;;WHEEL_POS;74.819,0.00
VAL;2026-09-18 16:13:31.055431;;;WHEEL_POS;74.842,0.00
VAL;2026-09-18 16:13:31.082513;;;WHEEL_POS;74.869,0.00
VAL;2026-09-18 16:13:31.099071;;;WHEEL_POS;74.885,0.00
VAL;2026-09-18 16:13:31.120676;;;WHEEL_POS;74.907,0.00
VAL;2026-09-18 16:13:31.147863;;;WHEEL_POS;74.934,0.00
VAL;2026-09-18 16:13:31.163380;;;WHEEL_POS;74.950,0.00
VAL;2026-09-18 16:13:31.197476;;;WHEEL_POS;74.984,0.00
VAL;2026-09-18 16:13:31.233271;;;WHEEL_POS;75.020,0.00
VAL;2026-09-18 16:13:31.248289;;;WHEEL_POS;75.035,0.00
VAL;2026-09-18 16:13:31.281068;;;WHEEL_POS;75.067,0.00
VAL;2026-09-18 16:13:31.297245;;;WHEEL_POS;75.084,0.00
VAL;2026-09-18 16:13:31.333383;;;WHEEL_POS;75.120,0.00
VAL;2026-09-18 16:13:31.349639;;;WHEEL_POS;75.136,0.00
VAL;2026-09-18 16:13:31.366819;;;WHEEL_POS;75.153,0.00
VAL;2026-09-18 16:13:31.399218;;;WHEEL_POS;75.185,0.00
VAL;2026-09-18 16:13:31.415645;;;WHEEL_POS;75.202,0.00
VAL;2026-09-18 16:13:31.432392;;;WHEEL_POS;75.219,0.00
VAL;2026-09-18 16:13:31.450326;;;WHEEL_POS;75.237,0.00
VAL;2026-09-18 16:13:31.469974;;;WHEEL_POS;75.256,0.00
VAL;2026-09-18 16:13:31.498459;;;WHEEL_POS;75.285,0.00
VAL;2026-09-18 16:13:31.532380;;;WHEEL_POS;75.319,0.00
VAL;2026-09-18 16:13:31.574171;;;WHEEL_POS;75.360,0.00
VAL;2026-09-18 16:13:31.588556;;;WHEEL_POS;75.375,0.00
VAL;2026-09-18 16:13:31.604692;;;WHEEL_POS;75.391,0.00
VAL;2026-09-18 16:13:31.635771;;;WHEEL_POS;75.422,0.00
VAL;2026-09-18 16:13:31.655428;;;WHEEL_POS;75.442,0.00
VAL;2026-09-18 16:13:31.673338;;;WHEEL_POS;75.460,0.00
VAL;2026-09-18 16:13:31.686648;;;WHEEL_POS;75.473,0.00
VAL;2026-09-18 16:13:31.701656;;;WHEEL_POS;75.488,0.00
VAL;2026-09-18 16:13:31.736363;;;WHEEL_POS;75.523,0.00
VAL;2026-09-18 16:13:31.770208;;;WHEEL_POS;75.556,0.00
VAL;2026-09-18 16:13:31.788072;;;WHEEL_POS;75.574,0.00
VAL;2026-09-18 16:13:31.821354;;;WHEEL_POS;75.608,0.00
VAL;2026-09-18 16:13:31.853041;;;WHEEL_POS;75.639,0.00
VAL;2026-09-18 16:13:31.872798;;;WHEEL_POS;75.659,0.00
VAL;2026-09-18 16:13:31.890799;;;WHEEL_POS;75.677,0.00
VAL;2026-09-18 16:13:31.921387;;;WHEEL_POS;75.707,0.00
VAL;2026-09-18 16:13:31.938683;;;WHEEL_POS;75.725,0.00
VAL;2026-09-18 16:13:31.955700;;;WHEEL_POS;75.742,0.00
VAL;2026-09-18 16:13:31.970363;;;WHEEL_POS;75.757,0.00
VAL;2026-09-18 16:13:31.985369;;;WHEEL_POS;75.772,0.00
VAL;2026-09-18 16:13:32.038864;;;WHEEL_POS;75.825,0.00
VAL;2026-09-18 16:13:32.058009;;;WHEEL_POS;75.844,0.00
VAL;2026-09-18 16:13:32.090302;;;WHEEL_POS;75.877,0.00
VAL;2026-09-18 16:13:32.106538;;;WHEEL_POS;75.893,0.00
VAL;2026-09-18 16:13:32.139487;;;WHEEL_POS;75.926,0.00
VAL;2026-09-18 16:13:32.157193;;;WHEEL_POS;75.943,0.00
VAL;2026-09-18 16:13:32.173338;;;WHEEL_POS;75.960,0.00
VAL;2026-09-18 16:13:32.189477;;;WHEEL_POS;75.976,0.00
VAL;2026-09-18 16:13:32.226977;;;WHEEL_POS;76.013,0.00
VAL;2026-09-18 16:13:32.257248;;;WHEEL_POS;76.044,0.00
VAL;2026-09-18 16:13:32.273578;;;WHEEL_POS;76.060,0.00
VAL;2026-09-18 16:13:32.289665;;;WHEEL_POS;76.076,0.00
VAL;2026-09-18 16:13:32.305770;;;WHEEL_POS;76.092,0.00
VAL;2026-09-18 16:13:32.321897;;;WHEEL_POS;76.108,0.00
VAL;2026-09-18 16:13:32.355984;;;WHEEL_POS;76.142,0.00
VAL;2026-09-18 16:13:32.371595;;;WHEEL_POS;76.158,0.00
EVENT;2026-09-18 16:13:32.371595;6.500100000000001;;158;Tup
END-TRIAL;2026-09-18 16:13:32.371595;;;The trial ended;
INFO;2026-09-18 16:13:32.371595;79.249031;85.749134;TRIAL-BPOD-TIME;6.500102999999996
STATE;2026-09-18 16:13:32.371595;0;5.0;WheelDotPeriod;5.0
STATE;2026-09-18 16:13:32.371595;5.0;5.000100000000001;NoResponse;0.00010000000000065512
STATE;2026-09-18 16:13:32.371595;5.000100000000001;6.500100000000001;ITI;1.5
STATE;2026-09-18 16:13:32.371595;nan;nan;Reward;nan
STATE;2026-09-18 16:13:32.371595;nan;nan;Consumption;nan
STATE;2026-09-18 16:13:32.371595;nan;nan;ErrorConsumption;nan
STATE;2026-09-18 16:13:32.371595;nan;nan;IncorrectITI;nan
VAL;2026-09-18 16:13:32.459873;;;INCLUDED;False
VAL;2026-09-18 16:13:32.459873;;;CONSUMPTION_LICKED;
VAL;2026-09-18 16:13:32.459873;;;LED_ON_TIME;69.6550874710083
VAL;2026-09-18 16:13:32.459873;;;DOT_ONSET_JITTER_S;0.14844900694594565
VAL;2026-09-18 16:13:32.459873;;;DOT_ONSET_TIME;69.80353647795425
VAL;2026-09-18 16:13:32.459873;;;TIMED_OUT;74.6550874710083
stdout;2026-09-18 16:13:32.459873;;;Trial 14 (repeat): side=R, NoResponse;
stdout;2026-09-18 16:13:32.459873;;;|
|;
VAL;2026-09-18 16:13:32.907446;;;TRIAL_INIT_START;76.69372248649597
VAL;2026-09-18 16:13:32.939067;;;WHEEL_POS;76.725,0.00
VAL;2026-09-18 16:13:32.956738;;;WHEEL_POS;76.743,0.00
VAL;2026-09-18 16:13:32.972150;;;WHEEL_POS;76.758,0.00
VAL;2026-09-18 16:13:32.988762;;;WHEEL_POS;76.775,0.00
VAL;2026-09-18 16:13:33.009355;;;WHEEL_POS;76.796,0.00
VAL;2026-09-18 16:13:33.023123;;;WHEEL_POS;76.809,0.00
VAL;2026-09-18 16:13:33.056826;;;WHEEL_POS;76.843,0.00
VAL;2026-09-18 16:13:33.071044;;;WHEEL_POS;76.857,0.00
VAL;2026-09-18 16:13:33.088210;;;TRIAL_START;76.8573215007782
VAL;2026-09-18 16:13:33.088210;;;QUIESCENCE_BREAKS;0
VAL;2026-09-18 16:13:33.088210;;;TRIAL_TYPE;warmup
VAL;2026-09-18 16:13:33.269122;;;TRIAL_SIDE;R
VAL;2026-09-18 16:13:33.269122;;;CLICK_TIMES_L;
VAL;2026-09-18 16:13:33.269122;;;CLICK_TIMES_R;0.0517,0.0722,0.0893,0.1906,0.2290,0.2440
VAL;2026-09-18 16:13:33.269122;;;N_CLICKS_L;0
VAL;2026-09-18 16:13:33.269122;;;N_CLICKS_R;6
VAL;2026-09-18 16:13:33.269122;;;STIM_SEED;369041260
VAL;2026-09-18 16:13:33.269122;;;CUE_ABORT_THRESHOLD_DEG;10.0
VAL;2026-09-18 16:13:33.269122;;;RESPONSE_THRESHOLD_DEG;35.0
VAL;2026-09-18 16:13:33.269122;;;QUIESCENCE_DUR_S;0.1
VAL;2026-09-18 16:13:33.269122;;;ITI_S;1.5
VAL;2026-09-18 16:13:33.269122;;;CLICK_LEVEL_ATTENUATED;False
stdout;2026-09-18 16:13:33.269122;;;Trial 15 (warmup): side=R, n_L=0, n_R=6;
stdout;2026-09-18 16:13:33.269122;;;|
|;
VAL;2026-09-18 16:13:33.269122;;;SM_SEND_TIME;77.05539917945862
VAL;2026-09-18 16:13:33.269122;;;CUE_ONSET_TIME;77.07639917945862
TRIAL;2026-09-18 16:13:33.269122;;;New trial;
VAL;2026-09-18 16:13:33.280211;;;WHEEL_POS;77.066,0.00
VAL;2026-09-18 16:13:33.301975;;;WHEEL_POS;77.088,0.00
VAL;2026-09-18 16:13:33.318112;;;WHEEL_POS;77.104,0.00
VAL;2026-09-18 16:13:33.337291;;;WHEEL_POS;77.124,0.00
VAL;2026-09-18 16:13:33.357252;;;WHEEL_POS;77.144,0.00
VAL;2026-09-18 16:13:33.369257;;;WHEEL_POS;77.156,0.00
VAL;2026-09-18 16:13:33.404488;;;WHEEL_POS;77.191,0.00
VAL;2026-09-18 16:13:33.419492;;;WHEEL_POS;77.206,0.00
VAL;2026-09-18 16:13:33.457215;;;WHEEL_POS;77.243,0.00
VAL;2026-09-18 16:13:33.486123;;;WHEEL_POS;77.272,0.00
VAL;2026-09-18 16:13:33.502178;;;WHEEL_POS;77.288,0.00
VAL;2026-09-18 16:13:33.520345;;;WHEEL_POS;77.307,0.00
VAL;2026-09-18 16:13:33.536461;;;WHEEL_POS;77.323,0.00
EVENT;2026-09-18 16:13:33.552536;0.271;;158;Tup
TRANSITION;2026-09-18 16:13:33.552536;0.271;;DelayPeriod;
VAL;2026-09-18 16:13:33.552536;;;WHEEL_POS;77.339,0.00
VAL;2026-09-18 16:13:33.570815;;;WHEEL_POS;77.357,0.00
VAL;2026-09-18 16:13:33.585016;;;WHEEL_POS;77.371,0.00
VAL;2026-09-18 16:13:33.617197;;;WHEEL_POS;77.403,0.00
VAL;2026-09-18 16:13:33.633670;;;WHEEL_POS;77.420,0.00
VAL;2026-09-18 16:13:33.649743;;;WHEEL_POS;77.436,0.00
EVENT;2026-09-18 16:13:33.657250;0.3779;;158;Tup
TRANSITION;2026-09-18 16:13:33.657250;0.3779;;CueComplete;
EVENT;2026-09-18 16:13:33.657250;0.378;;158;Tup
END-TRIAL;2026-09-18 16:13:33.657250;;;The trial ended;
INFO;2026-09-18 16:13:33.657250;86.652931;87.030935;TRIAL-BPOD-TIME;0.3780040000000042
STATE;2026-09-18 16:13:33.657250;0;0.271;CuePeriod;0.271
STATE;2026-09-18 16:13:33.657250;0.271;0.3779;DelayPeriod;0.1069
STATE;2026-09-18 16:13:33.657250;0.3779;0.378;CueComplete;9.999999999998899e-05
STATE;2026-09-18 16:13:33.657250;nan;nan;WheelAbort;nan
STATE;2026-09-18 16:13:33.657250;nan;nan;AbortITI;nan
VAL;2026-09-18 16:13:33.665281;;;SM_SEND_TIME;77.45155835151672
TRIAL;2026-09-18 16:13:33.666284;;;New trial;
VAL;2026-09-18 16:13:33.670685;;;WHEEL_POS;77.457,0.00
VAL;2026-09-18 16:13:33.698957;;;WHEEL_POS;77.485,0.00
VAL;2026-09-18 16:13:33.731355;;;WHEEL_POS;77.518,0.00
VAL;2026-09-18 16:13:33.747907;;;WHEEL_POS;77.534,0.00
VAL;2026-09-18 16:13:33.764532;;;WHEEL_POS;77.551,0.00
VAL;2026-09-18 16:13:33.784471;;;WHEEL_POS;77.571,0.00
VAL;2026-09-18 16:13:33.798603;;;WHEEL_POS;77.585,0.00
VAL;2026-09-18 16:13:33.822687;;;WHEEL_POS;77.609,0.00
VAL;2026-09-18 16:13:33.847218;;;WHEEL_POS;77.633,0.00
VAL;2026-09-18 16:13:33.863831;;;WHEEL_POS;77.650,0.00
VAL;2026-09-18 16:13:33.882440;;;WHEEL_POS;77.669,0.00
VAL;2026-09-18 16:13:33.915208;;;WHEEL_POS;77.701,0.00
VAL;2026-09-18 16:13:33.945680;;;WHEEL_POS;77.732,0.00
VAL;2026-09-18 16:13:33.965769;;;WHEEL_POS;77.752,0.00
VAL;2026-09-18 16:13:33.998642;;;WHEEL_POS;77.785,0.00
VAL;2026-09-18 16:13:34.034461;;;WHEEL_POS;77.821,0.00
VAL;2026-09-18 16:13:34.057731;;;WHEEL_POS;77.844,0.00
VAL;2026-09-18 16:13:34.083921;;;WHEEL_POS;77.870,0.00
VAL;2026-09-18 16:13:34.099032;;;WHEEL_POS;77.885,0.00
VAL;2026-09-18 16:13:34.115438;;;WHEEL_POS;77.902,0.00
VAL;2026-09-18 16:13:34.134095;;;WHEEL_POS;77.920,0.00
VAL;2026-09-18 16:13:34.165407;;;WHEEL_POS;77.952,0.00
VAL;2026-09-18 16:13:34.196879;;;WHEEL_POS;77.983,0.00
VAL;2026-09-18 16:13:34.233722;;;WHEEL_POS;78.020,0.00
VAL;2026-09-18 16:13:34.247009;;;WHEEL_POS;78.033,0.00
VAL;2026-09-18 16:13:34.261037;;;WHEEL_POS;78.047,0.00
VAL;2026-09-18 16:13:34.296395;;;WHEEL_POS;78.083,0.00
VAL;2026-09-18 16:13:34.313086;;;WHEEL_POS;78.099,0.00
VAL;2026-09-18 16:13:34.345577;;;WHEEL_POS;78.132,0.00
VAL;2026-09-18 16:13:34.378463;;;WHEEL_POS;78.165,0.00
VAL;2026-09-18 16:13:34.395039;;;WHEEL_POS;78.181,0.00
VAL;2026-09-18 16:13:34.431868;;;WHEEL_POS;78.218,0.00
VAL;2026-09-18 16:13:34.447910;;;WHEEL_POS;78.234,0.00
VAL;2026-09-18 16:13:34.469160;;;WHEEL_POS;78.255,0.00
VAL;2026-09-18 16:13:34.485271;;;WHEEL_POS;78.272,0.00
VAL;2026-09-18 16:13:34.500363;;;WHEEL_POS;78.287,0.00
VAL;2026-09-18 16:13:34.516412;;;WHEEL_POS;78.303,0.00
VAL;2026-09-18 16:13:34.532914;;;WHEEL_POS;78.319,0.00
VAL;2026-09-18 16:13:34.565637;;;WHEEL_POS;78.352,0.00
VAL;2026-09-18 16:13:34.584163;;;WHEEL_POS;78.370,0.00
VAL;2026-09-18 16:13:34.598643;;;WHEEL_POS;78.385,0.00
VAL;2026-09-18 16:13:34.630974;;;WHEEL_POS;78.417,0.00
VAL;2026-09-18 16:13:34.663425;;;WHEEL_POS;78.450,0.00
VAL;2026-09-18 16:13:34.698185;;;WHEEL_POS;78.484,0.00
VAL;2026-09-18 16:13:34.712368;;;WHEEL_POS;78.499,0.00
VAL;2026-09-18 16:13:34.743720;;;WHEEL_POS;78.530,0.00
VAL;2026-09-18 16:13:34.762315;;;WHEEL_POS;78.549,0.00
VAL;2026-09-18 16:13:34.778385;;;WHEEL_POS;78.565,0.00
VAL;2026-09-18 16:13:34.795552;;;WHEEL_POS;78.582,0.00
VAL;2026-09-18 16:13:34.813284;;;WHEEL_POS;78.600,0.00
VAL;2026-09-18 16:13:34.844287;;;WHEEL_POS;78.631,0.00
VAL;2026-09-18 16:13:34.860881;;;WHEEL_POS;78.647,0.00
VAL;2026-09-18 16:13:34.877186;;;WHEEL_POS;78.663,0.00
VAL;2026-09-18 16:13:34.913063;;;WHEEL_POS;78.699,0.00
VAL;2026-09-18 16:13:34.937288;;;WHEEL_POS;78.724,0.00
VAL;2026-09-18 16:13:34.961011;;;WHEEL_POS;78.747,0.00
VAL;2026-09-18 16:13:34.977187;;;WHEEL_POS;78.763,0.00
VAL;2026-09-18 16:13:35.009464;;;WHEEL_POS;78.796,0.00
VAL;2026-09-18 16:13:35.027484;;;WHEEL_POS;78.814,0.00
VAL;2026-09-18 16:13:35.050808;;;WHEEL_POS;78.837,0.00
VAL;2026-09-18 16:13:35.067520;;;WHEEL_POS;78.854,0.00
VAL;2026-09-18 16:13:35.100350;;;WHEEL_POS;78.887,0.00
VAL;2026-09-18 16:13:35.119213;;;WHEEL_POS;78.905,0.00
VAL;2026-09-18 16:13:35.133372;;;WHEEL_POS;78.920,0.00
VAL;2026-09-18 16:13:35.167520;;;WHEEL_POS;78.954,0.00
VAL;2026-09-18 16:13:35.183644;;;WHEEL_POS;78.970,0.00
VAL;2026-09-18 16:13:35.206405;;;WHEEL_POS;78.993,0.00
VAL;2026-09-18 16:13:35.233826;;;WHEEL_POS;79.020,0.00
VAL;2026-09-18 16:13:35.251486;;;WHEEL_POS;79.038,0.00
VAL;2026-09-18 16:13:35.266698;;;WHEEL_POS;79.053,0.00
VAL;2026-09-18 16:13:35.301060;;;WHEEL_POS;79.087,0.00
VAL;2026-09-18 16:13:35.317165;;;WHEEL_POS;79.103,0.00
VAL;2026-09-18 16:13:35.349533;;;WHEEL_POS;79.136,0.00
VAL;2026-09-18 16:13:35.367155;;;WHEEL_POS;79.153,0.00
VAL;2026-09-18 16:13:35.397212;;;WHEEL_POS;79.183,0.00
VAL;2026-09-18 16:13:35.435136;;;WHEEL_POS;79.221,0.00
VAL;2026-09-18 16:13:35.470959;;;WHEEL_POS;79.257,0.00
VAL;2026-09-18 16:13:35.489195;;;WHEEL_POS;79.275,0.00
VAL;2026-09-18 16:13:35.519251;;;WHEEL_POS;79.306,0.00
VAL;2026-09-18 16:13:35.538420;;;WHEEL_POS;79.325,0.00
VAL;2026-09-18 16:13:35.558967;;;WHEEL_POS;79.345,0.00
VAL;2026-09-18 16:13:35.587239;;;WHEEL_POS;79.374,0.00
VAL;2026-09-18 16:13:35.603528;;;WHEEL_POS;79.390,0.00
VAL;2026-09-18 16:13:35.620312;;;WHEEL_POS;79.407,0.00
VAL;2026-09-18 16:13:35.651562;;;WHEEL_POS;79.438,0.00
VAL;2026-09-18 16:13:35.669199;;;WHEEL_POS;79.455,0.00
VAL;2026-09-18 16:13:35.685735;;;WHEEL_POS;79.472,0.00
VAL;2026-09-18 16:13:35.718157;;;WHEEL_POS;79.504,0.00
VAL;2026-09-18 16:13:35.735101;;;WHEEL_POS;79.521,0.00
VAL;2026-09-18 16:13:35.751195;;;WHEEL_POS;79.537,0.00
VAL;2026-09-18 16:13:35.782964;;;WHEEL_POS;79.569,0.00
VAL;2026-09-18 16:13:35.802666;;;WHEEL_POS;79.589,0.00
VAL;2026-09-18 16:13:35.823918;;;WHEEL_POS;79.610,0.00
VAL;2026-09-18 16:13:35.851212;;;WHEEL_POS;79.637,0.00
VAL;2026-09-18 16:13:35.870426;;;WHEEL_POS;79.657,0.00
VAL;2026-09-18 16:13:35.886475;;;WHEEL_POS;79.673,0.00
VAL;2026-09-18 16:13:35.902801;;;WHEEL_POS;79.689,0.00
VAL;2026-09-18 16:13:35.918956;;;WHEEL_POS;79.705,0.00
VAL;2026-09-18 16:13:35.952946;;;WHEEL_POS;79.739,0.00
VAL;2026-09-18 16:13:35.984722;;;WHEEL_POS;79.771,0.00
VAL;2026-09-18 16:13:36.001842;;;WHEEL_POS;79.788,0.00
VAL;2026-09-18 16:13:36.022329;;;WHEEL_POS;79.809,0.00
VAL;2026-09-18 16:13:36.036074;;;WHEEL_POS;79.822,0.00
VAL;2026-09-18 16:13:36.067879;;;WHEEL_POS;79.854,0.00
VAL;2026-09-18 16:13:36.083921;;;WHEEL_POS;79.870,0.00
VAL;2026-09-18 16:13:36.115980;;;WHEEL_POS;79.902,0.00
VAL;2026-09-18 16:13:36.133215;;;WHEEL_POS;79.919,0.00
VAL;2026-09-18 16:13:36.182618;;;WHEEL_POS;79.969,0.00
VAL;2026-09-18 16:13:36.198698;;;WHEEL_POS;79.985,0.00
VAL;2026-09-18 16:13:36.238278;;;WHEEL_POS;80.025,0.00
VAL;2026-09-18 16:13:36.270310;;;WHEEL_POS;80.057,0.00
VAL;2026-09-18 16:13:36.297642;;;WHEEL_POS;80.084,0.00
VAL;2026-09-18 16:13:36.313875;;;WHEEL_POS;80.100,0.00
VAL;2026-09-18 16:13:36.346770;;;WHEEL_POS;80.133,0.00
VAL;2026-09-18 16:13:36.363327;;;WHEEL_POS;80.150,0.00
VAL;2026-09-18 16:13:36.396313;;;WHEEL_POS;80.183,0.00
VAL;2026-09-18 16:13:36.412485;;;WHEEL_POS;80.199,0.00
VAL;2026-09-18 16:13:36.427490;;;WHEEL_POS;80.214,0.00
VAL;2026-09-18 16:13:36.461801;;;WHEEL_POS;80.248,0.00
VAL;2026-09-18 16:13:36.482583;;;WHEEL_POS;80.269,0.00
VAL;2026-09-18 16:13:36.512028;;;WHEEL_POS;80.298,0.00
VAL;2026-09-18 16:13:36.544297;;;WHEEL_POS;80.331,0.00
VAL;2026-09-18 16:13:36.561293;;;WHEEL_POS;80.348,0.00
VAL;2026-09-18 16:13:36.587487;;;WHEEL_POS;80.374,0.00
VAL;2026-09-18 16:13:36.609726;;;WHEEL_POS;80.396,0.00
VAL;2026-09-18 16:13:36.625815;;;WHEEL_POS;80.412,0.00
VAL;2026-09-18 16:13:36.642598;;;WHEEL_POS;80.429,0.00
VAL;2026-09-18 16:13:36.676356;;;WHEEL_POS;80.463,0.00
VAL;2026-09-18 16:13:36.692421;;;WHEEL_POS;80.479,0.00
VAL;2026-09-18 16:13:36.710259;;;WHEEL_POS;80.497,0.00
VAL;2026-09-18 16:13:36.741655;;;WHEEL_POS;80.528,0.00
VAL;2026-09-18 16:13:36.759725;;;WHEEL_POS;80.546,0.00
VAL;2026-09-18 16:13:36.792566;;;WHEEL_POS;80.579,0.00
VAL;2026-09-18 16:13:36.812160;;;WHEEL_POS;80.598,0.00
VAL;2026-09-18 16:13:36.827545;;;WHEEL_POS;80.614,0.00
VAL;2026-09-18 16:13:36.841946;;;WHEEL_POS;80.628,0.00
VAL;2026-09-18 16:13:36.875292;;;WHEEL_POS;80.662,0.00
VAL;2026-09-18 16:13:36.906680;;;WHEEL_POS;80.693,0.00
VAL;2026-09-18 16:13:36.927282;;;WHEEL_POS;80.714,0.00
VAL;2026-09-18 16:13:36.941656;;;WHEEL_POS;80.728,0.00
VAL;2026-09-18 16:13:36.959756;;;WHEEL_POS;80.746,0.00
VAL;2026-09-18 16:13:36.972264;;;WHEEL_POS;80.759,0.00
VAL;2026-09-18 16:13:37.014518;;;WHEEL_POS;80.801,0.00
VAL;2026-09-18 16:13:37.044801;;;WHEEL_POS;80.831,0.00
VAL;2026-09-18 16:13:37.060357;;;WHEEL_POS;80.847,0.00
VAL;2026-09-18 16:13:37.076472;;;WHEEL_POS;80.863,0.00
VAL;2026-09-18 16:13:37.109194;;;WHEEL_POS;80.895,0.00
VAL;2026-09-18 16:13:37.125235;;;WHEEL_POS;80.912,0.00
VAL;2026-09-18 16:13:37.145021;;;WHEEL_POS;80.931,0.00
VAL;2026-09-18 16:13:37.174884;;;WHEEL_POS;80.961,0.00
VAL;2026-09-18 16:13:37.207672;;;WHEEL_POS;80.994,0.00
VAL;2026-09-18 16:13:37.223800;;;WHEEL_POS;81.010,0.00
VAL;2026-09-18 16:13:37.260286;;;WHEEL_POS;81.047,0.00
VAL;2026-09-18 16:13:37.274480;;;WHEEL_POS;81.061,0.00
VAL;2026-09-18 16:13:37.288574;;;WHEEL_POS;81.075,0.00
VAL;2026-09-18 16:13:37.303742;;;WHEEL_POS;81.090,0.00
VAL;2026-09-18 16:13:37.338032;;;WHEEL_POS;81.124,0.00
VAL;2026-09-18 16:13:37.370670;;;WHEEL_POS;81.157,0.00
VAL;2026-09-18 16:13:37.388307;;;WHEEL_POS;81.175,0.00
VAL;2026-09-18 16:13:37.421641;;;WHEEL_POS;81.208,0.00
VAL;2026-09-18 16:13:37.437954;;;WHEEL_POS;81.224,0.00
VAL;2026-09-18 16:13:37.459961;;;WHEEL_POS;81.246,0.00
VAL;2026-09-18 16:13:37.490668;;;WHEEL_POS;81.277,0.00
VAL;2026-09-18 16:13:37.505845;;;WHEEL_POS;81.292,0.00
VAL;2026-09-18 16:13:37.523474;;;WHEEL_POS;81.310,0.00
VAL;2026-09-18 16:13:37.539634;;;WHEEL_POS;81.326,0.00
VAL;2026-09-18 16:13:37.555669;;;WHEEL_POS;81.342,0.00
VAL;2026-09-18 16:13:37.588973;;;WHEEL_POS;81.375,0.00
VAL;2026-09-18 16:13:37.609946;;;WHEEL_POS;81.396,0.00
VAL;2026-09-18 16:13:37.622634;;;WHEEL_POS;81.409,0.00
VAL;2026-09-18 16:13:37.638689;;;WHEEL_POS;81.425,0.00
VAL;2026-09-18 16:13:37.660268;;;WHEEL_POS;81.447,0.00
VAL;2026-09-18 16:13:37.688081;;;WHEEL_POS;81.474,0.00
VAL;2026-09-18 16:13:37.704197;;;WHEEL_POS;81.490,0.00
VAL;2026-09-18 16:13:37.736675;;;WHEEL_POS;81.523,0.00
VAL;2026-09-18 16:13:37.754358;;;WHEEL_POS;81.541,0.00
VAL;2026-09-18 16:13:37.787184;;;WHEEL_POS;81.573,0.00
VAL;2026-09-18 16:13:37.804654;;;WHEEL_POS;81.591,0.00
VAL;2026-09-18 16:13:37.840024;;;WHEEL_POS;81.626,0.00
VAL;2026-09-18 16:13:37.860307;;;WHEEL_POS;81.647,0.00
VAL;2026-09-18 16:13:37.889525;;;WHEEL_POS;81.676,0.00
VAL;2026-09-18 16:13:37.921073;;;WHEEL_POS;81.707,0.00
VAL;2026-09-18 16:13:37.942027;;;WHEEL_POS;81.728,0.00
VAL;2026-09-18 16:13:37.955079;;;WHEEL_POS;81.741,0.00
VAL;2026-09-18 16:13:37.986856;;;WHEEL_POS;81.773,0.00
VAL;2026-09-18 16:13:38.003527;;;WHEEL_POS;81.790,0.00
VAL;2026-09-18 16:13:38.058336;;;WHEEL_POS;81.845,0.00
VAL;2026-09-18 16:13:38.074093;;;WHEEL_POS;81.860,0.00
VAL;2026-09-18 16:13:38.108583;;;WHEEL_POS;81.895,0.00
VAL;2026-09-18 16:13:38.139053;;;WHEEL_POS;81.925,0.00
VAL;2026-09-18 16:13:38.155188;;;WHEEL_POS;81.941,0.00
VAL;2026-09-18 16:13:38.173707;;;WHEEL_POS;81.960,0.00
VAL;2026-09-18 16:13:38.186717;;;WHEEL_POS;81.973,0.00
VAL;2026-09-18 16:13:38.238378;;;WHEEL_POS;82.025,0.00
VAL;2026-09-18 16:13:38.260952;;;WHEEL_POS;82.047,0.00
VAL;2026-09-18 16:13:38.279421;;;WHEEL_POS;82.066,0.00
VAL;2026-09-18 16:13:38.302061;;;WHEEL_POS;82.088,0.00
VAL;2026-09-18 16:13:38.326383;;;WHEEL_POS;82.113,0.00
VAL;2026-09-18 16:13:38.342902;;;WHEEL_POS;82.129,0.00
VAL;2026-09-18 16:13:38.361000;;;WHEEL_POS;82.147,0.00
VAL;2026-09-18 16:13:38.376309;;;WHEEL_POS;82.163,0.00
VAL;2026-09-18 16:13:38.409088;;;WHEEL_POS;82.195,0.00
VAL;2026-09-18 16:13:38.443106;;;WHEEL_POS;82.229,0.00
VAL;2026-09-18 16:13:38.498577;;;WHEEL_POS;82.285,0.00
VAL;2026-09-18 16:13:38.516558;;;WHEEL_POS;82.303,0.00
VAL;2026-09-18 16:13:38.532593;;;WHEEL_POS;82.319,0.00
VAL;2026-09-18 16:13:38.549415;;;WHEEL_POS;82.336,0.00
VAL;2026-09-18 16:13:38.565642;;;WHEEL_POS;82.352,0.00
VAL;2026-09-18 16:13:38.601958;;;WHEEL_POS;82.388,0.00
VAL;2026-09-18 16:13:38.616111;;;WHEEL_POS;82.402,0.00
VAL;2026-09-18 16:13:38.646538;;;WHEEL_POS;82.433,0.00
VAL;2026-09-18 16:13:38.662050;;;WHEEL_POS;82.448,0.00
EVENT;2026-09-18 16:13:38.662050;5.0;;158;Tup
TRANSITION;2026-09-18 16:13:38.662050;5.0;;NoResponse;
EVENT;2026-09-18 16:13:38.662050;5.000100000000001;;158;Tup
TRANSITION;2026-09-18 16:13:38.662050;5.000100000000001;;ITI;
VAL;2026-09-18 16:13:38.680738;;;WHEEL_POS;82.467,0.00
VAL;2026-09-18 16:13:38.697136;;;WHEEL_POS;82.483,0.00
VAL;2026-09-18 16:13:38.731282;;;WHEEL_POS;82.518,0.00
VAL;2026-09-18 16:13:38.745285;;;WHEEL_POS;82.532,0.00
VAL;2026-09-18 16:13:38.778753;;;WHEEL_POS;82.565,0.00
VAL;2026-09-18 16:13:38.798390;;;WHEEL_POS;82.585,0.00
VAL;2026-09-18 16:13:38.816579;;;WHEEL_POS;82.603,0.00
VAL;2026-09-18 16:13:38.834599;;;WHEEL_POS;82.621,0.00
VAL;2026-09-18 16:13:38.866974;;;WHEEL_POS;82.653,0.00
VAL;2026-09-18 16:13:38.899739;;;WHEEL_POS;82.686,0.00
VAL;2026-09-18 16:13:38.915748;;;WHEEL_POS;82.702,0.00
VAL;2026-09-18 16:13:38.931793;;;WHEEL_POS;82.718,0.00
VAL;2026-09-18 16:13:38.950774;;;WHEEL_POS;82.737,0.00
VAL;2026-09-18 16:13:38.980778;;;WHEEL_POS;82.767,0.00
VAL;2026-09-18 16:13:39.000183;;;WHEEL_POS;82.786,0.00
VAL;2026-09-18 16:13:39.027492;;;WHEEL_POS;82.814,0.00
VAL;2026-09-18 16:13:39.063700;;;WHEEL_POS;82.850,0.00
VAL;2026-09-18 16:13:39.077555;;;WHEEL_POS;82.864,0.00
VAL;2026-09-18 16:13:39.111119;;;WHEEL_POS;82.896,0.00
VAL;2026-09-18 16:13:39.126558;;;WHEEL_POS;82.913,0.00
VAL;2026-09-18 16:13:39.162795;;;WHEEL_POS;82.949,0.00
VAL;2026-09-18 16:13:39.179028;;;WHEEL_POS;82.965,0.00
VAL;2026-09-18 16:13:39.214097;;;WHEEL_POS;83.000,0.00
VAL;2026-09-18 16:13:39.239329;;;WHEEL_POS;83.026,0.00
VAL;2026-09-18 16:13:39.261551;;;WHEEL_POS;83.048,0.00
VAL;2026-09-18 16:13:39.285558;;;WHEEL_POS;83.072,0.00
VAL;2026-09-18 16:13:39.309167;;;WHEEL_POS;83.095,0.00
VAL;2026-09-18 16:13:39.332506;;;WHEEL_POS;83.119,0.00
VAL;2026-09-18 16:13:39.348568;;;WHEEL_POS;83.135,0.00
VAL;2026-09-18 16:13:39.365165;;;WHEEL_POS;83.151,0.00
VAL;2026-09-18 16:13:39.400661;;;WHEEL_POS;83.187,0.00
VAL;2026-09-18 16:13:39.413744;;;WHEEL_POS;83.200,0.00
VAL;2026-09-18 16:13:39.429882;;;WHEEL_POS;83.216,0.00
VAL;2026-09-18 16:13:39.445950;;;WHEEL_POS;83.232,0.00
VAL;2026-09-18 16:13:39.479195;;;WHEEL_POS;83.265,0.00
VAL;2026-09-18 16:13:39.495764;;;WHEEL_POS;83.282,0.00
VAL;2026-09-18 16:13:39.525043;;;WHEEL_POS;83.311,0.00
VAL;2026-09-18 16:13:39.561735;;;WHEEL_POS;83.348,0.00
VAL;2026-09-18 16:13:39.589115;;;WHEEL_POS;83.375,0.00
VAL;2026-09-18 16:13:39.624003;;;WHEEL_POS;83.410,0.00
VAL;2026-09-18 16:13:39.638007;;;WHEEL_POS;83.424,0.00
VAL;2026-09-18 16:13:39.672583;;;WHEEL_POS;83.459,0.00
VAL;2026-09-18 16:13:39.688811;;;WHEEL_POS;83.475,0.00
VAL;2026-09-18 16:13:39.709036;;;WHEEL_POS;83.495,0.00
VAL;2026-09-18 16:13:39.743828;;;WHEEL_POS;83.530,0.00
VAL;2026-09-18 16:13:39.755954;;;WHEEL_POS;83.542,0.00
VAL;2026-09-18 16:13:39.776583;;;WHEEL_POS;83.563,0.00
VAL;2026-09-18 16:13:39.789314;;;WHEEL_POS;83.576,0.00
VAL;2026-09-18 16:13:39.822088;;;WHEEL_POS;83.608,0.00
VAL;2026-09-18 16:13:39.842782;;;WHEEL_POS;83.629,0.00
VAL;2026-09-18 16:13:39.861893;;;WHEEL_POS;83.648,0.00
VAL;2026-09-18 16:13:39.891208;;;WHEEL_POS;83.677,0.00
VAL;2026-09-18 16:13:39.907732;;;WHEEL_POS;83.694,0.00
VAL;2026-09-18 16:13:39.922829;;;WHEEL_POS;83.709,0.00
VAL;2026-09-18 16:13:39.962113;;;WHEEL_POS;83.748,0.00
VAL;2026-09-18 16:13:39.973623;;;WHEEL_POS;83.760,0.00
VAL;2026-09-18 16:13:40.006001;;;WHEEL_POS;83.792,0.00
VAL;2026-09-18 16:13:40.042829;;;WHEEL_POS;83.829,0.00
VAL;2026-09-18 16:13:40.063066;;;WHEEL_POS;83.848,0.00
VAL;2026-09-18 16:13:40.077203;;;WHEEL_POS;83.863,0.00
VAL;2026-09-18 16:13:40.091296;;;WHEEL_POS;83.878,0.00
VAL;2026-09-18 16:13:40.110529;;;WHEEL_POS;83.897,0.00
VAL;2026-09-18 16:13:40.125662;;;WHEEL_POS;83.912,0.00
VAL;2026-09-18 16:13:40.142846;;;WHEEL_POS;83.929,0.00
VAL;2026-09-18 16:13:40.162061;;;WHEEL_POS;83.948,0.00
EVENT;2026-09-18 16:13:40.162061;6.500100000000001;;158;Tup
END-TRIAL;2026-09-18 16:13:40.162061;;;The trial ended;
INFO;2026-09-18 16:13:40.162061;87.040931;93.541034;TRIAL-BPOD-TIME;6.500102999999996
STATE;2026-09-18 16:13:40.162061;0;5.0;WheelDotPeriod;5.0
STATE;2026-09-18 16:13:40.174567;5.0;5.000100000000001;NoResponse;0.00010000000000065512
STATE;2026-09-18 16:13:40.174567;5.000100000000001;6.500100000000001;ITI;1.5
STATE;2026-09-18 16:13:40.174829;nan;nan;Reward;nan
STATE;2026-09-18 16:13:40.174829;nan;nan;Consumption;nan
STATE;2026-09-18 16:13:40.174829;nan;nan;ErrorConsumption;nan
STATE;2026-09-18 16:13:40.174829;nan;nan;IncorrectITI;nan
VAL;2026-09-18 16:13:40.175834;;;WHEEL_POS;83.962,0.00
VAL;2026-09-18 16:13:40.262209;;;INCLUDED;False
VAL;2026-09-18 16:13:40.262209;;;CONSUMPTION_LICKED;
VAL;2026-09-18 16:13:40.262209;;;LED_ON_TIME;77.45155835151672
VAL;2026-09-18 16:13:40.262209;;;DOT_ONSET_JITTER_S;0.1693326897900592
VAL;2026-09-18 16:13:40.262209;;;DOT_ONSET_TIME;77.62089104130678
VAL;2026-09-18 16:13:40.262209;;;TIMED_OUT;82.45155835151672
stdout;2026-09-18 16:13:40.262209;;;Trial 15 (warmup): side=R, NoResponse;
stdout;2026-09-18 16:13:40.262209;;;|
|;
VAL;2026-09-18 16:13:40.740912;;;TRIAL_INIT_START;84.52718877792358
VAL;2026-09-18 16:13:40.754995;;;WHEEL_POS;84.541,0.00
VAL;2026-09-18 16:13:40.771557;;;WHEEL_POS;84.558,0.00
VAL;2026-09-18 16:13:40.787875;;;WHEEL_POS;84.574,0.00
VAL;2026-09-18 16:13:40.803994;;;WHEEL_POS;84.590,0.00
VAL;2026-09-18 16:13:40.836364;;;WHEEL_POS;84.623,0.00
VAL;2026-09-18 16:13:40.869328;;;WHEEL_POS;84.656,0.00
VAL;2026-09-18 16:13:40.901763;;;WHEEL_POS;84.688,0.00
VAL;2026-09-18 16:13:40.920706;;;TRIAL_START;84.68804049491882
VAL;2026-09-18 16:13:40.920706;;;QUIESCENCE_BREAKS;0
VAL;2026-09-18 16:13:40.920706;;;TRIAL_TYPE;warmup
VAL;2026-09-18 16:13:41.039935;;;TRIAL_SIDE;L
VAL;2026-09-18 16:13:41.039935;;;CLICK_TIMES_L;0.1135,0.1796
VAL;2026-09-18 16:13:41.039935;;;CLICK_TIMES_R;
VAL;2026-09-18 16:13:41.039935;;;N_CLICKS_L;2
VAL;2026-09-18 16:13:41.039935;;;N_CLICKS_R;0
VAL;2026-09-18 16:13:41.039935;;;STIM_SEED;409596671
VAL;2026-09-18 16:13:41.039935;;;CUE_ABORT_THRESHOLD_DEG;10.0
VAL;2026-09-18 16:13:41.039935;;;RESPONSE_THRESHOLD_DEG;35.0
VAL;2026-09-18 16:13:41.039935;;;QUIESCENCE_DUR_S;0.1
VAL;2026-09-18 16:13:41.039935;;;ITI_S;1.5
VAL;2026-09-18 16:13:41.039935;;;CLICK_LEVEL_ATTENUATED;False
stdout;2026-09-18 16:13:41.039935;;;Trial 16 (warmup): side=L, n_L=2, n_R=0;
stdout;2026-09-18 16:13:41.039935;;;|
|;
VAL;2026-09-18 16:13:41.039935;;;SM_SEND_TIME;84.82621145248413
VAL;2026-09-18 16:13:41.039935;;;CUE_ONSET_TIME;84.84721145248413
TRIAL;2026-09-18 16:13:41.039935;;;New trial;
VAL;2026-09-18 16:13:41.039935;;;WHEEL_POS;84.826,0.00
VAL;2026-09-18 16:13:41.075940;;;WHEEL_POS;84.862,0.00
VAL;2026-09-18 16:13:41.090027;;;WHEEL_POS;84.876,0.00
VAL;2026-09-18 16:13:41.123093;;;WHEEL_POS;84.909,0.00
VAL;2026-09-18 16:13:41.139342;;;WHEEL_POS;84.926,0.00
VAL;2026-09-18 16:13:41.155415;;;WHEEL_POS;84.942,0.00
VAL;2026-09-18 16:13:41.175664;;;WHEEL_POS;84.962,0.00
VAL;2026-09-18 16:13:41.204917;;;WHEEL_POS;84.991,0.00
VAL;2026-09-18 16:13:41.221033;;;WHEEL_POS;85.007,0.00
VAL;2026-09-18 16:13:41.253849;;;WHEEL_POS;85.040,0.00
VAL;2026-09-18 16:13:41.270092;;;WHEEL_POS;85.056,0.00
VAL;2026-09-18 16:13:41.305387;;;WHEEL_POS;85.092,0.00
EVENT;2026-09-18 16:13:41.320524;0.271;;158;Tup
TRANSITION;2026-09-18 16:13:41.320524;0.271;;DelayPeriod;
VAL;2026-09-18 16:13:41.320524;;;WHEEL_POS;85.107,0.00
VAL;2026-09-18 16:13:41.334528;;;WHEEL_POS;85.121,0.00
VAL;2026-09-18 16:13:41.352652;;;WHEEL_POS;85.139,0.00
VAL;2026-09-18 16:13:41.369378;;;WHEEL_POS;85.156,0.00
VAL;2026-09-18 16:13:41.386026;;;WHEEL_POS;85.172,0.00
VAL;2026-09-18 16:13:41.405994;;;WHEEL_POS;85.192,0.00
VAL;2026-09-18 16:13:41.435294;;;WHEEL_POS;85.222,0.00
VAL;2026-09-18 16:13:41.452934;;;WHEEL_POS;85.239,0.00
VAL;2026-09-18 16:13:41.469595;;;WHEEL_POS;85.256,0.00
VAL;2026-09-18 16:13:41.485664;;;WHEEL_POS;85.272,0.00
EVENT;2026-09-18 16:13:41.485664;0.443;;158;Tup
TRANSITION;2026-09-18 16:13:41.485664;0.443;;CueComplete;
EVENT;2026-09-18 16:13:41.485664;0.4431;;158;Tup
END-TRIAL;2026-09-18 16:13:41.485664;;;The trial ended;
INFO;2026-09-18 16:13:41.485664;94.417831;94.860935;TRIAL-BPOD-TIME;0.44310399999999106
STATE;2026-09-18 16:13:41.485664;0;0.271;CuePeriod;0.271
STATE;2026-09-18 16:13:41.485664;0.271;0.443;DelayPeriod;0.172
STATE;2026-09-18 16:13:41.485664;0.443;0.4431;CueComplete;9.999999999998899e-05
STATE;2026-09-18 16:13:41.485664;nan;nan;WheelAbort;nan
STATE;2026-09-18 16:13:41.485664;nan;nan;AbortITI;nan
VAL;2026-09-18 16:13:41.500684;;;SM_SEND_TIME;85.28696131706238
TRIAL;2026-09-18 16:13:41.501706;;;New trial;
VAL;2026-09-18 16:13:41.501706;;;WHEEL_POS;85.288,0.00
VAL;2026-09-18 16:13:41.535078;;;WHEEL_POS;85.321,0.00
VAL;2026-09-18 16:13:41.567855;;;WHEEL_POS;85.354,0.00
VAL;2026-09-18 16:13:41.583936;;;WHEEL_POS;85.370,0.00
VAL;2026-09-18 16:13:41.619761;;;WHEEL_POS;85.406,0.00
VAL;2026-09-18 16:13:41.648377;;;WHEEL_POS;85.435,0.00
VAL;2026-09-18 16:13:41.681846;;;WHEEL_POS;85.468,0.00
VAL;2026-09-18 16:13:41.697967;;;WHEEL_POS;85.484,0.00
VAL;2026-09-18 16:13:41.728503;;;WHEEL_POS;85.515,0.00
VAL;2026-09-18 16:13:41.764831;;;WHEEL_POS;85.551,0.00
VAL;2026-09-18 16:13:41.780521;;;WHEEL_POS;85.567,0.00
VAL;2026-09-18 16:13:41.797030;;;WHEEL_POS;85.583,0.00
VAL;2026-09-18 16:13:41.831710;;;WHEEL_POS;85.618,0.00
VAL;2026-09-18 16:13:41.864677;;;WHEEL_POS;85.651,0.00
VAL;2026-09-18 16:13:41.895471;;;WHEEL_POS;85.682,0.00
VAL;2026-09-18 16:13:41.911552;;;WHEEL_POS;85.698,0.00
VAL;2026-09-18 16:13:41.926617;;;WHEEL_POS;85.713,0.00
VAL;2026-09-18 16:13:41.960938;;;WHEEL_POS;85.747,0.00
VAL;2026-09-18 16:13:41.979243;;;WHEEL_POS;85.766,0.00
VAL;2026-09-18 16:13:42.002840;;;WHEEL_POS;85.789,0.00
VAL;2026-09-18 16:13:42.028535;;;WHEEL_POS;85.815,0.00
VAL;2026-09-18 16:13:42.044609;;;WHEEL_POS;85.831,0.00
VAL;2026-09-18 16:13:42.060666;;;WHEEL_POS;85.847,0.00
VAL;2026-09-18 16:13:42.077310;;;WHEEL_POS;85.864,0.00
VAL;2026-09-18 16:13:42.110868;;;WHEEL_POS;85.897,0.00
VAL;2026-09-18 16:13:42.127326;;;WHEEL_POS;85.914,0.00
VAL;2026-09-18 16:13:42.143667;;;WHEEL_POS;85.930,0.00
VAL;2026-09-18 16:13:42.180856;;;WHEEL_POS;85.967,0.00
VAL;2026-09-18 16:13:42.210896;;;WHEEL_POS;85.997,0.00
VAL;2026-09-18 16:13:42.225939;;;WHEEL_POS;86.012,0.00
VAL;2026-09-18 16:13:42.260434;;;WHEEL_POS;86.047,0.00
VAL;2026-09-18 16:13:42.277037;;;WHEEL_POS;86.063,0.00
VAL;2026-09-18 16:13:42.311530;;;WHEEL_POS;86.098,0.00
VAL;2026-09-18 16:13:42.341782;;;WHEEL_POS;86.128,0.00
VAL;2026-09-18 16:13:42.365394;;;WHEEL_POS;86.152,0.00
VAL;2026-09-18 16:13:42.390660;;;WHEEL_POS;86.177,0.00
VAL;2026-09-18 16:13:42.410909;;;WHEEL_POS;86.197,0.00
VAL;2026-09-18 16:13:42.438161;;;WHEEL_POS;86.224,0.00
VAL;2026-09-18 16:13:42.473146;;;WHEEL_POS;86.259,0.00
VAL;2026-09-18 16:13:42.489211;;;WHEEL_POS;86.275,0.00
VAL;2026-09-18 16:13:42.523739;;;WHEEL_POS;86.310,0.00
VAL;2026-09-18 16:13:42.541255;;;WHEEL_POS;86.328,0.00
VAL;2026-09-18 16:13:42.556522;;;WHEEL_POS;86.343,0.00
VAL;2026-09-18 16:13:42.573390;;;WHEEL_POS;86.360,0.00
VAL;2026-09-18 16:13:42.589478;;;WHEEL_POS;86.376,0.00
VAL;2026-09-18 16:13:42.604483;;;WHEEL_POS;86.391,0.00
VAL;2026-09-18 16:13:42.640435;;;WHEEL_POS;86.427,0.00
VAL;2026-09-18 16:13:42.658786;;;WHEEL_POS;86.445,0.00
VAL;2026-09-18 16:13:42.672972;;;WHEEL_POS;86.459,0.00
VAL;2026-09-18 16:13:42.689155;;;WHEEL_POS;86.475,0.00
VAL;2026-09-18 16:13:42.724047;;;WHEEL_POS;86.510,0.00
VAL;2026-09-18 16:13:42.737052;;;WHEEL_POS;86.523,0.00
VAL;2026-09-18 16:13:42.770398;;;WHEEL_POS;86.557,0.00
VAL;2026-09-18 16:13:42.786624;;;WHEEL_POS;86.573,0.00
VAL;2026-09-18 16:13:42.819048;;;WHEEL_POS;86.605,0.00
VAL;2026-09-18 16:13:42.851726;;;WHEEL_POS;86.638,0.00
VAL;2026-09-18 16:13:42.870284;;;WHEEL_POS;86.657,0.00
VAL;2026-09-18 16:13:42.900440;;;WHEEL_POS;86.687,0.00
VAL;2026-09-18 16:13:42.916503;;;WHEEL_POS;86.703,0.00
VAL;2026-09-18 16:13:42.932436;;;WHEEL_POS;86.719,0.00
VAL;2026-09-18 16:13:42.966135;;;WHEEL_POS;86.752,0.00
VAL;2026-09-18 16:13:42.984272;;;WHEEL_POS;86.771,0.00
VAL;2026-09-18 16:13:43.014146;;;WHEEL_POS;86.800,0.00
VAL;2026-09-18 16:13:43.067560;;;WHEEL_POS;86.854,0.00
VAL;2026-09-18 16:13:43.087267;;;WHEEL_POS;86.874,0.00
VAL;2026-09-18 16:13:43.106107;;;WHEEL_POS;86.892,0.00
VAL;2026-09-18 16:13:43.126663;;;WHEEL_POS;86.913,0.00
VAL;2026-09-18 16:13:43.154128;;;WHEEL_POS;86.940,0.00
VAL;2026-09-18 16:13:43.186930;;;WHEEL_POS;86.973,0.00
VAL;2026-09-18 16:13:43.206987;;;WHEEL_POS;86.993,0.00
VAL;2026-09-18 16:13:43.253177;;;WHEEL_POS;87.039,0.00
VAL;2026-09-18 16:13:43.270134;;;WHEEL_POS;87.056,0.00
VAL;2026-09-18 16:13:43.286206;;;WHEEL_POS;87.072,0.00
VAL;2026-09-18 16:13:43.306304;;;WHEEL_POS;87.093,0.00
VAL;2026-09-18 16:13:43.320873;;;WHEEL_POS;87.107,0.00
VAL;2026-09-18 16:13:43.352151;;;WHEEL_POS;87.138,0.00
VAL;2026-09-18 16:13:43.369338;;;WHEEL_POS;87.156,0.00
VAL;2026-09-18 16:13:43.385742;;;WHEEL_POS;87.172,0.00
VAL;2026-09-18 16:13:43.421984;;;WHEEL_POS;87.208,0.00
VAL;2026-09-18 16:13:43.437774;;;WHEEL_POS;87.224,0.00
VAL;2026-09-18 16:13:43.450825;;;WHEEL_POS;87.237,0.00
VAL;2026-09-18 16:13:43.484517;;;WHEEL_POS;87.271,0.00
VAL;2026-09-18 16:13:43.515803;;;WHEEL_POS;87.302,0.00
VAL;2026-09-18 16:13:43.533028;;;WHEEL_POS;87.319,0.00
VAL;2026-09-18 16:13:43.583036;;;WHEEL_POS;87.369,0.00
VAL;2026-09-18 16:13:43.600697;;;WHEEL_POS;87.387,0.00
VAL;2026-09-18 16:13:43.616787;;;WHEEL_POS;87.403,0.00
VAL;2026-09-18 16:13:43.635346;;;WHEEL_POS;87.422,0.00
VAL;2026-09-18 16:13:43.650527;;;WHEEL_POS;87.437,0.00
VAL;2026-09-18 16:13:43.682181;;;WHEEL_POS;87.468,0.00
VAL;2026-09-18 16:13:43.698245;;;WHEEL_POS;87.485,0.00
VAL;2026-09-18 16:13:43.714480;;;WHEEL_POS;87.501,0.00
VAL;2026-09-18 16:13:43.746879;;;WHEEL_POS;87.533,0.00
VAL;2026-09-18 16:13:43.766855;;;WHEEL_POS;87.553,0.00
VAL;2026-09-18 16:13:43.796169;;;WHEEL_POS;87.582,0.00
VAL;2026-09-18 16:13:43.828384;;;WHEEL_POS;87.615,0.00
VAL;2026-09-18 16:13:43.845306;;;WHEEL_POS;87.632,0.00
VAL;2026-09-18 16:13:43.866755;;;WHEEL_POS;87.653,0.00
VAL;2026-09-18 16:13:43.895468;;;WHEEL_POS;87.682,0.00
VAL;2026-09-18 16:13:43.911530;;;WHEEL_POS;87.698,0.00
VAL;2026-09-18 16:13:43.928910;;;WHEEL_POS;87.715,0.00
VAL;2026-09-18 16:13:43.960055;;;WHEEL_POS;87.746,0.00
VAL;2026-09-18 16:13:43.979531;;;WHEEL_POS;87.766,0.00
VAL;2026-09-18 16:13:44.010204;;;WHEEL_POS;87.796,0.00
VAL;2026-09-18 16:13:44.042826;;;WHEEL_POS;87.829,0.00
VAL;2026-09-18 16:13:44.059817;;;WHEEL_POS;87.846,0.00
VAL;2026-09-18 16:13:44.095570;;;WHEEL_POS;87.882,0.00
VAL;2026-09-18 16:13:44.128623;;;WHEEL_POS;87.915,0.00
VAL;2026-09-18 16:13:44.143197;;;WHEEL_POS;87.929,0.00
VAL;2026-09-18 16:13:44.159304;;;WHEEL_POS;87.946,0.00
VAL;2026-09-18 16:13:44.193221;;;WHEEL_POS;87.979,0.00
VAL;2026-09-18 16:13:44.213027;;;WHEEL_POS;87.999,0.00
VAL;2026-09-18 16:13:44.226360;;;WHEEL_POS;88.013,0.00
VAL;2026-09-18 16:13:44.252739;;;WHEEL_POS;88.039,0.00
VAL;2026-09-18 16:13:44.276428;;;WHEEL_POS;88.063,0.00
VAL;2026-09-18 16:13:44.292486;;;WHEEL_POS;88.079,0.00
VAL;2026-09-18 16:13:44.312179;;;WHEEL_POS;88.098,0.00
VAL;2026-09-18 16:13:44.328856;;;WHEEL_POS;88.115,0.00
VAL;2026-09-18 16:13:44.356971;;;WHEEL_POS;88.143,0.00
VAL;2026-09-18 16:13:44.373542;;;WHEEL_POS;88.160,0.00
VAL;2026-09-18 16:13:44.391510;;;WHEEL_POS;88.178,0.00
VAL;2026-09-18 16:13:44.427789;;;WHEEL_POS;88.214,0.00
VAL;2026-09-18 16:13:44.457197;;;WHEEL_POS;88.243,0.00
VAL;2026-09-18 16:13:44.490510;;;WHEEL_POS;88.277,0.00
VAL;2026-09-18 16:13:44.522870;;;WHEEL_POS;88.309,0.00
VAL;2026-09-18 16:13:44.539028;;;WHEEL_POS;88.325,0.00
VAL;2026-09-18 16:13:44.571206;;;WHEEL_POS;88.357,0.00
VAL;2026-09-18 16:13:44.614303;;;WHEEL_POS;88.401,0.00
VAL;2026-09-18 16:13:44.652102;;;WHEEL_POS;88.438,0.00
VAL;2026-09-18 16:13:44.681584;;;WHEEL_POS;88.468,0.00
VAL;2026-09-18 16:13:44.697942;;;WHEEL_POS;88.484,0.00
VAL;2026-09-18 16:13:44.714983;;;WHEEL_POS;88.501,0.00
VAL;2026-09-18 16:13:44.747555;;;WHEEL_POS;88.534,0.00
VAL;2026-09-18 16:13:44.767817;;;WHEEL_POS;88.554,0.00
VAL;2026-09-18 16:13:44.782220;;;WHEEL_POS;88.568,0.00
VAL;2026-09-18 16:13:44.796316;;;WHEEL_POS;88.583,0.00
VAL;2026-09-18 16:13:44.833783;;;WHEEL_POS;88.620,0.00
VAL;2026-09-18 16:13:44.847783;;;WHEEL_POS;88.634,0.00
VAL;2026-09-18 16:13:44.879382;;;WHEEL_POS;88.666,0.00
VAL;2026-09-18 16:13:44.898071;;;WHEEL_POS;88.684,0.00
VAL;2026-09-18 16:13:44.915166;;;WHEEL_POS;88.701,0.00
VAL;2026-09-18 16:13:44.931259;;;WHEEL_POS;88.718,0.00
VAL;2026-09-18 16:13:44.947753;;;WHEEL_POS;88.734,0.00
VAL;2026-09-18 16:13:44.983004;;;WHEEL_POS;88.769,0.00
VAL;2026-09-18 16:13:45.004248;;;WHEEL_POS;88.791,0.00
VAL;2026-09-18 16:13:45.034701;;;WHEEL_POS;88.821,0.00
VAL;2026-09-18 16:13:45.067393;;;WHEEL_POS;88.854,0.00
VAL;2026-09-18 16:13:45.083821;;;WHEEL_POS;88.870,0.00
VAL;2026-09-18 16:13:45.118061;;;WHEEL_POS;88.904,0.00
VAL;2026-09-18 16:13:45.149322;;;WHEEL_POS;88.936,0.00
VAL;2026-09-18 16:13:45.169311;;;WHEEL_POS;88.956,0.00
VAL;2026-09-18 16:13:45.185314;;;WHEEL_POS;88.972,0.00
VAL;2026-09-18 16:13:45.204319;;;WHEEL_POS;88.991,0.00
VAL;2026-09-18 16:13:45.220826;;;WHEEL_POS;89.007,0.00
VAL;2026-09-18 16:13:45.236830;;;WHEEL_POS;89.023,0.00
VAL;2026-09-18 16:13:45.256834;;;WHEEL_POS;89.043,0.00
VAL;2026-09-18 16:13:45.279344;;;WHEEL_POS;89.066,0.00
VAL;2026-09-18 16:13:45.295348;;;WHEEL_POS;89.082,0.00
VAL;2026-09-18 16:13:45.315352;;;WHEEL_POS;89.102,0.00
VAL;2026-09-18 16:13:45.339861;;;WHEEL_POS;89.126,0.00
VAL;2026-09-18 16:13:45.355865;;;WHEEL_POS;89.142,0.00
VAL;2026-09-18 16:13:45.375870;;;WHEEL_POS;89.162,0.00
VAL;2026-09-18 16:13:45.392376;;;WHEEL_POS;89.179,0.00
VAL;2026-09-18 16:13:45.408380;;;WHEEL_POS;89.195,0.00
VAL;2026-09-18 16:13:45.424384;;;WHEEL_POS;89.211,0.00
VAL;2026-09-18 16:13:45.443390;;;WHEEL_POS;89.230,0.00
VAL;2026-09-18 16:13:45.461392;;;WHEEL_POS;89.248,0.00
VAL;2026-09-18 16:13:45.477396;;;WHEEL_POS;89.264,0.00
VAL;2026-09-18 16:13:45.495401;;;WHEEL_POS;89.282,0.00
VAL;2026-09-18 16:13:45.519407;;;WHEEL_POS;89.306,0.00
VAL;2026-09-18 16:13:45.533031;;;WHEEL_POS;89.319,0.00
VAL;2026-09-18 16:13:45.548977;;;WHEEL_POS;89.335,0.00
VAL;2026-09-18 16:13:45.568459;;;WHEEL_POS;89.355,0.00
VAL;2026-09-18 16:13:45.593822;;;WHEEL_POS;89.380,0.00
VAL;2026-09-18 16:13:45.628512;;;WHEEL_POS;89.415,0.00
VAL;2026-09-18 16:13:45.644598;;;WHEEL_POS;89.431,0.00
VAL;2026-09-18 16:13:45.661890;;;WHEEL_POS;89.448,0.00
VAL;2026-09-18 16:13:45.694913;;;WHEEL_POS;89.481,0.00
VAL;2026-09-18 16:13:45.712594;;;WHEEL_POS;89.499,0.00
VAL;2026-09-18 16:13:45.733284;;;WHEEL_POS;89.520,0.00
VAL;2026-09-18 16:13:45.762675;;;WHEEL_POS;89.549,0.00
VAL;2026-09-18 16:13:45.780959;;;WHEEL_POS;89.567,0.00
VAL;2026-09-18 16:13:45.795766;;;WHEEL_POS;89.582,0.00
VAL;2026-09-18 16:13:45.828064;;;WHEEL_POS;89.614,0.00
VAL;2026-09-18 16:13:45.860711;;;WHEEL_POS;89.647,0.00
VAL;2026-09-18 16:13:45.894845;;;WHEEL_POS;89.681,0.00
VAL;2026-09-18 16:13:45.909917;;;WHEEL_POS;89.696,0.00
VAL;2026-09-18 16:13:45.926204;;;WHEEL_POS;89.712,0.00
VAL;2026-09-18 16:13:45.958562;;;WHEEL_POS;89.745,0.00
VAL;2026-09-18 16:13:45.975494;;;WHEEL_POS;89.762,0.00
VAL;2026-09-18 16:13:45.997314;;;WHEEL_POS;89.784,0.00
VAL;2026-09-18 16:13:46.025747;;;WHEEL_POS;89.812,0.00
VAL;2026-09-18 16:13:46.041824;;;WHEEL_POS;89.828,0.00
VAL;2026-09-18 16:13:46.057997;;;WHEEL_POS;89.844,0.00
VAL;2026-09-18 16:13:46.091073;;;WHEEL_POS;89.877,0.00
VAL;2026-09-18 16:13:46.126151;;;WHEEL_POS;89.912,0.00
VAL;2026-09-18 16:13:46.156362;;;WHEEL_POS;89.943,0.00
VAL;2026-09-18 16:13:46.172955;;;WHEEL_POS;89.959,0.00
VAL;2026-09-18 16:13:46.206653;;;WHEEL_POS;89.993,0.00
VAL;2026-09-18 16:13:46.226004;;;WHEEL_POS;90.012,0.00
VAL;2026-09-18 16:13:46.241128;;;WHEEL_POS;90.027,0.00
VAL;2026-09-18 16:13:46.272750;;;WHEEL_POS;90.059,0.00
VAL;2026-09-18 16:13:46.289255;;;WHEEL_POS;90.076,0.00
VAL;2026-09-18 16:13:46.305334;;;WHEEL_POS;90.092,0.00
VAL;2026-09-18 16:13:46.325330;;;WHEEL_POS;90.112,0.00
VAL;2026-09-18 16:13:46.339763;;;WHEEL_POS;90.126,0.00
VAL;2026-09-18 16:13:46.368611;;;WHEEL_POS;90.155,0.00
VAL;2026-09-18 16:13:46.406616;;;WHEEL_POS;90.193,0.00
VAL;2026-09-18 16:13:46.422815;;;WHEEL_POS;90.209,0.00
VAL;2026-09-18 16:13:46.471853;;;WHEEL_POS;90.258,0.00
VAL;2026-09-18 16:13:46.487938;;;WHEEL_POS;90.274,0.00
EVENT;2026-09-18 16:13:46.504772;5.0;;158;Tup
TRANSITION;2026-09-18 16:13:46.504772;5.0;;NoResponse;
EVENT;2026-09-18 16:13:46.504772;5.000100000000001;;158;Tup
TRANSITION;2026-09-18 16:13:46.504772;5.000100000000001;;ITI;
VAL;2026-09-18 16:13:46.504772;;;WHEEL_POS;90.291,0.00
VAL;2026-09-18 16:13:46.520841;;;WHEEL_POS;90.307,0.00
VAL;2026-09-18 16:13:46.553277;;;WHEEL_POS;90.340,0.00
VAL;2026-09-18 16:13:46.572126;;;WHEEL_POS;90.358,0.00
VAL;2026-09-18 16:13:46.585129;;;WHEEL_POS;90.371,0.00
VAL;2026-09-18 16:13:46.616385;;;WHEEL_POS;90.403,0.00
VAL;2026-09-18 16:13:46.658710;;;WHEEL_POS;90.445,0.00
VAL;2026-09-18 16:13:46.677497;;;WHEEL_POS;90.464,0.00
VAL;2026-09-18 16:13:46.707675;;;WHEEL_POS;90.494,0.00
VAL;2026-09-18 16:13:46.724616;;;WHEEL_POS;90.511,0.00
VAL;2026-09-18 16:13:46.740937;;;WHEEL_POS;90.527,0.00
VAL;2026-09-18 16:13:46.774610;;;WHEEL_POS;90.561,0.00
VAL;2026-09-18 16:13:46.792837;;;WHEEL_POS;90.579,0.00
VAL;2026-09-18 16:13:46.807032;;;WHEEL_POS;90.593,0.00
VAL;2026-09-18 16:13:46.840291;;;WHEEL_POS;90.627,0.00
VAL;2026-09-18 16:13:46.856497;;;WHEEL_POS;90.643,0.00
VAL;2026-09-18 16:13:46.873758;;;WHEEL_POS;90.660,0.00
VAL;2026-09-18 16:13:46.906998;;;WHEEL_POS;90.693,0.00
VAL;2026-09-18 16:13:46.939080;;;WHEEL_POS;90.725,0.00
VAL;2026-09-18 16:13:46.971287;;;WHEEL_POS;90.758,0.00
VAL;2026-09-18 16:13:46.987372;;;WHEEL_POS;90.774,0.00
VAL;2026-09-18 16:13:47.003669;;;WHEEL_POS;90.790,0.00
VAL;2026-09-18 16:13:47.038471;;;WHEEL_POS;90.825,0.00
VAL;2026-09-18 16:13:47.054611;;;WHEEL_POS;90.841,0.00
VAL;2026-09-18 16:13:47.071319;;;WHEEL_POS;90.858,0.00
VAL;2026-09-18 16:13:47.103455;;;WHEEL_POS;90.890,0.00
VAL;2026-09-18 16:13:47.123572;;;WHEEL_POS;90.910,0.00
VAL;2026-09-18 16:13:47.149776;;;WHEEL_POS;90.936,0.00
VAL;2026-09-18 16:13:47.163991;;;WHEEL_POS;90.950,0.00
VAL;2026-09-18 16:13:47.180533;;;WHEEL_POS;90.967,0.00
VAL;2026-09-18 16:13:47.196855;;;WHEEL_POS;90.983,0.00
VAL;2026-09-18 16:13:47.218202;;;WHEEL_POS;91.004,0.00
VAL;2026-09-18 16:13:47.248758;;;WHEEL_POS;91.035,0.00
VAL;2026-09-18 16:13:47.262071;;;WHEEL_POS;91.048,0.00
VAL;2026-09-18 16:13:47.293932;;;WHEEL_POS;91.080,0.00
VAL;2026-09-18 16:13:47.328513;;;WHEEL_POS;91.115,0.00
VAL;2026-09-18 16:13:47.349564;;;WHEEL_POS;91.136,0.00
VAL;2026-09-18 16:13:47.377573;;;WHEEL_POS;91.164,0.00
VAL;2026-09-18 16:13:47.393663;;;WHEEL_POS;91.180,0.00
VAL;2026-09-18 16:13:47.410147;;;WHEEL_POS;91.196,0.00
VAL;2026-09-18 16:13:47.442747;;;WHEEL_POS;91.229,0.00
VAL;2026-09-18 16:13:47.461038;;;WHEEL_POS;91.247,0.00
VAL;2026-09-18 16:13:47.474061;;;WHEEL_POS;91.260,0.00
VAL;2026-09-18 16:13:47.507987;;;WHEEL_POS;91.294,0.00
VAL;2026-09-18 16:13:47.540397;;;WHEEL_POS;91.327,0.00
VAL;2026-09-18 16:13:47.575520;;;WHEEL_POS;91.362,0.00
VAL;2026-09-18 16:13:47.589546;;;WHEEL_POS;91.376,0.00
VAL;2026-09-18 16:13:47.605909;;;WHEEL_POS;91.392,0.00
VAL;2026-09-18 16:13:47.637171;;;WHEEL_POS;91.423,0.00
VAL;2026-09-18 16:13:47.658175;;;WHEEL_POS;91.444,0.00
VAL;2026-09-18 16:13:47.675682;;;WHEEL_POS;91.462,0.00
VAL;2026-09-18 16:13:47.691189;;;WHEEL_POS;91.477,0.00
VAL;2026-09-18 16:13:47.717195;;;WHEEL_POS;91.503,0.00
VAL;2026-09-18 16:13:47.733199;;;WHEEL_POS;91.519,0.00
VAL;2026-09-18 16:13:47.749202;;;WHEEL_POS;91.535,0.00
VAL;2026-09-18 16:13:47.770208;;;WHEEL_POS;91.555,0.00
VAL;2026-09-18 16:13:47.786211;;;WHEEL_POS;91.572,0.00
VAL;2026-09-18 16:13:47.803215;;;WHEEL_POS;91.589,0.00
VAL;2026-09-18 16:13:47.819218;;;WHEEL_POS;91.605,0.00
VAL;2026-09-18 16:13:47.837726;;;WHEEL_POS;91.624,0.00
VAL;2026-09-18 16:13:47.853730;;;WHEEL_POS;91.640,0.00
VAL;2026-09-18 16:13:47.869733;;;WHEEL_POS;91.656,0.00
VAL;2026-09-18 16:13:47.894742;;;WHEEL_POS;91.681,0.00
VAL;2026-09-18 16:13:47.911742;;;WHEEL_POS;91.698,0.00
VAL;2026-09-18 16:13:47.927746;;;WHEEL_POS;91.714,0.00
VAL;2026-09-18 16:13:47.953752;;;WHEEL_POS;91.740,0.00
VAL;2026-09-18 16:13:47.969755;;;WHEEL_POS;91.756,0.00
VAL;2026-09-18 16:13:47.985261;;;WHEEL_POS;91.772,0.00
VAL;2026-09-18 16:13:48.007268;;;WHEEL_POS;91.793,0.00
EVENT;2026-09-18 16:13:48.015269;6.500100000000001;;158;Tup
END-TRIAL;2026-09-18 16:13:48.015269;;;The trial ended;
INFO;2026-09-18 16:13:48.015269;94.875831;101.375934;TRIAL-BPOD-TIME;6.500102999999996
STATE;2026-09-18 16:13:48.015269;0;5.0;WheelDotPeriod;5.0
STATE;2026-09-18 16:13:48.015269;5.0;5.000100000000001;NoResponse;0.00010000000000065512
STATE;2026-09-18 16:13:48.015269;5.000100000000001;6.500100000000001;ITI;1.5
STATE;2026-09-18 16:13:48.015269;nan;nan;Reward;nan
STATE;2026-09-18 16:13:48.015269;nan;nan;Consumption;nan
STATE;2026-09-18 16:13:48.015269;nan;nan;ErrorConsumption;nan
STATE;2026-09-18 16:13:48.016270;nan;nan;IncorrectITI;nan
VAL;2026-09-18 16:13:48.081789;;;INCLUDED;False
VAL;2026-09-18 16:13:48.081789;;;CONSUMPTION_LICKED;
VAL;2026-09-18 16:13:48.081789;;;LED_ON_TIME;85.28696131706238
VAL;2026-09-18 16:13:48.081789;;;DOT_ONSET_JITTER_S;0.17443575843911854
VAL;2026-09-18 16:13:48.081789;;;DOT_ONSET_TIME;85.4613970755015
VAL;2026-09-18 16:13:48.081789;;;TIMED_OUT;90.28696131706238
stdout;2026-09-18 16:13:48.081789;;;Trial 16 (warmup): side=L, NoResponse;
stdout;2026-09-18 16:13:48.081789;;;|
|;
VAL;2026-09-18 16:13:48.514609;;;TRIAL_INIT_START;92.30088639259338
VAL;2026-09-18 16:13:48.530812;;;WHEEL_POS;92.317,0.00
VAL;2026-09-18 16:13:48.546852;;;WHEEL_POS;92.333,0.00
VAL;2026-09-18 16:13:48.562994;;;WHEEL_POS;92.349,0.00
VAL;2026-09-18 16:13:48.581212;;;WHEEL_POS;92.367,0.00
VAL;2026-09-18 16:13:48.595429;;;WHEEL_POS;92.382,0.00
VAL;2026-09-18 16:13:48.615749;;;WHEEL_POS;92.402,0.00
VAL;2026-09-18 16:13:48.634038;;;WHEEL_POS;92.420,0.00
VAL;2026-09-18 16:13:48.667775;;;WHEEL_POS;92.454,0.00
VAL;2026-09-18 16:13:48.683300;;;TRIAL_START;92.45405197143555
VAL;2026-09-18 16:13:48.683300;;;QUIESCENCE_BREAKS;0
VAL;2026-09-18 16:13:48.683300;;;TRIAL_TYPE;warmup
VAL;2026-09-18 16:13:48.842325;;;TRIAL_SIDE;L
VAL;2026-09-18 16:13:48.842325;;;CLICK_TIMES_L;0.1112,0.1391,0.2053,0.2453
VAL;2026-09-18 16:13:48.842325;;;CLICK_TIMES_R;
VAL;2026-09-18 16:13:48.842325;;;N_CLICKS_L;4
VAL;2026-09-18 16:13:48.842325;;;N_CLICKS_R;0
VAL;2026-09-18 16:13:48.842325;;;STIM_SEED;1068909965
VAL;2026-09-18 16:13:48.842325;;;CUE_ABORT_THRESHOLD_DEG;10.0
VAL;2026-09-18 16:13:48.842325;;;RESPONSE_THRESHOLD_DEG;35.0
VAL;2026-09-18 16:13:48.842325;;;QUIESCENCE_DUR_S;0.1
VAL;2026-09-18 16:13:48.842325;;;ITI_S;1.5
VAL;2026-09-18 16:13:48.842325;;;CLICK_LEVEL_ATTENUATED;False
stdout;2026-09-18 16:13:48.842325;;;Trial 17 (warmup): side=L, n_L=4, n_R=0;
stdout;2026-09-18 16:13:48.842325;;;|
|;
VAL;2026-09-18 16:13:48.842325;;;SM_SEND_TIME;92.62860155105591
VAL;2026-09-18 16:13:48.842325;;;CUE_ONSET_TIME;92.64960155105591
TRIAL;2026-09-18 16:13:48.858528;;;New trial;
VAL;2026-09-18 16:13:48.858528;;;WHEEL_POS;92.645,0.00
VAL;2026-09-18 16:13:48.891382;;;WHEEL_POS;92.678,0.00
VAL;2026-09-18 16:13:48.907749;;;WHEEL_POS;92.694,0.00
VAL;2026-09-18 16:13:48.925988;;;WHEEL_POS;92.712,0.00
VAL;2026-09-18 16:13:48.956195;;;WHEEL_POS;92.742,0.00
VAL;2026-09-18 16:13:48.973041;;;WHEEL_POS;92.759,0.00
VAL;2026-09-18 16:13:48.989127;;;WHEEL_POS;92.775,0.00
VAL;2026-09-18 16:13:49.022182;;;WHEEL_POS;92.808,0.00
VAL;2026-09-18 16:13:49.059950;;;WHEEL_POS;92.846,0.00
VAL;2026-09-18 16:13:49.076605;;;WHEEL_POS;92.863,0.00
VAL;2026-09-18 16:13:49.093139;;;WHEEL_POS;92.879,0.00
VAL;2026-09-18 16:13:49.110050;;;WHEEL_POS;92.896,0.00
VAL;2026-09-18 16:13:49.130552;;;WHEEL_POS;92.917,0.00
EVENT;2026-09-18 16:13:49.130552;0.271;;158;Tup
TRANSITION;2026-09-18 16:13:49.130552;0.271;;DelayPeriod;
VAL;2026-09-18 16:13:49.144703;;;WHEEL_POS;92.931,0.00
VAL;2026-09-18 16:13:49.158845;;;WHEEL_POS;92.945,0.00
VAL;2026-09-18 16:13:49.175942;;;WHEEL_POS;92.962,0.00
VAL;2026-09-18 16:13:49.192020;;;WHEEL_POS;92.978,0.00
VAL;2026-09-18 16:13:49.227190;;;WHEEL_POS;93.013,0.00
VAL;2026-09-18 16:13:49.246447;;;WHEEL_POS;93.033,0.00
EVENT;2026-09-18 16:13:49.257969;0.3936;;158;Tup
TRANSITION;2026-09-18 16:13:49.257969;0.3936;;CueComplete;
EVENT;2026-09-18 16:13:49.257969;0.3937;;158;Tup
END-TRIAL;2026-09-18 16:13:49.257969;;;The trial ended;
INFO;2026-09-18 16:13:49.258975;102.232731;102.626435;TRIAL-BPOD-TIME;0.3937039999999996
STATE;2026-09-18 16:13:49.259002;0;0.271;CuePeriod;0.271
STATE;2026-09-18 16:13:49.259002;0.271;0.3936;DelayPeriod;0.12259999999999999
STATE;2026-09-18 16:13:49.259002;0.3936;0.3937;CueComplete;9.999999999998899e-05
STATE;2026-09-18 16:13:49.259002;nan;nan;WheelAbort;nan
STATE;2026-09-18 16:13:49.259002;nan;nan;AbortITI;nan
VAL;2026-09-18 16:13:49.273043;;;SM_SEND_TIME;93.05932021141052
TRIAL;2026-09-18 16:13:49.274581;;;New trial;
VAL;2026-09-18 16:13:49.275605;;;WHEEL_POS;93.062,0.00
VAL;2026-09-18 16:13:49.309403;;;WHEEL_POS;93.096,0.00
VAL;2026-09-18 16:13:49.342214;;;WHEEL_POS;93.128,0.00
VAL;2026-09-18 16:13:49.359109;;;WHEEL_POS;93.145,0.00
VAL;2026-09-18 16:13:49.391386;;;WHEEL_POS;93.178,0.00
VAL;2026-09-18 16:13:49.407491;;;WHEEL_POS;93.194,0.00
VAL;2026-09-18 16:13:49.423665;;;WHEEL_POS;93.210,0.00
VAL;2026-09-18 16:13:49.456411;;;WHEEL_POS;93.243,0.00
VAL;2026-09-18 16:13:49.476748;;;WHEEL_POS;93.263,0.00
VAL;2026-09-18 16:13:49.507447;;;WHEEL_POS;93.294,0.00
VAL;2026-09-18 16:13:49.523987;;;WHEEL_POS;93.310,0.00
VAL;2026-09-18 16:13:49.540116;;;WHEEL_POS;93.326,0.00
VAL;2026-09-18 16:13:49.556814;;;WHEEL_POS;93.343,0.00
VAL;2026-09-18 16:13:49.592228;;;WHEEL_POS;93.379,0.00
VAL;2026-09-18 16:13:49.606343;;;WHEEL_POS;93.393,0.00
VAL;2026-09-18 16:13:49.622388;;;WHEEL_POS;93.409,0.00
VAL;2026-09-18 16:13:49.637984;;;WHEEL_POS;93.424,0.00
VAL;2026-09-18 16:13:49.673415;;;WHEEL_POS;93.460,0.00
VAL;2026-09-18 16:13:49.691738;;;WHEEL_POS;93.478,0.00
VAL;2026-09-18 16:13:49.705608;;;WHEEL_POS;93.492,0.00
VAL;2026-09-18 16:13:49.738822;;;WHEEL_POS;93.525,0.00
VAL;2026-09-18 16:13:49.786362;;;WHEEL_POS;93.573,0.00
VAL;2026-09-18 16:13:49.802456;;;WHEEL_POS;93.589,0.00
VAL;2026-09-18 16:13:49.820395;;;WHEEL_POS;93.607,0.00
VAL;2026-09-18 16:13:49.839477;;;WHEEL_POS;93.626,0.00
VAL;2026-09-18 16:13:49.851711;;;WHEEL_POS;93.638,0.00
VAL;2026-09-18 16:13:49.884811;;;WHEEL_POS;93.671,0.00
VAL;2026-09-18 16:13:49.900950;;;WHEEL_POS;93.687,0.00
VAL;2026-09-18 16:13:49.929226;;;WHEEL_POS;93.716,0.00
VAL;2026-09-18 16:13:49.954501;;;WHEEL_POS;93.741,0.00
VAL;2026-09-18 16:13:49.967661;;;WHEEL_POS;93.754,0.00
VAL;2026-09-18 16:13:49.984462;;;WHEEL_POS;93.771,0.00
VAL;2026-09-18 16:13:50.016713;;;WHEEL_POS;93.803,0.00
VAL;2026-09-18 16:13:50.032966;;;WHEEL_POS;93.819,0.00
VAL;2026-09-18 16:13:50.049934;;;WHEEL_POS;93.836,0.00
VAL;2026-09-18 16:13:50.083696;;;WHEEL_POS;93.870,0.00
VAL;2026-09-18 16:13:50.099746;;;WHEEL_POS;93.886,0.00
VAL;2026-09-18 16:13:50.122832;;;WHEEL_POS;93.909,0.00
VAL;2026-09-18 16:13:50.151453;;;WHEEL_POS;93.938,0.00
VAL;2026-09-18 16:13:50.166562;;;WHEEL_POS;93.953,0.00
VAL;2026-09-18 16:13:50.183240;;;WHEEL_POS;93.970,0.00
VAL;2026-09-18 16:13:50.215613;;;WHEEL_POS;94.002,0.00
VAL;2026-09-18 16:13:50.232284;;;WHEEL_POS;94.019,0.00
VAL;2026-09-18 16:13:50.248739;;;WHEEL_POS;94.035,0.00
VAL;2026-09-18 16:13:50.281658;;;WHEEL_POS;94.068,0.00
VAL;2026-09-18 16:13:50.297794;;;WHEEL_POS;94.084,0.00
VAL;2026-09-18 16:13:50.331950;;;WHEEL_POS;94.117,0.00
VAL;2026-09-18 16:13:50.347579;;;WHEEL_POS;94.134,0.00
VAL;2026-09-18 16:13:50.376244;;;WHEEL_POS;94.163,0.00
VAL;2026-09-18 16:13:50.406843;;;WHEEL_POS;94.193,0.00
VAL;2026-09-18 16:13:50.439040;;;WHEEL_POS;94.225,0.00
VAL;2026-09-18 16:13:50.473838;;;WHEEL_POS;94.260,0.00
VAL;2026-09-18 16:13:50.492156;;;WHEEL_POS;94.278,0.00
VAL;2026-09-18 16:13:50.525131;;;WHEEL_POS;94.311,0.00
VAL;2026-09-18 16:13:50.560633;;;WHEEL_POS;94.347,0.00
VAL;2026-09-18 16:13:50.591201;;;WHEEL_POS;94.377,0.00
VAL;2026-09-18 16:13:50.611284;;;WHEEL_POS;94.398,0.00
VAL;2026-09-18 16:13:50.624341;;;WHEEL_POS;94.411,0.00
VAL;2026-09-18 16:13:50.640436;;;WHEEL_POS;94.427,0.00
VAL;2026-09-18 16:13:50.656672;;;WHEEL_POS;94.443,0.00
VAL;2026-09-18 16:13:50.693527;;;WHEEL_POS;94.480,0.00
VAL;2026-09-18 16:13:50.707647;;;WHEEL_POS;94.494,0.00
VAL;2026-09-18 16:13:50.721654;;;WHEEL_POS;94.508,0.00
VAL;2026-09-18 16:13:50.759552;;;WHEEL_POS;94.546,0.00
VAL;2026-09-18 16:13:50.774616;;;WHEEL_POS;94.561,0.00
VAL;2026-09-18 16:13:50.790787;;;WHEEL_POS;94.577,0.00
VAL;2026-09-18 16:13:50.826188;;;WHEEL_POS;94.612,0.00
VAL;2026-09-18 16:13:50.842703;;;WHEEL_POS;94.629,0.00
VAL;2026-09-18 16:13:50.874742;;;WHEEL_POS;94.661,0.00
VAL;2026-09-18 16:13:50.889919;;;WHEEL_POS;94.676,0.00
VAL;2026-09-18 16:13:50.906596;;;WHEEL_POS;94.693,0.00
VAL;2026-09-18 16:13:50.929226;;;WHEEL_POS;94.716,0.00
VAL;2026-09-18 16:13:50.960216;;;WHEEL_POS;94.746,0.00
VAL;2026-09-18 16:13:50.988822;;;WHEEL_POS;94.775,0.00
VAL;2026-09-18 16:13:51.008557;;;WHEEL_POS;94.795,0.00
VAL;2026-09-18 16:13:51.026311;;;WHEEL_POS;94.813,0.00
VAL;2026-09-18 16:13:51.044948;;;WHEEL_POS;94.831,0.00
VAL;2026-09-18 16:13:51.076608;;;WHEEL_POS;94.863,0.00
VAL;2026-09-18 16:13:51.107862;;;WHEEL_POS;94.894,0.00
VAL;2026-09-18 16:13:51.134507;;;WHEEL_POS;94.921,0.00
END-TRIAL;2026-09-18 16:13:51.134507;;;The trial ended;
stdout;2026-09-18 16:13:51.198010;;;Bpod stopped running trials (Stop/Kill) -- ending session early after trial 17.;
stdout;2026-09-18 16:13:51.198010;;;|
|;
stdout;2026-09-18 16:13:51.198010;;;Session ending: Stop/Kill/crash (see log above);
stdout;2026-09-18 16:13:51.198010;;;|
|;
stdout;2026-09-18 16:13:51.198010;;;Session: 0 main trials, accuracy(AOS)=0.0%, abort_rate=29.4%, gates_met=False;
stdout;2026-09-18 16:13:51.199011;;;|
|;
stdout;2026-09-18 16:13:51.199011;;;ADVANCE-READY (3 consecutive qualifying sessions): no;
stdout;2026-09-18 16:13:51.199011;;;|
|;
stdout;2026-09-18 16:13:51.199011;;;  (history so far: [False, False, False, False]);
stdout;2026-09-18 16:13:51.199011;;;|
|;
VAL;2026-09-18 16:13:51.199011;;;SESSION_WATER_UL;24.0
stdout;2026-09-18 16:13:51.575649;;;CameraRecorder: wrote 1943 frame timestamps to session_video_timestamps.csv;
stdout;2026-09-18 16:13:51.575649;;;|
|;
INFO;2026-09-18 16:13:51.580311;;;SESSION-ENDED;2026-09-18 16:13:51.580311
stdout;2026-09-18 16:13:51.726607;;;Session struct exported: C:\Ugurcan\Experimental-Tasks\_projects\AuditoryEvidenceAccum\experiments\Stage3\setups\Stage3\sessions\20260918-161205\20260918-161205_struct.mat / C:\Ugurcan\Experimental-Tasks\_projects\AuditoryEvidenceAccum\experiments\Stage3\setups\Stage3\sessions\20260918-161205\20260918-161205_struct.json;
stdout;2026-09-18 16:13:51.726607;;;|
|;
stdout;2026-09-18 16:13:51.726607;;;Close the plot window to exit.;
stdout;2026-09-18 16:13:51.726607;;;|
|;
