__UUID4__;939f91eb-816a-468d-8076-0816df0d24c5
__CREATED-ON__;2026-09-18 17:10:06.487381
__DEF-URL__;http://pybpod-api.readthedocs.org
__DEF-TEXT__;This file contains data recorded during a session from the PyBpod system
__SOFTWARE__;PyBpod API v1.8.2
__HAS-HEADER__
TYPE;PC-TIME;BPOD-INITIAL-TIME;BPOD-FINAL-TIME;MSG;+INFO
INFO;2026-09-18 17:10:06.487381;;;SERIAL-PORT;COM10
INFO;2026-09-18 17:10:06.487381;;;PROTOCOL-NAME;stage3_clicks_direction
INFO;2026-09-18 17:10:06.487381;;;CREATOR-NAME;["UM", "f519825a-ab5d-4fe9-91c0-a52f3d5afee3", "local"]
INFO;2026-09-18 17:10:06.487381;;;PROJECT-NAME;AuditoryEvidenceAccum
INFO;2026-09-18 17:10:06.487381;;;EXPERIMENT-NAME;Stage3
INFO;2026-09-18 17:10:06.487381;;;BOARD-NAME;Box3
INFO;2026-09-18 17:10:06.487381;;;SETUP-NAME;Stage3
INFO;2026-09-18 17:10:06.487381;;;BPOD-GUI-VERSION;
INFO;2026-09-18 17:10:06.487381;;;NET-PORT;36000
INFO;2026-09-18 17:10:06.487381;;;SUBJECT-NAME;['test_stage3', '7ccf4666-0f7e-47ec-b218-76d067d83f69']
INFO;2026-09-18 17:10:06.956742;;;This is a PYBPOD file. Find more info at http://pybpod.readthedocs.io;
INFO;2026-09-18 17:10:06.956742;;;BPOD-API-VERSION;1.8.2
INFO;2026-09-18 17:10:06.956742;;;SESSION-NAME;20260918-171005
INFO;2026-09-18 17:10:06.956742;;;SESSION-STARTED;2026-09-18 17:10:06.487381
stdout;2026-09-18 17:10:06.956742;;;Connected to Bpod on COM10;
stdout;2026-09-18 17:10:06.956742;;;|
|;
stdout;2026-09-18 17:10:06.956742;;;Resolved module 'RotaryEncoder1' on Bpod port 1;
stdout;2026-09-18 17:10:06.956742;;;|
|;
stdout;2026-09-18 17:10:06.987995;;;RotaryEncoderModule.discover: probing ['COM11', 'COM1', 'COM14'] (excluding ['COM10']);
stdout;2026-09-18 17:10:06.987995;;;|
|;
stdout;2026-09-18 17:10:09.009338;;;  COM11: ack=217;
stdout;2026-09-18 17:10:09.009338;;;|
|;
stdout;2026-09-18 17:10:11.029809;;;Connected to rotary encoder on COM11;
stdout;2026-09-18 17:10:11.029809;;;|
|;
stdout;2026-09-18 17:10:11.168151;;;Connected to HiFi module on COM14 (192000Hz sampling);
stdout;2026-09-18 17:10:11.168151;;;|
|;
stdout;2026-09-18 17:10:11.183776;;;Amplitude from calibration: 0.6552 for 70.0dB SPL (L 4000Hz).;
stdout;2026-09-18 17:10:11.183776;;;|
|;
stdout;2026-09-18 17:10:11.183776;;;Amplitude from calibration: 0.4847 for 70.0dB SPL (R 10000Hz).;
stdout;2026-09-18 17:10:11.183776;;;|
|;
VAL;2026-09-18 17:10:11.183776;;;LEFT_THRESHOLD_DEG;-35.0
VAL;2026-09-18 17:10:11.183776;;;RIGHT_THRESHOLD_DEG;35.0
VAL;2026-09-18 17:10:26.190388;;;GIT_COMMIT;unknown
VAL;2026-09-18 17:10:26.190388;;;REWARD_UL;4.0
VAL;2026-09-18 17:10:26.190388;;;TARGET_SPL_DB;70.0
VAL;2026-09-18 17:10:26.190388;;;LEFT_FREQ_HZ;4000
VAL;2026-09-18 17:10:26.190388;;;RIGHT_FREQ_HZ;10000
stdout;2026-09-18 17:10:28.411909;;;CameraRecorder: index 0, 640x480 @ 30.0fps -> session_video.avi;
stdout;2026-09-18 17:10:28.411909;;;|
|;
stdout;2026-09-18 17:10:28.411909;;;DEBUG: camera.start() returned OK;
stdout;2026-09-18 17:10:28.411909;;;|
|;
VAL;2026-09-18 17:10:28.411909;;;CAMERA_START_TIME;2.2215211391448975
VAL;2026-09-18 17:10:28.411909;;;CAMERA_OUTPUT_PATH;session_video.avi
VAL;2026-09-18 17:10:28.411909;;;CAMERA_FPS;30.0
stdout;2026-09-18 17:10:28.411909;;;Dot gain calibrated to -26.33 px/wheel-deg (screen width 2048px, response threshold 35.0deg);
stdout;2026-09-18 17:10:28.411909;;;|
|;
stdout;2026-09-18 17:10:30.069321;;;Starting Stage 3 -- response threshold frozen at 35.0deg, in-trial threshold 10.0deg (PLACEHOLDER -- not yet empirically derived), click level FULL;
stdout;2026-09-18 17:10:30.069321;;;|
|;
VAL;2026-09-18 17:10:30.069321;;;TRIAL_INIT_START;3.8789334297180176
VAL;2026-09-18 17:10:30.104838;;;WHEEL_POS;3.914,0.00
VAL;2026-09-18 17:10:30.138099;;;WHEEL_POS;3.948,0.00
VAL;2026-09-18 17:10:30.169288;;;WHEEL_POS;3.979,0.00
VAL;2026-09-18 17:10:30.200545;;;WHEEL_POS;4.010,0.00
VAL;2026-09-18 17:10:30.238304;;;WHEEL_POS;4.048,0.00
VAL;2026-09-18 17:10:30.269557;;;WHEEL_POS;4.079,0.00
VAL;2026-09-18 17:10:30.285185;;;TRIAL_START;4.079169750213623
VAL;2026-09-18 17:10:30.285185;;;QUIESCENCE_BREAKS;0
VAL;2026-09-18 17:10:30.285185;;;TRIAL_TYPE;warmup
VAL;2026-09-18 17:10:30.682697;;;TRIAL_SIDE;R
VAL;2026-09-18 17:10:30.682697;;;CLICK_TIMES_L;
VAL;2026-09-18 17:10:30.682697;;;CLICK_TIMES_R;0.0150,0.0300,0.0450,0.0763,0.0913,0.1752
VAL;2026-09-18 17:10:30.682697;;;N_CLICKS_L;0
VAL;2026-09-18 17:10:30.682697;;;N_CLICKS_R;6
VAL;2026-09-18 17:10:30.682697;;;STIM_SEED;1585866354
VAL;2026-09-18 17:10:30.682697;;;CUE_ABORT_THRESHOLD_DEG;10.0
VAL;2026-09-18 17:10:30.682697;;;RESPONSE_THRESHOLD_DEG;35.0
VAL;2026-09-18 17:10:30.682697;;;QUIESCENCE_DUR_S;0.1
VAL;2026-09-18 17:10:30.682697;;;ITI_S;1.5
VAL;2026-09-18 17:10:30.682697;;;CLICK_LEVEL_ATTENUATED;False
stdout;2026-09-18 17:10:30.682697;;;Trial 1 (warmup): side=R, n_L=0, n_R=6;
stdout;2026-09-18 17:10:30.682697;;;|
|;
VAL;2026-09-18 17:10:30.682697;;;SM_SEND_TIME;4.492309093475342
VAL;2026-09-18 17:10:30.682697;;;CUE_ONSET_TIME;4.513309093475342
TRIAL;2026-09-18 17:10:30.682697;;;New trial;
VAL;2026-09-18 17:10:30.682697;;;WHEEL_POS;4.492,0.00
VAL;2026-09-18 17:10:30.713952;;;WHEEL_POS;4.524,0.00
VAL;2026-09-18 17:10:30.739092;;;WHEEL_POS;4.549,0.00
VAL;2026-09-18 17:10:30.785357;;;WHEEL_POS;4.595,0.00
VAL;2026-09-18 17:10:30.800983;;;WHEEL_POS;4.611,0.00
VAL;2026-09-18 17:10:30.839244;;;WHEEL_POS;4.649,0.00
VAL;2026-09-18 17:10:30.870496;;;WHEEL_POS;4.680,0.00
VAL;2026-09-18 17:10:30.886121;;;WHEEL_POS;4.696,0.00
VAL;2026-09-18 17:10:30.917374;;;WHEEL_POS;4.727,0.00
VAL;2026-09-18 17:10:30.939507;;;WHEEL_POS;4.749,0.00
EVENT;2026-09-18 17:10:30.969524;0.271;;158;Tup
TRANSITION;2026-09-18 17:10:30.969524;0.271;;DelayPeriod;
VAL;2026-09-18 17:10:30.970528;;;WHEEL_POS;4.780,0.00
VAL;2026-09-18 17:10:31.001783;;;WHEEL_POS;4.811,0.00
VAL;2026-09-18 17:10:31.039542;;;WHEEL_POS;4.849,0.00
VAL;2026-09-18 17:10:31.070794;;;WHEEL_POS;4.880,0.00
VAL;2026-09-18 17:10:31.090215;;;WHEEL_POS;4.900,0.00
EVENT;2026-09-18 17:10:31.105844;0.41150000000000003;;158;Tup
TRANSITION;2026-09-18 17:10:31.105844;0.41150000000000003;;CueComplete;
EVENT;2026-09-18 17:10:31.105844;0.4116;;158;Tup
END-TRIAL;2026-09-18 17:10:31.105844;;;The trial ended;
INFO;2026-09-18 17:10:31.105844;24.080731;24.492335;TRIAL-BPOD-TIME;0.4116040000000005
STATE;2026-09-18 17:10:31.105844;0;0.271;CuePeriod;0.271
STATE;2026-09-18 17:10:31.105844;0.271;0.41150000000000003;DelayPeriod;0.1405
STATE;2026-09-18 17:10:31.105844;0.41150000000000003;0.4116;CueComplete;9.999999999998899e-05
STATE;2026-09-18 17:10:31.105844;nan;nan;WheelAbort;nan
STATE;2026-09-18 17:10:31.105844;nan;nan;AbortITI;nan
VAL;2026-09-18 17:10:31.105844;;;WHEEL_POS;4.915,0.00
VAL;2026-09-18 17:10:31.139604;;;SM_SEND_TIME;4.94921612739563
TRIAL;2026-09-18 17:10:31.139604;;;New trial;
VAL;2026-09-18 17:10:31.155229;;;WHEEL_POS;4.965,0.00
VAL;2026-09-18 17:10:31.185367;;;WHEEL_POS;4.995,0.00
VAL;2026-09-18 17:10:31.200994;;;WHEEL_POS;5.011,0.00
VAL;2026-09-18 17:10:31.239756;;;WHEEL_POS;5.049,0.00
VAL;2026-09-18 17:10:31.271007;;;WHEEL_POS;5.081,0.00
VAL;2026-09-18 17:10:31.302259;;;WHEEL_POS;5.112,0.00
VAL;2026-09-18 17:10:31.340554;;;WHEEL_POS;5.150,0.00
VAL;2026-09-18 17:10:31.375308;;;WHEEL_POS;5.185,0.00
VAL;2026-09-18 17:10:31.390937;;;WHEEL_POS;5.201,0.00
VAL;2026-09-18 17:10:31.452700;;;WHEEL_POS;5.262,0.00
VAL;2026-09-18 17:10:31.483954;;;WHEEL_POS;5.294,0.00
VAL;2026-09-18 17:10:31.515204;;;WHEEL_POS;5.325,0.00
VAL;2026-09-18 17:10:31.540335;;;WHEEL_POS;5.350,0.00
VAL;2026-09-18 17:10:31.555965;;;WHEEL_POS;5.366,0.00
VAL;2026-09-18 17:10:31.591246;;;WHEEL_POS;5.401,0.00
VAL;2026-09-18 17:10:31.640642;;;WHEEL_POS;5.450,0.00
VAL;2026-09-18 17:10:31.656264;;;WHEEL_POS;5.466,0.00
VAL;2026-09-18 17:10:31.687511;;;WHEEL_POS;5.497,0.00
VAL;2026-09-18 17:10:31.703140;;;WHEEL_POS;5.513,0.00
VAL;2026-09-18 17:10:31.740906;;;WHEEL_POS;5.551,0.00
VAL;2026-09-18 17:10:31.778326;;;WHEEL_POS;5.588,0.00
VAL;2026-09-18 17:10:31.793958;;;WHEEL_POS;5.604,0.00
VAL;2026-09-18 17:10:31.825207;;;WHEEL_POS;5.635,0.00
VAL;2026-09-18 17:10:31.856460;;;WHEEL_POS;5.666,0.00
VAL;2026-09-18 17:10:31.887711;;;WHEEL_POS;5.697,0.00
VAL;2026-09-18 17:10:31.925481;;;WHEEL_POS;5.735,0.00
VAL;2026-09-18 17:10:31.941114;;;WHEEL_POS;5.751,0.00
VAL;2026-09-18 17:10:31.979212;;;WHEEL_POS;5.789,0.00
VAL;2026-09-18 17:10:31.994844;;;WHEEL_POS;5.804,0.00
VAL;2026-09-18 17:10:32.041100;;;WHEEL_POS;5.851,0.00
VAL;2026-09-18 17:10:32.072358;;;WHEEL_POS;5.882,0.00
VAL;2026-09-18 17:10:32.106380;;;WHEEL_POS;5.916,0.00
VAL;2026-09-18 17:10:32.125514;;;WHEEL_POS;5.935,0.00
VAL;2026-09-18 17:10:32.141145;;;WHEEL_POS;5.951,0.00
VAL;2026-09-18 17:10:32.172395;;;WHEEL_POS;5.982,0.00
VAL;2026-09-18 17:10:32.195029;;;WHEEL_POS;6.005,0.00
VAL;2026-09-18 17:10:32.241310;;;WHEEL_POS;6.051,0.00
VAL;2026-09-18 17:10:32.256932;;;WHEEL_POS;6.067,0.00
VAL;2026-09-18 17:10:32.288189;;;WHEEL_POS;6.098,0.00
VAL;2026-09-18 17:10:32.319437;;;WHEEL_POS;6.129,0.00
VAL;2026-09-18 17:10:32.358208;;;WHEEL_POS;6.168,0.00
VAL;2026-09-18 17:10:32.395463;;;WHEEL_POS;6.205,0.00
VAL;2026-09-18 17:10:32.411094;;;WHEEL_POS;6.221,0.00
VAL;2026-09-18 17:10:32.445748;;;WHEEL_POS;6.255,0.00
VAL;2026-09-18 17:10:32.492631;;;WHEEL_POS;6.302,0.00
VAL;2026-09-18 17:10:32.508255;;;WHEEL_POS;6.318,0.00
VAL;2026-09-18 17:10:32.542011;;;WHEEL_POS;6.352,0.00
VAL;2026-09-18 17:10:32.579777;;;WHEEL_POS;6.389,0.00
VAL;2026-09-18 17:10:32.596873;;;WHEEL_POS;6.406,0.00
VAL;2026-09-18 17:10:32.642149;;;WHEEL_POS;6.452,0.00
VAL;2026-09-18 17:10:32.673399;;;WHEEL_POS;6.483,0.40
VAL;2026-09-18 17:10:32.689027;;;WHEEL_POS;6.499,1.80
EVENT;2026-09-18 17:10:32.704651;1.5558;;1;RotaryEncoder1_2
VAL;2026-09-18 17:10:32.720280;;;WHEEL_POS;6.530,5.60
VAL;2026-09-18 17:10:32.742418;;;WHEEL_POS;6.552,8.10
EVENT;2026-09-18 17:10:32.758050;1.6035000000000001;;5;RotaryEncoder1_6
VAL;2026-09-18 17:10:32.758050;;;WHEEL_POS;6.568,10.20
VAL;2026-09-18 17:10:32.813266;;;WHEEL_POS;6.623,15.10
VAL;2026-09-18 17:10:32.842406;;;WHEEL_POS;6.652,20.00
VAL;2026-09-18 17:10:32.873665;;;WHEEL_POS;6.683,23.60
VAL;2026-09-18 17:10:32.889287;;;WHEEL_POS;6.699,27.10
VAL;2026-09-18 17:10:32.928064;;;WHEEL_POS;6.738,30.60
VAL;2026-09-18 17:10:32.959319;;;WHEEL_POS;6.769,33.80
EVENT;2026-09-18 17:10:32.974944;1.82;;3;RotaryEncoder1_4
TRANSITION;2026-09-18 17:10:32.974944;1.82;;Reward;
VAL;2026-09-18 17:10:32.974944;;;WHEEL_POS;6.785,35.50
VAL;2026-09-18 17:10:32.998078;;;WHEEL_POS;6.808,38.30
EVENT;2026-09-18 17:10:33.013706;1.8688;;158;Tup
TRANSITION;2026-09-18 17:10:33.013706;1.8688;;Consumption;
VAL;2026-09-18 17:10:33.042839;;;WHEEL_POS;6.852,42.90
VAL;2026-09-18 17:10:33.074092;;;WHEEL_POS;6.884,44.60
VAL;2026-09-18 17:10:33.092149;;;WHEEL_POS;6.902,45.40
VAL;2026-09-18 17:10:33.107778;;;WHEEL_POS;6.917,45.70
VAL;2026-09-18 17:10:33.143039;;;WHEEL_POS;6.953,46.10
VAL;2026-09-18 17:10:33.174291;;;WHEEL_POS;6.984,46.10
VAL;2026-09-18 17:10:33.198460;;;WHEEL_POS;7.008,45.40
VAL;2026-09-18 17:10:33.243220;;;WHEEL_POS;7.053,45.00
VAL;2026-09-18 17:10:33.274474;;;WHEEL_POS;7.084,44.60
VAL;2026-09-18 17:10:33.305724;;;WHEEL_POS;7.115,44.30
VAL;2026-09-18 17:10:33.343497;;;WHEEL_POS;7.153,43.90
VAL;2026-09-18 17:10:33.374748;;;WHEEL_POS;7.184,43.90
VAL;2026-09-18 17:10:33.398915;;;WHEEL_POS;7.209,43.90
VAL;2026-09-18 17:10:33.432110;;;WHEEL_POS;7.242,43.60
VAL;2026-09-18 17:10:33.447736;;;WHEEL_POS;7.257,43.60
VAL;2026-09-18 17:10:33.478989;;;WHEEL_POS;7.289,43.60
VAL;2026-09-18 17:10:33.510246;;;WHEEL_POS;7.320,43.60
VAL;2026-09-18 17:10:33.543502;;;WHEEL_POS;7.353,43.60
VAL;2026-09-18 17:10:33.574759;;;WHEEL_POS;7.384,43.60
VAL;2026-09-18 17:10:33.598898;;;WHEEL_POS;7.409,43.60
VAL;2026-09-18 17:10:33.643659;;;WHEEL_POS;7.453,43.60
VAL;2026-09-18 17:10:33.674911;;;WHEEL_POS;7.485,43.60
VAL;2026-09-18 17:10:33.706163;;;WHEEL_POS;7.516,43.60
VAL;2026-09-18 17:10:33.743935;;;WHEEL_POS;7.554,43.60
VAL;2026-09-18 17:10:33.775188;;;WHEEL_POS;7.585,43.60
VAL;2026-09-18 17:10:33.799328;;;WHEEL_POS;7.609,43.60
VAL;2026-09-18 17:10:33.828481;;;WHEEL_POS;7.638,43.60
VAL;2026-09-18 17:10:33.844109;;;WHEEL_POS;7.654,43.60
VAL;2026-09-18 17:10:33.875363;;;WHEEL_POS;7.685,43.60
VAL;2026-09-18 17:10:33.890989;;;WHEEL_POS;7.701,43.60
VAL;2026-09-18 17:10:33.928763;;;WHEEL_POS;7.738,43.60
VAL;2026-09-18 17:10:33.944395;;;WHEEL_POS;7.754,43.60
VAL;2026-09-18 17:10:33.960022;;;WHEEL_POS;7.770,43.60
VAL;2026-09-18 17:10:33.999294;;;WHEEL_POS;7.809,43.60
VAL;2026-09-18 17:10:34.014917;;;WHEEL_POS;7.825,43.60
VAL;2026-09-18 17:10:34.044549;;;WHEEL_POS;7.854,43.60
VAL;2026-09-18 17:10:34.060180;;;WHEEL_POS;7.870,43.60
VAL;2026-09-18 17:10:34.092813;;;WHEEL_POS;7.902,43.60
VAL;2026-09-18 17:10:34.108442;;;WHEEL_POS;7.918,43.60
VAL;2026-09-18 17:10:34.129076;;;WHEEL_POS;7.939,43.60
VAL;2026-09-18 17:10:34.144714;;;WHEEL_POS;7.954,43.60
VAL;2026-09-18 17:10:34.175958;;;WHEEL_POS;7.986,43.60
VAL;2026-09-18 17:10:34.215773;;;WHEEL_POS;8.025,43.60
VAL;2026-09-18 17:10:34.244925;;;WHEEL_POS;8.055,43.60
VAL;2026-09-18 17:10:34.276182;;;WHEEL_POS;8.086,43.60
VAL;2026-09-18 17:10:34.307430;;;WHEEL_POS;8.117,43.60
VAL;2026-09-18 17:10:34.329420;;;WHEEL_POS;8.139,43.60
VAL;2026-09-18 17:10:34.360678;;;WHEEL_POS;8.170,43.60
VAL;2026-09-18 17:10:34.415570;;;WHEEL_POS;8.225,43.60
VAL;2026-09-18 17:10:34.437674;;;WHEEL_POS;8.247,43.60
VAL;2026-09-18 17:10:34.453302;;;WHEEL_POS;8.263,43.60
VAL;2026-09-18 17:10:34.484558;;;WHEEL_POS;8.294,43.60
VAL;2026-09-18 17:10:34.515806;;;WHEEL_POS;8.325,43.60
VAL;2026-09-18 17:10:34.561075;;;WHEEL_POS;8.371,43.60
VAL;2026-09-18 17:10:34.616456;;;WHEEL_POS;8.426,43.60
VAL;2026-09-18 17:10:34.645596;;;WHEEL_POS;8.455,43.60
VAL;2026-09-18 17:10:34.661223;;;WHEEL_POS;8.471,43.60
VAL;2026-09-18 17:10:34.698504;;;WHEEL_POS;8.508,43.60
VAL;2026-09-18 17:10:34.714130;;;WHEEL_POS;8.524,43.60
VAL;2026-09-18 17:10:34.745896;;;WHEEL_POS;8.556,43.60
VAL;2026-09-18 17:10:34.777142;;;WHEEL_POS;8.587,43.60
VAL;2026-09-18 17:10:34.802113;;;WHEEL_POS;8.612,43.60
VAL;2026-09-18 17:10:34.845889;;;WHEEL_POS;8.656,43.60
VAL;2026-09-18 17:10:34.892772;;;WHEEL_POS;8.702,43.60
VAL;2026-09-18 17:10:34.908393;;;WHEEL_POS;8.718,43.60
VAL;2026-09-18 17:10:34.924019;;;WHEEL_POS;8.734,43.60
VAL;2026-09-18 17:10:34.946155;;;WHEEL_POS;8.756,43.60
VAL;2026-09-18 17:10:34.977408;;;WHEEL_POS;8.787,43.60
VAL;2026-09-18 17:10:35.002881;;;WHEEL_POS;8.812,43.60
VAL;2026-09-18 17:10:35.046148;;;WHEEL_POS;8.856,43.60
VAL;2026-09-18 17:10:35.077398;;;WHEEL_POS;8.887,43.60
VAL;2026-09-18 17:10:35.108428;;;WHEEL_POS;8.918,43.60
VAL;2026-09-18 17:10:35.161823;;;WHEEL_POS;8.971,43.60
VAL;2026-09-18 17:10:35.218553;;;WHEEL_POS;9.028,43.60
VAL;2026-09-18 17:10:35.246191;;;WHEEL_POS;9.056,43.60
VAL;2026-09-18 17:10:35.277449;;;WHEEL_POS;9.087,43.60
VAL;2026-09-18 17:10:35.308696;;;WHEEL_POS;9.118,43.20
VAL;2026-09-18 17:10:35.346297;;;WHEEL_POS;9.156,43.20
VAL;2026-09-18 17:10:35.361922;;;WHEEL_POS;9.172,43.20
VAL;2026-09-18 17:10:35.418808;;;WHEEL_POS;9.228,43.20
VAL;2026-09-18 17:10:35.440826;;;WHEEL_POS;9.250,43.20
VAL;2026-09-18 17:10:35.472087;;;WHEEL_POS;9.282,43.20
VAL;2026-09-18 17:10:35.503333;;;WHEEL_POS;9.313,43.20
VAL;2026-09-18 17:10:35.530966;;;WHEEL_POS;9.341,43.20
VAL;2026-09-18 17:10:35.562224;;;WHEEL_POS;9.372,43.20
VAL;2026-09-18 17:10:35.603497;;;WHEEL_POS;9.413,43.20
VAL;2026-09-18 17:10:35.662380;;;WHEEL_POS;9.472,43.20
VAL;2026-09-18 17:10:35.693630;;;WHEEL_POS;9.503,43.20
VAL;2026-09-18 17:10:35.724885;;;WHEEL_POS;9.534,43.20
VAL;2026-09-18 17:10:35.747031;;;WHEEL_POS;9.557,43.20
VAL;2026-09-18 17:10:35.788291;;;WHEEL_POS;9.598,43.20
VAL;2026-09-18 17:10:35.819549;;;WHEEL_POS;9.629,43.20
VAL;2026-09-18 17:10:35.862817;;;WHEEL_POS;9.672,43.20
VAL;2026-09-18 17:10:35.878436;;;WHEEL_POS;9.688,43.20
VAL;2026-09-18 17:10:35.894062;;;WHEEL_POS;9.704,43.20
VAL;2026-09-18 17:10:35.931830;;;WHEEL_POS;9.741,43.20
VAL;2026-09-18 17:10:35.947462;;;WHEEL_POS;9.757,43.20
VAL;2026-09-18 17:10:35.963088;;;WHEEL_POS;9.773,43.20
VAL;2026-09-18 17:10:36.006293;;;WHEEL_POS;9.816,43.20
EVENT;2026-09-18 17:10:36.021917;4.8688;;158;Tup
TRANSITION;2026-09-18 17:10:36.021917;4.8688;;ITI;
VAL;2026-09-18 17:10:36.047551;;;WHEEL_POS;9.857,43.20
VAL;2026-09-18 17:10:36.063181;;;WHEEL_POS;9.873,43.20
VAL;2026-09-18 17:10:36.097406;;;WHEEL_POS;9.907,43.20
VAL;2026-09-18 17:10:36.113034;;;WHEEL_POS;9.923,43.20
VAL;2026-09-18 17:10:36.147824;;;WHEEL_POS;9.957,43.20
VAL;2026-09-18 17:10:36.179076;;;WHEEL_POS;9.989,43.20
VAL;2026-09-18 17:10:36.206545;;;WHEEL_POS;10.016,43.20
VAL;2026-09-18 17:10:36.247806;;;WHEEL_POS;10.057,43.20
VAL;2026-09-18 17:10:36.279060;;;WHEEL_POS;10.089,43.20
VAL;2026-09-18 17:10:36.310309;;;WHEEL_POS;10.120,43.20
VAL;2026-09-18 17:10:36.332454;;;WHEEL_POS;10.142,43.20
VAL;2026-09-18 17:10:36.363713;;;WHEEL_POS;10.173,43.20
VAL;2026-09-18 17:10:36.425102;;;WHEEL_POS;10.235,43.20
VAL;2026-09-18 17:10:36.452750;;;WHEEL_POS;10.262,43.20
VAL;2026-09-18 17:10:36.484005;;;WHEEL_POS;10.294,43.20
VAL;2026-09-18 17:10:36.515254;;;WHEEL_POS;10.325,43.20
VAL;2026-09-18 17:10:36.532887;;;WHEEL_POS;10.342,43.20
VAL;2026-09-18 17:10:36.548520;;;WHEEL_POS;10.358,43.20
VAL;2026-09-18 17:10:36.579768;;;WHEEL_POS;10.389,43.20
VAL;2026-09-18 17:10:36.610746;;;WHEEL_POS;10.420,43.20
VAL;2026-09-18 17:10:36.648494;;;WHEEL_POS;10.458,43.20
VAL;2026-09-18 17:10:36.679746;;;WHEEL_POS;10.489,43.20
VAL;2026-09-18 17:10:36.726630;;;WHEEL_POS;10.536,43.20
VAL;2026-09-18 17:10:36.748772;;;WHEEL_POS;10.558,43.20
VAL;2026-09-18 17:10:36.796480;;;WHEEL_POS;10.606,43.20
VAL;2026-09-18 17:10:36.812110;;;WHEEL_POS;10.622,43.20
VAL;2026-09-18 17:10:36.864501;;;WHEEL_POS;10.674,43.20
VAL;2026-09-18 17:10:36.895749;;;WHEEL_POS;10.705,43.20
VAL;2026-09-18 17:10:36.933528;;;WHEEL_POS;10.743,43.20
VAL;2026-09-18 17:10:36.949158;;;WHEEL_POS;10.759,43.20
VAL;2026-09-18 17:10:36.980410;;;WHEEL_POS;10.790,43.20
VAL;2026-09-18 17:10:36.997050;;;WHEEL_POS;10.807,43.20
VAL;2026-09-18 17:10:37.028307;;;WHEEL_POS;10.838,43.20
VAL;2026-09-18 17:10:37.065070;;;WHEEL_POS;10.875,43.20
VAL;2026-09-18 17:10:37.086694;;;WHEEL_POS;10.896,43.20
VAL;2026-09-18 17:10:37.099091;;;WHEEL_POS;10.909,43.20
VAL;2026-09-18 17:10:37.133853;;;WHEEL_POS;10.943,43.20
VAL;2026-09-18 17:10:37.149485;;;WHEEL_POS;10.959,43.20
VAL;2026-09-18 17:10:37.165111;;;WHEEL_POS;10.975,43.20
VAL;2026-09-18 17:10:37.196867;;;WHEEL_POS;11.006,43.20
VAL;2026-09-18 17:10:37.212495;;;WHEEL_POS;11.022,43.20
VAL;2026-09-18 17:10:37.228121;;;WHEEL_POS;11.038,43.20
VAL;2026-09-18 17:10:37.265389;;;WHEEL_POS;11.075,43.20
VAL;2026-09-18 17:10:37.281013;;;WHEEL_POS;11.091,43.20
VAL;2026-09-18 17:10:37.312264;;;WHEEL_POS;11.122,43.20
VAL;2026-09-18 17:10:37.350061;;;WHEEL_POS;11.160,43.20
VAL;2026-09-18 17:10:37.397999;;;WHEEL_POS;11.208,43.20
VAL;2026-09-18 17:10:37.413627;;;WHEEL_POS;11.223,43.20
VAL;2026-09-18 17:10:37.434760;;;WHEEL_POS;11.244,43.20
VAL;2026-09-18 17:10:37.472527;;;WHEEL_POS;11.282,43.20
VAL;2026-09-18 17:10:37.488150;;;WHEEL_POS;11.298,43.20
VAL;2026-09-18 17:10:37.519402;;;WHEEL_POS;11.329,43.20
EVENT;2026-09-18 17:10:37.519402;6.3688;;158;Tup
END-TRIAL;2026-09-18 17:10:37.519402;;;The trial ended;
INFO;2026-09-18 17:10:37.519402;24.537731;30.906534;TRIAL-BPOD-TIME;6.368803
STATE;2026-09-18 17:10:37.519402;0;1.82;WheelDotPeriod;1.82
STATE;2026-09-18 17:10:37.519402;1.82;1.8688;Reward;0.048799999999999955
STATE;2026-09-18 17:10:37.519402;1.8688;4.8688;Consumption;3.0
STATE;2026-09-18 17:10:37.519402;4.8688;6.3688;ITI;1.5
STATE;2026-09-18 17:10:37.519402;nan;nan;ErrorConsumption;nan
STATE;2026-09-18 17:10:37.519402;nan;nan;IncorrectITI;nan
STATE;2026-09-18 17:10:37.519402;nan;nan;NoResponse;nan
VAL;2026-09-18 17:10:37.614057;;;INCLUDED;True
VAL;2026-09-18 17:10:37.614057;;;CONSUMPTION_LICKED;False
VAL;2026-09-18 17:10:37.614057;;;LED_ON_TIME;4.94921612739563
VAL;2026-09-18 17:10:37.614057;;;DOT_ONSET_JITTER_S;0.15354957790537416
VAL;2026-09-18 17:10:37.614057;;;DOT_ONSET_TIME;5.102765705301004
VAL;2026-09-18 17:10:37.614057;;;THRESHOLD_CROSSING_TIME;6.76921612739563
VAL;2026-09-18 17:10:37.614057;;;DOT_DISAPPEAR_JITTER_S;0.4876256824360891
VAL;2026-09-18 17:10:37.614057;;;DOT_DISAPPEAR_TIME;7.25684180983172
VAL;2026-09-18 17:10:37.614057;;;CORRECT;True
stdout;2026-09-18 17:10:37.614057;;;Trial 1 (warmup): side=R, Reward -> reward;
stdout;2026-09-18 17:10:37.614057;;;|
|;
VAL;2026-09-18 17:10:38.224339;;;TRIAL_INIT_START;12.03395128250122
VAL;2026-09-18 17:10:38.255482;;;WHEEL_POS;12.065,43.20
VAL;2026-09-18 17:10:38.271108;;;WHEEL_POS;12.081,43.20
VAL;2026-09-18 17:10:38.302360;;;WHEEL_POS;12.112,43.20
VAL;2026-09-18 17:10:38.336516;;;WHEEL_POS;12.146,43.20
VAL;2026-09-18 17:10:38.352149;;;WHEEL_POS;12.162,43.20
VAL;2026-09-18 17:10:38.383400;;;WHEEL_POS;12.193,43.20
VAL;2026-09-18 17:10:38.399027;;;WHEEL_POS;12.209,43.20
VAL;2026-09-18 17:10:38.414652;;;TRIAL_START;12.208639144897461
VAL;2026-09-18 17:10:38.414652;;;QUIESCENCE_BREAKS;0
VAL;2026-09-18 17:10:38.414652;;;TRIAL_TYPE;warmup
VAL;2026-09-18 17:10:38.552441;;;TRIAL_SIDE;R
VAL;2026-09-18 17:10:38.552441;;;CLICK_TIMES_L;
VAL;2026-09-18 17:10:38.552441;;;CLICK_TIMES_R;0.1335,0.1672,0.2111,0.2320
VAL;2026-09-18 17:10:38.552441;;;N_CLICKS_L;0
VAL;2026-09-18 17:10:38.552441;;;N_CLICKS_R;4
VAL;2026-09-18 17:10:38.552441;;;STIM_SEED;693466463
VAL;2026-09-18 17:10:38.552441;;;CUE_ABORT_THRESHOLD_DEG;10.0
VAL;2026-09-18 17:10:38.552441;;;RESPONSE_THRESHOLD_DEG;35.0
VAL;2026-09-18 17:10:38.552441;;;QUIESCENCE_DUR_S;0.1
VAL;2026-09-18 17:10:38.552441;;;ITI_S;1.5
VAL;2026-09-18 17:10:38.552441;;;CLICK_LEVEL_ATTENUATED;False
stdout;2026-09-18 17:10:38.552441;;;Trial 2 (warmup): side=R, n_L=0, n_R=4;
stdout;2026-09-18 17:10:38.552441;;;|
|;
VAL;2026-09-18 17:10:38.552441;;;SM_SEND_TIME;12.362052917480469
VAL;2026-09-18 17:10:38.552441;;;CUE_ONSET_TIME;12.38305291748047
TRIAL;2026-09-18 17:10:38.552441;;;New trial;
VAL;2026-09-18 17:10:38.552441;;;WHEEL_POS;12.362,0.00
VAL;2026-09-18 17:10:38.583692;;;WHEEL_POS;12.393,0.00
VAL;2026-09-18 17:10:38.614945;;;WHEEL_POS;12.425,0.00
VAL;2026-09-18 17:10:38.656717;;;WHEEL_POS;12.466,-0.40
VAL;2026-09-18 17:10:38.698977;;;WHEEL_POS;12.509,-0.40
VAL;2026-09-18 17:10:38.730230;;;WHEEL_POS;12.540,-0.40
VAL;2026-09-18 17:10:38.752869;;;WHEEL_POS;12.562,-0.40
VAL;2026-09-18 17:10:38.784116;;;WHEEL_POS;12.594,-0.40
VAL;2026-09-18 17:10:38.823376;;;WHEEL_POS;12.633,-0.40
EVENT;2026-09-18 17:10:38.823376;0.271;;158;Tup
TRANSITION;2026-09-18 17:10:38.823376;0.271;;DelayPeriod;
VAL;2026-09-18 17:10:38.842387;;;WHEEL_POS;12.652,-0.40
VAL;2026-09-18 17:10:38.858016;;;WHEEL_POS;12.668,-0.40
VAL;2026-09-18 17:10:38.889268;;;WHEEL_POS;12.699,-0.40
VAL;2026-09-18 17:10:38.904893;;;WHEEL_POS;12.715,-0.40
VAL;2026-09-18 17:10:38.937648;;;WHEEL_POS;12.747,-0.40
VAL;2026-09-18 17:10:38.953278;;;WHEEL_POS;12.763,-0.40
VAL;2026-09-18 17:10:38.968903;;;WHEEL_POS;12.779,-0.40
EVENT;2026-09-18 17:10:38.984530;0.433;;158;Tup
TRANSITION;2026-09-18 17:10:38.984530;0.433;;CueComplete;
EVENT;2026-09-18 17:10:38.984530;0.43310000000000004;;158;Tup
END-TRIAL;2026-09-18 17:10:38.984530;;;The trial ended;
INFO;2026-09-18 17:10:38.984530;31.946631;32.379735;TRIAL-BPOD-TIME;0.4331039999999966
STATE;2026-09-18 17:10:38.984530;0;0.271;CuePeriod;0.271
STATE;2026-09-18 17:10:38.984530;0.271;0.433;DelayPeriod;0.16199999999999998
STATE;2026-09-18 17:10:38.984530;0.433;0.43310000000000004;CueComplete;0.0001000000000000445
STATE;2026-09-18 17:10:38.984530;nan;nan;WheelAbort;nan
STATE;2026-09-18 17:10:38.984530;nan;nan;AbortITI;nan
VAL;2026-09-18 17:10:39.000156;;;SM_SEND_TIME;12.809767961502075
TRIAL;2026-09-18 17:10:39.000156;;;New trial;
VAL;2026-09-18 17:10:39.000156;;;WHEEL_POS;12.810,0.00
VAL;2026-09-18 17:10:39.031407;;;WHEEL_POS;12.841,0.00
VAL;2026-09-18 17:10:39.058884;;;WHEEL_POS;12.868,0.00
VAL;2026-09-18 17:10:39.091248;;;WHEEL_POS;12.901,0.00
VAL;2026-09-18 17:10:39.117911;;;WHEEL_POS;12.928,0.00
VAL;2026-09-18 17:10:39.153698;;;WHEEL_POS;12.963,0.00
VAL;2026-09-18 17:10:39.200576;;;WHEEL_POS;13.010,0.00
VAL;2026-09-18 17:10:39.216198;;;WHEEL_POS;13.026,0.00
VAL;2026-09-18 17:10:39.259857;;;WHEEL_POS;13.069,0.00
VAL;2026-09-18 17:10:39.291109;;;WHEEL_POS;13.101,0.00
VAL;2026-09-18 17:10:39.322362;;;WHEEL_POS;13.132,0.00
VAL;2026-09-18 17:10:39.338415;;;WHEEL_POS;13.148,0.00
VAL;2026-09-18 17:10:39.369671;;;WHEEL_POS;13.179,0.00
VAL;2026-09-18 17:10:39.400923;;;WHEEL_POS;13.211,0.00
VAL;2026-09-18 17:10:39.438680;;;WHEEL_POS;13.248,0.00
VAL;2026-09-18 17:10:39.460842;;;WHEEL_POS;13.270,0.40
VAL;2026-09-18 17:10:39.492094;;;WHEEL_POS;13.302,0.70
VAL;2026-09-18 17:10:39.523351;;;WHEEL_POS;13.333,2.10
VAL;2026-09-18 17:10:39.554490;;;WHEEL_POS;13.364,3.50
EVENT;2026-09-18 17:10:39.554490;0.5538000000000001;;1;RotaryEncoder1_2
VAL;2026-09-18 17:10:39.585752;;;WHEEL_POS;13.395,5.30
VAL;2026-09-18 17:10:39.616996;;;WHEEL_POS;13.427,7.00
EVENT;2026-09-18 17:10:39.662329;0.6594;;5;RotaryEncoder1_6
VAL;2026-09-18 17:10:39.662329;;;WHEEL_POS;13.472,9.80
VAL;2026-09-18 17:10:39.677946;;;WHEEL_POS;13.488,10.90
VAL;2026-09-18 17:10:39.709198;;;WHEEL_POS;13.519,12.30
VAL;2026-09-18 17:10:39.754972;;;WHEEL_POS;13.565,14.80
VAL;2026-09-18 17:10:39.786225;;;WHEEL_POS;13.596,17.20
VAL;2026-09-18 17:10:39.817478;;;WHEEL_POS;13.627,19.00
VAL;2026-09-18 17:10:39.833103;;;WHEEL_POS;13.643,20.00
VAL;2026-09-18 17:10:39.878708;;;WHEEL_POS;13.688,21.10
VAL;2026-09-18 17:10:39.894329;;;WHEEL_POS;13.704,21.80
VAL;2026-09-18 17:10:39.909954;;;WHEEL_POS;13.720,22.50
VAL;2026-09-18 17:10:39.955229;;;WHEEL_POS;13.765,23.90
VAL;2026-09-18 17:10:40.002107;;;WHEEL_POS;13.812,24.60
VAL;2026-09-18 17:10:40.017735;;;WHEEL_POS;13.827,25.30
VAL;2026-09-18 17:10:40.079473;;;WHEEL_POS;13.889,26.70
VAL;2026-09-18 17:10:40.102701;;;WHEEL_POS;13.912,28.10
VAL;2026-09-18 17:10:40.118329;;;WHEEL_POS;13.928,28.50
VAL;2026-09-18 17:10:40.133956;;;WHEEL_POS;13.944,29.20
VAL;2026-09-18 17:10:40.155592;;;WHEEL_POS;13.965,29.90
VAL;2026-09-18 17:10:40.186843;;;WHEEL_POS;13.996,30.60
VAL;2026-09-18 17:10:40.218100;;;WHEEL_POS;14.028,31.60
VAL;2026-09-18 17:10:40.263868;;;WHEEL_POS;14.073,32.70
VAL;2026-09-18 17:10:40.295124;;;WHEEL_POS;14.105,33.80
VAL;2026-09-18 17:10:40.326373;;;WHEEL_POS;14.136,34.50
VAL;2026-09-18 17:10:40.371649;;;WHEEL_POS;14.181,34.80
EVENT;2026-09-18 17:10:40.371649;1.3628;;3;RotaryEncoder1_4
TRANSITION;2026-09-18 17:10:40.371649;1.3628;;Reward;
VAL;2026-09-18 17:10:40.387270;;;WHEEL_POS;14.197,35.50
EVENT;2026-09-18 17:10:40.418523;1.4116;;158;Tup
TRANSITION;2026-09-18 17:10:40.418523;1.4116;;Consumption;
VAL;2026-09-18 17:10:40.418523;;;WHEEL_POS;14.228,36.20
VAL;2026-09-18 17:10:40.435711;;;WHEEL_POS;14.245,36.60
VAL;2026-09-18 17:10:40.464872;;;WHEEL_POS;14.274,37.60
VAL;2026-09-18 17:10:40.496124;;;WHEEL_POS;14.306,37.60
VAL;2026-09-18 17:10:40.527376;;;WHEEL_POS;14.337,37.60
VAL;2026-09-18 17:10:40.556011;;;WHEEL_POS;14.366,37.60
VAL;2026-09-18 17:10:40.587264;;;WHEEL_POS;14.397,37.60
VAL;2026-09-18 17:10:40.618516;;;WHEEL_POS;14.428,37.60
VAL;2026-09-18 17:10:40.634142;;;WHEEL_POS;14.444,37.30
VAL;2026-09-18 17:10:40.649977;;;WHEEL_POS;14.460,37.30
VAL;2026-09-18 17:10:40.681232;;;WHEEL_POS;14.491,36.90
VAL;2026-09-18 17:10:40.712485;;;WHEEL_POS;14.522,36.90
VAL;2026-09-18 17:10:40.728111;;;WHEEL_POS;14.538,36.90
VAL;2026-09-18 17:10:40.756247;;;WHEEL_POS;14.566,36.60
VAL;2026-09-18 17:10:40.787498;;;WHEEL_POS;14.597,36.60
VAL;2026-09-18 17:10:40.803124;;;WHEEL_POS;14.613,36.60
VAL;2026-09-18 17:10:40.834375;;;WHEEL_POS;14.644,36.60
VAL;2026-09-18 17:10:40.867297;;;WHEEL_POS;14.677,36.60
VAL;2026-09-18 17:10:40.898549;;;WHEEL_POS;14.708,36.60
VAL;2026-09-18 17:10:40.941193;;;WHEEL_POS;14.751,36.60
VAL;2026-09-18 17:10:40.972454;;;WHEEL_POS;14.782,36.60
VAL;2026-09-18 17:10:41.003701;;;WHEEL_POS;14.813,36.60
VAL;2026-09-18 17:10:41.041481;;;WHEEL_POS;14.851,36.60
VAL;2026-09-18 17:10:41.068508;;;WHEEL_POS;14.878,36.60
VAL;2026-09-18 17:10:41.084134;;;WHEEL_POS;14.894,36.60
VAL;2026-09-18 17:10:41.103595;;;WHEEL_POS;14.913,36.60
VAL;2026-09-18 17:10:41.134855;;;WHEEL_POS;14.944,36.60
VAL;2026-09-18 17:10:41.156989;;;WHEEL_POS;14.967,36.60
VAL;2026-09-18 17:10:41.188245;;;WHEEL_POS;14.998,36.60
VAL;2026-09-18 17:10:41.219493;;;WHEEL_POS;15.029,36.60
VAL;2026-09-18 17:10:41.253689;;;WHEEL_POS;15.063,36.60
VAL;2026-09-18 17:10:41.270326;;;WHEEL_POS;15.080,36.60
VAL;2026-09-18 17:10:41.285952;;;WHEEL_POS;15.096,36.60
VAL;2026-09-18 17:10:41.317209;;;WHEEL_POS;15.127,36.60
VAL;2026-09-18 17:10:41.341729;;;WHEEL_POS;15.151,36.60
VAL;2026-09-18 17:10:41.372991;;;WHEEL_POS;15.183,36.60
VAL;2026-09-18 17:10:41.404237;;;WHEEL_POS;15.214,36.60
VAL;2026-09-18 17:10:41.441923;;;WHEEL_POS;15.252,36.60
VAL;2026-09-18 17:10:41.470661;;;WHEEL_POS;15.280,36.60
VAL;2026-09-18 17:10:41.501919;;;WHEEL_POS;15.312,36.60
VAL;2026-09-18 17:10:41.533165;;;WHEEL_POS;15.343,36.60
VAL;2026-09-18 17:10:41.557799;;;WHEEL_POS;15.367,36.60
VAL;2026-09-18 17:10:41.589054;;;WHEEL_POS;15.399,36.60
VAL;2026-09-18 17:10:41.620305;;;WHEEL_POS;15.430,36.60
VAL;2026-09-18 17:10:41.656894;;;WHEEL_POS;15.467,36.60
VAL;2026-09-18 17:10:41.672528;;;WHEEL_POS;15.482,36.60
VAL;2026-09-18 17:10:41.719409;;;WHEEL_POS;15.529,36.60
VAL;2026-09-18 17:10:41.735030;;;WHEEL_POS;15.545,36.60
VAL;2026-09-18 17:10:41.773794;;;WHEEL_POS;15.583,36.60
VAL;2026-09-18 17:10:41.789417;;;WHEEL_POS;15.599,36.60
VAL;2026-09-18 17:10:41.836300;;;WHEEL_POS;15.646,36.60
VAL;2026-09-18 17:10:41.862776;;;WHEEL_POS;15.672,36.60
VAL;2026-09-18 17:10:41.878404;;;WHEEL_POS;15.688,36.60
VAL;2026-09-18 17:10:41.894035;;;WHEEL_POS;15.704,36.60
VAL;2026-09-18 17:10:41.925282;;;WHEEL_POS;15.735,36.60
VAL;2026-09-18 17:10:41.942913;;;WHEEL_POS;15.753,36.60
VAL;2026-09-18 17:10:41.974174;;;WHEEL_POS;15.784,36.60
VAL;2026-09-18 17:10:42.005421;;;WHEEL_POS;15.815,36.60
VAL;2026-09-18 17:10:42.021047;;;WHEEL_POS;15.831,36.60
VAL;2026-09-18 17:10:42.063155;;;WHEEL_POS;15.873,36.60
VAL;2026-09-18 17:10:42.093465;;;WHEEL_POS;15.903,36.60
VAL;2026-09-18 17:10:42.119100;;;WHEEL_POS;15.929,36.60
VAL;2026-09-18 17:10:42.174495;;;WHEEL_POS;15.984,36.60
VAL;2026-09-18 17:10:42.190115;;;WHEEL_POS;16.000,36.60
VAL;2026-09-18 17:10:42.221366;;;WHEEL_POS;16.031,36.60
VAL;2026-09-18 17:10:42.243521;;;WHEEL_POS;16.053,36.60
VAL;2026-09-18 17:10:42.279627;;;WHEEL_POS;16.089,36.60
VAL;2026-09-18 17:10:42.326505;;;WHEEL_POS;16.136,36.60
VAL;2026-09-18 17:10:42.343521;;;WHEEL_POS;16.153,36.60
VAL;2026-09-18 17:10:42.359157;;;WHEEL_POS;16.169,36.60
VAL;2026-09-18 17:10:42.390402;;;WHEEL_POS;16.200,36.60
VAL;2026-09-18 17:10:42.406029;;;WHEEL_POS;16.216,36.60
VAL;2026-09-18 17:10:42.443697;;;WHEEL_POS;16.253,36.60
VAL;2026-09-18 17:10:42.496595;;;WHEEL_POS;16.306,36.60
VAL;2026-09-18 17:10:42.527841;;;WHEEL_POS;16.337,36.60
VAL;2026-09-18 17:10:42.559605;;;WHEEL_POS;16.369,36.60
VAL;2026-09-18 17:10:42.590852;;;WHEEL_POS;16.400,36.60
VAL;2026-09-18 17:10:42.622110;;;WHEEL_POS;16.432,36.60
VAL;2026-09-18 17:10:42.665195;;;WHEEL_POS;16.475,36.60
VAL;2026-09-18 17:10:42.683840;;;WHEEL_POS;16.493,36.60
VAL;2026-09-18 17:10:42.715097;;;WHEEL_POS;16.525,36.60
VAL;2026-09-18 17:10:42.759872;;;WHEEL_POS;16.569,36.60
VAL;2026-09-18 17:10:42.791124;;;WHEEL_POS;16.601,36.60
VAL;2026-09-18 17:10:42.822377;;;WHEEL_POS;16.632,36.60
VAL;2026-09-18 17:10:42.838005;;;WHEEL_POS;16.648,36.60
VAL;2026-09-18 17:10:42.867722;;;WHEEL_POS;16.677,36.60
VAL;2026-09-18 17:10:42.898980;;;WHEEL_POS;16.709,36.60
VAL;2026-09-18 17:10:42.930231;;;WHEEL_POS;16.740,36.60
VAL;2026-09-18 17:10:42.960383;;;WHEEL_POS;16.770,36.60
VAL;2026-09-18 17:10:42.976006;;;WHEEL_POS;16.786,36.60
VAL;2026-09-18 17:10:43.007257;;;WHEEL_POS;16.817,36.60
VAL;2026-09-18 17:10:43.045016;;;WHEEL_POS;16.855,36.60
VAL;2026-09-18 17:10:43.060644;;;WHEEL_POS;16.870,36.60
VAL;2026-09-18 17:10:43.084616;;;WHEEL_POS;16.894,36.60
VAL;2026-09-18 17:10:43.107217;;;WHEEL_POS;16.917,36.60
VAL;2026-09-18 17:10:43.138480;;;WHEEL_POS;16.948,36.60
VAL;2026-09-18 17:10:43.160613;;;WHEEL_POS;16.970,36.60
VAL;2026-09-18 17:10:43.176245;;;WHEEL_POS;16.986,36.60
VAL;2026-09-18 17:10:43.207493;;;WHEEL_POS;17.017,36.60
VAL;2026-09-18 17:10:43.223118;;;WHEEL_POS;17.033,36.60
EVENT;2026-09-18 17:10:43.238745;4.2323;;94;Port1In
TRANSITION;2026-09-18 17:10:43.238745;4.2323;;ITI;
EVENT;2026-09-18 17:10:43.238745;4.2324;;95;Port1Out
EVENT;2026-09-18 17:10:43.238745;4.2332;;94;Port1In
VAL;2026-09-18 17:10:43.260882;;;WHEEL_POS;17.070,36.60
VAL;2026-09-18 17:10:43.285975;;;WHEEL_POS;17.096,36.60
VAL;2026-09-18 17:10:43.317237;;;WHEEL_POS;17.127,36.60
VAL;2026-09-18 17:10:43.376530;;;WHEEL_POS;17.186,36.60
VAL;2026-09-18 17:10:43.407777;;;WHEEL_POS;17.217,36.60
EVENT;2026-09-18 17:10:43.445409;4.439900000000001;;95;Port1Out
VAL;2026-09-18 17:10:43.445409;;;WHEEL_POS;17.255,36.60
VAL;2026-09-18 17:10:43.461041;;;WHEEL_POS;17.271,36.60
VAL;2026-09-18 17:10:43.486721;;;WHEEL_POS;17.296,36.60
VAL;2026-09-18 17:10:43.517977;;;WHEEL_POS;17.328,36.60
VAL;2026-09-18 17:10:43.561236;;;WHEEL_POS;17.371,36.60
VAL;2026-09-18 17:10:43.592489;;;WHEEL_POS;17.402,36.60
EVENT;2026-09-18 17:10:43.592489;4.5933;;94;Port1In
VAL;2026-09-18 17:10:43.608115;;;WHEEL_POS;17.418,36.60
EVENT;2026-09-18 17:10:43.623741;4.6289;;95;Port1Out
EVENT;2026-09-18 17:10:43.623741;4.6290000000000004;;94;Port1In
EVENT;2026-09-18 17:10:43.623741;4.629300000000001;;95;Port1Out
VAL;2026-09-18 17:10:43.661510;;;WHEEL_POS;17.471,36.60
VAL;2026-09-18 17:10:43.686157;;;WHEEL_POS;17.496,36.60
VAL;2026-09-18 17:10:43.717416;;;WHEEL_POS;17.527,36.60
VAL;2026-09-18 17:10:43.761675;;;WHEEL_POS;17.571,36.60
VAL;2026-09-18 17:10:43.792930;;;WHEEL_POS;17.603,36.60
VAL;2026-09-18 17:10:43.823572;;;WHEEL_POS;17.633,36.60
VAL;2026-09-18 17:10:43.839198;;;WHEEL_POS;17.649,36.60
EVENT;2026-09-18 17:10:43.861838;4.8566;;94;Port1In
EVENT;2026-09-18 17:10:43.861838;4.859500000000001;;95;Port1Out
EVENT;2026-09-18 17:10:43.861838;4.8604;;94;Port1In
VAL;2026-09-18 17:10:43.861838;;;WHEEL_POS;17.671,36.60
VAL;2026-09-18 17:10:43.890978;;;WHEEL_POS;17.701,36.60
EVENT;2026-09-18 17:10:43.890978;4.8949;;95;Port1Out
EVENT;2026-09-18 17:10:43.890978;4.8950000000000005;;94;Port1In
EVENT;2026-09-18 17:10:43.890978;4.8983;;95;Port1Out
VAL;2026-09-18 17:10:43.922234;;;WHEEL_POS;17.732,36.60
VAL;2026-09-18 17:10:43.961993;;;WHEEL_POS;17.772,36.60
VAL;2026-09-18 17:10:43.993245;;;WHEEL_POS;17.803,36.60
VAL;2026-09-18 17:10:44.024498;;;WHEEL_POS;17.834,36.60
VAL;2026-09-18 17:10:44.062277;;;WHEEL_POS;17.872,36.60
VAL;2026-09-18 17:10:44.094335;;;WHEEL_POS;17.904,36.60
VAL;2026-09-18 17:10:44.126118;;;WHEEL_POS;17.936,36.60
VAL;2026-09-18 17:10:44.146748;;;WHEEL_POS;17.956,36.60
VAL;2026-09-18 17:10:44.162380;;;WHEEL_POS;17.972,36.60
VAL;2026-09-18 17:10:44.193632;;;WHEEL_POS;18.003,36.60
VAL;2026-09-18 17:10:44.209263;;;WHEEL_POS;18.019,36.60
VAL;2026-09-18 17:10:44.247032;;;WHEEL_POS;18.057,36.60
VAL;2026-09-18 17:10:44.308253;;;WHEEL_POS;18.118,36.60
VAL;2026-09-18 17:10:44.346923;;;WHEEL_POS;18.157,36.60
VAL;2026-09-18 17:10:44.378181;;;WHEEL_POS;18.188,36.60
VAL;2026-09-18 17:10:44.409431;;;WHEEL_POS;18.219,36.60
VAL;2026-09-18 17:10:44.447108;;;WHEEL_POS;18.257,36.60
VAL;2026-09-18 17:10:44.508512;;;WHEEL_POS;18.318,36.60
VAL;2026-09-18 17:10:44.539759;;;WHEEL_POS;18.349,36.60
VAL;2026-09-18 17:10:44.562896;;;WHEEL_POS;18.373,36.60
VAL;2026-09-18 17:10:44.594149;;;WHEEL_POS;18.404,36.60
VAL;2026-09-18 17:10:44.625400;;;WHEEL_POS;18.435,36.60
VAL;2026-09-18 17:10:44.641027;;;WHEEL_POS;18.451,36.60
VAL;2026-09-18 17:10:44.663166;;;WHEEL_POS;18.473,36.60
VAL;2026-09-18 17:10:44.693638;;;WHEEL_POS;18.503,36.60
VAL;2026-09-18 17:10:44.709264;;;WHEEL_POS;18.519,36.60
EVENT;2026-09-18 17:10:44.724898;5.7323;;158;Tup
END-TRIAL;2026-09-18 17:10:44.740517;;;The trial ended;
INFO;2026-09-18 17:10:44.740517;32.389631;38.121934;TRIAL-BPOD-TIME;5.732303000000002
STATE;2026-09-18 17:10:44.740517;0;1.3628;WheelDotPeriod;1.3628
STATE;2026-09-18 17:10:44.740517;1.3628;1.4116;Reward;0.048799999999999955
STATE;2026-09-18 17:10:44.740517;1.4116;4.2323;Consumption;2.8207000000000004
STATE;2026-09-18 17:10:44.740517;4.2323;5.7323;ITI;1.5
STATE;2026-09-18 17:10:44.740517;nan;nan;ErrorConsumption;nan
STATE;2026-09-18 17:10:44.740517;nan;nan;IncorrectITI;nan
STATE;2026-09-18 17:10:44.740517;nan;nan;NoResponse;nan
VAL;2026-09-18 17:10:44.740517;;;WHEEL_POS;18.550,36.60
VAL;2026-09-18 17:10:44.794409;;;INCLUDED;True
VAL;2026-09-18 17:10:44.794409;;;CONSUMPTION_LICKED;True
VAL;2026-09-18 17:10:44.794409;;;LED_ON_TIME;12.809767961502075
VAL;2026-09-18 17:10:44.794409;;;DOT_ONSET_JITTER_S;0.11662810780494075
VAL;2026-09-18 17:10:44.794409;;;DOT_ONSET_TIME;12.926396069307016
VAL;2026-09-18 17:10:44.794409;;;THRESHOLD_CROSSING_TIME;14.172567961502075
VAL;2026-09-18 17:10:44.794409;;;DOT_DISAPPEAR_JITTER_S;0.5016825175073877
VAL;2026-09-18 17:10:44.794409;;;DOT_DISAPPEAR_TIME;14.674250479009462
VAL;2026-09-18 17:10:44.794409;;;CORRECT;True
stdout;2026-09-18 17:10:44.794409;;;Trial 2 (warmup): side=R, Reward -> reward;
stdout;2026-09-18 17:10:44.794409;;;|
|;
VAL;2026-09-18 17:10:45.398329;;;TRIAL_INIT_START;19.20794129371643
VAL;2026-09-18 17:10:45.429582;;;WHEEL_POS;19.239,36.60
VAL;2026-09-18 17:10:45.448461;;;WHEEL_POS;19.258,36.60
VAL;2026-09-18 17:10:45.464089;;;WHEEL_POS;19.274,36.60
VAL;2026-09-18 17:10:45.496882;;;WHEEL_POS;19.306,36.60
VAL;2026-09-18 17:10:45.528134;;;WHEEL_POS;19.338,36.60
VAL;2026-09-18 17:10:45.564397;;;WHEEL_POS;19.374,36.60
VAL;2026-09-18 17:10:45.595649;;;WHEEL_POS;19.405,36.60
VAL;2026-09-18 17:10:45.611277;;;TRIAL_START;19.405261278152466
VAL;2026-09-18 17:10:45.611277;;;QUIESCENCE_BREAKS;0
VAL;2026-09-18 17:10:45.611277;;;TRIAL_TYPE;warmup
VAL;2026-09-18 17:10:45.745687;;;TRIAL_SIDE;R
VAL;2026-09-18 17:10:45.745687;;;CLICK_TIMES_L;
VAL;2026-09-18 17:10:45.745687;;;CLICK_TIMES_R;0.0150,0.0534,0.0684
VAL;2026-09-18 17:10:45.745687;;;N_CLICKS_L;0
VAL;2026-09-18 17:10:45.745687;;;N_CLICKS_R;3
VAL;2026-09-18 17:10:45.745687;;;STIM_SEED;1944803804
VAL;2026-09-18 17:10:45.745687;;;CUE_ABORT_THRESHOLD_DEG;10.0
VAL;2026-09-18 17:10:45.745687;;;RESPONSE_THRESHOLD_DEG;35.0
VAL;2026-09-18 17:10:45.745687;;;QUIESCENCE_DUR_S;0.1
VAL;2026-09-18 17:10:45.745687;;;ITI_S;1.5
VAL;2026-09-18 17:10:45.745687;;;CLICK_LEVEL_ATTENUATED;False
stdout;2026-09-18 17:10:45.745687;;;Trial 3 (warmup): side=R, n_L=0, n_R=3;
stdout;2026-09-18 17:10:45.745687;;;|
|;
VAL;2026-09-18 17:10:45.745687;;;SM_SEND_TIME;19.555299282073975
VAL;2026-09-18 17:10:45.745687;;;CUE_ONSET_TIME;19.576299282073975
TRIAL;2026-09-18 17:10:45.749194;;;New trial;
VAL;2026-09-18 17:10:45.749194;;;WHEEL_POS;19.559,0.00
VAL;2026-09-18 17:10:45.780452;;;WHEEL_POS;19.590,0.00
VAL;2026-09-18 17:10:45.811704;;;WHEEL_POS;19.621,0.00
VAL;2026-09-18 17:10:45.842954;;;WHEEL_POS;19.653,0.00
VAL;2026-09-18 17:10:45.865089;;;WHEEL_POS;19.675,0.00
VAL;2026-09-18 17:10:45.898750;;;WHEEL_POS;19.708,0.00
VAL;2026-09-18 17:10:45.930003;;;WHEEL_POS;19.740,0.00
VAL;2026-09-18 17:10:45.965263;;;WHEEL_POS;19.775,0.00
VAL;2026-09-18 17:10:45.980888;;;WHEEL_POS;19.791,0.00
VAL;2026-09-18 17:10:46.012140;;;WHEEL_POS;19.822,0.00
EVENT;2026-09-18 17:10:46.027767;0.271;;158;Tup
TRANSITION;2026-09-18 17:10:46.027767;0.271;;DelayPeriod;
VAL;2026-09-18 17:10:46.043393;;;WHEEL_POS;19.853,0.00
VAL;2026-09-18 17:10:46.065528;;;WHEEL_POS;19.875,0.00
VAL;2026-09-18 17:10:46.083598;;;WHEEL_POS;19.893,0.00
VAL;2026-09-18 17:10:46.115831;;;WHEEL_POS;19.925,0.00
VAL;2026-09-18 17:10:46.131460;;;WHEEL_POS;19.941,0.00
VAL;2026-09-18 17:10:46.150091;;;WHEEL_POS;19.960,0.00
VAL;2026-09-18 17:10:46.165721;;;WHEEL_POS;19.975,0.00
EVENT;2026-09-18 17:10:46.181346;0.4293;;158;Tup
TRANSITION;2026-09-18 17:10:46.181346;0.4293;;CueComplete;
EVENT;2026-09-18 17:10:46.181346;0.4294;;158;Tup
END-TRIAL;2026-09-18 17:10:46.181346;;;The trial ended;
INFO;2026-09-18 17:10:46.181346;39.139531;39.568935;TRIAL-BPOD-TIME;0.4294040000000052
STATE;2026-09-18 17:10:46.181346;0;0.271;CuePeriod;0.271
STATE;2026-09-18 17:10:46.181346;0.271;0.4293;DelayPeriod;0.1583
STATE;2026-09-18 17:10:46.181346;0.4293;0.4294;CueComplete;9.999999999998899e-05
STATE;2026-09-18 17:10:46.181346;nan;nan;WheelAbort;nan
STATE;2026-09-18 17:10:46.181346;nan;nan;AbortITI;nan
VAL;2026-09-18 17:10:46.196973;;;SM_SEND_TIME;20.006585121154785
TRIAL;2026-09-18 17:10:46.196973;;;New trial;
VAL;2026-09-18 17:10:46.196973;;;WHEEL_POS;20.007,0.00
VAL;2026-09-18 17:10:46.228225;;;WHEEL_POS;20.038,0.00
VAL;2026-09-18 17:10:46.265987;;;WHEEL_POS;20.076,0.00
VAL;2026-09-18 17:10:46.299247;;;WHEEL_POS;20.109,0.00
VAL;2026-09-18 17:10:46.334504;;;WHEEL_POS;20.144,0.00
VAL;2026-09-18 17:10:46.350637;;;WHEEL_POS;20.160,0.00
VAL;2026-09-18 17:10:46.366266;;;WHEEL_POS;20.176,0.00
VAL;2026-09-18 17:10:46.381892;;;WHEEL_POS;20.192,0.00
VAL;2026-09-18 17:10:46.413148;;;WHEEL_POS;20.223,0.00
VAL;2026-09-18 17:10:46.450658;;;WHEEL_POS;20.260,0.00
VAL;2026-09-18 17:10:46.483966;;;WHEEL_POS;20.294,0.00
VAL;2026-09-18 17:10:46.499602;;;WHEEL_POS;20.309,0.00
VAL;2026-09-18 17:10:46.515226;;;WHEEL_POS;20.325,0.00
VAL;2026-09-18 17:10:46.550495;;;WHEEL_POS;20.360,0.00
VAL;2026-09-18 17:10:46.566127;;;WHEEL_POS;20.376,0.00
VAL;2026-09-18 17:10:46.613008;;;WHEEL_POS;20.423,0.00
VAL;2026-09-18 17:10:46.628637;;;WHEEL_POS;20.438,0.00
VAL;2026-09-18 17:10:46.666389;;;WHEEL_POS;20.476,0.00
VAL;2026-09-18 17:10:46.684055;;;WHEEL_POS;20.494,0.00
VAL;2026-09-18 17:10:46.715311;;;WHEEL_POS;20.525,0.00
VAL;2026-09-18 17:10:46.751067;;;WHEEL_POS;20.561,0.00
VAL;2026-09-18 17:10:46.766699;;;WHEEL_POS;20.576,0.00
VAL;2026-09-18 17:10:46.797948;;;WHEEL_POS;20.608,0.00
VAL;2026-09-18 17:10:46.829205;;;WHEEL_POS;20.639,-0.40
VAL;2026-09-18 17:10:46.866963;;;WHEEL_POS;20.677,-0.70
VAL;2026-09-18 17:10:46.900240;;;WHEEL_POS;20.710,-0.70
VAL;2026-09-18 17:10:46.931490;;;WHEEL_POS;20.741,0.40
VAL;2026-09-18 17:10:46.951620;;;WHEEL_POS;20.761,2.10
EVENT;2026-09-18 17:10:46.951620;0.7577;;1;RotaryEncoder1_2
VAL;2026-09-18 17:10:46.967253;;;WHEEL_POS;20.777,6.00
EVENT;2026-09-18 17:10:46.998501;0.7951;;5;RotaryEncoder1_6
VAL;2026-09-18 17:10:46.998501;;;WHEEL_POS;20.808,10.20
VAL;2026-09-18 17:10:47.014127;;;WHEEL_POS;20.824,12.70
VAL;2026-09-18 17:10:47.045379;;;WHEEL_POS;20.855,14.40
VAL;2026-09-18 17:10:47.067515;;;WHEEL_POS;20.877,15.50
VAL;2026-09-18 17:10:47.094740;;;WHEEL_POS;20.904,15.80
VAL;2026-09-18 17:10:47.110374;;;WHEEL_POS;20.920,16.90
VAL;2026-09-18 17:10:47.132577;;;WHEEL_POS;20.942,17.20
VAL;2026-09-18 17:10:47.151730;;;WHEEL_POS;20.961,17.60
VAL;2026-09-18 17:10:47.182992;;;WHEEL_POS;20.993,18.60
VAL;2026-09-18 17:10:47.214244;;;WHEEL_POS;21.024,20.40
VAL;2026-09-18 17:10:47.245499;;;WHEEL_POS;21.055,22.50
VAL;2026-09-18 17:10:47.267640;;;WHEEL_POS;21.077,23.90
VAL;2026-09-18 17:10:47.301567;;;WHEEL_POS;21.111,25.70
VAL;2026-09-18 17:10:47.335353;;;WHEEL_POS;21.145,26.70
VAL;2026-09-18 17:10:47.351985;;;WHEEL_POS;21.162,27.40
VAL;2026-09-18 17:10:47.367619;;;WHEEL_POS;21.177,28.10
VAL;2026-09-18 17:10:47.398867;;;WHEEL_POS;21.208,30.20
VAL;2026-09-18 17:10:47.439896;;;WHEEL_POS;21.250,32.70
VAL;2026-09-18 17:10:47.451900;;;WHEEL_POS;21.262,33.40
EVENT;2026-09-18 17:10:47.467528;1.2766;;3;RotaryEncoder1_4
TRANSITION;2026-09-18 17:10:47.467528;1.2766;;Reward;
VAL;2026-09-18 17:10:47.486196;;;WHEEL_POS;21.296,35.90
VAL;2026-09-18 17:10:47.517451;;;WHEEL_POS;21.327,36.90
EVENT;2026-09-18 17:10:47.517451;1.3254000000000001;;158;Tup
TRANSITION;2026-09-18 17:10:47.517451;1.3254000000000001;;Consumption;
VAL;2026-09-18 17:10:47.533077;;;WHEEL_POS;21.343,37.30
VAL;2026-09-18 17:10:47.567837;;;WHEEL_POS;21.377,38.30
VAL;2026-09-18 17:10:47.599088;;;WHEEL_POS;21.409,39.00
VAL;2026-09-18 17:10:47.630341;;;WHEEL_POS;21.440,39.40
VAL;2026-09-18 17:10:47.668102;;;WHEEL_POS;21.478,40.10
VAL;2026-09-18 17:10:47.702693;;;WHEEL_POS;21.512,40.10
VAL;2026-09-18 17:10:47.733945;;;WHEEL_POS;21.544,40.10
VAL;2026-09-18 17:10:47.768204;;;WHEEL_POS;21.578,40.10
VAL;2026-09-18 17:10:47.799456;;;WHEEL_POS;21.609,40.10
VAL;2026-09-18 17:10:47.815081;;;WHEEL_POS;21.625,40.10
VAL;2026-09-18 17:10:47.852838;;;WHEEL_POS;21.662,40.10
VAL;2026-09-18 17:10:47.868468;;;WHEEL_POS;21.678,40.10
VAL;2026-09-18 17:10:47.887930;;;WHEEL_POS;21.698,40.10
VAL;2026-09-18 17:10:47.903558;;;WHEEL_POS;21.713,40.10
VAL;2026-09-18 17:10:47.919185;;;WHEEL_POS;21.729,40.10
VAL;2026-09-18 17:10:47.952942;;;WHEEL_POS;21.763,40.10
VAL;2026-09-18 17:10:47.968572;;;WHEEL_POS;21.778,40.10
VAL;2026-09-18 17:10:47.984197;;;WHEEL_POS;21.794,40.10
VAL;2026-09-18 17:10:48.015450;;;WHEEL_POS;21.825,40.10
VAL;2026-09-18 17:10:48.031075;;;WHEEL_POS;21.841,40.10
VAL;2026-09-18 17:10:48.068835;;;WHEEL_POS;21.878,40.10
VAL;2026-09-18 17:10:48.133806;;;WHEEL_POS;21.943,40.10
VAL;2026-09-18 17:10:48.153418;;;WHEEL_POS;21.963,40.10
VAL;2026-09-18 17:10:48.169048;;;WHEEL_POS;21.979,40.10
VAL;2026-09-18 17:10:48.200300;;;WHEEL_POS;22.010,40.10
VAL;2026-09-18 17:10:48.231551;;;WHEEL_POS;22.041,40.10
VAL;2026-09-18 17:10:48.269322;;;WHEEL_POS;22.079,40.10
VAL;2026-09-18 17:10:48.320567;;;WHEEL_POS;22.130,40.10
VAL;2026-09-18 17:10:48.353749;;;WHEEL_POS;22.163,40.10
VAL;2026-09-18 17:10:48.369381;;;WHEEL_POS;22.179,40.10
VAL;2026-09-18 17:10:48.385008;;;WHEEL_POS;22.195,40.10
VAL;2026-09-18 17:10:48.416257;;;WHEEL_POS;22.226,40.10
VAL;2026-09-18 17:10:48.453758;;;WHEEL_POS;22.263,40.10
VAL;2026-09-18 17:10:48.490061;;;WHEEL_POS;22.300,40.10
VAL;2026-09-18 17:10:48.505692;;;WHEEL_POS;22.315,40.10
VAL;2026-09-18 17:10:48.536945;;;WHEEL_POS;22.347,40.10
VAL;2026-09-18 17:10:48.569702;;;WHEEL_POS;22.379,40.10
VAL;2026-09-18 17:10:48.600957;;;WHEEL_POS;22.411,40.10
VAL;2026-09-18 17:10:48.632205;;;WHEEL_POS;22.442,40.10
VAL;2026-09-18 17:10:48.669977;;;WHEEL_POS;22.480,40.10
VAL;2026-09-18 17:10:48.706808;;;WHEEL_POS;22.516,40.10
VAL;2026-09-18 17:10:48.738060;;;WHEEL_POS;22.548,40.10
VAL;2026-09-18 17:10:48.770317;;;WHEEL_POS;22.580,40.10
VAL;2026-09-18 17:10:48.785943;;;WHEEL_POS;22.596,40.10
VAL;2026-09-18 17:10:48.825227;;;WHEEL_POS;22.635,40.10
VAL;2026-09-18 17:10:48.886117;;;WHEEL_POS;22.696,40.10
VAL;2026-09-18 17:10:48.907836;;;WHEEL_POS;22.717,40.10
EVENT;2026-09-18 17:10:48.944096;2.7388000000000003;;94;Port1In
TRANSITION;2026-09-18 17:10:48.944096;2.7388000000000003;;ITI;
VAL;2026-09-18 17:10:48.955108;;;WHEEL_POS;22.765,40.10
VAL;2026-09-18 17:10:48.986366;;;WHEEL_POS;22.796,40.10
EVENT;2026-09-18 17:10:48.986366;2.7946;;95;Port1Out
VAL;2026-09-18 17:10:49.001991;;;WHEEL_POS;22.812,40.10
VAL;2026-09-18 17:10:49.033244;;;WHEEL_POS;22.843,40.10
VAL;2026-09-18 17:10:49.086635;;;WHEEL_POS;22.896,40.10
VAL;2026-09-18 17:10:49.118234;;;WHEEL_POS;22.928,40.10
VAL;2026-09-18 17:10:49.134867;;;WHEEL_POS;22.944,40.10
VAL;2026-09-18 17:10:49.171268;;;WHEEL_POS;22.981,40.10
VAL;2026-09-18 17:10:49.218033;;;WHEEL_POS;23.028,40.10
VAL;2026-09-18 17:10:49.233656;;;WHEEL_POS;23.043,40.10
VAL;2026-09-18 17:10:49.287047;;;WHEEL_POS;23.097,40.10
VAL;2026-09-18 17:10:49.308982;;;WHEEL_POS;23.119,40.10
VAL;2026-09-18 17:10:49.355747;;;WHEEL_POS;23.165,40.10
VAL;2026-09-18 17:10:49.387002;;;WHEEL_POS;23.197,40.10
VAL;2026-09-18 17:10:49.433887;;;WHEEL_POS;23.243,40.10
VAL;2026-09-18 17:10:49.456039;;;WHEEL_POS;23.266,40.10
VAL;2026-09-18 17:10:49.471669;;;WHEEL_POS;23.281,40.10
EVENT;2026-09-18 17:10:49.471669;3.2756000000000003;;94;Port1In
VAL;2026-09-18 17:10:49.493840;;;WHEEL_POS;23.303,40.10
VAL;2026-09-18 17:10:49.525096;;;WHEEL_POS;23.335,40.10
VAL;2026-09-18 17:10:49.571864;;;WHEEL_POS;23.381,40.10
VAL;2026-09-18 17:10:49.603108;;;WHEEL_POS;23.413,40.10
EVENT;2026-09-18 17:10:49.634365;3.4334000000000002;;95;Port1Out
VAL;2026-09-18 17:10:49.634365;;;WHEEL_POS;23.444,40.10
VAL;2026-09-18 17:10:49.695244;;;WHEEL_POS;23.505,40.10
VAL;2026-09-18 17:10:49.710872;;;WHEEL_POS;23.520,40.10
EVENT;2026-09-18 17:10:49.726498;3.5343;;94;Port1In
VAL;2026-09-18 17:10:49.756634;;;WHEEL_POS;23.566,40.10
VAL;2026-09-18 17:10:49.772267;;;WHEEL_POS;23.582,40.10
EVENT;2026-09-18 17:10:49.787892;3.593;;95;Port1Out
VAL;2026-09-18 17:10:49.803519;;;WHEEL_POS;23.613,40.10
VAL;2026-09-18 17:10:49.834770;;;WHEEL_POS;23.644,40.10
VAL;2026-09-18 17:10:49.888162;;;WHEEL_POS;23.698,40.10
VAL;2026-09-18 17:10:49.912107;;;WHEEL_POS;23.722,40.10
VAL;2026-09-18 17:10:49.943359;;;WHEEL_POS;23.753,40.10
VAL;2026-09-18 17:10:49.972512;;;WHEEL_POS;23.782,40.10
VAL;2026-09-18 17:10:50.003757;;;WHEEL_POS;23.813,40.10
VAL;2026-09-18 17:10:50.035014;;;WHEEL_POS;23.845,40.10
EVENT;2026-09-18 17:10:50.035014;3.8377000000000003;;94;Port1In
EVENT;2026-09-18 17:10:50.035014;3.8378;;95;Port1Out
EVENT;2026-09-18 17:10:50.035014;3.8379000000000003;;94;Port1In
EVENT;2026-09-18 17:10:50.035014;3.838;;95;Port1Out
EVENT;2026-09-18 17:10:50.035014;3.8382;;94;Port1In
VAL;2026-09-18 17:10:50.072777;;;WHEEL_POS;23.882,40.10
EVENT;2026-09-18 17:10:50.097939;3.8887;;95;Port1Out
VAL;2026-09-18 17:10:50.120115;;;WHEEL_POS;23.930,40.10
VAL;2026-09-18 17:10:50.135744;;;WHEEL_POS;23.945,40.10
VAL;2026-09-18 17:10:50.173033;;;WHEEL_POS;23.983,40.10
VAL;2026-09-18 17:10:50.219917;;;WHEEL_POS;24.030,40.10
VAL;2026-09-18 17:10:50.235536;;;WHEEL_POS;24.045,40.10
VAL;2026-09-18 17:10:50.273296;;;WHEEL_POS;24.083,40.10
VAL;2026-09-18 17:10:50.312577;;;WHEEL_POS;24.122,40.10
VAL;2026-09-18 17:10:50.335217;;;WHEEL_POS;24.145,40.10
VAL;2026-09-18 17:10:50.373501;;;WHEEL_POS;24.183,40.10
VAL;2026-09-18 17:10:50.389129;;;WHEEL_POS;24.199,40.10
VAL;2026-09-18 17:10:50.420385;;;WHEEL_POS;24.230,40.10
EVENT;2026-09-18 17:10:50.442089;4.2388;;158;Tup
END-TRIAL;2026-09-18 17:10:50.442089;;;The trial ended;
INFO;2026-09-18 17:10:50.442089;39.587531;43.826334;TRIAL-BPOD-TIME;4.238803000000004
STATE;2026-09-18 17:10:50.442089;0;1.2766;WheelDotPeriod;1.2766
STATE;2026-09-18 17:10:50.442089;1.2766;1.3254000000000001;Reward;0.04880000000000018
STATE;2026-09-18 17:10:50.442089;1.3254000000000001;2.7388000000000003;Consumption;1.4134000000000002
STATE;2026-09-18 17:10:50.442089;2.7388000000000003;4.2388;ITI;1.5
STATE;2026-09-18 17:10:50.442089;nan;nan;ErrorConsumption;nan
STATE;2026-09-18 17:10:50.442089;nan;nan;IncorrectITI;nan
STATE;2026-09-18 17:10:50.442089;nan;nan;NoResponse;nan
VAL;2026-09-18 17:10:50.537862;;;INCLUDED;True
VAL;2026-09-18 17:10:50.537862;;;CONSUMPTION_LICKED;True
VAL;2026-09-18 17:10:50.537862;;;LED_ON_TIME;20.006585121154785
VAL;2026-09-18 17:10:50.537862;;;DOT_ONSET_JITTER_S;0.1855154336005105
VAL;2026-09-18 17:10:50.537862;;;DOT_ONSET_TIME;20.192100554755296
VAL;2026-09-18 17:10:50.537862;;;THRESHOLD_CROSSING_TIME;21.283185121154784
VAL;2026-09-18 17:10:50.537862;;;DOT_DISAPPEAR_JITTER_S;0.5900353136847301
VAL;2026-09-18 17:10:50.537862;;;DOT_DISAPPEAR_TIME;21.873220434839514
VAL;2026-09-18 17:10:50.537862;;;CORRECT;True
stdout;2026-09-18 17:10:50.537862;;;Trial 3 (warmup): side=R, Reward -> reward;
stdout;2026-09-18 17:10:50.537862;;;|
|;
VAL;2026-09-18 17:10:51.140165;;;TRIAL_INIT_START;24.949777126312256
VAL;2026-09-18 17:10:51.158189;;;WHEEL_POS;24.968,40.10
VAL;2026-09-18 17:10:51.173828;;;WHEEL_POS;24.983,40.10
VAL;2026-09-18 17:10:51.205081;;;WHEEL_POS;25.015,40.10
VAL;2026-09-18 17:10:51.236335;;;WHEEL_POS;25.046,40.10
VAL;2026-09-18 17:10:51.274097;;;WHEEL_POS;25.084,40.10
VAL;2026-09-18 17:10:51.305350;;;WHEEL_POS;25.115,40.10
VAL;2026-09-18 17:10:51.326606;;;TRIAL_START;25.114961624145508
VAL;2026-09-18 17:10:51.326606;;;QUIESCENCE_BREAKS;0
VAL;2026-09-18 17:10:51.326606;;;TRIAL_TYPE;warmup
VAL;2026-09-18 17:10:51.489571;;;TRIAL_SIDE;R
VAL;2026-09-18 17:10:51.489571;;;CLICK_TIMES_L;
VAL;2026-09-18 17:10:51.489571;;;CLICK_TIMES_R;0.1005,0.1179,0.1592,0.1742
VAL;2026-09-18 17:10:51.489571;;;N_CLICKS_L;0
VAL;2026-09-18 17:10:51.489571;;;N_CLICKS_R;4
VAL;2026-09-18 17:10:51.489571;;;STIM_SEED;1035242638
VAL;2026-09-18 17:10:51.489571;;;CUE_ABORT_THRESHOLD_DEG;10.0
VAL;2026-09-18 17:10:51.489571;;;RESPONSE_THRESHOLD_DEG;35.0
VAL;2026-09-18 17:10:51.489571;;;QUIESCENCE_DUR_S;0.1
VAL;2026-09-18 17:10:51.489571;;;ITI_S;1.5
VAL;2026-09-18 17:10:51.489571;;;CLICK_LEVEL_ATTENUATED;False
stdout;2026-09-18 17:10:51.489571;;;Trial 4 (warmup): side=R, n_L=0, n_R=4;
stdout;2026-09-18 17:10:51.489571;;;|
|;
VAL;2026-09-18 17:10:51.489571;;;SM_SEND_TIME;25.299183130264282
VAL;2026-09-18 17:10:51.489571;;;CUE_ONSET_TIME;25.320183130264283
TRIAL;2026-09-18 17:10:51.489571;;;New trial;
VAL;2026-09-18 17:10:51.505198;;;WHEEL_POS;25.315,0.00
VAL;2026-09-18 17:10:51.526333;;;WHEEL_POS;25.336,0.00
VAL;2026-09-18 17:10:51.541966;;;WHEEL_POS;25.352,0.00
VAL;2026-09-18 17:10:51.574230;;;WHEEL_POS;25.384,0.00
VAL;2026-09-18 17:10:51.605482;;;WHEEL_POS;25.415,0.00
VAL;2026-09-18 17:10:51.621106;;;WHEEL_POS;25.431,0.00
VAL;2026-09-18 17:10:51.652359;;;WHEEL_POS;25.462,0.00
VAL;2026-09-18 17:10:51.674493;;;WHEEL_POS;25.484,0.00
VAL;2026-09-18 17:10:51.705745;;;WHEEL_POS;25.515,0.00
VAL;2026-09-18 17:10:51.742836;;;WHEEL_POS;25.552,0.00
VAL;2026-09-18 17:10:51.774594;;;WHEEL_POS;25.584,0.00
EVENT;2026-09-18 17:10:51.774594;0.271;;158;Tup
TRANSITION;2026-09-18 17:10:51.774594;0.271;;DelayPeriod;
VAL;2026-09-18 17:10:51.790222;;;WHEEL_POS;25.600,0.00
VAL;2026-09-18 17:10:51.821474;;;WHEEL_POS;25.631,0.00
VAL;2026-09-18 17:10:51.837100;;;WHEEL_POS;25.647,0.00
VAL;2026-09-18 17:10:51.874860;;;WHEEL_POS;25.684,0.00
EVENT;2026-09-18 17:10:51.890487;0.386;;158;Tup
TRANSITION;2026-09-18 17:10:51.890487;0.386;;CueComplete;
EVENT;2026-09-18 17:10:51.890487;0.3861;;158;Tup
END-TRIAL;2026-09-18 17:10:51.890487;;;The trial ended;
INFO;2026-09-18 17:10:51.890487;44.892431;45.278535;TRIAL-BPOD-TIME;0.386103999999996
STATE;2026-09-18 17:10:51.890487;0;0.271;CuePeriod;0.271
STATE;2026-09-18 17:10:51.890487;0.271;0.386;DelayPeriod;0.11499999999999999
STATE;2026-09-18 17:10:51.890487;0.386;0.3861;CueComplete;9.999999999998899e-05
STATE;2026-09-18 17:10:51.890487;nan;nan;WheelAbort;nan
STATE;2026-09-18 17:10:51.890487;nan;nan;AbortITI;nan
VAL;2026-09-18 17:10:51.906112;;;SM_SEND_TIME;25.7157244682312
TRIAL;2026-09-18 17:10:51.906112;;;New trial;
VAL;2026-09-18 17:10:51.906112;;;WHEEL_POS;25.716,0.00
VAL;2026-09-18 17:10:51.943708;;;WHEEL_POS;25.753,0.00
VAL;2026-09-18 17:10:51.974841;;;WHEEL_POS;25.784,0.00
VAL;2026-09-18 17:10:52.006094;;;WHEEL_POS;25.816,0.00
VAL;2026-09-18 17:10:52.037346;;;WHEEL_POS;25.847,0.00
VAL;2026-09-18 17:10:52.075124;;;WHEEL_POS;25.885,0.00
VAL;2026-09-18 17:10:52.137414;;;WHEEL_POS;25.947,0.00
VAL;2026-09-18 17:10:52.175174;;;WHEEL_POS;25.985,0.00
VAL;2026-09-18 17:10:52.206430;;;WHEEL_POS;26.016,0.00
VAL;2026-09-18 17:10:52.237679;;;WHEEL_POS;26.047,0.00
VAL;2026-09-18 17:10:52.275445;;;WHEEL_POS;26.085,0.00
VAL;2026-09-18 17:10:52.306697;;;WHEEL_POS;26.116,0.00
VAL;2026-09-18 17:10:52.337791;;;WHEEL_POS;26.147,0.00
VAL;2026-09-18 17:10:52.375557;;;WHEEL_POS;26.185,0.00
VAL;2026-09-18 17:10:52.391184;;;WHEEL_POS;26.201,0.00
VAL;2026-09-18 17:10:52.422440;;;WHEEL_POS;26.232,0.00
VAL;2026-09-18 17:10:52.460137;;;WHEEL_POS;26.270,0.00
VAL;2026-09-18 17:10:52.491395;;;WHEEL_POS;26.301,0.00
VAL;2026-09-18 17:10:52.522643;;;WHEEL_POS;26.332,0.00
VAL;2026-09-18 17:10:52.560295;;;WHEEL_POS;26.370,-0.40
VAL;2026-09-18 17:10:52.591555;;;WHEEL_POS;26.401,-1.80
VAL;2026-09-18 17:10:52.607182;;;WHEEL_POS;26.417,-1.80
VAL;2026-09-18 17:10:52.638435;;;WHEEL_POS;26.448,-1.40
VAL;2026-09-18 17:10:52.676196;;;WHEEL_POS;26.486,-0.40
VAL;2026-09-18 17:10:52.707451;;;WHEEL_POS;26.517,2.50
EVENT;2026-09-18 17:10:52.723079;0.8107000000000001;;1;RotaryEncoder1_2
VAL;2026-09-18 17:10:52.746042;;;WHEEL_POS;26.556,8.80
EVENT;2026-09-18 17:10:52.760547;0.8511000000000001;;5;RotaryEncoder1_6
VAL;2026-09-18 17:10:52.776179;;;WHEEL_POS;26.586,12.00
VAL;2026-09-18 17:10:52.807430;;;WHEEL_POS;26.617,15.10
VAL;2026-09-18 17:10:52.823061;;;WHEEL_POS;26.633,16.20
VAL;2026-09-18 17:10:52.860833;;;WHEEL_POS;26.670,17.20
VAL;2026-09-18 17:10:52.876462;;;WHEEL_POS;26.686,17.90
VAL;2026-09-18 17:10:52.892096;;;WHEEL_POS;26.702,18.30
VAL;2026-09-18 17:10:52.923340;;;WHEEL_POS;26.733,19.30
VAL;2026-09-18 17:10:52.946475;;;WHEEL_POS;26.756,20.00
VAL;2026-09-18 17:10:52.976620;;;WHEEL_POS;26.786,21.80
VAL;2026-09-18 17:10:53.007871;;;WHEEL_POS;26.817,23.60
VAL;2026-09-18 17:10:53.039128;;;WHEEL_POS;26.849,25.70
VAL;2026-09-18 17:10:53.076886;;;WHEEL_POS;26.886,27.80
VAL;2026-09-18 17:10:53.117730;;;WHEEL_POS;26.927,29.50
VAL;2026-09-18 17:10:53.161443;;;WHEEL_POS;26.971,32.00
EVENT;2026-09-18 17:10:53.192701;1.2839;;3;RotaryEncoder1_4
TRANSITION;2026-09-18 17:10:53.192701;1.2839;;Reward;
VAL;2026-09-18 17:10:53.192701;;;WHEEL_POS;27.002,35.20
VAL;2026-09-18 17:10:53.223952;;;WHEEL_POS;27.034,37.30
EVENT;2026-09-18 17:10:53.239580;1.3327;;158;Tup
TRANSITION;2026-09-18 17:10:53.239580;1.3327;;Consumption;
VAL;2026-09-18 17:10:53.255205;;;WHEEL_POS;27.065,39.00
VAL;2026-09-18 17:10:53.277339;;;WHEEL_POS;27.087,39.70
VAL;2026-09-18 17:10:53.292965;;;WHEEL_POS;27.103,40.10
VAL;2026-09-18 17:10:53.324217;;;WHEEL_POS;27.134,40.40
VAL;2026-09-18 17:10:53.361863;;;WHEEL_POS;27.171,40.40
VAL;2026-09-18 17:10:53.377492;;;WHEEL_POS;27.187,40.40
VAL;2026-09-18 17:10:53.393120;;;WHEEL_POS;27.203,40.40
VAL;2026-09-18 17:10:53.424371;;;WHEEL_POS;27.234,40.40
VAL;2026-09-18 17:10:53.462097;;;WHEEL_POS;27.272,40.40
VAL;2026-09-18 17:10:53.477725;;;WHEEL_POS;27.287,40.40
VAL;2026-09-18 17:10:53.508977;;;WHEEL_POS;27.319,40.40
VAL;2026-09-18 17:10:53.549280;;;WHEEL_POS;27.359,40.40
VAL;2026-09-18 17:10:53.577915;;;WHEEL_POS;27.388,40.40
VAL;2026-09-18 17:10:53.609167;;;WHEEL_POS;27.419,40.40
VAL;2026-09-18 17:10:53.640418;;;WHEEL_POS;27.450,40.40
VAL;2026-09-18 17:10:53.678180;;;WHEEL_POS;27.488,40.40
VAL;2026-09-18 17:10:53.709433;;;WHEEL_POS;27.519,40.40
VAL;2026-09-18 17:10:53.734740;;;WHEEL_POS;27.544,40.40
VAL;2026-09-18 17:10:53.750368;;;WHEEL_POS;27.560,40.40
VAL;2026-09-18 17:10:53.778003;;;WHEEL_POS;27.588,40.40
VAL;2026-09-18 17:10:53.810264;;;WHEEL_POS;27.620,40.40
VAL;2026-09-18 17:10:53.825893;;;WHEEL_POS;27.636,40.40
VAL;2026-09-18 17:10:53.862653;;;WHEEL_POS;27.672,40.40
VAL;2026-09-18 17:10:53.893909;;;WHEEL_POS;27.704,40.40
VAL;2026-09-18 17:10:53.925160;;;WHEEL_POS;27.735,40.40
VAL;2026-09-18 17:10:53.951663;;;WHEEL_POS;27.761,40.40
VAL;2026-09-18 17:10:53.978302;;;WHEEL_POS;27.788,40.40
VAL;2026-09-18 17:10:53.993928;;;WHEEL_POS;27.804,40.40
VAL;2026-09-18 17:10:54.025182;;;WHEEL_POS;27.835,40.40
VAL;2026-09-18 17:10:54.056431;;;WHEEL_POS;27.866,40.40
VAL;2026-09-18 17:10:54.078566;;;WHEEL_POS;27.888,40.40
VAL;2026-09-18 17:10:54.103729;;;WHEEL_POS;27.913,40.40
VAL;2026-09-18 17:10:54.119358;;;WHEEL_POS;27.929,40.40
VAL;2026-09-18 17:10:54.136162;;;WHEEL_POS;27.946,40.40
VAL;2026-09-18 17:10:54.151791;;;WHEEL_POS;27.961,40.40
EVENT;2026-09-18 17:10:54.178433;2.2694;;94;Port1In
TRANSITION;2026-09-18 17:10:54.178433;2.2694;;ITI;
VAL;2026-09-18 17:10:54.178433;;;WHEEL_POS;27.988,40.40
VAL;2026-09-18 17:10:54.209680;;;WHEEL_POS;28.019,40.40
VAL;2026-09-18 17:10:54.240937;;;WHEEL_POS;28.051,40.40
VAL;2026-09-18 17:10:54.294331;;;WHEEL_POS;28.104,40.40
VAL;2026-09-18 17:10:54.309953;;;WHEEL_POS;28.120,40.40
VAL;2026-09-18 17:10:54.340750;;;WHEEL_POS;28.150,40.40
VAL;2026-09-18 17:10:54.378531;;;WHEEL_POS;28.188,40.40
VAL;2026-09-18 17:10:54.394157;;;WHEEL_POS;28.204,40.40
VAL;2026-09-18 17:10:54.425413;;;WHEEL_POS;28.235,40.40
VAL;2026-09-18 17:10:54.463089;;;WHEEL_POS;28.273,40.40
EVENT;2026-09-18 17:10:54.478720;2.5637000000000003;;95;Port1Out
VAL;2026-09-18 17:10:54.494344;;;WHEEL_POS;28.304,40.40
VAL;2026-09-18 17:10:54.525595;;;WHEEL_POS;28.335,40.40
VAL;2026-09-18 17:10:54.554459;;;WHEEL_POS;28.364,40.40
VAL;2026-09-18 17:10:54.578595;;;WHEEL_POS;28.388,40.40
VAL;2026-09-18 17:10:54.609854;;;WHEEL_POS;28.419,40.40
EVENT;2026-09-18 17:10:54.609854;2.7096;;94;Port1In
VAL;2026-09-18 17:10:54.641104;;;WHEEL_POS;28.451,40.40
VAL;2026-09-18 17:10:54.678871;;;WHEEL_POS;28.488,40.40
VAL;2026-09-18 17:10:54.702017;;;WHEEL_POS;28.512,40.40
VAL;2026-09-18 17:10:54.738286;;;WHEEL_POS;28.548,40.40
VAL;2026-09-18 17:10:54.753916;;;WHEEL_POS;28.564,40.40
VAL;2026-09-18 17:10:54.779051;;;WHEEL_POS;28.589,40.40
VAL;2026-09-18 17:10:54.810306;;;WHEEL_POS;28.620,40.40
VAL;2026-09-18 17:10:54.825928;;;WHEEL_POS;28.636,40.40
VAL;2026-09-18 17:10:54.879329;;;WHEEL_POS;28.689,40.40
VAL;2026-09-18 17:10:54.894949;;;WHEEL_POS;28.705,40.40
VAL;2026-09-18 17:10:54.942341;;;WHEEL_POS;28.752,40.40
VAL;2026-09-18 17:10:54.957972;;;WHEEL_POS;28.768,40.40
VAL;2026-09-18 17:10:54.995238;;;WHEEL_POS;28.805,40.40
VAL;2026-09-18 17:10:55.010858;;;WHEEL_POS;28.820,40.40
VAL;2026-09-18 17:10:55.042110;;;WHEEL_POS;28.852,40.40
EVENT;2026-09-18 17:10:55.079889;3.1708000000000003;;95;Port1Out
VAL;2026-09-18 17:10:55.079889;;;WHEEL_POS;28.890,40.40
VAL;2026-09-18 17:10:55.141945;;;WHEEL_POS;28.952,40.40
VAL;2026-09-18 17:10:55.157581;;;WHEEL_POS;28.967,40.40
VAL;2026-09-18 17:10:55.180216;;;WHEEL_POS;28.990,40.40
EVENT;2026-09-18 17:10:55.195846;3.2840000000000003;;94;Port1In
VAL;2026-09-18 17:10:55.211471;;;WHEEL_POS;29.021,40.40
VAL;2026-09-18 17:10:55.242721;;;WHEEL_POS;29.052,40.40
EVENT;2026-09-18 17:10:55.280496;3.3689;;95;Port1Out
VAL;2026-09-18 17:10:55.280496;;;WHEEL_POS;29.090,40.40
VAL;2026-09-18 17:10:55.311743;;;WHEEL_POS;29.121,40.40
VAL;2026-09-18 17:10:55.356528;;;WHEEL_POS;29.166,40.40
EVENT;2026-09-18 17:10:55.365038;3.4638;;94;Port1In
VAL;2026-09-18 17:10:55.380668;;;WHEEL_POS;29.190,40.40
VAL;2026-09-18 17:10:55.411932;;;WHEEL_POS;29.222,40.40
VAL;2026-09-18 17:10:55.443172;;;WHEEL_POS;29.253,40.40
VAL;2026-09-18 17:10:55.480951;;;WHEEL_POS;29.291,40.40
VAL;2026-09-18 17:10:55.512199;;;WHEEL_POS;29.322,40.40
EVENT;2026-09-18 17:10:55.527824;3.617;;95;Port1Out
VAL;2026-09-18 17:10:55.543454;;;WHEEL_POS;29.353,40.40
VAL;2026-09-18 17:10:55.596849;;;WHEEL_POS;29.406,40.40
VAL;2026-09-18 17:10:55.612472;;;WHEEL_POS;29.422,40.40
VAL;2026-09-18 17:10:55.628097;;;WHEEL_POS;29.438,40.40
VAL;2026-09-18 17:10:55.665869;;;WHEEL_POS;29.475,40.40
EVENT;2026-09-18 17:10:55.681502;3.7694;;158;Tup
END-TRIAL;2026-09-18 17:10:55.681502;;;The trial ended;
INFO;2026-09-18 17:10:55.681502;45.295431;49.064834;TRIAL-BPOD-TIME;3.769402999999997
STATE;2026-09-18 17:10:55.681502;0;1.2839;WheelDotPeriod;1.2839
STATE;2026-09-18 17:10:55.681502;1.2839;1.3327;Reward;0.048799999999999955
STATE;2026-09-18 17:10:55.681502;1.3327;2.2694;Consumption;0.9367000000000001
STATE;2026-09-18 17:10:55.681502;2.2694;3.7694;ITI;1.5
STATE;2026-09-18 17:10:55.681502;nan;nan;ErrorConsumption;nan
STATE;2026-09-18 17:10:55.681502;nan;nan;IncorrectITI;nan
STATE;2026-09-18 17:10:55.681502;nan;nan;NoResponse;nan
VAL;2026-09-18 17:10:55.681502;;;WHEEL_POS;29.491,40.40
VAL;2026-09-18 17:10:55.728384;;;INCLUDED;True
VAL;2026-09-18 17:10:55.728384;;;CONSUMPTION_LICKED;True
VAL;2026-09-18 17:10:55.728384;;;LED_ON_TIME;25.7157244682312
VAL;2026-09-18 17:10:55.728384;;;DOT_ONSET_JITTER_S;0.10089463302201923
VAL;2026-09-18 17:10:55.728384;;;DOT_ONSET_TIME;25.81661910125322
VAL;2026-09-18 17:10:55.728384;;;THRESHOLD_CROSSING_TIME;26.9996244682312
VAL;2026-09-18 17:10:55.744006;;;DOT_DISAPPEAR_JITTER_S;0.5252667836135634
VAL;2026-09-18 17:10:55.744006;;;DOT_DISAPPEAR_TIME;27.524891251844764
VAL;2026-09-18 17:10:55.744006;;;CORRECT;True
stdout;2026-09-18 17:10:55.744006;;;Trial 4 (warmup): side=R, Reward -> reward;
stdout;2026-09-18 17:10:55.744006;;;|
|;
VAL;2026-09-18 17:10:56.342901;;;TRIAL_INIT_START;30.152513027191162
VAL;2026-09-18 17:10:56.358530;;;WHEEL_POS;30.168,40.40
VAL;2026-09-18 17:10:56.382705;;;WHEEL_POS;30.192,40.40
VAL;2026-09-18 17:10:56.413958;;;WHEEL_POS;30.224,40.40
VAL;2026-09-18 17:10:56.447655;;;WHEEL_POS;30.257,40.40
VAL;2026-09-18 17:10:56.467289;;;WHEEL_POS;30.277,40.40
VAL;2026-09-18 17:10:56.482918;;;WHEEL_POS;30.293,40.40
VAL;2026-09-18 17:10:56.498546;;;TRIAL_START;30.29253053665161
VAL;2026-09-18 17:10:56.498546;;;QUIESCENCE_BREAKS;0
VAL;2026-09-18 17:10:56.498546;;;TRIAL_TYPE;warmup
VAL;2026-09-18 17:10:56.630070;;;TRIAL_SIDE;L
VAL;2026-09-18 17:10:56.630070;;;CLICK_TIMES_L;0.0351,0.0531,0.0770,0.0920,0.1306,0.2074,0.2261,0.2411
VAL;2026-09-18 17:10:56.630070;;;CLICK_TIMES_R;
VAL;2026-09-18 17:10:56.630070;;;N_CLICKS_L;8
VAL;2026-09-18 17:10:56.630070;;;N_CLICKS_R;0
VAL;2026-09-18 17:10:56.630070;;;STIM_SEED;281207796
VAL;2026-09-18 17:10:56.630070;;;CUE_ABORT_THRESHOLD_DEG;10.0
VAL;2026-09-18 17:10:56.630070;;;RESPONSE_THRESHOLD_DEG;35.0
VAL;2026-09-18 17:10:56.630070;;;QUIESCENCE_DUR_S;0.1
VAL;2026-09-18 17:10:56.630070;;;ITI_S;1.5
VAL;2026-09-18 17:10:56.630070;;;CLICK_LEVEL_ATTENUATED;False
stdout;2026-09-18 17:10:56.630070;;;Trial 5 (warmup): side=L, n_L=8, n_R=0;
stdout;2026-09-18 17:10:56.630070;;;|
|;
VAL;2026-09-18 17:10:56.630070;;;SM_SEND_TIME;30.439682483673096
VAL;2026-09-18 17:10:56.630070;;;CUE_ONSET_TIME;30.460682483673096
TRIAL;2026-09-18 17:10:56.645698;;;New trial;
VAL;2026-09-18 17:10:56.645698;;;WHEEL_POS;30.455,0.00
VAL;2026-09-18 17:10:56.683456;;;WHEEL_POS;30.493,0.00
VAL;2026-09-18 17:10:56.699083;;;WHEEL_POS;30.509,0.00
VAL;2026-09-18 17:10:56.730336;;;WHEEL_POS;30.540,0.00
VAL;2026-09-18 17:10:56.745962;;;WHEEL_POS;30.556,0.00
VAL;2026-09-18 17:10:56.784236;;;WHEEL_POS;30.594,0.00
VAL;2026-09-18 17:10:56.815489;;;WHEEL_POS;30.625,0.00
VAL;2026-09-18 17:10:56.831116;;;WHEEL_POS;30.641,0.00
VAL;2026-09-18 17:10:56.862368;;;WHEEL_POS;30.672,0.00
VAL;2026-09-18 17:10:56.884002;;;WHEEL_POS;30.694,0.00
VAL;2026-09-18 17:10:56.915255;;;WHEEL_POS;30.725,0.00
EVENT;2026-09-18 17:10:56.915255;0.271;;158;Tup
TRANSITION;2026-09-18 17:10:56.915255;0.271;;DelayPeriod;
VAL;2026-09-18 17:10:56.946391;;;WHEEL_POS;30.756,0.00
VAL;2026-09-18 17:10:56.962017;;;WHEEL_POS;30.772,0.00
VAL;2026-09-18 17:10:56.985186;;;WHEEL_POS;30.795,0.00
VAL;2026-09-18 17:10:57.016438;;;WHEEL_POS;30.826,0.00
VAL;2026-09-18 17:10:57.032063;;;WHEEL_POS;30.842,0.00
VAL;2026-09-18 17:10:57.068818;;;WHEEL_POS;30.873,0.00
VAL;2026-09-18 17:10:57.084447;;;WHEEL_POS;30.894,0.00
VAL;2026-09-18 17:10:57.105424;;;WHEEL_POS;30.915,0.00
EVENT;2026-09-18 17:10:57.105424;0.46380000000000005;;158;Tup
TRANSITION;2026-09-18 17:10:57.105424;0.46380000000000005;;CueComplete;
EVENT;2026-09-18 17:10:57.105424;0.46390000000000003;;158;Tup
END-TRIAL;2026-09-18 17:10:57.105424;;;The trial ended;
INFO;2026-09-18 17:10:57.105424;50.034331;50.498235;TRIAL-BPOD-TIME;0.46390399999999943
STATE;2026-09-18 17:10:57.105424;0;0.271;CuePeriod;0.271
STATE;2026-09-18 17:10:57.105424;0.271;0.46380000000000005;DelayPeriod;0.19280000000000003
STATE;2026-09-18 17:10:57.105424;0.46380000000000005;0.46390000000000003;CueComplete;9.999999999998899e-05
STATE;2026-09-18 17:10:57.105424;nan;nan;WheelAbort;nan
STATE;2026-09-18 17:10:57.105424;nan;nan;AbortITI;nan
VAL;2026-09-18 17:10:57.121055;;;SM_SEND_TIME;30.93066692352295
TRIAL;2026-09-18 17:10:57.121055;;;New trial;
VAL;2026-09-18 17:10:57.133605;;;WHEEL_POS;30.943,0.00
VAL;2026-09-18 17:10:57.149234;;;WHEEL_POS;30.959,0.00
VAL;2026-09-18 17:10:57.186042;;;WHEEL_POS;30.996,0.00
VAL;2026-09-18 17:10:57.217296;;;WHEEL_POS;31.027,0.00
VAL;2026-09-18 17:10:57.248556;;;WHEEL_POS;31.058,0.00
VAL;2026-09-18 17:10:57.269175;;;WHEEL_POS;31.079,0.00
VAL;2026-09-18 17:10:57.300429;;;WHEEL_POS;31.110,0.00
VAL;2026-09-18 17:10:57.331689;;;WHEEL_POS;31.141,0.00
VAL;2026-09-18 17:10:57.359752;;;WHEEL_POS;31.169,0.00
VAL;2026-09-18 17:10:57.402224;;;WHEEL_POS;31.212,0.00
VAL;2026-09-18 17:10:57.417845;;;WHEEL_POS;31.227,0.00
VAL;2026-09-18 17:10:57.452442;;;WHEEL_POS;31.262,0.00
VAL;2026-09-18 17:10:57.469085;;;WHEEL_POS;31.279,0.00
VAL;2026-09-18 17:10:57.500341;;;WHEEL_POS;31.310,0.00
VAL;2026-09-18 17:10:57.515967;;;WHEEL_POS;31.326,0.00
VAL;2026-09-18 17:10:57.547221;;;WHEEL_POS;31.357,0.00
VAL;2026-09-18 17:10:57.602452;;;WHEEL_POS;31.412,0.00
VAL;2026-09-18 17:10:57.618072;;;WHEEL_POS;31.428,0.00
VAL;2026-09-18 17:10:57.664955;;;WHEEL_POS;31.475,-1.10
VAL;2026-09-18 17:10:57.685103;;;WHEEL_POS;31.495,-2.50
EVENT;2026-09-18 17:10:57.700729;0.5825;;0;RotaryEncoder1_1
VAL;2026-09-18 17:10:57.731983;;;WHEEL_POS;31.542,-4.60
VAL;2026-09-18 17:10:57.747611;;;WHEEL_POS;31.557,-6.30
EVENT;2026-09-18 17:10:57.787697;0.6687000000000001;;4;RotaryEncoder1_5
VAL;2026-09-18 17:10:57.787697;;;WHEEL_POS;31.597,-9.80
VAL;2026-09-18 17:10:57.818950;;;WHEEL_POS;31.629,-12.30
VAL;2026-09-18 17:10:57.850202;;;WHEEL_POS;31.660,-15.80
VAL;2026-09-18 17:10:57.885476;;;WHEEL_POS;31.695,-19.70
VAL;2026-09-18 17:10:57.916728;;;WHEEL_POS;31.726,-23.60
VAL;2026-09-18 17:10:57.947984;;;WHEEL_POS;31.758,-27.40
VAL;2026-09-18 17:10:58.003735;;;WHEEL_POS;31.813,-32.00
VAL;2026-09-18 17:10:58.019357;;;WHEEL_POS;31.829,-34.80
EVENT;2026-09-18 17:10:58.019357;0.8966000000000001;;2;RotaryEncoder1_3
TRANSITION;2026-09-18 17:10:58.019357;0.8966000000000001;;Reward;
VAL;2026-09-18 17:10:58.034982;;;WHEEL_POS;31.845,-36.60
VAL;2026-09-18 17:10:58.070239;;;WHEEL_POS;31.880,-39.70
EVENT;2026-09-18 17:10:58.070239;0.9454;;158;Tup
TRANSITION;2026-09-18 17:10:58.070239;0.9454;;Consumption;
VAL;2026-09-18 17:10:58.085869;;;WHEEL_POS;31.895,-42.90
VAL;2026-09-18 17:10:58.133526;;;WHEEL_POS;31.943,-46.40
VAL;2026-09-18 17:10:58.150157;;;WHEEL_POS;31.960,-48.20
VAL;2026-09-18 17:10:58.188993;;;WHEEL_POS;31.999,-49.90
VAL;2026-09-18 17:10:58.220246;;;WHEEL_POS;32.030,-50.60
VAL;2026-09-18 17:10:58.251498;;;WHEEL_POS;32.061,-50.30
VAL;2026-09-18 17:10:58.285757;;;WHEEL_POS;32.095,-49.20
VAL;2026-09-18 17:10:58.317009;;;WHEEL_POS;32.127,-48.20
VAL;2026-09-18 17:10:58.360640;;;WHEEL_POS;32.170,-47.10
VAL;2026-09-18 17:10:58.389288;;;WHEEL_POS;32.199,-46.80
VAL;2026-09-18 17:10:58.420540;;;WHEEL_POS;32.230,-46.80
VAL;2026-09-18 17:10:58.436166;;;WHEEL_POS;32.246,-46.80
VAL;2026-09-18 17:10:58.470190;;;WHEEL_POS;32.280,-46.80
VAL;2026-09-18 17:10:58.485818;;;WHEEL_POS;32.295,-46.80
VAL;2026-09-18 17:10:58.517071;;;WHEEL_POS;32.327,-46.80
VAL;2026-09-18 17:10:58.548324;;;WHEEL_POS;32.358,-46.80
VAL;2026-09-18 17:10:58.589971;;;WHEEL_POS;32.400,-46.80
VAL;2026-09-18 17:10:58.621223;;;WHEEL_POS;32.431,-46.80
VAL;2026-09-18 17:10:58.652475;;;WHEEL_POS;32.462,-46.80
VAL;2026-09-18 17:10:58.686739;;;WHEEL_POS;32.496,-46.80
VAL;2026-09-18 17:10:58.717994;;;WHEEL_POS;32.528,-46.80
VAL;2026-09-18 17:10:58.749246;;;WHEEL_POS;32.559,-46.80
VAL;2026-09-18 17:10:58.790345;;;WHEEL_POS;32.600,-46.80
VAL;2026-09-18 17:10:58.811017;;;WHEEL_POS;32.621,-46.80
VAL;2026-09-18 17:10:58.826646;;;WHEEL_POS;32.636,-46.80
VAL;2026-09-18 17:10:58.857897;;;WHEEL_POS;32.668,-46.80
EVENT;2026-09-18 17:10:58.870903;1.7472;;94;Port1In
TRANSITION;2026-09-18 17:10:58.870903;1.7472;;ITI;
VAL;2026-09-18 17:10:58.886532;;;WHEEL_POS;32.696,-46.80
VAL;2026-09-18 17:10:58.917785;;;WHEEL_POS;32.727,-46.80
VAL;2026-09-18 17:10:58.949037;;;WHEEL_POS;32.759,-46.80
VAL;2026-09-18 17:10:59.006818;;;WHEEL_POS;32.816,-46.80
VAL;2026-09-18 17:10:59.022442;;;WHEEL_POS;32.832,-46.80
VAL;2026-09-18 17:10:59.038067;;;WHEEL_POS;32.848,-46.80
EVENT;2026-09-18 17:10:59.038067;1.9206;;95;Port1Out
VAL;2026-09-18 17:10:59.071333;;;WHEEL_POS;32.881,-46.80
VAL;2026-09-18 17:10:59.086964;;;WHEEL_POS;32.897,-46.80
VAL;2026-09-18 17:10:59.135726;;;WHEEL_POS;32.945,-46.80
EVENT;2026-09-18 17:10:59.135726;2.0052000000000003;;94;Port1In
VAL;2026-09-18 17:10:59.171494;;;WHEEL_POS;32.981,-46.80
VAL;2026-09-18 17:10:59.191666;;;WHEEL_POS;33.001,-46.80
VAL;2026-09-18 17:10:59.238544;;;WHEEL_POS;33.048,-46.80
VAL;2026-09-18 17:10:59.271355;;;WHEEL_POS;33.081,-46.80
VAL;2026-09-18 17:10:59.286988;;;WHEEL_POS;33.097,-46.80
VAL;2026-09-18 17:10:59.333873;;;WHEEL_POS;33.143,-46.80
VAL;2026-09-18 17:10:59.361842;;;WHEEL_POS;33.171,-46.80
VAL;2026-09-18 17:10:59.407656;;;WHEEL_POS;33.217,-46.80
VAL;2026-09-18 17:10:59.423283;;;WHEEL_POS;33.233,-46.80
VAL;2026-09-18 17:10:59.471547;;;WHEEL_POS;33.281,-46.80
VAL;2026-09-18 17:10:59.502803;;;WHEEL_POS;33.312,-46.80
VAL;2026-09-18 17:10:59.549690;;;WHEEL_POS;33.359,-46.80
VAL;2026-09-18 17:10:59.565307;;;WHEEL_POS;33.375,-46.80
EVENT;2026-09-18 17:10:59.577651;2.4561;;95;Port1Out
VAL;2026-09-18 17:10:59.593279;;;WHEEL_POS;33.403,-46.80
VAL;2026-09-18 17:10:59.624535;;;WHEEL_POS;33.434,-46.80
VAL;2026-09-18 17:10:59.671925;;;WHEEL_POS;33.482,-46.80
EVENT;2026-09-18 17:10:59.671925;2.5503;;94;Port1In
VAL;2026-09-18 17:10:59.703180;;;WHEEL_POS;33.513,-46.80
VAL;2026-09-18 17:10:59.734437;;;WHEEL_POS;33.544,-46.80
VAL;2026-09-18 17:10:59.765687;;;WHEEL_POS;33.575,-46.80
VAL;2026-09-18 17:10:59.793698;;;WHEEL_POS;33.603,-46.80
VAL;2026-09-18 17:10:59.824948;;;WHEEL_POS;33.635,-46.80
VAL;2026-09-18 17:10:59.856199;;;WHEEL_POS;33.666,-46.80
VAL;2026-09-18 17:10:59.888021;;;WHEEL_POS;33.698,-46.80
EVENT;2026-09-18 17:10:59.903584;2.7796000000000003;;95;Port1Out
VAL;2026-09-18 17:10:59.919210;;;WHEEL_POS;33.729,-46.80
VAL;2026-09-18 17:10:59.950466;;;WHEEL_POS;33.760,-46.80
EVENT;2026-09-18 17:10:59.978882;2.8586;;94;Port1In
VAL;2026-09-18 17:10:59.994510;;;WHEEL_POS;33.804,-46.80
VAL;2026-09-18 17:11:00.025763;;;WHEEL_POS;33.835,-46.80
VAL;2026-09-18 17:11:00.057015;;;WHEEL_POS;33.867,-46.80
VAL;2026-09-18 17:11:00.088164;;;WHEEL_POS;33.898,-46.80
VAL;2026-09-18 17:11:00.124457;;;WHEEL_POS;33.934,-46.80
VAL;2026-09-18 17:11:00.151594;;;WHEEL_POS;33.961,-46.80
EVENT;2026-09-18 17:11:00.151594;3.0323;;95;Port1Out
VAL;2026-09-18 17:11:00.210534;;;WHEEL_POS;34.020,-46.80
VAL;2026-09-18 17:11:00.241787;;;WHEEL_POS;34.051,-46.80
VAL;2026-09-18 17:11:00.272919;;;WHEEL_POS;34.083,-46.80
EVENT;2026-09-18 17:11:00.272919;3.1526;;94;Port1In
VAL;2026-09-18 17:11:00.304180;;;WHEEL_POS;34.114,-46.80
VAL;2026-09-18 17:11:00.335435;;;WHEEL_POS;34.145,-46.80
VAL;2026-09-18 17:11:00.361078;;;WHEEL_POS;34.171,-46.80
EVENT;2026-09-18 17:11:00.373091;3.2472000000000003;;158;Tup
END-TRIAL;2026-09-18 17:11:00.373091;;;The trial ended;
INFO;2026-09-18 17:11:00.373091;50.512331;53.759534;TRIAL-BPOD-TIME;3.247202999999999
STATE;2026-09-18 17:11:00.373091;0;0.8966000000000001;WheelDotPeriod;0.8966000000000001
STATE;2026-09-18 17:11:00.373091;0.8966000000000001;0.9454;Reward;0.048799999999999955
STATE;2026-09-18 17:11:00.373091;0.9454;1.7472;Consumption;0.8018000000000001
STATE;2026-09-18 17:11:00.373091;1.7472;3.2472000000000003;ITI;1.5000000000000002
STATE;2026-09-18 17:11:00.373091;nan;nan;ErrorConsumption;nan
STATE;2026-09-18 17:11:00.373091;nan;nan;IncorrectITI;nan
STATE;2026-09-18 17:11:00.373091;nan;nan;NoResponse;nan
VAL;2026-09-18 17:11:00.410353;;;INCLUDED;True
VAL;2026-09-18 17:11:00.410353;;;CONSUMPTION_LICKED;True
VAL;2026-09-18 17:11:00.410353;;;LED_ON_TIME;30.93066692352295
VAL;2026-09-18 17:11:00.410353;;;DOT_ONSET_JITTER_S;0.14666255239504464
VAL;2026-09-18 17:11:00.410353;;;DOT_ONSET_TIME;31.077329475917995
VAL;2026-09-18 17:11:00.410353;;;THRESHOLD_CROSSING_TIME;31.82726692352295
VAL;2026-09-18 17:11:00.410353;;;DOT_DISAPPEAR_JITTER_S;0.8939003788549718
VAL;2026-09-18 17:11:00.410353;;;DOT_DISAPPEAR_TIME;32.72116730237792
VAL;2026-09-18 17:11:00.410353;;;CORRECT;True
stdout;2026-09-18 17:11:00.410353;;;Trial 5 (warmup): side=L, Reward -> reward;
stdout;2026-09-18 17:11:00.410353;;;|
|;
VAL;2026-09-18 17:11:01.029362;;;TRIAL_INIT_START;34.83897423744202
VAL;2026-09-18 17:11:01.060614;;;WHEEL_POS;34.870,-46.80
VAL;2026-09-18 17:11:01.089246;;;WHEEL_POS;34.899,-46.80
VAL;2026-09-18 17:11:01.124971;;;WHEEL_POS;34.935,-46.80
VAL;2026-09-18 17:11:01.159298;;;WHEEL_POS;34.969,-46.80
VAL;2026-09-18 17:11:01.180322;;;WHEEL_POS;34.990,-46.80
VAL;2026-09-18 17:11:01.195953;;;WHEEL_POS;35.006,-46.80
VAL;2026-09-18 17:11:01.211579;;;TRIAL_START;35.00556468963623
VAL;2026-09-18 17:11:01.211579;;;QUIESCENCE_BREAKS;0
VAL;2026-09-18 17:11:01.211579;;;TRIAL_TYPE;warmup
VAL;2026-09-18 17:11:01.364110;;;TRIAL_SIDE;L
VAL;2026-09-18 17:11:01.364110;;;CLICK_TIMES_L;0.0150,0.0559,0.0709,0.1275,0.1612,0.1762,0.1912,0.2062
VAL;2026-09-18 17:11:01.364110;;;CLICK_TIMES_R;
VAL;2026-09-18 17:11:01.364110;;;N_CLICKS_L;8
VAL;2026-09-18 17:11:01.364110;;;N_CLICKS_R;0
VAL;2026-09-18 17:11:01.364110;;;STIM_SEED;1605905551
VAL;2026-09-18 17:11:01.364110;;;CUE_ABORT_THRESHOLD_DEG;10.0
VAL;2026-09-18 17:11:01.364110;;;RESPONSE_THRESHOLD_DEG;35.0
VAL;2026-09-18 17:11:01.364110;;;QUIESCENCE_DUR_S;0.1
VAL;2026-09-18 17:11:01.364110;;;ITI_S;1.5
VAL;2026-09-18 17:11:01.364110;;;CLICK_LEVEL_ATTENUATED;False
stdout;2026-09-18 17:11:01.364110;;;Trial 6 (warmup): side=L, n_L=8, n_R=0;
stdout;2026-09-18 17:11:01.364110;;;|
|;
VAL;2026-09-18 17:11:01.374125;;;SM_SEND_TIME;35.1837375164032
VAL;2026-09-18 17:11:01.374125;;;CUE_ONSET_TIME;35.2047375164032
TRIAL;2026-09-18 17:11:01.374125;;;New trial;
VAL;2026-09-18 17:11:01.380631;;;WHEEL_POS;35.190,0.00
VAL;2026-09-18 17:11:01.396263;;;WHEEL_POS;35.206,0.00
VAL;2026-09-18 17:11:01.427513;;;WHEEL_POS;35.237,0.00
VAL;2026-09-18 17:11:01.443141;;;WHEEL_POS;35.253,0.00
VAL;2026-09-18 17:11:01.474144;;;WHEEL_POS;35.284,0.40
VAL;2026-09-18 17:11:01.489773;;;WHEEL_POS;35.299,0.40
VAL;2026-09-18 17:11:01.521025;;;WHEEL_POS;35.331,0.40
VAL;2026-09-18 17:11:01.552277;;;WHEEL_POS;35.362,0.00
VAL;2026-09-18 17:11:01.598547;;;WHEEL_POS;35.408,-0.40
VAL;2026-09-18 17:11:01.614173;;;WHEEL_POS;35.424,-0.40
VAL;2026-09-18 17:11:01.645425;;;WHEEL_POS;35.455,-0.40
EVENT;2026-09-18 17:11:01.645425;0.271;;158;Tup
TRANSITION;2026-09-18 17:11:01.645425;0.271;;DelayPeriod;
VAL;2026-09-18 17:11:01.661051;;;WHEEL_POS;35.471,-0.40
VAL;2026-09-18 17:11:01.690188;;;WHEEL_POS;35.500,-0.40
VAL;2026-09-18 17:11:01.721440;;;WHEEL_POS;35.531,0.00
VAL;2026-09-18 17:11:01.737065;;;WHEEL_POS;35.547,0.00
VAL;2026-09-18 17:11:01.768317;;;WHEEL_POS;35.578,0.00
VAL;2026-09-18 17:11:01.798466;;;WHEEL_POS;35.608,0.00
VAL;2026-09-18 17:11:01.814095;;;WHEEL_POS;35.624,0.00
EVENT;2026-09-18 17:11:01.845347;0.465;;158;Tup
TRANSITION;2026-09-18 17:11:01.845347;0.465;;CueComplete;
EVENT;2026-09-18 17:11:01.845347;0.4651;;158;Tup
END-TRIAL;2026-09-18 17:11:01.845347;;;The trial ended;
INFO;2026-09-18 17:11:01.845347;54.765331;55.230434;TRIAL-BPOD-TIME;0.46510299999999916
STATE;2026-09-18 17:11:01.845347;0;0.271;CuePeriod;0.271
STATE;2026-09-18 17:11:01.845347;0.271;0.465;DelayPeriod;0.194
STATE;2026-09-18 17:11:01.845347;0.465;0.4651;CueComplete;9.999999999998899e-05
STATE;2026-09-18 17:11:01.845347;nan;nan;WheelAbort;nan
STATE;2026-09-18 17:11:01.845347;nan;nan;AbortITI;nan
VAL;2026-09-18 17:11:01.845347;;;WHEEL_POS;35.655,0.40
VAL;2026-09-18 17:11:01.860973;;;SM_SEND_TIME;35.67058491706848
TRIAL;2026-09-18 17:11:01.860973;;;New trial;
VAL;2026-09-18 17:11:01.860973;;;WHEEL_POS;35.671,0.00
VAL;2026-09-18 17:11:01.890605;;;WHEEL_POS;35.700,0.00
VAL;2026-09-18 17:11:01.906232;;;WHEEL_POS;35.716,0.00
VAL;2026-09-18 17:11:01.937484;;;WHEEL_POS;35.747,-0.40
VAL;2026-09-18 17:11:01.953110;;;WHEEL_POS;35.763,-0.70
VAL;2026-09-18 17:11:01.968987;;;WHEEL_POS;35.779,-1.40
VAL;2026-09-18 17:11:01.990620;;;WHEEL_POS;35.800,-2.80
EVENT;2026-09-18 17:11:01.998626;0.1424;;0;RotaryEncoder1_1
VAL;2026-09-18 17:11:02.014256;;;WHEEL_POS;35.824,-4.20
VAL;2026-09-18 17:11:02.029882;;;WHEEL_POS;35.839,-5.30
VAL;2026-09-18 17:11:02.061135;;;WHEEL_POS;35.871,-7.40
VAL;2026-09-18 17:11:02.090772;;;WHEEL_POS;35.900,-9.50
EVENT;2026-09-18 17:11:02.090772;0.23120000000000002;;4;RotaryEncoder1_5
VAL;2026-09-18 17:11:02.124889;;;WHEEL_POS;35.935,-12.30
VAL;2026-09-18 17:11:02.175197;;;WHEEL_POS;35.985,-14.40
VAL;2026-09-18 17:11:02.214487;;;WHEEL_POS;36.024,-16.20
VAL;2026-09-18 17:11:02.230114;;;WHEEL_POS;36.040,-16.90
VAL;2026-09-18 17:11:02.261365;;;WHEEL_POS;36.071,-18.60
VAL;2026-09-18 17:11:02.291000;;;WHEEL_POS;36.101,-20.00
VAL;2026-09-18 17:11:02.322256;;;WHEEL_POS;36.132,-22.10
VAL;2026-09-18 17:11:02.375381;;;WHEEL_POS;36.185,-24.60
VAL;2026-09-18 17:11:02.415154;;;WHEEL_POS;36.225,-27.10
VAL;2026-09-18 17:11:02.452928;;;WHEEL_POS;36.263,-28.80
VAL;2026-09-18 17:11:02.468563;;;WHEEL_POS;36.278,-30.20
VAL;2026-09-18 17:11:02.506824;;;WHEEL_POS;36.316,-32.30
VAL;2026-09-18 17:11:02.522452;;;WHEEL_POS;36.332,-33.80
VAL;2026-09-18 17:11:02.538075;;;WHEEL_POS;36.348,-34.80
EVENT;2026-09-18 17:11:02.538075;0.6779000000000001;;2;RotaryEncoder1_3
TRANSITION;2026-09-18 17:11:02.538075;0.6779000000000001;;Reward;
VAL;2026-09-18 17:11:02.569327;;;WHEEL_POS;36.379,-36.60
EVENT;2026-09-18 17:11:02.591463;0.7267;;158;Tup
TRANSITION;2026-09-18 17:11:02.591463;0.7267;;Consumption;
VAL;2026-09-18 17:11:02.591463;;;WHEEL_POS;36.401,-38.00
VAL;2026-09-18 17:11:02.616416;;;WHEEL_POS;36.426,-39.40
VAL;2026-09-18 17:11:02.632042;;;WHEEL_POS;36.442,-40.10
VAL;2026-09-18 17:11:02.663294;;;WHEEL_POS;36.473,-41.50
VAL;2026-09-18 17:11:02.687310;;;WHEEL_POS;36.497,-41.80
VAL;2026-09-18 17:11:02.718565;;;WHEEL_POS;36.528,-42.20
VAL;2026-09-18 17:11:02.734191;;;WHEEL_POS;36.544,-42.20
VAL;2026-09-18 17:11:02.765444;;;WHEEL_POS;36.575,-42.20
VAL;2026-09-18 17:11:02.801398;;;WHEEL_POS;36.611,-42.20
VAL;2026-09-18 17:11:02.817036;;;WHEEL_POS;36.627,-42.20
VAL;2026-09-18 17:11:02.848279;;;WHEEL_POS;36.658,-42.20
VAL;2026-09-18 17:11:02.891538;;;WHEEL_POS;36.701,-42.20
VAL;2026-09-18 17:11:02.907164;;;WHEEL_POS;36.717,-42.20
VAL;2026-09-18 17:11:02.938416;;;WHEEL_POS;36.748,-42.20
VAL;2026-09-18 17:11:02.969669;;;WHEEL_POS;36.779,-42.20
VAL;2026-09-18 17:11:02.991803;;;WHEEL_POS;36.801,-42.20
VAL;2026-09-18 17:11:03.017763;;;WHEEL_POS;36.827,-42.20
VAL;2026-09-18 17:11:03.049016;;;WHEEL_POS;36.859,-42.20
VAL;2026-09-18 17:11:03.091774;;;WHEEL_POS;36.901,-42.20
VAL;2026-09-18 17:11:03.125274;;;WHEEL_POS;36.935,-42.20
VAL;2026-09-18 17:11:03.162592;;;WHEEL_POS;36.972,-42.20
VAL;2026-09-18 17:11:03.202768;;;WHEEL_POS;37.012,-42.20
VAL;2026-09-18 17:11:03.218397;;;WHEEL_POS;37.028,-42.20
VAL;2026-09-18 17:11:03.234022;;;WHEEL_POS;37.044,-42.20
VAL;2026-09-18 17:11:03.265275;;;WHEEL_POS;37.075,-42.20
VAL;2026-09-18 17:11:03.291908;;;WHEEL_POS;37.102,-42.20
VAL;2026-09-18 17:11:03.323161;;;WHEEL_POS;37.133,-42.20
VAL;2026-09-18 17:11:03.376291;;;WHEEL_POS;37.186,-42.20
VAL;2026-09-18 17:11:03.419111;;;WHEEL_POS;37.229,-42.20
VAL;2026-09-18 17:11:03.455828;;;WHEEL_POS;37.265,-42.20
VAL;2026-09-18 17:11:03.476463;;;WHEEL_POS;37.286,-42.20
VAL;2026-09-18 17:11:03.492092;;;WHEEL_POS;37.302,-42.20
VAL;2026-09-18 17:11:03.523346;;;WHEEL_POS;37.333,-42.20
VAL;2026-09-18 17:11:03.554662;;;WHEEL_POS;37.364,-42.20
VAL;2026-09-18 17:11:03.592364;;;WHEEL_POS;37.402,-42.20
VAL;2026-09-18 17:11:03.619500;;;WHEEL_POS;37.429,-42.20
EVENT;2026-09-18 17:11:03.635126;1.7701;;94;Port1In
TRANSITION;2026-09-18 17:11:03.635126;1.7701;;ITI;
VAL;2026-09-18 17:11:03.635126;;;WHEEL_POS;37.445,-42.20
VAL;2026-09-18 17:11:03.666381;;;WHEEL_POS;37.476,-42.20
EVENT;2026-09-18 17:11:03.676890;1.8143;;95;Port1Out
VAL;2026-09-18 17:11:03.692520;;;WHEEL_POS;37.502,-42.20
VAL;2026-09-18 17:11:03.723777;;;WHEEL_POS;37.533,-42.20
VAL;2026-09-18 17:11:03.755025;;;WHEEL_POS;37.565,-42.20
VAL;2026-09-18 17:11:03.792794;;;WHEEL_POS;37.602,-42.20
VAL;2026-09-18 17:11:03.811736;;;WHEEL_POS;37.621,-42.20
VAL;2026-09-18 17:11:03.842996;;;WHEEL_POS;37.653,-42.20
VAL;2026-09-18 17:11:03.858628;;;WHEEL_POS;37.668,-42.20
VAL;2026-09-18 17:11:03.908506;;;WHEEL_POS;37.718,-42.20
VAL;2026-09-18 17:11:03.924137;;;WHEEL_POS;37.734,-42.20
VAL;2026-09-18 17:11:03.971010;;;WHEEL_POS;37.781,-42.20
EVENT;2026-09-18 17:11:03.971010;2.1069;;94;Port1In
VAL;2026-09-18 17:11:03.993156;;;WHEEL_POS;37.803,-42.20
VAL;2026-09-18 17:11:04.036778;;;WHEEL_POS;37.846,-42.20
VAL;2026-09-18 17:11:04.052401;;;WHEEL_POS;37.862,-42.20
VAL;2026-09-18 17:11:04.068026;;;WHEEL_POS;37.878,-42.20
VAL;2026-09-18 17:11:04.110832;;;WHEEL_POS;37.920,-42.20
VAL;2026-09-18 17:11:04.126462;;;WHEEL_POS;37.936,-42.20
EVENT;2026-09-18 17:11:04.126462;2.2673;;95;Port1Out
VAL;2026-09-18 17:11:04.142088;;;WHEEL_POS;37.952,-42.20
VAL;2026-09-18 17:11:04.164760;;;WHEEL_POS;37.974,-42.20
VAL;2026-09-18 17:11:04.193410;;;WHEEL_POS;38.003,-42.20
EVENT;2026-09-18 17:11:04.205918;2.3482000000000003;;94;Port1In
VAL;2026-09-18 17:11:04.221548;;;WHEEL_POS;38.031,-42.20
VAL;2026-09-18 17:11:04.237174;;;WHEEL_POS;38.047,-42.20
VAL;2026-09-18 17:11:04.268429;;;WHEEL_POS;38.078,-42.20
VAL;2026-09-18 17:11:04.293567;;;WHEEL_POS;38.103,-42.20
VAL;2026-09-18 17:11:04.309192;;;WHEEL_POS;38.119,-42.20
VAL;2026-09-18 17:11:04.340446;;;WHEEL_POS;38.150,-42.20
VAL;2026-09-18 17:11:04.367429;;;WHEEL_POS;38.177,-42.20
VAL;2026-09-18 17:11:04.406074;;;WHEEL_POS;38.216,-42.20
EVENT;2026-09-18 17:11:04.421708;2.5672;;95;Port1Out
VAL;2026-09-18 17:11:04.437332;;;WHEEL_POS;38.247,-42.20
VAL;2026-09-18 17:11:04.477945;;;WHEEL_POS;38.288,-42.20
VAL;2026-09-18 17:11:04.493574;;;WHEEL_POS;38.303,-42.20
VAL;2026-09-18 17:11:04.509200;;;WHEEL_POS;38.319,-42.20
VAL;2026-09-18 17:11:04.540455;;;WHEEL_POS;38.350,-42.20
VAL;2026-09-18 17:11:04.571705;;;WHEEL_POS;38.381,-42.20
VAL;2026-09-18 17:11:04.593840;;;WHEEL_POS;38.403,-42.20
VAL;2026-09-18 17:11:04.621983;;;WHEEL_POS;38.432,-42.20
VAL;2026-09-18 17:11:04.653231;;;WHEEL_POS;38.463,-42.20
VAL;2026-09-18 17:11:04.694007;;;WHEEL_POS;38.504,-42.20
VAL;2026-09-18 17:11:04.725251;;;WHEEL_POS;38.535,-42.20
VAL;2026-09-18 17:11:04.756509;;;WHEEL_POS;38.566,-42.20
VAL;2026-09-18 17:11:04.808171;;;WHEEL_POS;38.618,-42.20
VAL;2026-09-18 17:11:04.839425;;;WHEEL_POS;38.649,-42.20
VAL;2026-09-18 17:11:04.855051;;;WHEEL_POS;38.665,-42.20
VAL;2026-09-18 17:11:04.894332;;;WHEEL_POS;38.704,-42.20
VAL;2026-09-18 17:11:04.932594;;;WHEEL_POS;38.742,-42.20
EVENT;2026-09-18 17:11:04.963854;3.0900000000000003;;94;Port1In
EVENT;2026-09-18 17:11:04.963854;3.0908;;95;Port1Out
EVENT;2026-09-18 17:11:04.963854;3.0919000000000003;;94;Port1In
EVENT;2026-09-18 17:11:04.963854;3.0936000000000003;;95;Port1Out
EVENT;2026-09-18 17:11:04.963854;3.0939;;94;Port1In
VAL;2026-09-18 17:11:04.963854;;;WHEEL_POS;38.773,-42.20
EVENT;2026-09-18 17:11:04.963854;3.0955000000000004;;95;Port1Out
EVENT;2026-09-18 17:11:04.963854;3.0975;;94;Port1In
EVENT;2026-09-18 17:11:04.963854;3.0984000000000003;;95;Port1Out
EVENT;2026-09-18 17:11:04.963854;3.0985;;94;Port1In
EVENT;2026-09-18 17:11:04.963854;3.0988;;95;Port1Out
VAL;2026-09-18 17:11:05.009117;;;WHEEL_POS;38.819,-42.20
VAL;2026-09-18 17:11:05.024745;;;WHEEL_POS;38.834,-42.20
VAL;2026-09-18 17:11:05.071629;;;WHEEL_POS;38.881,-42.20
VAL;2026-09-18 17:11:05.094773;;;WHEEL_POS;38.904,-42.20
VAL;2026-09-18 17:11:05.142911;;;WHEEL_POS;38.953,-42.20
EVENT;2026-09-18 17:11:05.142911;3.2701000000000002;;158;Tup
END-TRIAL;2026-09-18 17:11:05.142911;;;The trial ended;
INFO;2026-09-18 17:11:05.142911;55.251331;58.521434;TRIAL-BPOD-TIME;3.270102999999999
STATE;2026-09-18 17:11:05.142911;0;0.6779000000000001;WheelDotPeriod;0.6779000000000001
STATE;2026-09-18 17:11:05.142911;0.6779000000000001;0.7267;Reward;0.048799999999999955
STATE;2026-09-18 17:11:05.142911;0.7267;1.7701;Consumption;1.0434
STATE;2026-09-18 17:11:05.142911;1.7701;3.2701000000000002;ITI;1.5000000000000002
STATE;2026-09-18 17:11:05.142911;nan;nan;ErrorConsumption;nan
STATE;2026-09-18 17:11:05.148926;nan;nan;IncorrectITI;nan
STATE;2026-09-18 17:11:05.148926;nan;nan;NoResponse;nan
VAL;2026-09-18 17:11:05.210571;;;INCLUDED;True
VAL;2026-09-18 17:11:05.210571;;;CONSUMPTION_LICKED;True
VAL;2026-09-18 17:11:05.210571;;;LED_ON_TIME;35.67058491706848
VAL;2026-09-18 17:11:05.210571;;;DOT_ONSET_JITTER_S;0.17733898076855723
VAL;2026-09-18 17:11:05.210571;;;DOT_ONSET_TIME;35.84792389783704
VAL;2026-09-18 17:11:05.210571;;;THRESHOLD_CROSSING_TIME;36.34848491706848
VAL;2026-09-18 17:11:05.210571;;;DOT_DISAPPEAR_JITTER_S;0.7232122489818785
VAL;2026-09-18 17:11:05.210571;;;DOT_DISAPPEAR_TIME;37.07169716605036
VAL;2026-09-18 17:11:05.210571;;;CORRECT;True
stdout;2026-09-18 17:11:05.210571;;;Trial 6 (warmup): side=L, Reward -> reward;
stdout;2026-09-18 17:11:05.210571;;;|
|;
VAL;2026-09-18 17:11:05.812253;;;TRIAL_INIT_START;39.62186551094055
VAL;2026-09-18 17:11:05.827882;;;WHEEL_POS;39.637,-42.20
VAL;2026-09-18 17:11:05.859134;;;WHEEL_POS;39.669,-42.20
VAL;2026-09-18 17:11:05.894894;;;WHEEL_POS;39.705,-42.20
VAL;2026-09-18 17:11:05.926146;;;WHEEL_POS;39.736,-42.20
VAL;2026-09-18 17:11:05.957400;;;WHEEL_POS;39.767,-42.20
VAL;2026-09-18 17:11:05.995164;;;WHEEL_POS;39.805,-42.20
VAL;2026-09-18 17:11:06.011300;;;TRIAL_START;39.80477595329285
VAL;2026-09-18 17:11:06.011300;;;QUIESCENCE_BREAKS;0
VAL;2026-09-18 17:11:06.011300;;;TRIAL_TYPE;warmup
VAL;2026-09-18 17:11:06.179996;;;TRIAL_SIDE;R
VAL;2026-09-18 17:11:06.179996;;;CLICK_TIMES_L;
VAL;2026-09-18 17:11:06.179996;;;CLICK_TIMES_R;0.1445,0.1595,0.1745,0.2483
VAL;2026-09-18 17:11:06.179996;;;N_CLICKS_L;0
VAL;2026-09-18 17:11:06.179996;;;N_CLICKS_R;4
VAL;2026-09-18 17:11:06.179996;;;STIM_SEED;1232419768
VAL;2026-09-18 17:11:06.179996;;;CUE_ABORT_THRESHOLD_DEG;10.0
VAL;2026-09-18 17:11:06.179996;;;RESPONSE_THRESHOLD_DEG;35.0
VAL;2026-09-18 17:11:06.179996;;;QUIESCENCE_DUR_S;0.1
VAL;2026-09-18 17:11:06.179996;;;ITI_S;1.5
VAL;2026-09-18 17:11:06.179996;;;CLICK_LEVEL_ATTENUATED;False
stdout;2026-09-18 17:11:06.179996;;;Trial 7 (warmup): side=R, n_L=0, n_R=4;
stdout;2026-09-18 17:11:06.179996;;;|
|;
VAL;2026-09-18 17:11:06.179996;;;SM_SEND_TIME;39.98960876464844
VAL;2026-09-18 17:11:06.179996;;;CUE_ONSET_TIME;40.01060876464844
TRIAL;2026-09-18 17:11:06.179996;;;New trial;
VAL;2026-09-18 17:11:06.179996;;;WHEEL_POS;39.990,0.00
VAL;2026-09-18 17:11:06.213586;;;WHEEL_POS;40.023,0.00
VAL;2026-09-18 17:11:06.229215;;;WHEEL_POS;40.039,0.00
VAL;2026-09-18 17:11:06.260466;;;WHEEL_POS;40.070,0.00
VAL;2026-09-18 17:11:06.280099;;;WHEEL_POS;40.090,0.00
VAL;2026-09-18 17:11:06.295727;;;WHEEL_POS;40.105,0.00
VAL;2026-09-18 17:11:06.326980;;;WHEEL_POS;40.137,0.00
VAL;2026-09-18 17:11:06.369081;;;WHEEL_POS;40.179,0.00
VAL;2026-09-18 17:11:06.395716;;;WHEEL_POS;40.205,0.00
VAL;2026-09-18 17:11:06.430007;;;WHEEL_POS;40.240,0.00
EVENT;2026-09-18 17:11:06.457977;0.271;;158;Tup
TRANSITION;2026-09-18 17:11:06.457977;0.271;;DelayPeriod;
VAL;2026-09-18 17:11:06.473607;;;WHEEL_POS;40.283,0.00
VAL;2026-09-18 17:11:06.495743;;;WHEEL_POS;40.305,0.00
VAL;2026-09-18 17:11:06.526995;;;WHEEL_POS;40.337,0.00
VAL;2026-09-18 17:11:06.558247;;;WHEEL_POS;40.368,0.00
VAL;2026-09-18 17:11:06.596007;;;WHEEL_POS;40.406,0.00
VAL;2026-09-18 17:11:06.631104;;;WHEEL_POS;40.441,0.00
EVENT;2026-09-18 17:11:06.631104;0.4501;;158;Tup
TRANSITION;2026-09-18 17:11:06.631104;0.4501;;CueComplete;
EVENT;2026-09-18 17:11:06.631104;0.45020000000000004;;158;Tup
END-TRIAL;2026-09-18 17:11:06.631104;;;The trial ended;
INFO;2026-09-18 17:11:06.631104;59.574231;60.024434;TRIAL-BPOD-TIME;0.4502030000000019
STATE;2026-09-18 17:11:06.631104;0;0.271;CuePeriod;0.271
STATE;2026-09-18 17:11:06.631104;0.271;0.4501;DelayPeriod;0.17909999999999998
STATE;2026-09-18 17:11:06.631104;0.4501;0.45020000000000004;CueComplete;0.0001000000000000445
STATE;2026-09-18 17:11:06.631104;nan;nan;WheelAbort;nan
STATE;2026-09-18 17:11:06.631104;nan;nan;AbortITI;nan
VAL;2026-09-18 17:11:06.662358;;;SM_SEND_TIME;40.47196984291077
TRIAL;2026-09-18 17:11:06.662358;;;New trial;
VAL;2026-09-18 17:11:06.662358;;;WHEEL_POS;40.472,0.00
VAL;2026-09-18 17:11:06.703126;;;WHEEL_POS;40.513,0.00
VAL;2026-09-18 17:11:06.734378;;;WHEEL_POS;40.544,0.00
VAL;2026-09-18 17:11:06.765631;;;WHEEL_POS;40.575,0.00
VAL;2026-09-18 17:11:06.796266;;;WHEEL_POS;40.606,0.00
VAL;2026-09-18 17:11:06.831861;;;WHEEL_POS;40.641,0.00
VAL;2026-09-18 17:11:06.863116;;;WHEEL_POS;40.673,0.00
VAL;2026-09-18 17:11:06.896373;;;WHEEL_POS;40.706,0.00
VAL;2026-09-18 17:11:06.927629;;;WHEEL_POS;40.737,0.00
VAL;2026-09-18 17:11:06.958876;;;WHEEL_POS;40.768,0.00
VAL;2026-09-18 17:11:06.996646;;;WHEEL_POS;40.806,-0.70
VAL;2026-09-18 17:11:07.032767;;;WHEEL_POS;40.842,-2.80
EVENT;2026-09-18 17:11:07.048401;0.3915;;0;RotaryEncoder1_1
VAL;2026-09-18 17:11:07.064022;;;WHEEL_POS;40.874,-3.90
VAL;2026-09-18 17:11:07.096779;;;WHEEL_POS;40.906,-4.60
VAL;2026-09-18 17:11:07.128062;;;WHEEL_POS;40.938,-5.60
EVENT;2026-09-18 17:11:07.169636;0.5105000000000001;;4;RotaryEncoder1_5
VAL;2026-09-18 17:11:07.181147;;;WHEEL_POS;40.991,-9.80
VAL;2026-09-18 17:11:07.217448;;;WHEEL_POS;41.027,-15.10
VAL;2026-09-18 17:11:07.233078;;;WHEEL_POS;41.043,-17.90
VAL;2026-09-18 17:11:07.264330;;;WHEEL_POS;41.074,-21.40
VAL;2026-09-18 17:11:07.297090;;;WHEEL_POS;41.107,-23.20
VAL;2026-09-18 17:11:07.328343;;;WHEEL_POS;41.138,-23.90
VAL;2026-09-18 17:11:07.381466;;;WHEEL_POS;41.191,-24.60
VAL;2026-09-18 17:11:07.397105;;;WHEEL_POS;41.207,-25.30
VAL;2026-09-18 17:11:07.433901;;;WHEEL_POS;41.244,-26.70
VAL;2026-09-18 17:11:07.475237;;;WHEEL_POS;41.285,-27.40
VAL;2026-09-18 17:11:07.497370;;;WHEEL_POS;41.307,-27.80
VAL;2026-09-18 17:11:07.513005;;;WHEEL_POS;41.323,-28.10
VAL;2026-09-18 17:11:07.544249;;;WHEEL_POS;41.354,-28.50
VAL;2026-09-18 17:11:07.582009;;;WHEEL_POS;41.392,-30.20
VAL;2026-09-18 17:11:07.618104;;;WHEEL_POS;41.428,-31.30
VAL;2026-09-18 17:11:07.650363;;;WHEEL_POS;41.460,-32.30
VAL;2026-09-18 17:11:07.665988;;;WHEEL_POS;41.476,-33.80
EVENT;2026-09-18 17:11:07.697752;1.0295;;2;RotaryEncoder1_3
TRANSITION;2026-09-18 17:11:07.697752;1.0295;;ErrorConsumption;
VAL;2026-09-18 17:11:07.697752;;;WHEEL_POS;41.507,-35.20
VAL;2026-09-18 17:11:07.729004;;;WHEEL_POS;41.539,-36.20
VAL;2026-09-18 17:11:07.760256;;;WHEEL_POS;41.570,-37.30
VAL;2026-09-18 17:11:07.798017;;;WHEEL_POS;41.608,-39.00
VAL;2026-09-18 17:11:07.835124;;;WHEEL_POS;41.645,-40.80
VAL;2026-09-18 17:11:07.859319;;;WHEEL_POS;41.669,-41.80
VAL;2026-09-18 17:11:07.874945;;;WHEEL_POS;41.685,-42.90
VAL;2026-09-18 17:11:07.898079;;;WHEEL_POS;41.708,-44.60
VAL;2026-09-18 17:11:07.929332;;;WHEEL_POS;41.739,-46.80
VAL;2026-09-18 17:11:07.944958;;;WHEEL_POS;41.755,-47.50
VAL;2026-09-18 17:11:07.976210;;;WHEEL_POS;41.786,-48.20
VAL;2026-09-18 17:11:07.998343;;;WHEEL_POS;41.808,-48.20
VAL;2026-09-18 17:11:08.036368;;;WHEEL_POS;41.846,-48.20
VAL;2026-09-18 17:11:08.067620;;;WHEEL_POS;41.877,-47.80
VAL;2026-09-18 17:11:08.098255;;;WHEEL_POS;41.908,-47.50
VAL;2026-09-18 17:11:08.128434;;;WHEEL_POS;41.938,-47.50
VAL;2026-09-18 17:11:08.144059;;;WHEEL_POS;41.954,-47.50
VAL;2026-09-18 17:11:08.171312;;;WHEEL_POS;41.981,-47.50
EVENT;2026-09-18 17:11:08.198446;1.5295;;158;Tup
TRANSITION;2026-09-18 17:11:08.198446;1.5295;;IncorrectITI;
VAL;2026-09-18 17:11:08.198446;;;WHEEL_POS;42.008,-47.80
VAL;2026-09-18 17:11:08.237242;;;WHEEL_POS;42.047,-47.80
VAL;2026-09-18 17:11:08.268495;;;WHEEL_POS;42.078,-47.80
VAL;2026-09-18 17:11:08.298628;;;WHEEL_POS;42.108,-47.80
VAL;2026-09-18 17:11:08.314254;;;WHEEL_POS;42.124,-47.80
VAL;2026-09-18 17:11:08.355340;;;WHEEL_POS;42.165,-47.80
VAL;2026-09-18 17:11:08.370968;;;WHEEL_POS;42.181,-47.80
VAL;2026-09-18 17:11:08.398603;;;WHEEL_POS;42.208,-47.80
VAL;2026-09-18 17:11:08.422255;;;WHEEL_POS;42.232,-47.80
VAL;2026-09-18 17:11:08.453516;;;WHEEL_POS;42.263,-47.80
VAL;2026-09-18 17:11:08.469141;;;WHEEL_POS;42.279,-47.80
VAL;2026-09-18 17:11:08.498793;;;WHEEL_POS;42.308,-47.80
VAL;2026-09-18 17:11:08.535037;;;WHEEL_POS;42.345,-47.80
VAL;2026-09-18 17:11:08.551669;;;WHEEL_POS;42.361,-47.80
VAL;2026-09-18 17:11:08.583433;;;WHEEL_POS;42.393,-47.80
VAL;2026-09-18 17:11:08.599061;;;WHEEL_POS;42.409,-47.80
VAL;2026-09-18 17:11:08.638871;;;WHEEL_POS;42.448,-47.80
VAL;2026-09-18 17:11:08.670127;;;WHEEL_POS;42.480,-47.80
VAL;2026-09-18 17:11:08.699267;;;WHEEL_POS;42.509,-47.80
VAL;2026-09-18 17:11:08.730521;;;WHEEL_POS;42.540,-47.80
VAL;2026-09-18 17:11:08.761768;;;WHEEL_POS;42.571,-47.80
VAL;2026-09-18 17:11:08.799542;;;WHEEL_POS;42.609,-47.80
VAL;2026-09-18 17:11:08.823254;;;WHEEL_POS;42.633,-47.80
VAL;2026-09-18 17:11:08.854518;;;WHEEL_POS;42.664,-47.80
VAL;2026-09-18 17:11:08.899773;;;WHEEL_POS;42.709,-47.50
VAL;2026-09-18 17:11:08.932530;;;WHEEL_POS;42.742,-47.10
VAL;2026-09-18 17:11:08.948160;;;WHEEL_POS;42.758,-47.10
VAL;2026-09-18 17:11:08.984417;;;WHEEL_POS;42.794,-47.10
VAL;2026-09-18 17:11:09.015672;;;WHEEL_POS;42.825,-46.80
VAL;2026-09-18 17:11:09.055493;;;WHEEL_POS;42.865,-46.80
VAL;2026-09-18 17:11:09.071115;;;WHEEL_POS;42.881,-46.80
VAL;2026-09-18 17:11:09.100249;;;WHEEL_POS;42.910,-47.10
VAL;2026-09-18 17:11:09.128808;;;WHEEL_POS;42.938,-47.10
VAL;2026-09-18 17:11:09.184579;;;WHEEL_POS;42.994,-47.10
VAL;2026-09-18 17:11:09.215840;;;WHEEL_POS;43.025,-47.10
VAL;2026-09-18 17:11:09.239975;;;WHEEL_POS;43.050,-47.10
VAL;2026-09-18 17:11:09.271227;;;WHEEL_POS;43.081,-47.10
VAL;2026-09-18 17:11:09.316002;;;WHEEL_POS;43.126,-47.10
VAL;2026-09-18 17:11:09.347242;;;WHEEL_POS;43.157,-47.10
VAL;2026-09-18 17:11:09.371713;;;WHEEL_POS;43.181,-47.10
VAL;2026-09-18 17:11:09.400358;;;WHEEL_POS;43.210,-47.10
VAL;2026-09-18 17:11:09.440651;;;WHEEL_POS;43.250,-47.10
VAL;2026-09-18 17:11:09.474936;;;WHEEL_POS;43.285,-47.10
VAL;2026-09-18 17:11:09.500570;;;WHEEL_POS;43.310,-47.10
VAL;2026-09-18 17:11:09.516202;;;WHEEL_POS;43.326,-47.10
VAL;2026-09-18 17:11:09.547447;;;WHEEL_POS;43.357,-47.10
VAL;2026-09-18 17:11:09.578699;;;WHEEL_POS;43.388,-47.10
VAL;2026-09-18 17:11:09.600839;;;WHEEL_POS;43.410,-47.10
VAL;2026-09-18 17:11:09.641097;;;WHEEL_POS;43.451,-47.10
VAL;2026-09-18 17:11:09.672350;;;WHEEL_POS;43.482,-47.10
VAL;2026-09-18 17:11:09.700986;;;WHEEL_POS;43.511,-47.10
VAL;2026-09-18 17:11:09.732241;;;WHEEL_POS;43.542,-47.10
VAL;2026-09-18 17:11:09.763490;;;WHEEL_POS;43.573,-47.10
VAL;2026-09-18 17:11:09.779117;;;WHEEL_POS;43.589,-47.10
VAL;2026-09-18 17:11:09.801252;;;WHEEL_POS;43.611,-47.10
VAL;2026-09-18 17:11:09.841039;;;WHEEL_POS;43.651,-47.10
VAL;2026-09-18 17:11:09.872294;;;WHEEL_POS;43.682,-47.10
VAL;2026-09-18 17:11:09.901432;;;WHEEL_POS;43.711,-47.10
VAL;2026-09-18 17:11:09.917057;;;WHEEL_POS;43.727,-47.10
VAL;2026-09-18 17:11:09.948310;;;WHEEL_POS;43.758,-47.10
VAL;2026-09-18 17:11:09.986077;;;WHEEL_POS;43.796,-47.10
VAL;2026-09-18 17:11:10.001714;;;WHEEL_POS;43.811,-47.10
VAL;2026-09-18 17:11:10.042827;;;WHEEL_POS;43.852,-47.10
VAL;2026-09-18 17:11:10.074080;;;WHEEL_POS;43.884,-47.10
VAL;2026-09-18 17:11:10.101715;;;WHEEL_POS;43.911,-47.10
VAL;2026-09-18 17:11:10.128416;;;WHEEL_POS;43.938,-47.10
VAL;2026-09-18 17:11:10.174523;;;WHEEL_POS;43.984,-47.10
VAL;2026-09-18 17:11:10.201663;;;WHEEL_POS;44.011,-47.10
VAL;2026-09-18 17:11:10.243049;;;WHEEL_POS;44.053,-47.10
VAL;2026-09-18 17:11:10.274305;;;WHEEL_POS;44.084,-47.10
VAL;2026-09-18 17:11:10.301943;;;WHEEL_POS;44.112,-47.10
VAL;2026-09-18 17:11:10.333200;;;WHEEL_POS;44.143,-47.10
VAL;2026-09-18 17:11:10.373254;;;WHEEL_POS;44.183,-47.10
VAL;2026-09-18 17:11:10.401908;;;WHEEL_POS;44.212,-47.10
VAL;2026-09-18 17:11:10.463192;;;WHEEL_POS;44.273,-47.10
VAL;2026-09-18 17:11:10.478820;;;WHEEL_POS;44.288,-47.10
VAL;2026-09-18 17:11:10.501954;;;WHEEL_POS;44.312,-47.10
VAL;2026-09-18 17:11:10.533210;;;WHEEL_POS;44.343,-47.10
VAL;2026-09-18 17:11:10.564460;;;WHEEL_POS;44.374,-47.10
VAL;2026-09-18 17:11:10.586592;;;WHEEL_POS;44.396,-47.10
VAL;2026-09-18 17:11:10.617850;;;WHEEL_POS;44.427,-47.10
VAL;2026-09-18 17:11:10.644341;;;WHEEL_POS;44.454,-47.10
VAL;2026-09-18 17:11:10.675593;;;WHEEL_POS;44.485,-47.10
VAL;2026-09-18 17:11:10.703237;;;WHEEL_POS;44.513,-47.10
VAL;2026-09-18 17:11:10.734492;;;WHEEL_POS;44.544,-47.10
VAL;2026-09-18 17:11:10.750115;;;WHEEL_POS;44.560,-47.10
VAL;2026-09-18 17:11:10.786873;;;WHEEL_POS;44.596,-47.10
VAL;2026-09-18 17:11:10.802506;;;WHEEL_POS;44.612,-47.10
VAL;2026-09-18 17:11:10.845114;;;WHEEL_POS;44.655,-47.10
VAL;2026-09-18 17:11:10.876369;;;WHEEL_POS;44.686,-47.10
VAL;2026-09-18 17:11:10.902505;;;WHEEL_POS;44.712,-47.10
VAL;2026-09-18 17:11:10.918131;;;WHEEL_POS;44.728,-47.10
VAL;2026-09-18 17:11:10.949386;;;WHEEL_POS;44.759,-47.10
VAL;2026-09-18 17:11:10.965010;;;WHEEL_POS;44.775,-47.10
VAL;2026-09-18 17:11:11.002770;;;WHEEL_POS;44.812,-47.10
VAL;2026-09-18 17:11:11.046969;;;WHEEL_POS;44.857,-47.10
VAL;2026-09-18 17:11:11.087234;;;WHEEL_POS;44.897,-47.10
VAL;2026-09-18 17:11:11.129567;;;WHEEL_POS;44.939,-47.10
VAL;2026-09-18 17:11:11.174845;;;WHEEL_POS;44.984,-47.10
VAL;2026-09-18 17:11:11.218616;;;WHEEL_POS;45.028,-47.10
VAL;2026-09-18 17:11:11.247797;;;WHEEL_POS;45.057,-47.10
VAL;2026-09-18 17:11:11.279056;;;WHEEL_POS;45.089,-47.10
VAL;2026-09-18 17:11:11.303199;;;WHEEL_POS;45.113,-47.10
VAL;2026-09-18 17:11:11.350082;;;WHEEL_POS;45.160,-47.10
VAL;2026-09-18 17:11:11.373227;;;WHEEL_POS;45.183,-47.10
VAL;2026-09-18 17:11:11.403362;;;WHEEL_POS;45.213,-47.10
VAL;2026-09-18 17:11:11.418993;;;WHEEL_POS;45.229,-47.10
VAL;2026-09-18 17:11:11.448637;;;WHEEL_POS;45.258,-47.10
VAL;2026-09-18 17:11:11.467624;;;WHEEL_POS;45.277,-47.10
VAL;2026-09-18 17:11:11.487756;;;WHEEL_POS;45.297,-47.10
VAL;2026-09-18 17:11:11.503389;;;WHEEL_POS;45.313,-47.10
VAL;2026-09-18 17:11:11.534637;;;WHEEL_POS;45.344,-47.10
VAL;2026-09-18 17:11:11.565894;;;WHEEL_POS;45.376,-47.10
VAL;2026-09-18 17:11:11.619280;;;WHEEL_POS;45.429,-47.10
VAL;2026-09-18 17:11:11.635609;;;WHEEL_POS;45.445,-47.10
VAL;2026-09-18 17:11:11.651237;;;WHEEL_POS;45.461,-47.10
VAL;2026-09-18 17:11:11.688003;;;WHEEL_POS;45.498,-47.10
VAL;2026-09-18 17:11:11.703633;;;WHEEL_POS;45.513,-47.10
VAL;2026-09-18 17:11:11.719259;;;WHEEL_POS;45.529,-47.10
VAL;2026-09-18 17:11:11.750514;;;WHEEL_POS;45.560,-47.10
VAL;2026-09-18 17:11:11.781764;;;WHEEL_POS;45.591,-47.10
VAL;2026-09-18 17:11:11.803898;;;WHEEL_POS;45.614,-47.10
VAL;2026-09-18 17:11:11.837308;;;WHEEL_POS;45.647,-47.50
VAL;2026-09-18 17:11:11.852936;;;WHEEL_POS;45.663,-47.50
VAL;2026-09-18 17:11:11.888194;;;WHEEL_POS;45.698,-47.50
VAL;2026-09-18 17:11:11.903828;;;WHEEL_POS;45.713,-47.50
VAL;2026-09-18 17:11:11.935075;;;WHEEL_POS;45.745,-47.50
VAL;2026-09-18 17:11:11.966330;;;WHEEL_POS;45.776,-47.50
VAL;2026-09-18 17:11:12.019719;;;WHEEL_POS;45.829,-47.50
VAL;2026-09-18 17:11:12.038199;;;WHEEL_POS;45.848,-47.50
VAL;2026-09-18 17:11:12.053827;;;WHEEL_POS;45.863,-47.50
VAL;2026-09-18 17:11:12.088585;;;WHEEL_POS;45.898,-47.50
VAL;2026-09-18 17:11:12.104215;;;WHEEL_POS;45.914,-47.50
VAL;2026-09-18 17:11:12.130421;;;WHEEL_POS;45.940,-47.50
VAL;2026-09-18 17:11:12.146051;;;WHEEL_POS;45.956,-47.50
VAL;2026-09-18 17:11:12.176695;;;WHEEL_POS;45.986,-47.50
EVENT;2026-09-18 17:11:12.188700;5.5295000000000005;;158;Tup
END-TRIAL;2026-09-18 17:11:12.188700;;;The trial ended;
INFO;2026-09-18 17:11:12.188700;60.051231;65.580734;TRIAL-BPOD-TIME;5.529503000000005
STATE;2026-09-18 17:11:12.188700;0;1.0295;WheelDotPeriod;1.0295
STATE;2026-09-18 17:11:12.188700;1.0295;1.5295;ErrorConsumption;0.5
STATE;2026-09-18 17:11:12.188700;1.5295;5.5295000000000005;IncorrectITI;4.0
STATE;2026-09-18 17:11:12.188700;nan;nan;Reward;nan
STATE;2026-09-18 17:11:12.188700;nan;nan;Consumption;nan
STATE;2026-09-18 17:11:12.188700;nan;nan;NoResponse;nan
STATE;2026-09-18 17:11:12.188700;nan;nan;ITI;nan
VAL;2026-09-18 17:11:12.219958;;;INCLUDED;True
VAL;2026-09-18 17:11:12.219958;;;CONSUMPTION_LICKED;False
VAL;2026-09-18 17:11:12.219958;;;LED_ON_TIME;40.47196984291077
VAL;2026-09-18 17:11:12.219958;;;DOT_ONSET_JITTER_S;0.15500271322396766
VAL;2026-09-18 17:11:12.219958;;;DOT_ONSET_TIME;40.62697255613473
VAL;2026-09-18 17:11:12.219958;;;THRESHOLD_CROSSING_TIME;41.501469842910765
VAL;2026-09-18 17:11:12.219958;;;DOT_DISAPPEAR_JITTER_S;0.6938936377803987
VAL;2026-09-18 17:11:12.219958;;;DOT_DISAPPEAR_TIME;42.195363480691164
VAL;2026-09-18 17:11:12.219958;;;CORRECT;False
stdout;2026-09-18 17:11:12.219958;;;Trial 7 (warmup): side=R, NoReward;
stdout;2026-09-18 17:11:12.219958;;;|
|;
VAL;2026-09-18 17:11:12.869956;;;TRIAL_INIT_START;46.67956829071045
VAL;2026-09-18 17:11:12.905215;;;WHEEL_POS;46.715,-47.50
VAL;2026-09-18 17:11:12.948979;;;WHEEL_POS;46.759,-47.50
VAL;2026-09-18 17:11:12.980228;;;WHEEL_POS;46.790,-47.50
VAL;2026-09-18 17:11:13.005359;;;WHEEL_POS;46.815,-47.50
VAL;2026-09-18 17:11:13.041618;;;WHEEL_POS;46.851,-47.50
VAL;2026-09-18 17:11:13.058789;;;TRIAL_START;46.85123038291931
VAL;2026-09-18 17:11:13.058789;;;QUIESCENCE_BREAKS;0
VAL;2026-09-18 17:11:13.058789;;;TRIAL_TYPE;warmup
VAL;2026-09-18 17:11:13.205802;;;TRIAL_SIDE;R
VAL;2026-09-18 17:11:13.205802;;;CLICK_TIMES_L;
VAL;2026-09-18 17:11:13.205802;;;CLICK_TIMES_R;0.1011,0.1210,0.1512,0.1751
VAL;2026-09-18 17:11:13.205802;;;N_CLICKS_L;0
VAL;2026-09-18 17:11:13.205802;;;N_CLICKS_R;4
VAL;2026-09-18 17:11:13.205802;;;STIM_SEED;1471445516
VAL;2026-09-18 17:11:13.205802;;;CUE_ABORT_THRESHOLD_DEG;10.0
VAL;2026-09-18 17:11:13.205802;;;RESPONSE_THRESHOLD_DEG;35.0
VAL;2026-09-18 17:11:13.205802;;;QUIESCENCE_DUR_S;0.1
VAL;2026-09-18 17:11:13.205802;;;ITI_S;1.5
VAL;2026-09-18 17:11:13.205802;;;CLICK_LEVEL_ATTENUATED;False
stdout;2026-09-18 17:11:13.205802;;;Trial 8 (warmup): side=R, n_L=0, n_R=4;
stdout;2026-09-18 17:11:13.205802;;;|
|;
VAL;2026-09-18 17:11:13.205802;;;SM_SEND_TIME;47.015414237976074
VAL;2026-09-18 17:11:13.205802;;;CUE_ONSET_TIME;47.036414237976075
TRIAL;2026-09-18 17:11:13.205802;;;New trial;
VAL;2026-09-18 17:11:13.221427;;;WHEEL_POS;47.031,0.00
VAL;2026-09-18 17:11:13.237054;;;WHEEL_POS;47.047,0.00
VAL;2026-09-18 17:11:13.259740;;;WHEEL_POS;47.069,0.00
VAL;2026-09-18 17:11:13.306000;;;WHEEL_POS;47.116,0.00
VAL;2026-09-18 17:11:13.337251;;;WHEEL_POS;47.147,0.00
VAL;2026-09-18 17:11:13.374369;;;WHEEL_POS;47.184,0.00
VAL;2026-09-18 17:11:13.406129;;;WHEEL_POS;47.216,0.00
VAL;2026-09-18 17:11:13.437383;;;WHEEL_POS;47.247,0.00
VAL;2026-09-18 17:11:13.462839;;;WHEEL_POS;47.272,0.00
VAL;2026-09-18 17:11:13.478467;;;WHEEL_POS;47.288,0.00
EVENT;2026-09-18 17:11:13.490473;0.271;;158;Tup
TRANSITION;2026-09-18 17:11:13.490473;0.271;;DelayPeriod;
VAL;2026-09-18 17:11:13.506104;;;WHEEL_POS;47.316,0.00
VAL;2026-09-18 17:11:13.537356;;;WHEEL_POS;47.347,0.00
VAL;2026-09-18 17:11:13.568606;;;WHEEL_POS;47.378,0.00
VAL;2026-09-18 17:11:13.584233;;;WHEEL_POS;47.394,0.00
EVENT;2026-09-18 17:11:13.606366;0.3881;;158;Tup
TRANSITION;2026-09-18 17:11:13.606366;0.3881;;CueComplete;
EVENT;2026-09-18 17:11:13.606366;0.38820000000000005;;158;Tup
END-TRIAL;2026-09-18 17:11:13.606366;;;The trial ended;
INFO;2026-09-18 17:11:13.606366;66.604131;66.992334;TRIAL-BPOD-TIME;0.3882030000000043
STATE;2026-09-18 17:11:13.606366;0;0.271;CuePeriod;0.271
STATE;2026-09-18 17:11:13.606366;0.271;0.3881;DelayPeriod;0.11709999999999998
STATE;2026-09-18 17:11:13.606366;0.3881;0.38820000000000005;CueComplete;0.0001000000000000445
STATE;2026-09-18 17:11:13.606366;nan;nan;WheelAbort;nan
VAL;2026-09-18 17:11:13.606366;;;WHEEL_POS;47.416,0.00
STATE;2026-09-18 17:11:13.606366;nan;nan;AbortITI;nan
VAL;2026-09-18 17:11:13.621992;;;SM_SEND_TIME;47.43160438537598
TRIAL;2026-09-18 17:11:13.621992;;;New trial;
VAL;2026-09-18 17:11:13.621992;;;WHEEL_POS;47.432,0.00
VAL;2026-09-18 17:11:13.661115;;;WHEEL_POS;47.471,0.00
VAL;2026-09-18 17:11:13.706375;;;WHEEL_POS;47.516,0.40
VAL;2026-09-18 17:11:13.737628;;;WHEEL_POS;47.547,0.40
VAL;2026-09-18 17:11:13.753255;;;WHEEL_POS;47.563,0.40
VAL;2026-09-18 17:11:13.791029;;;WHEEL_POS;47.594,0.40
VAL;2026-09-18 17:11:13.812666;;;WHEEL_POS;47.622,0.40
VAL;2026-09-18 17:11:13.829756;;;WHEEL_POS;47.639,0.40
VAL;2026-09-18 17:11:13.860907;;;WHEEL_POS;47.671,0.40
VAL;2026-09-18 17:11:13.922293;;;WHEEL_POS;47.732,0.40
VAL;2026-09-18 17:11:13.937916;;;WHEEL_POS;47.748,0.40
VAL;2026-09-18 17:11:13.984798;;;WHEEL_POS;47.794,0.40
VAL;2026-09-18 17:11:14.006938;;;WHEEL_POS;47.817,0.40
VAL;2026-09-18 17:11:14.038188;;;WHEEL_POS;47.848,0.40
VAL;2026-09-18 17:11:14.057625;;;WHEEL_POS;47.867,0.70
VAL;2026-09-18 17:11:14.091388;;;WHEEL_POS;47.901,1.10
VAL;2026-09-18 17:11:14.107016;;;WHEEL_POS;47.917,1.80
VAL;2026-09-18 17:11:14.130708;;;WHEEL_POS;47.940,2.50
VAL;2026-09-18 17:11:14.166271;;;WHEEL_POS;47.976,2.80
VAL;2026-09-18 17:11:14.181900;;;WHEEL_POS;47.992,3.50
EVENT;2026-09-18 17:11:14.181900;0.5581;;1;RotaryEncoder1_2
VAL;2026-09-18 17:11:14.222668;;;WHEEL_POS;48.032,5.60
VAL;2026-09-18 17:11:14.238287;;;WHEEL_POS;48.048,7.70
EVENT;2026-09-18 17:11:14.257958;0.6404000000000001;;5;RotaryEncoder1_6
VAL;2026-09-18 17:11:14.291230;;;WHEEL_POS;48.101,10.20
VAL;2026-09-18 17:11:14.306866;;;WHEEL_POS;48.116,11.20
VAL;2026-09-18 17:11:14.338128;;;WHEEL_POS;48.148,12.70
VAL;2026-09-18 17:11:14.375850;;;WHEEL_POS;48.185,15.50
VAL;2026-09-18 17:11:14.406988;;;WHEEL_POS;48.217,17.20
VAL;2026-09-18 17:11:14.438242;;;WHEEL_POS;48.248,18.60
VAL;2026-09-18 17:11:14.469394;;;WHEEL_POS;48.279,20.00
VAL;2026-09-18 17:11:14.485022;;;WHEEL_POS;48.295,20.70
VAL;2026-09-18 17:11:14.507158;;;WHEEL_POS;48.317,22.50
VAL;2026-09-18 17:11:14.538408;;;WHEEL_POS;48.348,23.90
VAL;2026-09-18 17:11:14.569666;;;WHEEL_POS;48.379,25.00
VAL;2026-09-18 17:11:14.585288;;;WHEEL_POS;48.395,26.00
VAL;2026-09-18 17:11:14.607422;;;WHEEL_POS;48.417,27.10
VAL;2026-09-18 17:11:14.623053;;;WHEEL_POS;48.433,27.80
VAL;2026-09-18 17:11:14.659160;;;WHEEL_POS;48.469,29.90
VAL;2026-09-18 17:11:14.675792;;;WHEEL_POS;48.485,30.90
VAL;2026-09-18 17:11:14.707447;;;WHEEL_POS;48.517,32.70
VAL;2026-09-18 17:11:14.723071;;;WHEEL_POS;48.533,33.40
VAL;2026-09-18 17:11:14.754322;;;WHEEL_POS;48.564,34.10
VAL;2026-09-18 17:11:14.792087;;;WHEEL_POS;48.595,34.80
EVENT;2026-09-18 17:11:14.792087;1.1654;;3;RotaryEncoder1_4
TRANSITION;2026-09-18 17:11:14.792087;1.1654;;Reward;
VAL;2026-09-18 17:11:14.807722;;;WHEEL_POS;48.617,35.50
EVENT;2026-09-18 17:11:14.838974;1.2142000000000002;;158;Tup
TRANSITION;2026-09-18 17:11:14.838974;1.2142000000000002;;Consumption;
VAL;2026-09-18 17:11:14.838974;;;WHEEL_POS;48.649,36.20
VAL;2026-09-18 17:11:14.876563;;;WHEEL_POS;48.686,37.60
VAL;2026-09-18 17:11:14.907697;;;WHEEL_POS;48.717,38.00
VAL;2026-09-18 17:11:14.938949;;;WHEEL_POS;48.749,38.00
VAL;2026-09-18 17:11:14.970202;;;WHEEL_POS;48.780,37.60
VAL;2026-09-18 17:11:15.007962;;;WHEEL_POS;48.818,37.30
VAL;2026-09-18 17:11:15.039214;;;WHEEL_POS;48.849,37.30
VAL;2026-09-18 17:11:15.077304;;;WHEEL_POS;48.887,36.90
VAL;2026-09-18 17:11:15.116008;;;WHEEL_POS;48.926,36.60
VAL;2026-09-18 17:11:15.131636;;;WHEEL_POS;48.941,36.20
VAL;2026-09-18 17:11:15.147262;;;WHEEL_POS;48.957,36.20
VAL;2026-09-18 17:11:15.183355;;;WHEEL_POS;48.993,36.20
VAL;2026-09-18 17:11:15.207990;;;WHEEL_POS;49.018,36.20
VAL;2026-09-18 17:11:15.239241;;;WHEEL_POS;49.049,36.60
VAL;2026-09-18 17:11:15.278043;;;WHEEL_POS;49.088,37.60
VAL;2026-09-18 17:11:15.323809;;;WHEEL_POS;49.133,38.00
VAL;2026-09-18 17:11:15.339431;;;WHEEL_POS;49.149,38.00
VAL;2026-09-18 17:11:15.392635;;;WHEEL_POS;49.202,38.00
VAL;2026-09-18 17:11:15.408267;;;WHEEL_POS;49.218,37.60
VAL;2026-09-18 17:11:15.455146;;;WHEEL_POS;49.265,37.60
VAL;2026-09-18 17:11:15.482306;;;WHEEL_POS;49.292,37.60
VAL;2026-09-18 17:11:15.508440;;;WHEEL_POS;49.318,37.60
VAL;2026-09-18 17:11:15.524074;;;WHEEL_POS;49.334,37.60
VAL;2026-09-18 17:11:15.555320;;;WHEEL_POS;49.365,37.60
VAL;2026-09-18 17:11:15.586572;;;WHEEL_POS;49.396,37.60
VAL;2026-09-18 17:11:15.608710;;;WHEEL_POS;49.418,37.60
VAL;2026-09-18 17:11:15.639958;;;WHEEL_POS;49.450,37.60
VAL;2026-09-18 17:11:15.680735;;;WHEEL_POS;49.490,37.60
VAL;2026-09-18 17:11:15.708875;;;WHEEL_POS;49.518,37.60
VAL;2026-09-18 17:11:15.740129;;;WHEEL_POS;49.550,37.60
VAL;2026-09-18 17:11:15.771379;;;WHEEL_POS;49.581,37.60
VAL;2026-09-18 17:11:15.809147;;;WHEEL_POS;49.619,37.60
VAL;2026-09-18 17:11:15.840397;;;WHEEL_POS;49.650,37.60
VAL;2026-09-18 17:11:15.868534;;;WHEEL_POS;49.678,37.60
VAL;2026-09-18 17:11:15.909313;;;WHEEL_POS;49.719,37.60
VAL;2026-09-18 17:11:15.940574;;;WHEEL_POS;49.750,37.60
VAL;2026-09-18 17:11:15.971817;;;WHEEL_POS;49.781,37.60
VAL;2026-09-18 17:11:16.009582;;;WHEEL_POS;49.819,37.60
VAL;2026-09-18 17:11:16.040832;;;WHEEL_POS;49.850,37.60
VAL;2026-09-18 17:11:16.084602;;;WHEEL_POS;49.894,37.60
VAL;2026-09-18 17:11:16.115369;;;WHEEL_POS;49.925,37.60
VAL;2026-09-18 17:11:16.132002;;;WHEEL_POS;49.942,37.60
VAL;2026-09-18 17:11:16.167770;;;WHEEL_POS;49.977,37.60
VAL;2026-09-18 17:11:16.183401;;;WHEEL_POS;49.993,37.60
VAL;2026-09-18 17:11:16.210044;;;WHEEL_POS;50.020,37.60
VAL;2026-09-18 17:11:16.241300;;;WHEEL_POS;50.051,37.60
VAL;2026-09-18 17:11:16.294427;;;WHEEL_POS;50.104,37.60
VAL;2026-09-18 17:11:16.310067;;;WHEEL_POS;50.120,37.60
VAL;2026-09-18 17:11:16.341315;;;WHEEL_POS;50.151,37.60
VAL;2026-09-18 17:11:16.377118;;;WHEEL_POS;50.187,37.60
VAL;2026-09-18 17:11:16.410375;;;WHEEL_POS;50.220,37.60
VAL;2026-09-18 17:11:16.441629;;;WHEEL_POS;50.251,37.60
VAL;2026-09-18 17:11:16.494844;;;WHEEL_POS;50.304,37.60
VAL;2026-09-18 17:11:16.510478;;;WHEEL_POS;50.320,37.60
VAL;2026-09-18 17:11:16.526103;;;WHEEL_POS;50.336,37.60
VAL;2026-09-18 17:11:16.557354;;;WHEEL_POS;50.367,37.60
VAL;2026-09-18 17:11:16.588607;;;WHEEL_POS;50.398,37.60
VAL;2026-09-18 17:11:16.610742;;;WHEEL_POS;50.420,37.60
VAL;2026-09-18 17:11:16.641994;;;WHEEL_POS;50.452,37.60
VAL;2026-09-18 17:11:16.695178;;;WHEEL_POS;50.505,37.60
VAL;2026-09-18 17:11:16.726439;;;WHEEL_POS;50.536,37.60
VAL;2026-09-18 17:11:16.742066;;;WHEEL_POS;50.552,37.60
VAL;2026-09-18 17:11:16.773323;;;WHEEL_POS;50.583,37.60
VAL;2026-09-18 17:11:16.811075;;;WHEEL_POS;50.621,37.60
VAL;2026-09-18 17:11:16.842329;;;WHEEL_POS;50.652,37.60
VAL;2026-09-18 17:11:16.857955;;;WHEEL_POS;50.668,37.60
VAL;2026-09-18 17:11:16.887923;;;WHEEL_POS;50.698,37.60
VAL;2026-09-18 17:11:16.911062;;;WHEEL_POS;50.721,37.60
VAL;2026-09-18 17:11:16.949318;;;WHEEL_POS;50.759,37.60
VAL;2026-09-18 17:11:16.980571;;;WHEEL_POS;50.790,37.60
VAL;2026-09-18 17:11:17.011206;;;WHEEL_POS;50.821,37.60
VAL;2026-09-18 17:11:17.042466;;;WHEEL_POS;50.852,37.60
VAL;2026-09-18 17:11:17.095585;;;WHEEL_POS;50.905,37.60
VAL;2026-09-18 17:11:17.132647;;;WHEEL_POS;50.942,37.60
VAL;2026-09-18 17:11:17.148273;;;WHEEL_POS;50.958,37.60
VAL;2026-09-18 17:11:17.185220;;;WHEEL_POS;50.995,37.60
VAL;2026-09-18 17:11:17.226985;;;WHEEL_POS;51.037,37.60
VAL;2026-09-18 17:11:17.242608;;;WHEEL_POS;51.052,37.60
VAL;2026-09-18 17:11:17.258234;;;WHEEL_POS;51.068,37.60
VAL;2026-09-18 17:11:17.295881;;;WHEEL_POS;51.105,37.60
VAL;2026-09-18 17:11:17.311520;;;WHEEL_POS;51.121,37.60
VAL;2026-09-18 17:11:17.342768;;;WHEEL_POS;51.152,37.60
VAL;2026-09-18 17:11:17.378161;;;WHEEL_POS;51.188,37.60
VAL;2026-09-18 17:11:17.411420;;;WHEEL_POS;51.221,37.60
VAL;2026-09-18 17:11:17.427047;;;WHEEL_POS;51.237,37.60
VAL;2026-09-18 17:11:17.458305;;;WHEEL_POS;51.268,37.60
VAL;2026-09-18 17:11:17.489396;;;WHEEL_POS;51.299,37.60
VAL;2026-09-18 17:11:17.511530;;;WHEEL_POS;51.321,37.60
VAL;2026-09-18 17:11:17.527161;;;WHEEL_POS;51.337,37.60
VAL;2026-09-18 17:11:17.558409;;;WHEEL_POS;51.368,37.60
VAL;2026-09-18 17:11:17.574035;;;WHEEL_POS;51.384,37.60
VAL;2026-09-18 17:11:17.611801;;;WHEEL_POS;51.421,37.60
VAL;2026-09-18 17:11:17.643054;;;WHEEL_POS;51.453,37.60
VAL;2026-09-18 17:11:17.688828;;;WHEEL_POS;51.498,37.60
VAL;2026-09-18 17:11:17.727595;;;WHEEL_POS;51.537,37.60
VAL;2026-09-18 17:11:17.758844;;;WHEEL_POS;51.568,37.60
VAL;2026-09-18 17:11:17.796618;;;WHEEL_POS;51.606,37.60
VAL;2026-09-18 17:11:17.812251;;;WHEEL_POS;51.622,37.60
EVENT;2026-09-18 17:11:17.843502;4.2142;;158;Tup
TRANSITION;2026-09-18 17:11:17.843502;4.2142;;ITI;
VAL;2026-09-18 17:11:17.843502;;;WHEEL_POS;51.653,37.60
VAL;2026-09-18 17:11:17.859136;;;WHEEL_POS;51.669,37.60
VAL;2026-09-18 17:11:17.896665;;;WHEEL_POS;51.706,37.60
VAL;2026-09-18 17:11:17.912293;;;WHEEL_POS;51.722,37.60
VAL;2026-09-18 17:11:17.943550;;;WHEEL_POS;51.753,37.60
VAL;2026-09-18 17:11:17.974799;;;WHEEL_POS;51.784,37.60
VAL;2026-09-18 17:11:18.012565;;;WHEEL_POS;51.822,37.60
VAL;2026-09-18 17:11:18.043817;;;WHEEL_POS;51.853,37.60
VAL;2026-09-18 17:11:18.078019;;;WHEEL_POS;51.888,37.60
VAL;2026-09-18 17:11:18.117345;;;WHEEL_POS;51.927,37.60
VAL;2026-09-18 17:11:18.132980;;;WHEEL_POS;51.943,37.60
VAL;2026-09-18 17:11:18.169804;;;WHEEL_POS;51.979,37.60
VAL;2026-09-18 17:11:18.197447;;;WHEEL_POS;52.007,37.60
VAL;2026-09-18 17:11:18.228710;;;WHEEL_POS;52.038,37.60
VAL;2026-09-18 17:11:18.279319;;;WHEEL_POS;52.089,37.60
VAL;2026-09-18 17:11:18.297451;;;WHEEL_POS;52.107,38.70
VAL;2026-09-18 17:11:18.313080;;;WHEEL_POS;52.123,40.80
VAL;2026-09-18 17:11:18.344337;;;WHEEL_POS;52.154,44.30
VAL;2026-09-18 17:11:18.397741;;;WHEEL_POS;52.204,47.80
VAL;2026-09-18 17:11:18.413373;;;WHEEL_POS;52.223,49.90
VAL;2026-09-18 17:11:18.428999;;;WHEEL_POS;52.239,50.30
VAL;2026-09-18 17:11:18.460254;;;WHEEL_POS;52.270,51.00
VAL;2026-09-18 17:11:18.480058;;;WHEEL_POS;52.290,50.60
VAL;2026-09-18 17:11:18.513323;;;WHEEL_POS;52.323,46.80
VAL;2026-09-18 17:11:18.560201;;;WHEEL_POS;52.370,42.20
VAL;2026-09-18 17:11:18.597976;;;WHEEL_POS;52.408,41.10
VAL;2026-09-18 17:11:18.613608;;;WHEEL_POS;52.423,41.10
VAL;2026-09-18 17:11:18.629234;;;WHEEL_POS;52.439,41.80
VAL;2026-09-18 17:11:18.660490;;;WHEEL_POS;52.470,45.00
VAL;2026-09-18 17:11:18.698014;;;WHEEL_POS;52.508,48.90
VAL;2026-09-18 17:11:18.729270;;;WHEEL_POS;52.539,51.30
VAL;2026-09-18 17:11:18.760521;;;WHEEL_POS;52.570,53.10
VAL;2026-09-18 17:11:18.776152;;;WHEEL_POS;52.586,53.40
VAL;2026-09-18 17:11:18.830043;;;WHEEL_POS;52.640,52.00
VAL;2026-09-18 17:11:18.845666;;;WHEEL_POS;52.655,49.90
VAL;2026-09-18 17:11:18.861292;;;WHEEL_POS;52.671,49.20
VAL;2026-09-18 17:11:18.898567;;;WHEEL_POS;52.708,47.50
VAL;2026-09-18 17:11:18.929824;;;WHEEL_POS;52.739,47.10
VAL;2026-09-18 17:11:18.961079;;;WHEEL_POS;52.771,49.90
VAL;2026-09-18 17:11:18.992327;;;WHEEL_POS;52.802,55.20
VAL;2026-09-18 17:11:19.030090;;;WHEEL_POS;52.840,59.10
VAL;2026-09-18 17:11:19.045712;;;WHEEL_POS;52.855,61.50
VAL;2026-09-18 17:11:19.082300;;;WHEEL_POS;52.892,62.20
VAL;2026-09-18 17:11:19.117624;;;WHEEL_POS;52.927,60.10
VAL;2026-09-18 17:11:19.133252;;;WHEEL_POS;52.943,58.40
VAL;2026-09-18 17:11:19.171160;;;WHEEL_POS;52.981,55.90
VAL;2026-09-18 17:11:19.187791;;;WHEEL_POS;52.997,54.80
VAL;2026-09-18 17:11:19.230058;;;WHEEL_POS;53.040,53.10
VAL;2026-09-18 17:11:19.261304;;;WHEEL_POS;53.071,53.10
VAL;2026-09-18 17:11:19.298748;;;WHEEL_POS;53.108,54.10
VAL;2026-09-18 17:11:19.330010;;;WHEEL_POS;53.140,54.80
EVENT;2026-09-18 17:11:19.330010;5.7142;;158;Tup
END-TRIAL;2026-09-18 17:11:19.330010;;;The trial ended;
INFO;2026-09-18 17:11:19.330010;67.011131;72.725334;TRIAL-BPOD-TIME;5.714202999999998
STATE;2026-09-18 17:11:19.330010;0;1.1654;WheelDotPeriod;1.1654
STATE;2026-09-18 17:11:19.330010;1.1654;1.2142000000000002;Reward;0.04880000000000018
STATE;2026-09-18 17:11:19.330010;1.2142000000000002;4.2142;Consumption;3.0
STATE;2026-09-18 17:11:19.330010;4.2142;5.7142;ITI;1.5
STATE;2026-09-18 17:11:19.330010;nan;nan;ErrorConsumption;nan
STATE;2026-09-18 17:11:19.330010;nan;nan;IncorrectITI;nan
STATE;2026-09-18 17:11:19.330010;nan;nan;NoResponse;nan
VAL;2026-09-18 17:11:19.429922;;;INCLUDED;True
VAL;2026-09-18 17:11:19.429922;;;CONSUMPTION_LICKED;False
VAL;2026-09-18 17:11:19.429922;;;LED_ON_TIME;47.43160438537598
VAL;2026-09-18 17:11:19.429922;;;DOT_ONSET_JITTER_S;0.11895307064634289
VAL;2026-09-18 17:11:19.429922;;;DOT_ONSET_TIME;47.55055745602232
VAL;2026-09-18 17:11:19.429922;;;THRESHOLD_CROSSING_TIME;48.597004385375975
VAL;2026-09-18 17:11:19.429922;;;DOT_DISAPPEAR_JITTER_S;0.43425283282995264
VAL;2026-09-18 17:11:19.429922;;;DOT_DISAPPEAR_TIME;49.03125721820593
VAL;2026-09-18 17:11:19.429922;;;CORRECT;True
stdout;2026-09-18 17:11:19.429922;;;Trial 8 (warmup): side=R, Reward -> reward;
stdout;2026-09-18 17:11:19.429922;;;|
|;
VAL;2026-09-18 17:11:20.040670;;;TRIAL_INIT_START;53.850282430648804
VAL;2026-09-18 17:11:20.071920;;;WHEEL_POS;53.882,54.80
VAL;2026-09-18 17:11:20.099301;;;WHEEL_POS;53.909,54.80
VAL;2026-09-18 17:11:20.118005;;;WHEEL_POS;53.928,54.80
VAL;2026-09-18 17:11:20.133632;;;WHEEL_POS;53.943,54.80
VAL;2026-09-18 17:11:20.149259;;;WHEEL_POS;53.959,54.80
VAL;2026-09-18 17:11:20.189285;;;WHEEL_POS;53.999,54.80
VAL;2026-09-18 17:11:20.214920;;;WHEEL_POS;54.025,54.80
VAL;2026-09-18 17:11:20.230546;;;TRIAL_START;54.02453255653381
VAL;2026-09-18 17:11:20.230546;;;QUIESCENCE_BREAKS;0
VAL;2026-09-18 17:11:20.230546;;;TRIAL_TYPE;warmup
VAL;2026-09-18 17:11:20.363964;;;TRIAL_SIDE;L
VAL;2026-09-18 17:11:20.363964;;;CLICK_TIMES_L;0.0150,0.0300,0.0450,0.0837,0.0987,0.2001,0.2151,0.2301
VAL;2026-09-18 17:11:20.363964;;;CLICK_TIMES_R;
VAL;2026-09-18 17:11:20.363964;;;N_CLICKS_L;8
VAL;2026-09-18 17:11:20.363964;;;N_CLICKS_R;0
VAL;2026-09-18 17:11:20.363964;;;STIM_SEED;1040357573
VAL;2026-09-18 17:11:20.363964;;;CUE_ABORT_THRESHOLD_DEG;10.0
VAL;2026-09-18 17:11:20.363964;;;RESPONSE_THRESHOLD_DEG;35.0
VAL;2026-09-18 17:11:20.363964;;;QUIESCENCE_DUR_S;0.1
VAL;2026-09-18 17:11:20.363964;;;ITI_S;1.5
VAL;2026-09-18 17:11:20.363964;;;CLICK_LEVEL_ATTENUATED;False
stdout;2026-09-18 17:11:20.363964;;;Trial 9 (warmup): side=L, n_L=8, n_R=0;
stdout;2026-09-18 17:11:20.363964;;;|
|;
VAL;2026-09-18 17:11:20.363964;;;SM_SEND_TIME;54.17357683181763
VAL;2026-09-18 17:11:20.363964;;;CUE_ONSET_TIME;54.19457683181763
TRIAL;2026-09-18 17:11:20.363964;;;New trial;
VAL;2026-09-18 17:11:20.379599;;;WHEEL_POS;54.189,0.00
VAL;2026-09-18 17:11:20.399727;;;WHEEL_POS;54.209,0.00
VAL;2026-09-18 17:11:20.415357;;;WHEEL_POS;54.225,0.40
VAL;2026-09-18 17:11:20.446608;;;WHEEL_POS;54.256,1.40
VAL;2026-09-18 17:11:20.487232;;;WHEEL_POS;54.297,2.50
VAL;2026-09-18 17:11:20.515365;;;WHEEL_POS;54.325,3.50
EVENT;2026-09-18 17:11:20.515365;0.1416;;1;RotaryEncoder1_2
VAL;2026-09-18 17:11:20.530991;;;WHEEL_POS;54.341,4.20
VAL;2026-09-18 17:11:20.562243;;;WHEEL_POS;54.372,4.20
VAL;2026-09-18 17:11:20.593495;;;WHEEL_POS;54.403,-2.50
EVENT;2026-09-18 17:11:20.600000;0.222;;0;RotaryEncoder1_1
VAL;2026-09-18 17:11:20.615629;;;WHEEL_POS;54.425,-8.10
EVENT;2026-09-18 17:11:20.615629;0.24600000000000002;;4;RotaryEncoder1_5
TRANSITION;2026-09-18 17:11:20.615629;0.24600000000000002;;WheelAbort;
EVENT;2026-09-18 17:11:20.615629;0.2461;;158;Tup
TRANSITION;2026-09-18 17:11:20.615629;0.2461;;AbortITI;
VAL;2026-09-18 17:11:20.631254;;;WHEEL_POS;54.441,-10.90
VAL;2026-09-18 17:11:20.662506;;;WHEEL_POS;54.472,-9.80
VAL;2026-09-18 17:11:20.678133;;;WHEEL_POS;54.488,-7.70
VAL;2026-09-18 17:11:20.699989;;;WHEEL_POS;54.510,-5.60
VAL;2026-09-18 17:11:20.731243;;;WHEEL_POS;54.541,-2.80
VAL;2026-09-18 17:11:20.762496;;;WHEEL_POS;54.572,2.10
VAL;2026-09-18 17:11:20.778122;;;WHEEL_POS;54.588,4.20
VAL;2026-09-18 17:11:20.815883;;;WHEEL_POS;54.625,5.30
VAL;2026-09-18 17:11:20.847135;;;WHEEL_POS;54.657,3.20
VAL;2026-09-18 17:11:20.878387;;;WHEEL_POS;54.688,2.80
VAL;2026-09-18 17:11:20.900256;;;WHEEL_POS;54.710,2.80
VAL;2026-09-18 17:11:20.915885;;;WHEEL_POS;54.725,3.20
VAL;2026-09-18 17:11:20.934014;;;WHEEL_POS;54.744,3.90
VAL;2026-09-18 17:11:20.965268;;;WHEEL_POS;54.775,4.90
VAL;2026-09-18 17:11:21.000525;;;WHEEL_POS;54.810,7.40
VAL;2026-09-18 17:11:21.016155;;;WHEEL_POS;54.826,8.40
VAL;2026-09-18 17:11:21.047406;;;WHEEL_POS;54.857,7.70
VAL;2026-09-18 17:11:21.063032;;;WHEEL_POS;54.873,6.30
VAL;2026-09-18 17:11:21.100524;;;WHEEL_POS;54.910,5.30
VAL;2026-09-18 17:11:21.118690;;;WHEEL_POS;54.928,5.60
VAL;2026-09-18 17:11:21.134318;;;WHEEL_POS;54.944,6.70
VAL;2026-09-18 17:11:21.149944;;;WHEEL_POS;54.960,7.40
VAL;2026-09-18 17:11:21.190740;;;WHEEL_POS;55.000,8.80
EVENT;2026-09-18 17:11:21.200746;0.8302;;5;RotaryEncoder1_6
VAL;2026-09-18 17:11:21.216375;;;WHEEL_POS;55.026,10.20
VAL;2026-09-18 17:11:21.247627;;;WHEEL_POS;55.057,11.60
VAL;2026-09-18 17:11:21.263253;;;WHEEL_POS;55.073,11.20
VAL;2026-09-18 17:11:21.300900;;;WHEEL_POS;55.111,7.40
VAL;2026-09-18 17:11:21.332153;;;WHEEL_POS;55.142,4.60
VAL;2026-09-18 17:11:21.365452;;;WHEEL_POS;55.175,3.90
VAL;2026-09-18 17:11:21.381081;;;WHEEL_POS;55.191,3.90
VAL;2026-09-18 17:11:21.416840;;;WHEEL_POS;55.226,5.60
VAL;2026-09-18 17:11:21.448092;;;WHEEL_POS;55.258,8.40
VAL;2026-09-18 17:11:21.490720;;;WHEEL_POS;55.300,10.90
VAL;2026-09-18 17:11:21.501223;;;WHEEL_POS;55.311,10.90
VAL;2026-09-18 17:11:21.532478;;;WHEEL_POS;55.342,9.50
VAL;2026-09-18 17:11:21.548103;;;WHEEL_POS;55.358,9.10
VAL;2026-09-18 17:11:21.579355;;;WHEEL_POS;55.389,8.80
VAL;2026-09-18 17:11:21.617120;;;WHEEL_POS;55.427,8.40
VAL;2026-09-18 17:11:21.648366;;;WHEEL_POS;55.458,8.40
VAL;2026-09-18 17:11:21.679618;;;WHEEL_POS;55.489,8.40
VAL;2026-09-18 17:11:21.701458;;;WHEEL_POS;55.511,8.40
VAL;2026-09-18 17:11:21.717088;;;WHEEL_POS;55.527,8.40
VAL;2026-09-18 17:11:21.748339;;;WHEEL_POS;55.558,8.40
VAL;2026-09-18 17:11:21.763965;;;WHEEL_POS;55.574,8.40
VAL;2026-09-18 17:11:21.795217;;;WHEEL_POS;55.605,8.40
VAL;2026-09-18 17:11:21.817350;;;WHEEL_POS;55.627,8.40
VAL;2026-09-18 17:11:21.848602;;;WHEEL_POS;55.658,8.40
VAL;2026-09-18 17:11:21.864229;;;WHEEL_POS;55.674,8.40
VAL;2026-09-18 17:11:21.901722;;;WHEEL_POS;55.711,8.40
VAL;2026-09-18 17:11:21.932977;;;WHEEL_POS;55.743,8.40
VAL;2026-09-18 17:11:21.964229;;;WHEEL_POS;55.774,8.40
VAL;2026-09-18 17:11:21.995482;;;WHEEL_POS;55.805,8.40
VAL;2026-09-18 17:11:22.017616;;;WHEEL_POS;55.827,8.40
VAL;2026-09-18 17:11:22.033242;;;WHEEL_POS;55.843,8.40
VAL;2026-09-18 17:11:22.064493;;;WHEEL_POS;55.874,8.40
VAL;2026-09-18 17:11:22.080120;;;WHEEL_POS;55.890,8.40
VAL;2026-09-18 17:11:22.101998;;;WHEEL_POS;55.912,8.40
EVENT;2026-09-18 17:11:22.101998;1.7333;;158;Tup
END-TRIAL;2026-09-18 17:11:22.101998;;;The trial ended;
INFO;2026-09-18 17:11:22.101998;73.763031;75.496334;TRIAL-BPOD-TIME;1.7333030000000065
STATE;2026-09-18 17:11:22.101998;0;0.24600000000000002;CuePeriod;0.24600000000000002
STATE;2026-09-18 17:11:22.101998;0.24600000000000002;0.2461;WheelAbort;9.999999999998899e-05
STATE;2026-09-18 17:11:22.101998;0.2461;1.7333;AbortITI;1.4872
STATE;2026-09-18 17:11:22.101998;nan;nan;DelayPeriod;nan
STATE;2026-09-18 17:11:22.101998;nan;nan;CueComplete;nan
VAL;2026-09-18 17:11:22.135209;;;ABORT;54.41957683181763
VAL;2026-09-18 17:11:22.135209;;;ABORT_EPOCH;cue
VAL;2026-09-18 17:11:22.135209;;;INCLUDED;False
stdout;2026-09-18 17:11:22.135209;;;Trial 9: Abort (cue epoch) -- re-offering side L next trial.;
stdout;2026-09-18 17:11:22.135209;;;|
|;
VAL;2026-09-18 17:11:22.715566;;;TRIAL_INIT_START;56.52517819404602
VAL;2026-09-18 17:11:22.746817;;;WHEEL_POS;56.556,-6.00
VAL;2026-09-18 17:11:22.778069;;;WHEEL_POS;56.588,-3.50
VAL;2026-09-18 17:11:22.818336;;;QUIESCENCE_RESET_TIME;56.62794780731201
VAL;2026-09-18 17:11:22.818336;;;WHEEL_POS;56.628,3.50
VAL;2026-09-18 17:11:22.860635;;;QUIESCENCE_RESET_TIME;56.670246839523315
VAL;2026-09-18 17:11:22.860635;;;WHEEL_POS;56.670,8.10
VAL;2026-09-18 17:11:22.893936;;;WHEEL_POS;56.704,9.50
VAL;2026-09-18 17:11:22.918572;;;WHEEL_POS;56.728,8.10
VAL;2026-09-18 17:11:22.949824;;;QUIESCENCE_RESET_TIME;56.7594358921051
VAL;2026-09-18 17:11:22.949824;;;WHEEL_POS;56.759,3.90
VAL;2026-09-18 17:11:22.981077;;;WHEEL_POS;56.791,0.00
VAL;2026-09-18 17:11:23.018838;;;WHEEL_POS;56.828,-3.20
VAL;2026-09-18 17:11:23.050090;;;WHEEL_POS;56.860,-3.20
VAL;2026-09-18 17:11:23.081343;;;WHEEL_POS;56.891,-2.10
VAL;2026-09-18 17:11:23.103142;;;WHEEL_POS;56.913,-0.70
VAL;2026-09-18 17:11:23.119701;;;TRIAL_START;56.91275405883789
VAL;2026-09-18 17:11:23.119701;;;QUIESCENCE_BREAKS;3
VAL;2026-09-18 17:11:23.119701;;;TRIAL_TYPE;repeat
VAL;2026-09-18 17:11:23.281122;;;TRIAL_SIDE;L
VAL;2026-09-18 17:11:23.281122;;;CLICK_TIMES_L;0.0306,0.0464,0.0635,0.0785,0.0935,0.1208,0.1891,0.2041,0.2191,0.2341
VAL;2026-09-18 17:11:23.281122;;;CLICK_TIMES_R;
VAL;2026-09-18 17:11:23.281122;;;N_CLICKS_L;10
VAL;2026-09-18 17:11:23.281122;;;N_CLICKS_R;0
VAL;2026-09-18 17:11:23.281122;;;STIM_SEED;1789091963
VAL;2026-09-18 17:11:23.281122;;;CUE_ABORT_THRESHOLD_DEG;10.0
VAL;2026-09-18 17:11:23.281122;;;RESPONSE_THRESHOLD_DEG;35.0
VAL;2026-09-18 17:11:23.281122;;;QUIESCENCE_DUR_S;0.1
VAL;2026-09-18 17:11:23.281122;;;ITI_S;1.5
VAL;2026-09-18 17:11:23.281122;;;CLICK_LEVEL_ATTENUATED;False
stdout;2026-09-18 17:11:23.281122;;;Trial 10 (repeat): side=L, n_L=10, n_R=0;
stdout;2026-09-18 17:11:23.281122;;;|
|;
VAL;2026-09-18 17:11:23.281122;;;SM_SEND_TIME;57.0907347202301
VAL;2026-09-18 17:11:23.281122;;;CUE_ONSET_TIME;57.1117347202301
TRIAL;2026-09-18 17:11:23.281122;;;New trial;
VAL;2026-09-18 17:11:23.281122;;;WHEEL_POS;57.091,-1.40
VAL;2026-09-18 17:11:23.318747;;;WHEEL_POS;57.128,0.00
VAL;2026-09-18 17:11:23.350000;;;WHEEL_POS;57.160,0.70
VAL;2026-09-18 17:11:23.382808;;;WHEEL_POS;57.192,1.40
VAL;2026-09-18 17:11:23.418568;;;WHEEL_POS;57.228,1.80
VAL;2026-09-18 17:11:23.449820;;;WHEEL_POS;57.259,1.80
VAL;2026-09-18 17:11:23.481073;;;WHEEL_POS;57.291,1.80
VAL;2026-09-18 17:11:23.518845;;;WHEEL_POS;57.328,1.40
VAL;2026-09-18 17:11:23.550098;;;WHEEL_POS;57.360,1.40
EVENT;2026-09-18 17:11:23.550098;0.271;;158;Tup
TRANSITION;2026-09-18 17:11:23.550098;0.271;;DelayPeriod;
VAL;2026-09-18 17:11:23.581350;;;WHEEL_POS;57.391,2.50
VAL;2026-09-18 17:11:23.601492;;;WHEEL_POS;57.411,3.90
VAL;2026-09-18 17:11:23.619122;;;WHEEL_POS;57.429,6.30
VAL;2026-09-18 17:11:23.650375;;;WHEEL_POS;57.460,8.80
EVENT;2026-09-18 17:11:23.650375;0.37460000000000004;;5;RotaryEncoder1_6
TRANSITION;2026-09-18 17:11:23.650375;0.37460000000000004;;WheelAbort;
EVENT;2026-09-18 17:11:23.650375;0.37470000000000003;;158;Tup
TRANSITION;2026-09-18 17:11:23.650375;0.37470000000000003;;AbortITI;
VAL;2026-09-18 17:11:23.681628;;;WHEEL_POS;57.491,11.20
VAL;2026-09-18 17:11:23.697771;;;WHEEL_POS;57.507,12.00
VAL;2026-09-18 17:11:23.719404;;;WHEEL_POS;57.529,12.30
VAL;2026-09-18 17:11:23.735031;;;WHEEL_POS;57.545,12.00
VAL;2026-09-18 17:11:23.766283;;;WHEEL_POS;57.576,9.50
VAL;2026-09-18 17:11:23.797536;;;WHEEL_POS;57.607,6.70
VAL;2026-09-18 17:11:23.814548;;;WHEEL_POS;57.624,6.00
VAL;2026-09-18 17:11:23.830178;;;WHEEL_POS;57.640,5.60
VAL;2026-09-18 17:11:23.861429;;;WHEEL_POS;57.671,5.60
VAL;2026-09-18 17:11:23.877055;;;WHEEL_POS;57.687,6.00
VAL;2026-09-18 17:11:23.919822;;;WHEEL_POS;57.729,8.80
VAL;2026-09-18 17:11:23.951074;;;WHEEL_POS;57.761,10.20
VAL;2026-09-18 17:11:23.982328;;;WHEEL_POS;57.792,9.50
VAL;2026-09-18 17:11:24.020087;;;WHEEL_POS;57.830,6.00
VAL;2026-09-18 17:11:24.051339;;;WHEEL_POS;57.861,4.90
VAL;2026-09-18 17:11:24.066968;;;WHEEL_POS;57.877,4.90
VAL;2026-09-18 17:11:24.104611;;;WHEEL_POS;57.914,4.60
VAL;2026-09-18 17:11:24.135643;;;WHEEL_POS;57.945,4.60
VAL;2026-09-18 17:11:24.151268;;;WHEEL_POS;57.961,4.60
VAL;2026-09-18 17:11:24.194067;;;WHEEL_POS;58.004,4.60
VAL;2026-09-18 17:11:24.220201;;;WHEEL_POS;58.030,4.60
VAL;2026-09-18 17:11:24.251454;;;WHEEL_POS;58.061,4.20
VAL;2026-09-18 17:11:24.267081;;;WHEEL_POS;58.077,3.90
VAL;2026-09-18 17:11:24.298332;;;WHEEL_POS;58.108,3.90
VAL;2026-09-18 17:11:24.314221;;;WHEEL_POS;58.124,3.90
VAL;2026-09-18 17:11:24.345476;;;WHEEL_POS;58.155,3.90
VAL;2026-09-18 17:11:24.366638;;;WHEEL_POS;58.176,3.90
VAL;2026-09-18 17:11:24.383271;;;WHEEL_POS;58.193,3.90
VAL;2026-09-18 17:11:24.420530;;;WHEEL_POS;58.230,3.90
VAL;2026-09-18 17:11:24.451782;;;WHEEL_POS;58.261,3.90
VAL;2026-09-18 17:11:24.488910;;;WHEEL_POS;58.299,3.90
VAL;2026-09-18 17:11:24.530220;;;WHEEL_POS;58.340,3.90
VAL;2026-09-18 17:11:24.561472;;;WHEEL_POS;58.371,3.90
VAL;2026-09-18 17:11:24.577096;;;WHEEL_POS;58.387,3.90
VAL;2026-09-18 17:11:24.620860;;;WHEEL_POS;58.430,3.90
VAL;2026-09-18 17:11:24.652113;;;WHEEL_POS;58.462,3.90
VAL;2026-09-18 17:11:24.683366;;;WHEEL_POS;58.493,3.90
VAL;2026-09-18 17:11:24.698992;;;WHEEL_POS;58.509,3.90
VAL;2026-09-18 17:11:24.730994;;;WHEEL_POS;58.541,3.90
VAL;2026-09-18 17:11:24.762246;;;WHEEL_POS;58.572,3.90
VAL;2026-09-18 17:11:24.793498;;;WHEEL_POS;58.603,3.20
VAL;2026-09-18 17:11:24.821132;;;WHEEL_POS;58.631,2.80
VAL;2026-09-18 17:11:24.852384;;;WHEEL_POS;58.662,1.80
VAL;2026-09-18 17:11:24.883637;;;WHEEL_POS;58.693,1.10
VAL;2026-09-18 17:11:24.899264;;;WHEEL_POS;58.709,0.70
VAL;2026-09-18 17:11:24.934483;;;WHEEL_POS;58.744,0.70
VAL;2026-09-18 17:11:24.950111;;;WHEEL_POS;58.760,1.10
VAL;2026-09-18 17:11:24.981363;;;WHEEL_POS;58.791,2.80
VAL;2026-09-18 17:11:24.996989;;;WHEEL_POS;58.807,4.90
VAL;2026-09-18 17:11:25.021623;;;WHEEL_POS;58.831,9.10
VAL;2026-09-18 17:11:25.037248;;;WHEEL_POS;58.847,11.60
VAL;2026-09-18 17:11:25.068500;;;WHEEL_POS;58.878,14.80
VAL;2026-09-18 17:11:25.084127;;;WHEEL_POS;58.894,15.50
VAL;2026-09-18 17:11:25.120204;;;WHEEL_POS;58.930,15.10
VAL;2026-09-18 17:11:25.135832;;;WHEEL_POS;58.945,13.40
VAL;2026-09-18 17:11:25.167084;;;WHEEL_POS;58.977,8.10
VAL;2026-09-18 17:11:25.195269;;;WHEEL_POS;59.005,3.50
VAL;2026-09-18 17:11:25.221904;;;WHEEL_POS;59.032,1.40
VAL;2026-09-18 17:11:25.253155;;;WHEEL_POS;59.063,0.00
VAL;2026-09-18 17:11:25.284408;;;WHEEL_POS;59.094,-0.40
VAL;2026-09-18 17:11:25.318420;;;WHEEL_POS;59.128,-1.40
VAL;2026-09-18 17:11:25.334048;;;WHEEL_POS;59.144,-1.40
VAL;2026-09-18 17:11:25.367802;;;WHEEL_POS;59.177,1.10
VAL;2026-09-18 17:11:25.383431;;;WHEEL_POS;59.193,2.80
VAL;2026-09-18 17:11:25.399056;;;WHEEL_POS;59.209,4.20
VAL;2026-09-18 17:11:25.422190;;;WHEEL_POS;59.232,5.60
VAL;2026-09-18 17:11:25.453442;;;WHEEL_POS;59.263,4.90
VAL;2026-09-18 17:11:25.471963;;;WHEEL_POS;59.282,3.20
VAL;2026-09-18 17:11:25.487592;;;WHEEL_POS;59.297,0.40
VAL;2026-09-18 17:11:25.506734;;;WHEEL_POS;59.316,-2.50
EVENT;2026-09-18 17:11:25.518289;2.2284;;0;RotaryEncoder1_1
VAL;2026-09-18 17:11:25.519292;;;WHEEL_POS;59.329,-4.20
EVENT;2026-09-18 17:11:25.534920;2.2462;;158;Tup
END-TRIAL;2026-09-18 17:11:25.534920;;;The trial ended;
INFO;2026-09-18 17:11:25.534920;76.672031;78.918234;TRIAL-BPOD-TIME;2.246202999999994
STATE;2026-09-18 17:11:25.534920;0;0.271;CuePeriod;0.271
STATE;2026-09-18 17:11:25.534920;0.271;0.37460000000000004;DelayPeriod;0.10360000000000003
STATE;2026-09-18 17:11:25.534920;0.37460000000000004;0.37470000000000003;WheelAbort;9.999999999998899e-05
STATE;2026-09-18 17:11:25.534920;0.37470000000000003;2.2462;AbortITI;1.8715
STATE;2026-09-18 17:11:25.534920;nan;nan;CueComplete;nan
VAL;2026-09-18 17:11:25.534920;;;WHEEL_POS;59.345,-5.30
VAL;2026-09-18 17:11:25.566171;;;ABORT;57.4653347202301
VAL;2026-09-18 17:11:25.566171;;;ABORT_EPOCH;delay
VAL;2026-09-18 17:11:25.566171;;;INCLUDED;False
stdout;2026-09-18 17:11:25.566171;;;Trial 10: Abort (delay epoch) -- re-offering side L next trial.;
stdout;2026-09-18 17:11:25.566171;;;|
|;
VAL;2026-09-18 17:11:26.153527;;;TRIAL_INIT_START;59.963139295578
VAL;2026-09-18 17:11:26.195785;;;WHEEL_POS;60.005,-7.70
VAL;2026-09-18 17:11:26.223920;;;WHEEL_POS;60.034,-7.70
VAL;2026-09-18 17:11:26.255173;;;WHEEL_POS;60.065,-7.70
VAL;2026-09-18 17:11:26.286426;;;WHEEL_POS;60.096,-7.70
VAL;2026-09-18 17:11:26.322160;;;WHEEL_POS;60.132,-7.70
VAL;2026-09-18 17:11:26.337796;;;WHEEL_POS;60.147,-7.70
VAL;2026-09-18 17:11:26.353415;;;TRIAL_START;60.14740824699402
VAL;2026-09-18 17:11:26.353415;;;QUIESCENCE_BREAKS;0
VAL;2026-09-18 17:11:26.353415;;;TRIAL_TYPE;repeat
VAL;2026-09-18 17:11:26.490337;;;TRIAL_SIDE;L
VAL;2026-09-18 17:11:26.490337;;;CLICK_TIMES_L;0.0200,0.0500,0.0650,0.0801
VAL;2026-09-18 17:11:26.490337;;;CLICK_TIMES_R;
VAL;2026-09-18 17:11:26.490337;;;N_CLICKS_L;4
VAL;2026-09-18 17:11:26.490337;;;N_CLICKS_R;0
VAL;2026-09-18 17:11:26.490337;;;STIM_SEED;1515103261
VAL;2026-09-18 17:11:26.490337;;;CUE_ABORT_THRESHOLD_DEG;10.0
VAL;2026-09-18 17:11:26.490337;;;RESPONSE_THRESHOLD_DEG;35.0
VAL;2026-09-18 17:11:26.490337;;;QUIESCENCE_DUR_S;0.1
VAL;2026-09-18 17:11:26.490337;;;ITI_S;1.5
VAL;2026-09-18 17:11:26.490337;;;CLICK_LEVEL_ATTENUATED;False
stdout;2026-09-18 17:11:26.490337;;;Trial 11 (repeat): side=L, n_L=4, n_R=0;
stdout;2026-09-18 17:11:26.490337;;;|
|;
VAL;2026-09-18 17:11:26.490337;;;SM_SEND_TIME;60.299949169158936
VAL;2026-09-18 17:11:26.490337;;;CUE_ONSET_TIME;60.320949169158936
TRIAL;2026-09-18 17:11:26.490337;;;New trial;
VAL;2026-09-18 17:11:26.490337;;;WHEEL_POS;60.300,0.00
VAL;2026-09-18 17:11:26.521977;;;WHEEL_POS;60.332,0.00
VAL;2026-09-18 17:11:26.553233;;;WHEEL_POS;60.363,0.00
VAL;2026-09-18 17:11:26.584485;;;WHEEL_POS;60.394,0.00
VAL;2026-09-18 17:11:26.600110;;;WHEEL_POS;60.410,0.00
VAL;2026-09-18 17:11:26.624747;;;WHEEL_POS;60.434,0.00
VAL;2026-09-18 17:11:26.655999;;;WHEEL_POS;60.466,0.00
VAL;2026-09-18 17:11:26.689256;;;WHEEL_POS;60.499,0.00
VAL;2026-09-18 17:11:26.709399;;;WHEEL_POS;60.519,0.00
VAL;2026-09-18 17:11:26.724899;;;WHEEL_POS;60.535,1.10
EVENT;2026-09-18 17:11:26.740527;0.2374;;1;RotaryEncoder1_2
VAL;2026-09-18 17:11:26.740527;;;WHEEL_POS;60.550,3.90
VAL;2026-09-18 17:11:26.756154;;;WHEEL_POS;60.566,6.70
EVENT;2026-09-18 17:11:26.771780;0.271;;158;Tup
TRANSITION;2026-09-18 17:11:26.771780;0.271;;DelayPeriod;
EVENT;2026-09-18 17:11:26.771780;0.2745;;5;RotaryEncoder1_6
TRANSITION;2026-09-18 17:11:26.771780;0.2745;;WheelAbort;
EVENT;2026-09-18 17:11:26.771780;0.2746;;158;Tup
TRANSITION;2026-09-18 17:11:26.771780;0.2746;;AbortITI;
VAL;2026-09-18 17:11:26.787406;;;WHEEL_POS;60.597,10.90
VAL;2026-09-18 17:11:26.803032;;;WHEEL_POS;60.613,11.60
VAL;2026-09-18 17:11:26.825165;;;WHEEL_POS;60.635,12.00
VAL;2026-09-18 17:11:26.856419;;;WHEEL_POS;60.666,13.00
VAL;2026-09-18 17:11:26.872044;;;WHEEL_POS;60.682,15.10
VAL;2026-09-18 17:11:26.903295;;;WHEEL_POS;60.713,17.60
VAL;2026-09-18 17:11:26.924311;;;WHEEL_POS;60.734,17.90
VAL;2026-09-18 17:11:26.955567;;;WHEEL_POS;60.765,17.90
VAL;2026-09-18 17:11:26.971192;;;WHEEL_POS;60.781,17.60
VAL;2026-09-18 17:11:27.002444;;;WHEEL_POS;60.812,17.20
VAL;2026-09-18 17:11:27.025581;;;WHEEL_POS;60.835,16.90
VAL;2026-09-18 17:11:27.041210;;;WHEEL_POS;60.851,16.50
VAL;2026-09-18 17:11:27.072459;;;WHEEL_POS;60.882,16.50
VAL;2026-09-18 17:11:27.088085;;;WHEEL_POS;60.898,16.50
VAL;2026-09-18 17:11:27.123096;;;WHEEL_POS;60.933,16.20
VAL;2026-09-18 17:11:27.141740;;;WHEEL_POS;60.951,16.20
VAL;2026-09-18 17:11:27.172994;;;WHEEL_POS;60.983,16.20
VAL;2026-09-18 17:11:27.197166;;;WHEEL_POS;61.007,16.20
VAL;2026-09-18 17:11:27.225801;;;WHEEL_POS;61.035,16.20
VAL;2026-09-18 17:11:27.257053;;;WHEEL_POS;61.067,16.20
VAL;2026-09-18 17:11:27.288306;;;WHEEL_POS;61.098,16.20
VAL;2026-09-18 17:11:27.327537;;;WHEEL_POS;61.137,16.20
VAL;2026-09-18 17:11:27.343165;;;WHEEL_POS;61.153,16.20
VAL;2026-09-18 17:11:27.384462;;;WHEEL_POS;61.194,16.20
VAL;2026-09-18 17:11:27.400087;;;WHEEL_POS;61.210,16.20
VAL;2026-09-18 17:11:27.426221;;;WHEEL_POS;61.236,16.20
VAL;2026-09-18 17:11:27.457474;;;WHEEL_POS;61.267,16.20
VAL;2026-09-18 17:11:27.473342;;;WHEEL_POS;61.283,16.20
VAL;2026-09-18 17:11:27.488970;;;WHEEL_POS;61.299,16.20
VAL;2026-09-18 17:11:27.527812;;;WHEEL_POS;61.337,16.20
VAL;2026-09-18 17:11:27.543440;;;WHEEL_POS;61.353,16.20
VAL;2026-09-18 17:11:27.559067;;;WHEEL_POS;61.369,16.20
VAL;2026-09-18 17:11:27.590320;;;WHEEL_POS;61.400,16.20
VAL;2026-09-18 17:11:27.626079;;;WHEEL_POS;61.436,16.20
VAL;2026-09-18 17:11:27.657331;;;WHEEL_POS;61.467,16.20
VAL;2026-09-18 17:11:27.672956;;;WHEEL_POS;61.483,16.20
VAL;2026-09-18 17:11:27.704208;;;WHEEL_POS;61.514,16.20
VAL;2026-09-18 17:11:27.728690;;;WHEEL_POS;61.538,16.20
VAL;2026-09-18 17:11:27.744320;;;WHEEL_POS;61.554,16.20
VAL;2026-09-18 17:11:27.775571;;;WHEEL_POS;61.585,16.20
VAL;2026-09-18 17:11:27.791198;;;WHEEL_POS;61.601,16.20
VAL;2026-09-18 17:11:27.826458;;;WHEEL_POS;61.636,16.20
VAL;2026-09-18 17:11:27.842085;;;WHEEL_POS;61.652,16.20
VAL;2026-09-18 17:11:27.873337;;;WHEEL_POS;61.683,16.20
VAL;2026-09-18 17:11:27.888966;;;WHEEL_POS;61.699,16.20
VAL;2026-09-18 17:11:27.929568;;;WHEEL_POS;61.739,16.20
VAL;2026-09-18 17:11:27.945196;;;WHEEL_POS;61.755,16.20
VAL;2026-09-18 17:11:27.976447;;;WHEEL_POS;61.786,16.20
VAL;2026-09-18 17:11:27.992075;;;WHEEL_POS;61.802,16.20
VAL;2026-09-18 17:11:28.026831;;;WHEEL_POS;61.836,16.20
VAL;2026-09-18 17:11:28.058085;;;WHEEL_POS;61.868,16.20
VAL;2026-09-18 17:11:28.089337;;;WHEEL_POS;61.899,16.20
VAL;2026-09-18 17:11:28.104961;;;WHEEL_POS;61.915,16.20
VAL;2026-09-18 17:11:28.123851;;;WHEEL_POS;61.933,16.20
EVENT;2026-09-18 17:11:28.128868;1.6228;;158;Tup
END-TRIAL;2026-09-18 17:11:28.128868;;;The trial ended;
INFO;2026-09-18 17:11:28.128868;79.887931;81.510734;TRIAL-BPOD-TIME;1.6228030000000047
STATE;2026-09-18 17:11:28.128868;0;0.271;CuePeriod;0.271
STATE;2026-09-18 17:11:28.128868;0.271;0.2745;DelayPeriod;0.003500000000000003
STATE;2026-09-18 17:11:28.128868;0.2745;0.2746;WheelAbort;9.999999999998899e-05
STATE;2026-09-18 17:11:28.128868;0.2746;1.6228;AbortITI;1.3482
STATE;2026-09-18 17:11:28.128868;nan;nan;CueComplete;nan
VAL;2026-09-18 17:11:28.145502;;;ABORT;60.57444916915894
VAL;2026-09-18 17:11:28.145502;;;ABORT_EPOCH;delay
VAL;2026-09-18 17:11:28.145502;;;INCLUDED;False
stdout;2026-09-18 17:11:28.145502;;;Trial 11: Abort (delay epoch) -- re-offering side L next trial.;
stdout;2026-09-18 17:11:28.145502;;;|
|;
VAL;2026-09-18 17:11:28.743761;;;TRIAL_INIT_START;62.55337309837341
VAL;2026-09-18 17:11:28.775013;;;WHEEL_POS;62.585,16.20
VAL;2026-09-18 17:11:28.806266;;;WHEEL_POS;62.616,16.20
VAL;2026-09-18 17:11:28.830969;;;WHEEL_POS;62.641,16.20
VAL;2026-09-18 17:11:28.862221;;;WHEEL_POS;62.672,16.20
VAL;2026-09-18 17:11:28.893471;;;WHEEL_POS;62.703,16.20
VAL;2026-09-18 17:11:28.912600;;;WHEEL_POS;62.722,16.20
VAL;2026-09-18 17:11:28.932312;;;TRIAL_START;62.72221231460571
VAL;2026-09-18 17:11:28.932312;;;QUIESCENCE_BREAKS;0
VAL;2026-09-18 17:11:28.932312;;;TRIAL_TYPE;repeat
VAL;2026-09-18 17:11:29.090981;;;TRIAL_SIDE;L
VAL;2026-09-18 17:11:29.090981;;;CLICK_TIMES_L;0.0209,0.0379,0.2273,0.2423
VAL;2026-09-18 17:11:29.090981;;;CLICK_TIMES_R;
VAL;2026-09-18 17:11:29.090981;;;N_CLICKS_L;4
VAL;2026-09-18 17:11:29.090981;;;N_CLICKS_R;0
VAL;2026-09-18 17:11:29.090981;;;STIM_SEED;1925128294
VAL;2026-09-18 17:11:29.090981;;;CUE_ABORT_THRESHOLD_DEG;10.0
VAL;2026-09-18 17:11:29.090981;;;RESPONSE_THRESHOLD_DEG;35.0
VAL;2026-09-18 17:11:29.090981;;;QUIESCENCE_DUR_S;0.1
VAL;2026-09-18 17:11:29.090981;;;ITI_S;1.5
VAL;2026-09-18 17:11:29.090981;;;CLICK_LEVEL_ATTENUATED;False
stdout;2026-09-18 17:11:29.090981;;;Trial 12 (repeat): side=L, n_L=4, n_R=0;
stdout;2026-09-18 17:11:29.090981;;;|
|;
VAL;2026-09-18 17:11:29.090981;;;SM_SEND_TIME;62.90059280395508
VAL;2026-09-18 17:11:29.090981;;;CUE_ONSET_TIME;62.92159280395508
TRIAL;2026-09-18 17:11:29.106607;;;New trial;
VAL;2026-09-18 17:11:29.106607;;;WHEEL_POS;62.916,0.00
VAL;2026-09-18 17:11:29.125677;;;WHEEL_POS;62.935,0.00
VAL;2026-09-18 17:11:29.148365;;;WHEEL_POS;62.958,0.00
VAL;2026-09-18 17:11:29.163991;;;WHEEL_POS;62.974,0.00
VAL;2026-09-18 17:11:29.198785;;;WHEEL_POS;63.008,0.00
VAL;2026-09-18 17:11:29.228920;;;WHEEL_POS;63.039,0.00
VAL;2026-09-18 17:11:29.260171;;;WHEEL_POS;63.070,0.00
VAL;2026-09-18 17:11:29.291423;;;WHEEL_POS;63.101,0.00
VAL;2026-09-18 17:11:29.333108;;;WHEEL_POS;63.143,0.00
VAL;2026-09-18 17:11:29.348735;;;WHEEL_POS;63.158,0.00
EVENT;2026-09-18 17:11:29.369367;0.271;;158;Tup
TRANSITION;2026-09-18 17:11:29.384996;0.271;;DelayPeriod;
VAL;2026-09-18 17:11:29.384996;;;WHEEL_POS;63.195,0.00
VAL;2026-09-18 17:11:29.429256;;;WHEEL_POS;63.239,0.00
VAL;2026-09-18 17:11:29.460508;;;WHEEL_POS;63.270,0.00
VAL;2026-09-18 17:11:29.489607;;;WHEEL_POS;63.299,0.00
EVENT;2026-09-18 17:11:29.533371;0.42010000000000003;;158;Tup
TRANSITION;2026-09-18 17:11:29.533371;0.42010000000000003;;CueComplete;
EVENT;2026-09-18 17:11:29.533371;0.4202;;158;Tup
END-TRIAL;2026-09-18 17:11:29.533371;;;The trial ended;
INFO;2026-09-18 17:11:29.533371;82.494931;82.915134;TRIAL-BPOD-TIME;0.42020300000000077
STATE;2026-09-18 17:11:29.533371;0;0.271;CuePeriod;0.271
STATE;2026-09-18 17:11:29.533371;0.271;0.42010000000000003;DelayPeriod;0.1491
VAL;2026-09-18 17:11:29.533371;;;WHEEL_POS;63.343,0.00
STATE;2026-09-18 17:11:29.533371;0.42010000000000003;0.4202;CueComplete;9.999999999998899e-05
STATE;2026-09-18 17:11:29.533371;nan;nan;WheelAbort;nan
STATE;2026-09-18 17:11:29.533371;nan;nan;AbortITI;nan
VAL;2026-09-18 17:11:29.548999;;;SM_SEND_TIME;63.358611822128296
TRIAL;2026-09-18 17:11:29.548999;;;New trial;
VAL;2026-09-18 17:11:29.564626;;;WHEEL_POS;63.374,0.00
VAL;2026-09-18 17:11:29.580253;;;WHEEL_POS;63.390,0.00
VAL;2026-09-18 17:11:29.614009;;;WHEEL_POS;63.424,0.00
VAL;2026-09-18 17:11:29.629637;;;WHEEL_POS;63.439,0.00
VAL;2026-09-18 17:11:29.645264;;;WHEEL_POS;63.455,0.00
VAL;2026-09-18 17:11:29.676516;;;WHEEL_POS;63.486,0.00
VAL;2026-09-18 17:11:29.707768;;;WHEEL_POS;63.517,0.00
VAL;2026-09-18 17:11:29.749921;;;WHEEL_POS;63.560,0.00
VAL;2026-09-18 17:11:29.765542;;;WHEEL_POS;63.575,0.00
VAL;2026-09-18 17:11:29.781169;;;WHEEL_POS;63.591,0.00
VAL;2026-09-18 17:11:29.814434;;;WHEEL_POS;63.624,0.00
VAL;2026-09-18 17:11:29.845691;;;WHEEL_POS;63.655,0.00
VAL;2026-09-18 17:11:29.876946;;;WHEEL_POS;63.687,0.00
VAL;2026-09-18 17:11:29.892574;;;WHEEL_POS;63.702,0.00
VAL;2026-09-18 17:11:29.934657;;;WHEEL_POS;63.744,0.00
VAL;2026-09-18 17:11:29.950288;;;WHEEL_POS;63.760,0.00
VAL;2026-09-18 17:11:29.981537;;;WHEEL_POS;63.791,0.00
VAL;2026-09-18 17:11:29.997163;;;WHEEL_POS;63.807,0.00
VAL;2026-09-18 17:11:30.030445;;;WHEEL_POS;63.840,0.00
VAL;2026-09-18 17:11:30.061689;;;WHEEL_POS;63.871,0.00
VAL;2026-09-18 17:11:30.077317;;;WHEEL_POS;63.887,0.00
VAL;2026-09-18 17:11:30.092947;;;WHEEL_POS;63.903,0.00
VAL;2026-09-18 17:11:30.126628;;;WHEEL_POS;63.936,0.00
VAL;2026-09-18 17:11:30.151308;;;WHEEL_POS;63.961,0.00
VAL;2026-09-18 17:11:30.183065;;;WHEEL_POS;63.993,0.00
VAL;2026-09-18 17:11:30.215324;;;WHEEL_POS;64.025,0.00
VAL;2026-09-18 17:11:30.230952;;;WHEEL_POS;64.041,0.00
VAL;2026-09-18 17:11:30.262210;;;WHEEL_POS;64.072,0.00
VAL;2026-09-18 17:11:30.293456;;;WHEEL_POS;64.103,0.00
VAL;2026-09-18 17:11:30.315590;;;WHEEL_POS;64.125,0.00
VAL;2026-09-18 17:11:30.351356;;;WHEEL_POS;64.161,0.00
VAL;2026-09-18 17:11:30.385120;;;WHEEL_POS;64.195,0.00
VAL;2026-09-18 17:11:30.431389;;;WHEEL_POS;64.241,0.00
VAL;2026-09-18 17:11:30.475664;;;WHEEL_POS;64.285,0.00
VAL;2026-09-18 17:11:30.506920;;;WHEEL_POS;64.317,0.00
VAL;2026-09-18 17:11:30.536770;;;WHEEL_POS;64.346,0.00
VAL;2026-09-18 17:11:30.552405;;;WHEEL_POS;64.362,0.00
VAL;2026-09-18 17:11:30.583651;;;WHEEL_POS;64.393,-1.10
VAL;2026-09-18 17:11:30.599277;;;WHEEL_POS;64.409,-3.20
EVENT;2026-09-18 17:11:30.599277;1.0432000000000001;;0;RotaryEncoder1_1
VAL;2026-09-18 17:11:30.631554;;;WHEEL_POS;64.441,-9.10
EVENT;2026-09-18 17:11:30.631554;1.0759;;4;RotaryEncoder1_5
VAL;2026-09-18 17:11:30.647178;;;WHEEL_POS;64.457,-12.00
VAL;2026-09-18 17:11:30.689438;;;WHEEL_POS;64.499,-17.60
VAL;2026-09-18 17:11:30.736713;;;WHEEL_POS;64.546,-30.60
EVENT;2026-09-18 17:11:30.752344;1.1973;;2;RotaryEncoder1_3
TRANSITION;2026-09-18 17:11:30.752344;1.1973;;Reward;
VAL;2026-09-18 17:11:30.767968;;;WHEEL_POS;64.578,-37.30
EVENT;2026-09-18 17:11:30.799220;1.2461;;158;Tup
TRANSITION;2026-09-18 17:11:30.799220;1.2461;;Consumption;
VAL;2026-09-18 17:11:30.799220;;;WHEEL_POS;64.609,-38.30
VAL;2026-09-18 17:11:30.831978;;;WHEEL_POS;64.642,-38.00
VAL;2026-09-18 17:11:30.863231;;;WHEEL_POS;64.673,-38.00
VAL;2026-09-18 17:11:30.894483;;;WHEEL_POS;64.704,-38.00
VAL;2026-09-18 17:11:30.937724;;;WHEEL_POS;64.747,-37.60
VAL;2026-09-18 17:11:30.954355;;;WHEEL_POS;64.764,-37.60
VAL;2026-09-18 17:11:30.969982;;;WHEEL_POS;64.780,-37.60
VAL;2026-09-18 17:11:31.001235;;;WHEEL_POS;64.811,-37.60
VAL;2026-09-18 17:11:31.032369;;;WHEEL_POS;64.842,-38.00
VAL;2026-09-18 17:11:31.047995;;;WHEEL_POS;64.858,-38.00
VAL;2026-09-18 17:11:31.079247;;;WHEEL_POS;64.889,-38.30
VAL;2026-09-18 17:11:31.110499;;;WHEEL_POS;64.920,-38.30
VAL;2026-09-18 17:11:31.127396;;;WHEEL_POS;64.937,-38.30
VAL;2026-09-18 17:11:31.155078;;;WHEEL_POS;64.965,-38.70
VAL;2026-09-18 17:11:31.200347;;;WHEEL_POS;65.010,-38.70
VAL;2026-09-18 17:11:31.232600;;;WHEEL_POS;65.042,-38.70
VAL;2026-09-18 17:11:31.248225;;;WHEEL_POS;65.058,-38.70
VAL;2026-09-18 17:11:31.279478;;;WHEEL_POS;65.089,-38.70
VAL;2026-09-18 17:11:31.295103;;;WHEEL_POS;65.105,-38.70
VAL;2026-09-18 17:11:31.332864;;;WHEEL_POS;65.142,-38.70
VAL;2026-09-18 17:11:31.356388;;;WHEEL_POS;65.166,-38.70
VAL;2026-09-18 17:11:31.385522;;;WHEEL_POS;65.195,-38.70
VAL;2026-09-18 17:11:31.417277;;;WHEEL_POS;65.227,-38.70
VAL;2026-09-18 17:11:31.448533;;;WHEEL_POS;65.258,-38.70
VAL;2026-09-18 17:11:31.473644;;;WHEEL_POS;65.283,-38.70
VAL;2026-09-18 17:11:31.490276;;;WHEEL_POS;65.300,-38.70
VAL;2026-09-18 17:11:31.541146;;;WHEEL_POS;65.351,-38.70
VAL;2026-09-18 17:11:31.572401;;;WHEEL_POS;65.382,-38.70
VAL;2026-09-18 17:11:31.588026;;;WHEEL_POS;65.398,-38.70
VAL;2026-09-18 17:11:31.633296;;;WHEEL_POS;65.443,-38.70
VAL;2026-09-18 17:11:31.664548;;;WHEEL_POS;65.474,-38.70
VAL;2026-09-18 17:11:31.695802;;;WHEEL_POS;65.505,-38.70
VAL;2026-09-18 17:11:31.740576;;;WHEEL_POS;65.550,-38.70
VAL;2026-09-18 17:11:31.771836;;;WHEEL_POS;65.581,-38.70
VAL;2026-09-18 17:11:31.803088;;;WHEEL_POS;65.613,-38.70
VAL;2026-09-18 17:11:31.833744;;;WHEEL_POS;65.643,-38.70
VAL;2026-09-18 17:11:31.864996;;;WHEEL_POS;65.675,-38.70
VAL;2026-09-18 17:11:31.896252;;;WHEEL_POS;65.706,-38.70
VAL;2026-09-18 17:11:31.946021;;;WHEEL_POS;65.756,-38.70
VAL;2026-09-18 17:11:31.986791;;;WHEEL_POS;65.796,-38.70
VAL;2026-09-18 17:11:32.018558;;;WHEEL_POS;65.828,-38.70
VAL;2026-09-18 17:11:32.049816;;;WHEEL_POS;65.859,-38.70
VAL;2026-09-18 17:11:32.081074;;;WHEEL_POS;65.891,-38.70
VAL;2026-09-18 17:11:32.112321;;;WHEEL_POS;65.922,-38.70
VAL;2026-09-18 17:11:32.128202;;;WHEEL_POS;65.938,-38.70
VAL;2026-09-18 17:11:32.162096;;;WHEEL_POS;65.972,-38.70
VAL;2026-09-18 17:11:32.201400;;;WHEEL_POS;66.011,-38.70
VAL;2026-09-18 17:11:32.250312;;;WHEEL_POS;66.060,-38.70
VAL;2026-09-18 17:11:32.281569;;;WHEEL_POS;66.091,-38.70
VAL;2026-09-18 17:11:32.312816;;;WHEEL_POS;66.122,-38.70
VAL;2026-09-18 17:11:32.346460;;;WHEEL_POS;66.156,-38.70
VAL;2026-09-18 17:11:32.401862;;;WHEEL_POS;66.211,-38.70
VAL;2026-09-18 17:11:32.435122;;;WHEEL_POS;66.245,-38.70
VAL;2026-09-18 17:11:32.474886;;;WHEEL_POS;66.284,-38.70
VAL;2026-09-18 17:11:32.492569;;;WHEEL_POS;66.302,-38.70
VAL;2026-09-18 17:11:32.508195;;;WHEEL_POS;66.318,-38.70
VAL;2026-09-18 17:11:32.535331;;;WHEEL_POS;66.345,-38.70
VAL;2026-09-18 17:11:32.563106;;;WHEEL_POS;66.373,-38.70
VAL;2026-09-18 17:11:32.594354;;;WHEEL_POS;66.404,-38.70
VAL;2026-09-18 17:11:32.609980;;;WHEEL_POS;66.420,-38.70
VAL;2026-09-18 17:11:32.635618;;;WHEEL_POS;66.445,-38.70
VAL;2026-09-18 17:11:32.666866;;;WHEEL_POS;66.476,-38.70
VAL;2026-09-18 17:11:32.698123;;;WHEEL_POS;66.508,-38.70
VAL;2026-09-18 17:11:32.749833;;;WHEEL_POS;66.559,-38.70
VAL;2026-09-18 17:11:32.765461;;;WHEEL_POS;66.575,-38.70
VAL;2026-09-18 17:11:32.781087;;;WHEEL_POS;66.591,-38.70
VAL;2026-09-18 17:11:32.820360;;;WHEEL_POS;66.630,-38.70
VAL;2026-09-18 17:11:32.835991;;;WHEEL_POS;66.646,-38.70
VAL;2026-09-18 17:11:32.882875;;;WHEEL_POS;66.692,-38.70
VAL;2026-09-18 17:11:32.914122;;;WHEEL_POS;66.724,-38.70
VAL;2026-09-18 17:11:32.935705;;;WHEEL_POS;66.745,-38.70
VAL;2026-09-18 17:11:32.982143;;;WHEEL_POS;66.792,-38.70
VAL;2026-09-18 17:11:33.020908;;;WHEEL_POS;66.831,-38.70
VAL;2026-09-18 17:11:33.036539;;;WHEEL_POS;66.846,-38.70
VAL;2026-09-18 17:11:33.052165;;;WHEEL_POS;66.862,-38.70
VAL;2026-09-18 17:11:33.083422;;;WHEEL_POS;66.893,-38.70
VAL;2026-09-18 17:11:33.114670;;;WHEEL_POS;66.924,-38.70
VAL;2026-09-18 17:11:33.144144;;;WHEEL_POS;66.954,-38.70
VAL;2026-09-18 17:11:33.167315;;;WHEEL_POS;66.977,-38.70
EVENT;2026-09-18 17:11:33.185949;3.6257;;94;Port1In
TRANSITION;2026-09-18 17:11:33.185949;3.6257;;ITI;
VAL;2026-09-18 17:11:33.221224;;;WHEEL_POS;67.031,-38.70
VAL;2026-09-18 17:11:33.236863;;;WHEEL_POS;67.046,-38.70
VAL;2026-09-18 17:11:33.283744;;;WHEEL_POS;67.093,-38.70
VAL;2026-09-18 17:11:33.314994;;;WHEEL_POS;67.125,-38.70
VAL;2026-09-18 17:11:33.337127;;;WHEEL_POS;67.147,-38.70
VAL;2026-09-18 17:11:33.353108;;;WHEEL_POS;67.163,-38.70
VAL;2026-09-18 17:11:33.386370;;;WHEEL_POS;67.196,-38.70
VAL;2026-09-18 17:11:33.401996;;;WHEEL_POS;67.212,-38.70
VAL;2026-09-18 17:11:33.437268;;;WHEEL_POS;67.247,-38.70
VAL;2026-09-18 17:11:33.477951;;;WHEEL_POS;67.288,-38.70
VAL;2026-09-18 17:11:33.509206;;;WHEEL_POS;67.319,-38.70
VAL;2026-09-18 17:11:33.553485;;;WHEEL_POS;67.363,-38.70
VAL;2026-09-18 17:11:33.584742;;;WHEEL_POS;67.394,-38.70
VAL;2026-09-18 17:11:33.622012;;;WHEEL_POS;67.432,-38.70
EVENT;2026-09-18 17:11:33.622012;4.0696;;95;Port1Out
VAL;2026-09-18 17:11:33.637645;;;WHEEL_POS;67.447,-38.70
VAL;2026-09-18 17:11:33.653271;;;WHEEL_POS;67.463,-38.70
VAL;2026-09-18 17:11:33.684533;;;WHEEL_POS;67.494,-38.70
VAL;2026-09-18 17:11:33.715776;;;WHEEL_POS;67.525,-38.70
VAL;2026-09-18 17:11:33.737910;;;WHEEL_POS;67.548,-38.70
VAL;2026-09-18 17:11:33.771996;;;WHEEL_POS;67.582,-38.70
VAL;2026-09-18 17:11:33.814900;;;WHEEL_POS;67.625,-38.70
VAL;2026-09-18 17:11:33.838041;;;WHEEL_POS;67.648,-38.70
VAL;2026-09-18 17:11:33.884924;;;WHEEL_POS;67.695,-38.70
VAL;2026-09-18 17:11:33.900546;;;WHEEL_POS;67.710,-38.70
VAL;2026-09-18 17:11:33.916171;;;WHEEL_POS;67.726,-38.70
VAL;2026-09-18 17:11:33.938307;;;WHEEL_POS;67.748,-38.70
VAL;2026-09-18 17:11:33.972094;;;WHEEL_POS;67.782,-38.70
VAL;2026-09-18 17:11:34.022500;;;WHEEL_POS;67.832,-38.70
VAL;2026-09-18 17:11:34.038134;;;WHEEL_POS;67.848,-38.70
VAL;2026-09-18 17:11:34.085016;;;WHEEL_POS;67.895,-38.70
VAL;2026-09-18 17:11:34.116265;;;WHEEL_POS;67.926,-38.70
VAL;2026-09-18 17:11:34.157889;;;WHEEL_POS;67.968,-38.70
VAL;2026-09-18 17:11:34.222842;;;WHEEL_POS;68.032,-38.70
VAL;2026-09-18 17:11:34.238474;;;WHEEL_POS;68.048,-38.70
VAL;2026-09-18 17:11:34.254099;;;WHEEL_POS;68.064,-38.70
VAL;2026-09-18 17:11:34.285357;;;WHEEL_POS;68.095,-38.70
VAL;2026-09-18 17:11:34.316603;;;WHEEL_POS;68.126,-38.70
VAL;2026-09-18 17:11:34.358983;;;WHEEL_POS;68.169,-38.70
VAL;2026-09-18 17:11:34.386619;;;WHEEL_POS;68.196,-38.70
VAL;2026-09-18 17:11:34.402245;;;WHEEL_POS;68.212,-38.70
VAL;2026-09-18 17:11:34.439025;;;WHEEL_POS;68.249,-38.70
VAL;2026-09-18 17:11:34.475192;;;WHEEL_POS;68.285,-38.70
VAL;2026-09-18 17:11:34.490826;;;WHEEL_POS;68.300,-38.70
VAL;2026-09-18 17:11:34.523579;;;WHEEL_POS;68.333,-38.70
VAL;2026-09-18 17:11:34.539208;;;WHEEL_POS;68.349,-38.70
VAL;2026-09-18 17:11:34.572983;;;WHEEL_POS;68.383,-38.70
VAL;2026-09-18 17:11:34.619861;;;WHEEL_POS;68.429,-38.70
VAL;2026-09-18 17:11:34.639508;;;WHEEL_POS;68.449,-38.70
VAL;2026-09-18 17:11:34.655133;;;WHEEL_POS;68.465,-38.70
EVENT;2026-09-18 17:11:34.689909;5.1257;;158;Tup
VAL;2026-09-18 17:11:34.689909;;;WHEEL_POS;68.500,-38.70
END-TRIAL;2026-09-18 17:11:34.689909;;;The trial ended;
INFO;2026-09-18 17:11:34.689909;82.944931;88.070634;TRIAL-BPOD-TIME;5.1257030000000015
STATE;2026-09-18 17:11:34.689909;0;1.1973;WheelDotPeriod;1.1973
STATE;2026-09-18 17:11:34.689909;1.1973;1.2461;Reward;0.048799999999999955
STATE;2026-09-18 17:11:34.689909;1.2461;3.6257;Consumption;2.3796
STATE;2026-09-18 17:11:34.689909;3.6257;5.1257;ITI;1.5
STATE;2026-09-18 17:11:34.689909;nan;nan;ErrorConsumption;nan
STATE;2026-09-18 17:11:34.689909;nan;nan;IncorrectITI;nan
STATE;2026-09-18 17:11:34.689909;nan;nan;NoResponse;nan
VAL;2026-09-18 17:11:34.759955;;;INCLUDED;True
VAL;2026-09-18 17:11:34.759955;;;CONSUMPTION_LICKED;True
VAL;2026-09-18 17:11:34.759955;;;LED_ON_TIME;63.358611822128296
VAL;2026-09-18 17:11:34.759955;;;DOT_ONSET_JITTER_S;0.17062758141548318
VAL;2026-09-18 17:11:34.759955;;;DOT_ONSET_TIME;63.52923940354378
VAL;2026-09-18 17:11:34.759955;;;THRESHOLD_CROSSING_TIME;64.5559118221283
VAL;2026-09-18 17:11:34.759955;;;DOT_DISAPPEAR_JITTER_S;0.6193023435237667
VAL;2026-09-18 17:11:34.759955;;;DOT_DISAPPEAR_TIME;65.17521416565206
VAL;2026-09-18 17:11:34.759955;;;CORRECT;True
stdout;2026-09-18 17:11:34.759955;;;Trial 12 (repeat): side=L, Reward -> reward;
stdout;2026-09-18 17:11:34.759955;;;|
|;
VAL;2026-09-18 17:11:35.372028;;;TRIAL_INIT_START;69.181640625
VAL;2026-09-18 17:11:35.387656;;;WHEEL_POS;69.197,-38.70
VAL;2026-09-18 17:11:35.418908;;;WHEEL_POS;69.229,-38.70
VAL;2026-09-18 17:11:35.441045;;;WHEEL_POS;69.251,-38.70
VAL;2026-09-18 17:11:35.476164;;;WHEEL_POS;69.286,-38.70
VAL;2026-09-18 17:11:35.491793;;;WHEEL_POS;69.301,-38.70
VAL;2026-09-18 17:11:35.525243;;;WHEEL_POS;69.335,-38.70
VAL;2026-09-18 17:11:35.540884;;;TRIAL_START;69.33485460281372
VAL;2026-09-18 17:11:35.540884;;;QUIESCENCE_BREAKS;0
VAL;2026-09-18 17:11:35.540884;;;TRIAL_TYPE;warmup
VAL;2026-09-18 17:11:35.687631;;;TRIAL_SIDE;L
VAL;2026-09-18 17:11:35.687631;;;CLICK_TIMES_L;0.0453,0.0780,0.2420
VAL;2026-09-18 17:11:35.687631;;;CLICK_TIMES_R;
VAL;2026-09-18 17:11:35.687631;;;N_CLICKS_L;3
VAL;2026-09-18 17:11:35.687631;;;N_CLICKS_R;0
VAL;2026-09-18 17:11:35.687631;;;STIM_SEED;1297521622
VAL;2026-09-18 17:11:35.687631;;;CUE_ABORT_THRESHOLD_DEG;10.0
VAL;2026-09-18 17:11:35.687631;;;RESPONSE_THRESHOLD_DEG;35.0
VAL;2026-09-18 17:11:35.687631;;;QUIESCENCE_DUR_S;0.1
VAL;2026-09-18 17:11:35.687631;;;ITI_S;1.5
VAL;2026-09-18 17:11:35.687631;;;CLICK_LEVEL_ATTENUATED;False
stdout;2026-09-18 17:11:35.687631;;;Trial 13 (warmup): side=L, n_L=3, n_R=0;
stdout;2026-09-18 17:11:35.687631;;;|
|;
VAL;2026-09-18 17:11:35.687631;;;SM_SEND_TIME;69.49724340438843
VAL;2026-09-18 17:11:35.687631;;;CUE_ONSET_TIME;69.51824340438843
TRIAL;2026-09-18 17:11:35.687631;;;New trial;
VAL;2026-09-18 17:11:35.687631;;;WHEEL_POS;69.497,0.00
VAL;2026-09-18 17:11:35.718882;;;WHEEL_POS;69.528,0.00
VAL;2026-09-18 17:11:35.741017;;;WHEEL_POS;69.551,0.00
VAL;2026-09-18 17:11:35.776779;;;WHEEL_POS;69.586,0.00
VAL;2026-09-18 17:11:35.808032;;;WHEEL_POS;69.618,0.00
VAL;2026-09-18 17:11:35.841291;;;WHEEL_POS;69.651,0.00
VAL;2026-09-18 17:11:35.872544;;;WHEEL_POS;69.682,0.00
VAL;2026-09-18 17:11:35.888170;;;WHEEL_POS;69.698,0.00
VAL;2026-09-18 17:11:35.919422;;;WHEEL_POS;69.729,0.00
VAL;2026-09-18 17:11:35.941556;;;WHEEL_POS;69.751,0.00
VAL;2026-09-18 17:11:35.962186;;;WHEEL_POS;69.772,0.00
EVENT;2026-09-18 17:11:35.962186;0.271;;158;Tup
TRANSITION;2026-09-18 17:11:35.962186;0.271;;DelayPeriod;
VAL;2026-09-18 17:11:35.977816;;;WHEEL_POS;69.787,0.00
VAL;2026-09-18 17:11:36.009067;;;WHEEL_POS;69.819,0.00
VAL;2026-09-18 17:11:36.041826;;;WHEEL_POS;69.851,0.00
VAL;2026-09-18 17:11:36.073078;;;WHEEL_POS;69.883,0.00
EVENT;2026-09-18 17:11:36.073078;0.3869;;158;Tup
TRANSITION;2026-09-18 17:11:36.073078;0.3869;;CueComplete;
EVENT;2026-09-18 17:11:36.073078;0.387;;158;Tup
END-TRIAL;2026-09-18 17:11:36.073078;;;The trial ended;
INFO;2026-09-18 17:11:36.073078;89.079831;89.466834;TRIAL-BPOD-TIME;0.3870030000000071
STATE;2026-09-18 17:11:36.073078;0;0.271;CuePeriod;0.271
STATE;2026-09-18 17:11:36.073078;0.271;0.3869;DelayPeriod;0.1159
STATE;2026-09-18 17:11:36.073078;0.3869;0.387;CueComplete;9.999999999998899e-05
STATE;2026-09-18 17:11:36.073078;nan;nan;WheelAbort;nan
STATE;2026-09-18 17:11:36.073078;nan;nan;AbortITI;nan
VAL;2026-09-18 17:11:36.104330;;;SM_SEND_TIME;69.91394186019897
TRIAL;2026-09-18 17:11:36.104330;;;New trial;
VAL;2026-09-18 17:11:36.104330;;;WHEEL_POS;69.914,0.00
VAL;2026-09-18 17:11:36.146578;;;WHEEL_POS;69.956,0.00
VAL;2026-09-18 17:11:36.162084;;;WHEEL_POS;69.972,0.00
VAL;2026-09-18 17:11:36.204349;;;WHEEL_POS;70.014,0.00
VAL;2026-09-18 17:11:36.242114;;;WHEEL_POS;70.052,0.00
VAL;2026-09-18 17:11:36.273368;;;WHEEL_POS;70.083,0.00
VAL;2026-09-18 17:11:36.304618;;;WHEEL_POS;70.114,0.00
VAL;2026-09-18 17:11:36.320245;;;WHEEL_POS;70.130,0.00
VAL;2026-09-18 17:11:36.342381;;;WHEEL_POS;70.152,0.00
VAL;2026-09-18 17:11:36.388571;;;WHEEL_POS;70.198,0.00
VAL;2026-09-18 17:11:36.419826;;;WHEEL_POS;70.229,0.00
VAL;2026-09-18 17:11:36.442468;;;WHEEL_POS;70.252,0.00
VAL;2026-09-18 17:11:36.458094;;;WHEEL_POS;70.268,0.00
VAL;2026-09-18 17:11:36.493192;;;WHEEL_POS;70.303,0.00
VAL;2026-09-18 17:11:36.526946;;;WHEEL_POS;70.337,0.00
VAL;2026-09-18 17:11:36.562881;;;WHEEL_POS;70.371,0.00
VAL;2026-09-18 17:11:36.578512;;;WHEEL_POS;70.388,0.00
VAL;2026-09-18 17:11:36.594138;;;WHEEL_POS;70.404,0.00
VAL;2026-09-18 17:11:36.626904;;;WHEEL_POS;70.437,0.00
VAL;2026-09-18 17:11:36.658164;;;WHEEL_POS;70.468,0.00
VAL;2026-09-18 17:11:36.689416;;;WHEEL_POS;70.499,0.00
VAL;2026-09-18 17:11:36.705047;;;WHEEL_POS;70.515,0.00
VAL;2026-09-18 17:11:36.742802;;;WHEEL_POS;70.552,0.00
VAL;2026-09-18 17:11:36.782572;;;WHEEL_POS;70.592,0.00
VAL;2026-09-18 17:11:36.798202;;;WHEEL_POS;70.608,0.00
VAL;2026-09-18 17:11:36.842960;;;WHEEL_POS;70.653,0.00
VAL;2026-09-18 17:11:36.874217;;;WHEEL_POS;70.684,0.00
VAL;2026-09-18 17:11:36.905464;;;WHEEL_POS;70.715,0.00
VAL;2026-09-18 17:11:36.921090;;;WHEEL_POS;70.731,0.00
VAL;2026-09-18 17:11:36.950746;;;WHEEL_POS;70.760,0.00
VAL;2026-09-18 17:11:36.981995;;;WHEEL_POS;70.792,0.00
VAL;2026-09-18 17:11:37.012630;;;WHEEL_POS;70.822,0.00
VAL;2026-09-18 17:11:37.043275;;;WHEEL_POS;70.853,0.00
VAL;2026-09-18 17:11:37.074526;;;WHEEL_POS;70.884,0.00
VAL;2026-09-18 17:11:37.090149;;;WHEEL_POS;70.900,0.00
VAL;2026-09-18 17:11:37.121405;;;WHEEL_POS;70.931,0.00
VAL;2026-09-18 17:11:37.146801;;;WHEEL_POS;70.956,0.00
VAL;2026-09-18 17:11:37.188602;;;WHEEL_POS;70.998,0.00
VAL;2026-09-18 17:11:37.213239;;;WHEEL_POS;71.023,0.00
VAL;2026-09-18 17:11:37.259001;;;WHEEL_POS;71.069,0.00
VAL;2026-09-18 17:11:37.274628;;;WHEEL_POS;71.084,0.00
VAL;2026-09-18 17:11:37.321506;;;WHEEL_POS;71.131,0.00
VAL;2026-09-18 17:11:37.343650;;;WHEEL_POS;71.153,0.00
VAL;2026-09-18 17:11:37.359275;;;WHEEL_POS;71.169,0.00
VAL;2026-09-18 17:11:37.388410;;;WHEEL_POS;71.198,0.00
VAL;2026-09-18 17:11:37.425980;;;WHEEL_POS;71.235,0.00
VAL;2026-09-18 17:11:37.441987;;;WHEEL_POS;71.252,0.00
VAL;2026-09-18 17:11:37.459394;;;WHEEL_POS;71.269,0.00
VAL;2026-09-18 17:11:37.483273;;;WHEEL_POS;71.292,0.00
VAL;2026-09-18 17:11:37.509492;;;WHEEL_POS;71.319,0.00
VAL;2026-09-18 17:11:37.528122;;;WHEEL_POS;71.338,0.00
VAL;2026-09-18 17:11:37.543757;;;WHEEL_POS;71.353,0.00
VAL;2026-09-18 17:11:37.575005;;;WHEEL_POS;71.385,0.00
VAL;2026-09-18 17:11:37.614606;;;WHEEL_POS;71.424,0.00
VAL;2026-09-18 17:11:37.659378;;;WHEEL_POS;71.469,0.00
VAL;2026-09-18 17:11:37.690636;;;WHEEL_POS;71.500,0.00
VAL;2026-09-18 17:11:37.721883;;;WHEEL_POS;71.531,0.00
VAL;2026-09-18 17:11:37.744018;;;WHEEL_POS;71.554,0.00
VAL;2026-09-18 17:11:37.775273;;;WHEEL_POS;71.585,0.00
VAL;2026-09-18 17:11:37.828368;;;WHEEL_POS;71.638,0.00
VAL;2026-09-18 17:11:37.859626;;;WHEEL_POS;71.669,0.00
VAL;2026-09-18 17:11:37.875252;;;WHEEL_POS;71.685,0.00
VAL;2026-09-18 17:11:37.906508;;;WHEEL_POS;71.716,0.00
VAL;2026-09-18 17:11:37.944264;;;WHEEL_POS;71.754,0.00
VAL;2026-09-18 17:11:37.975519;;;WHEEL_POS;71.785,0.00
VAL;2026-09-18 17:11:37.991143;;;WHEEL_POS;71.801,0.00
VAL;2026-09-18 17:11:38.028628;;;WHEEL_POS;71.838,0.00
VAL;2026-09-18 17:11:38.059886;;;WHEEL_POS;71.869,0.00
VAL;2026-09-18 17:11:38.091143;;;WHEEL_POS;71.901,0.00
VAL;2026-09-18 17:11:38.122390;;;WHEEL_POS;71.932,0.00
VAL;2026-09-18 17:11:38.147870;;;WHEEL_POS;71.957,0.00
VAL;2026-09-18 17:11:38.179123;;;WHEEL_POS;71.989,0.00
VAL;2026-09-18 17:11:38.200196;;;WHEEL_POS;72.010,0.00
VAL;2026-09-18 17:11:38.215824;;;WHEEL_POS;72.025,0.00
VAL;2026-09-18 17:11:38.260093;;;WHEEL_POS;72.070,0.00
VAL;2026-09-18 17:11:38.291344;;;WHEEL_POS;72.101,0.00
VAL;2026-09-18 17:11:38.329113;;;WHEEL_POS;72.139,0.00
VAL;2026-09-18 17:11:38.344744;;;WHEEL_POS;72.154,0.00
VAL;2026-09-18 17:11:38.375545;;;WHEEL_POS;72.185,0.00
VAL;2026-09-18 17:11:38.429325;;;WHEEL_POS;72.239,0.00
VAL;2026-09-18 17:11:38.460584;;;WHEEL_POS;72.270,0.00
VAL;2026-09-18 17:11:38.476210;;;WHEEL_POS;72.286,0.00
VAL;2026-09-18 17:11:38.500850;;;WHEEL_POS;72.310,0.00
VAL;2026-09-18 17:11:38.545108;;;WHEEL_POS;72.355,0.00
VAL;2026-09-18 17:11:38.576865;;;WHEEL_POS;72.386,0.00
VAL;2026-09-18 17:11:38.617627;;;WHEEL_POS;72.427,0.00
VAL;2026-09-18 17:11:38.645274;;;WHEEL_POS;72.455,0.00
VAL;2026-09-18 17:11:38.676519;;;WHEEL_POS;72.486,0.00
VAL;2026-09-18 17:11:38.706156;;;WHEEL_POS;72.516,0.00
VAL;2026-09-18 17:11:38.745436;;;WHEEL_POS;72.555,0.00
VAL;2026-09-18 17:11:38.762859;;;WHEEL_POS;72.572,0.00
VAL;2026-09-18 17:11:38.778488;;;WHEEL_POS;72.588,0.00
VAL;2026-09-18 17:11:38.803616;;;WHEEL_POS;72.613,0.00
VAL;2026-09-18 17:11:38.817233;;;WHEEL_POS;72.627,0.00
VAL;2026-09-18 17:11:38.845367;;;WHEEL_POS;72.655,0.00
VAL;2026-09-18 17:11:38.876621;;;WHEEL_POS;72.686,0.00
VAL;2026-09-18 17:11:38.892246;;;WHEEL_POS;72.702,0.00
VAL;2026-09-18 17:11:38.930015;;;WHEEL_POS;72.740,0.00
VAL;2026-09-18 17:11:38.961275;;;WHEEL_POS;72.771,0.00
VAL;2026-09-18 17:11:38.992532;;;WHEEL_POS;72.802,0.00
VAL;2026-09-18 17:11:39.020174;;;WHEEL_POS;72.830,0.00
VAL;2026-09-18 17:11:39.061436;;;WHEEL_POS;72.871,0.00
VAL;2026-09-18 17:11:39.097593;;;WHEEL_POS;72.907,0.00
VAL;2026-09-18 17:11:39.133737;;;WHEEL_POS;72.943,0.00
VAL;2026-09-18 17:11:39.149365;;;WHEEL_POS;72.959,0.00
VAL;2026-09-18 17:11:39.180618;;;WHEEL_POS;72.990,0.00
VAL;2026-09-18 17:11:39.205521;;;WHEEL_POS;73.015,0.00
VAL;2026-09-18 17:11:39.230663;;;WHEEL_POS;73.040,0.00
VAL;2026-09-18 17:11:39.261924;;;WHEEL_POS;73.072,0.00
VAL;2026-09-18 17:11:39.308808;;;WHEEL_POS;73.118,0.00
VAL;2026-09-18 17:11:39.346568;;;WHEEL_POS;73.156,0.00
VAL;2026-09-18 17:11:39.391337;;;WHEEL_POS;73.201,0.00
VAL;2026-09-18 17:11:39.427085;;;WHEEL_POS;73.237,0.00
VAL;2026-09-18 17:11:39.454024;;;WHEEL_POS;73.264,0.00
VAL;2026-09-18 17:11:39.471961;;;WHEEL_POS;73.282,0.00
VAL;2026-09-18 17:11:39.500119;;;WHEEL_POS;73.310,0.00
VAL;2026-09-18 17:11:39.531260;;;WHEEL_POS;73.341,0.00
VAL;2026-09-18 17:11:39.562516;;;WHEEL_POS;73.372,0.00
VAL;2026-09-18 17:11:39.578143;;;WHEEL_POS;73.388,0.00
VAL;2026-09-18 17:11:39.623838;;;WHEEL_POS;73.433,0.00
VAL;2026-09-18 17:11:39.646971;;;WHEEL_POS;73.457,0.00
VAL;2026-09-18 17:11:39.678228;;;WHEEL_POS;73.488,0.00
VAL;2026-09-18 17:11:39.709476;;;WHEEL_POS;73.519,0.00
VAL;2026-09-18 17:11:39.747248;;;WHEEL_POS;73.557,0.00
VAL;2026-09-18 17:11:39.778495;;;WHEEL_POS;73.588,0.00
VAL;2026-09-18 17:11:39.810447;;;WHEEL_POS;73.620,0.00
VAL;2026-09-18 17:11:39.847208;;;WHEEL_POS;73.657,0.00
VAL;2026-09-18 17:11:39.878461;;;WHEEL_POS;73.688,0.00
VAL;2026-09-18 17:11:39.894088;;;WHEEL_POS;73.704,0.00
VAL;2026-09-18 17:11:39.931856;;;WHEEL_POS;73.741,0.00
VAL;2026-09-18 17:11:39.947488;;;WHEEL_POS;73.757,0.00
VAL;2026-09-18 17:11:39.978739;;;WHEEL_POS;73.788,0.00
VAL;2026-09-18 17:11:40.011276;;;WHEEL_POS;73.821,0.00
VAL;2026-09-18 17:11:40.031909;;;WHEEL_POS;73.842,0.00
VAL;2026-09-18 17:11:40.047537;;;WHEEL_POS;73.857,0.00
VAL;2026-09-18 17:11:40.063170;;;WHEEL_POS;73.873,0.00
VAL;2026-09-18 17:11:40.094416;;;WHEEL_POS;73.904,0.00
VAL;2026-09-18 17:11:40.110042;;;WHEEL_POS;73.920,0.00
VAL;2026-09-18 17:11:40.150394;;;WHEEL_POS;73.960,0.00
VAL;2026-09-18 17:11:40.166020;;;WHEEL_POS;73.976,0.00
VAL;2026-09-18 17:11:40.211291;;;WHEEL_POS;74.021,0.00
VAL;2026-09-18 17:11:40.232427;;;WHEEL_POS;74.042,0.00
VAL;2026-09-18 17:11:40.248056;;;WHEEL_POS;74.058,0.00
VAL;2026-09-18 17:11:40.279308;;;WHEEL_POS;74.089,0.00
VAL;2026-09-18 17:11:40.310560;;;WHEEL_POS;74.120,0.00
VAL;2026-09-18 17:11:40.332702;;;WHEEL_POS;74.142,0.00
VAL;2026-09-18 17:11:40.348333;;;WHEEL_POS;74.158,0.00
VAL;2026-09-18 17:11:40.411575;;;WHEEL_POS;74.221,0.00
VAL;2026-09-18 17:11:40.432710;;;WHEEL_POS;74.242,0.00
VAL;2026-09-18 17:11:40.448339;;;WHEEL_POS;74.258,0.00
VAL;2026-09-18 17:11:40.480099;;;WHEEL_POS;74.290,0.00
VAL;2026-09-18 17:11:40.495727;;;WHEEL_POS;74.305,0.00
VAL;2026-09-18 17:11:40.511353;;;WHEEL_POS;74.321,0.00
VAL;2026-09-18 17:11:40.548612;;;WHEEL_POS;74.358,0.00
VAL;2026-09-18 17:11:40.564239;;;WHEEL_POS;74.374,0.00
VAL;2026-09-18 17:11:40.611626;;;WHEEL_POS;74.421,0.00
VAL;2026-09-18 17:11:40.627256;;;WHEEL_POS;74.437,0.00
VAL;2026-09-18 17:11:40.648888;;;WHEEL_POS;74.459,0.00
VAL;2026-09-18 17:11:40.680141;;;WHEEL_POS;74.490,0.00
VAL;2026-09-18 17:11:40.711393;;;WHEEL_POS;74.521,0.00
VAL;2026-09-18 17:11:40.749172;;;WHEEL_POS;74.559,0.00
VAL;2026-09-18 17:11:40.780424;;;WHEEL_POS;74.590,0.00
VAL;2026-09-18 17:11:40.811677;;;WHEEL_POS;74.621,0.00
VAL;2026-09-18 17:11:40.827303;;;WHEEL_POS;74.637,0.00
VAL;2026-09-18 17:11:40.849436;;;WHEEL_POS;74.659,0.00
VAL;2026-09-18 17:11:40.865066;;;WHEEL_POS;74.675,0.00
VAL;2026-09-18 17:11:40.896314;;;WHEEL_POS;74.706,0.00
VAL;2026-09-18 17:11:40.935610;;;WHEEL_POS;74.745,0.00
VAL;2026-09-18 17:11:40.951238;;;WHEEL_POS;74.761,0.00
VAL;2026-09-18 17:11:40.982491;;;WHEEL_POS;74.792,0.00
VAL;2026-09-18 17:11:40.998118;;;WHEEL_POS;74.808,0.00
VAL;2026-09-18 17:11:41.028350;;;WHEEL_POS;74.838,0.00
VAL;2026-09-18 17:11:41.049983;;;WHEEL_POS;74.860,0.00
VAL;2026-09-18 17:11:41.081234;;;WHEEL_POS;74.891,0.00
EVENT;2026-09-18 17:11:41.112487;5.0;;158;Tup
TRANSITION;2026-09-18 17:11:41.112487;5.0;;NoResponse;
EVENT;2026-09-18 17:11:41.112487;5.000100000000001;;158;Tup
TRANSITION;2026-09-18 17:11:41.112487;5.000100000000001;;ITI;
VAL;2026-09-18 17:11:41.112487;;;WHEEL_POS;74.922,0.00
VAL;2026-09-18 17:11:41.151826;;;WHEEL_POS;74.961,0.00
VAL;2026-09-18 17:11:41.183079;;;WHEEL_POS;74.993,0.00
VAL;2026-09-18 17:11:41.212758;;;WHEEL_POS;75.022,0.00
VAL;2026-09-18 17:11:41.228387;;;WHEEL_POS;75.038,0.00
VAL;2026-09-18 17:11:41.250519;;;WHEEL_POS;75.060,0.00
VAL;2026-09-18 17:11:41.266154;;;WHEEL_POS;75.076,0.00
VAL;2026-09-18 17:11:41.297400;;;WHEEL_POS;75.107,0.00
VAL;2026-09-18 17:11:41.313024;;;WHEEL_POS;75.123,0.00
VAL;2026-09-18 17:11:41.350792;;;WHEEL_POS;75.160,0.00
VAL;2026-09-18 17:11:41.408181;;;WHEEL_POS;75.218,0.00
VAL;2026-09-18 17:11:41.429318;;;WHEEL_POS;75.239,0.00
VAL;2026-09-18 17:11:41.450950;;;WHEEL_POS;75.261,0.00
VAL;2026-09-18 17:11:41.482074;;;WHEEL_POS;75.292,0.00
VAL;2026-09-18 17:11:41.513328;;;WHEEL_POS;75.323,0.00
VAL;2026-09-18 17:11:41.551091;;;WHEEL_POS;75.361,0.00
VAL;2026-09-18 17:11:41.582340;;;WHEEL_POS;75.392,0.00
VAL;2026-09-18 17:11:41.613598;;;WHEEL_POS;75.423,0.00
VAL;2026-09-18 17:11:41.651352;;;WHEEL_POS;75.461,0.00
VAL;2026-09-18 17:11:41.682609;;;WHEEL_POS;75.492,0.00
VAL;2026-09-18 17:11:41.713858;;;WHEEL_POS;75.523,0.00
VAL;2026-09-18 17:11:41.751632;;;WHEEL_POS;75.561,0.00
VAL;2026-09-18 17:11:41.782882;;;WHEEL_POS;75.592,0.00
VAL;2026-09-18 17:11:41.814018;;;WHEEL_POS;75.624,0.00
VAL;2026-09-18 17:11:41.851784;;;WHEEL_POS;75.661,0.00
VAL;2026-09-18 17:11:41.883037;;;WHEEL_POS;75.693,0.00
VAL;2026-09-18 17:11:41.914289;;;WHEEL_POS;75.724,0.00
VAL;2026-09-18 17:11:41.952058;;;WHEEL_POS;75.762,0.00
VAL;2026-09-18 17:11:41.983311;;;WHEEL_POS;75.793,0.00
VAL;2026-09-18 17:11:42.014447;;;WHEEL_POS;75.824,0.00
VAL;2026-09-18 17:11:42.030077;;;WHEEL_POS;75.840,0.00
VAL;2026-09-18 17:11:42.052211;;;WHEEL_POS;75.862,0.00
VAL;2026-09-18 17:11:42.083464;;;WHEEL_POS;75.893,0.00
VAL;2026-09-18 17:11:42.099091;;;WHEEL_POS;75.909,0.00
VAL;2026-09-18 17:11:42.137866;;;WHEEL_POS;75.947,0.00
VAL;2026-09-18 17:11:42.169121;;;WHEEL_POS;75.979,0.00
VAL;2026-09-18 17:11:42.214957;;;WHEEL_POS;76.025,0.00
VAL;2026-09-18 17:11:42.252735;;;WHEEL_POS;76.062,0.00
VAL;2026-09-18 17:11:42.299617;;;WHEEL_POS;76.109,0.00
VAL;2026-09-18 17:11:42.330864;;;WHEEL_POS;76.140,0.00
VAL;2026-09-18 17:11:42.368634;;;WHEEL_POS;76.178,0.00
VAL;2026-09-18 17:11:42.393579;;;WHEEL_POS;76.203,0.00
VAL;2026-09-18 17:11:42.414745;;;WHEEL_POS;76.224,0.00
VAL;2026-09-18 17:11:42.431375;;;WHEEL_POS;76.241,0.00
VAL;2026-09-18 17:11:42.453010;;;WHEEL_POS;76.263,0.00
VAL;2026-09-18 17:11:42.498773;;;WHEEL_POS;76.308,0.00
VAL;2026-09-18 17:11:42.530031;;;WHEEL_POS;76.340,0.00
VAL;2026-09-18 17:11:42.553170;;;WHEEL_POS;76.363,0.00
VAL;2026-09-18 17:11:42.584427;;;WHEEL_POS;76.394,0.00
EVENT;2026-09-18 17:11:42.600049;6.500100000000001;;158;Tup
END-TRIAL;2026-09-18 17:11:42.600049;;;The trial ended;
INFO;2026-09-18 17:11:42.600049;89.493831;95.993934;TRIAL-BPOD-TIME;6.500102999999996
STATE;2026-09-18 17:11:42.600049;0;5.0;WheelDotPeriod;5.0
STATE;2026-09-18 17:11:42.600049;5.0;5.000100000000001;NoResponse;0.00010000000000065512
STATE;2026-09-18 17:11:42.600049;5.000100000000001;6.500100000000001;ITI;1.5
STATE;2026-09-18 17:11:42.600049;nan;nan;Reward;nan
STATE;2026-09-18 17:11:42.600049;nan;nan;Consumption;nan
STATE;2026-09-18 17:11:42.600049;nan;nan;ErrorConsumption;nan
STATE;2026-09-18 17:11:42.600049;nan;nan;IncorrectITI;nan
VAL;2026-09-18 17:11:42.653329;;;INCLUDED;False
VAL;2026-09-18 17:11:42.653329;;;CONSUMPTION_LICKED;
VAL;2026-09-18 17:11:42.653329;;;LED_ON_TIME;69.91394186019897
VAL;2026-09-18 17:11:42.653329;;;DOT_ONSET_JITTER_S;0.11689153715817525
VAL;2026-09-18 17:11:42.653329;;;DOT_ONSET_TIME;70.03083339735716
VAL;2026-09-18 17:11:42.653329;;;TIMED_OUT;74.91394186019897
stdout;2026-09-18 17:11:42.653329;;;Trial 13 (warmup): side=L, NoResponse;
stdout;2026-09-18 17:11:42.653329;;;|
|;
VAL;2026-09-18 17:11:43.296565;;;TRIAL_INIT_START;77.10617733001709
VAL;2026-09-18 17:11:43.327816;;;WHEEL_POS;77.137,0.00
VAL;2026-09-18 17:11:43.353950;;;WHEEL_POS;77.164,0.00
VAL;2026-09-18 17:11:43.394783;;;WHEEL_POS;77.204,0.00
VAL;2026-09-18 17:11:43.438557;;;WHEEL_POS;77.248,0.00
VAL;2026-09-18 17:11:43.454188;;;WHEEL_POS;77.264,0.00
VAL;2026-09-18 17:11:43.469813;;;TRIAL_START;77.26380038261414
VAL;2026-09-18 17:11:43.469813;;;QUIESCENCE_BREAKS;0
VAL;2026-09-18 17:11:43.469813;;;TRIAL_TYPE;warmup
VAL;2026-09-18 17:11:43.635805;;;TRIAL_SIDE;R
VAL;2026-09-18 17:11:43.635805;;;CLICK_TIMES_L;
VAL;2026-09-18 17:11:43.635805;;;CLICK_TIMES_R;0.0150,0.1372
VAL;2026-09-18 17:11:43.635805;;;N_CLICKS_L;0
VAL;2026-09-18 17:11:43.635805;;;N_CLICKS_R;2
VAL;2026-09-18 17:11:43.635805;;;STIM_SEED;1008906302
VAL;2026-09-18 17:11:43.635805;;;CUE_ABORT_THRESHOLD_DEG;10.0
VAL;2026-09-18 17:11:43.635805;;;RESPONSE_THRESHOLD_DEG;35.0
VAL;2026-09-18 17:11:43.635805;;;QUIESCENCE_DUR_S;0.1
VAL;2026-09-18 17:11:43.635805;;;ITI_S;1.5
VAL;2026-09-18 17:11:43.635805;;;CLICK_LEVEL_ATTENUATED;False
stdout;2026-09-18 17:11:43.635805;;;Trial 14 (warmup): side=R, n_L=0, n_R=2;
stdout;2026-09-18 17:11:43.635805;;;|
|;
VAL;2026-09-18 17:11:43.635805;;;SM_SEND_TIME;77.44541692733765
VAL;2026-09-18 17:11:43.635805;;;CUE_ONSET_TIME;77.46641692733765
TRIAL;2026-09-18 17:11:43.638810;;;New trial;
VAL;2026-09-18 17:11:43.638810;;;WHEEL_POS;77.448,0.00
VAL;2026-09-18 17:11:43.670066;;;WHEEL_POS;77.480,0.00
VAL;2026-09-18 17:11:43.701319;;;WHEEL_POS;77.511,0.00
VAL;2026-09-18 17:11:43.732570;;;WHEEL_POS;77.542,0.00
VAL;2026-09-18 17:11:43.754705;;;WHEEL_POS;77.564,0.00
VAL;2026-09-18 17:11:43.770331;;;WHEEL_POS;77.580,0.00
VAL;2026-09-18 17:11:43.801582;;;WHEEL_POS;77.611,0.00
VAL;2026-09-18 17:11:43.839173;;;WHEEL_POS;77.649,0.00
VAL;2026-09-18 17:11:43.854802;;;WHEEL_POS;77.664,0.00
VAL;2026-09-18 17:11:43.886053;;;WHEEL_POS;77.696,0.00
EVENT;2026-09-18 17:11:43.917306;0.271;;158;Tup
TRANSITION;2026-09-18 17:11:43.917306;0.271;;DelayPeriod;
VAL;2026-09-18 17:11:43.917306;;;WHEEL_POS;77.727,0.00
VAL;2026-09-18 17:11:43.932931;;;WHEEL_POS;77.743,0.00
VAL;2026-09-18 17:11:43.955065;;;WHEEL_POS;77.765,0.00
VAL;2026-09-18 17:11:43.986318;;;WHEEL_POS;77.796,0.00
VAL;2026-09-18 17:11:44.021440;;;WHEEL_POS;77.831,0.00
VAL;2026-09-18 17:11:44.039573;;;WHEEL_POS;77.849,0.00
EVENT;2026-09-18 17:11:44.039573;0.40490000000000004;;158;Tup
TRANSITION;2026-09-18 17:11:44.039573;0.40490000000000004;;CueComplete;
EVENT;2026-09-18 17:11:44.039573;0.405;;158;Tup
END-TRIAL;2026-09-18 17:11:44.039573;;;The trial ended;
INFO;2026-09-18 17:11:44.039573;97.029731;97.434734;TRIAL-BPOD-TIME;0.4050030000000078
STATE;2026-09-18 17:11:44.039573;0;0.271;CuePeriod;0.271
STATE;2026-09-18 17:11:44.039573;0.271;0.40490000000000004;DelayPeriod;0.13390000000000002
STATE;2026-09-18 17:11:44.039573;0.40490000000000004;0.405;CueComplete;9.999999999998899e-05
STATE;2026-09-18 17:11:44.039573;nan;nan;WheelAbort;nan
STATE;2026-09-18 17:11:44.039573;nan;nan;AbortITI;nan
VAL;2026-09-18 17:11:44.055200;;;SM_SEND_TIME;77.86481285095215
TRIAL;2026-09-18 17:11:44.055200;;;New trial;
VAL;2026-09-18 17:11:44.070828;;;WHEEL_POS;77.880,0.00
VAL;2026-09-18 17:11:44.086453;;;WHEEL_POS;77.896,0.00
VAL;2026-09-18 17:11:44.102078;;;WHEEL_POS;77.912,0.00
VAL;2026-09-18 17:11:44.137843;;;WHEEL_POS;77.947,0.00
VAL;2026-09-18 17:11:44.155475;;;WHEEL_POS;77.965,0.00
VAL;2026-09-18 17:11:44.186727;;;WHEEL_POS;77.996,0.00
VAL;2026-09-18 17:11:44.214900;;;WHEEL_POS;78.025,0.00
VAL;2026-09-18 17:11:44.240090;;;WHEEL_POS;78.050,0.00
VAL;2026-09-18 17:11:44.255719;;;WHEEL_POS;78.065,0.00
VAL;2026-09-18 17:11:44.286971;;;WHEEL_POS;78.097,0.00
VAL;2026-09-18 17:11:44.318224;;;WHEEL_POS;78.128,0.00
VAL;2026-09-18 17:11:44.355983;;;WHEEL_POS;78.166,0.00
VAL;2026-09-18 17:11:44.396102;;;WHEEL_POS;78.206,0.00
VAL;2026-09-18 17:11:44.440368;;;WHEEL_POS;78.250,0.00
VAL;2026-09-18 17:11:44.471624;;;WHEEL_POS;78.281,0.00
VAL;2026-09-18 17:11:44.499272;;;WHEEL_POS;78.309,0.00
VAL;2026-09-18 17:11:44.530525;;;WHEEL_POS;78.340,0.00
VAL;2026-09-18 17:11:44.556158;;;WHEEL_POS;78.366,0.00
VAL;2026-09-18 17:11:44.587411;;;WHEEL_POS;78.397,0.00
VAL;2026-09-18 17:11:44.623168;;;WHEEL_POS;78.433,0.00
VAL;2026-09-18 17:11:44.640804;;;WHEEL_POS;78.450,0.00
VAL;2026-09-18 17:11:44.672059;;;WHEEL_POS;78.482,0.00
VAL;2026-09-18 17:11:44.703312;;;WHEEL_POS;78.513,0.00
VAL;2026-09-18 17:11:44.734563;;;WHEEL_POS;78.544,0.00
VAL;2026-09-18 17:11:44.756697;;;WHEEL_POS;78.566,0.00
VAL;2026-09-18 17:11:44.787949;;;WHEEL_POS;78.598,0.00
VAL;2026-09-18 17:11:44.824055;;;WHEEL_POS;78.634,0.00
VAL;2026-09-18 17:11:44.841189;;;WHEEL_POS;78.651,0.00
VAL;2026-09-18 17:11:44.856818;;;WHEEL_POS;78.666,0.00
VAL;2026-09-18 17:11:44.888070;;;WHEEL_POS;78.698,0.00
VAL;2026-09-18 17:11:44.919323;;;WHEEL_POS;78.729,0.00
VAL;2026-09-18 17:11:44.957097;;;WHEEL_POS;78.767,0.00
VAL;2026-09-18 17:11:44.988346;;;WHEEL_POS;78.798,0.00
VAL;2026-09-18 17:11:45.024205;;;WHEEL_POS;78.834,0.00
VAL;2026-09-18 17:11:45.041341;;;WHEEL_POS;78.851,0.00
VAL;2026-09-18 17:11:45.056971;;;WHEEL_POS;78.867,0.00
VAL;2026-09-18 17:11:45.088227;;;WHEEL_POS;78.898,0.00
VAL;2026-09-18 17:11:45.119475;;;WHEEL_POS;78.929,0.00
VAL;2026-09-18 17:11:45.139961;;;WHEEL_POS;78.950,0.00
VAL;2026-09-18 17:11:45.157099;;;WHEEL_POS;78.967,0.00
VAL;2026-09-18 17:11:45.188345;;;WHEEL_POS;78.998,0.00
VAL;2026-09-18 17:11:45.216020;;;WHEEL_POS;79.026,0.00
VAL;2026-09-18 17:11:45.241752;;;WHEEL_POS;79.051,0.00
VAL;2026-09-18 17:11:45.273007;;;WHEEL_POS;79.083,0.00
VAL;2026-09-18 17:11:45.304265;;;WHEEL_POS;79.114,0.00
VAL;2026-09-18 17:11:45.335511;;;WHEEL_POS;79.145,0.00
VAL;2026-09-18 17:11:45.357646;;;WHEEL_POS;79.167,0.00
VAL;2026-09-18 17:11:45.382395;;;WHEEL_POS;79.192,0.00
VAL;2026-09-18 17:11:45.398024;;;WHEEL_POS;79.208,0.00
VAL;2026-09-18 17:11:45.442299;;;WHEEL_POS;79.252,0.00
VAL;2026-09-18 17:11:45.473559;;;WHEEL_POS;79.283,0.00
VAL;2026-09-18 17:11:45.492019;;;WHEEL_POS;79.302,0.00
VAL;2026-09-18 17:11:45.507653;;;WHEEL_POS;79.317,0.00
VAL;2026-09-18 17:11:45.542403;;;WHEEL_POS;79.352,0.00
VAL;2026-09-18 17:11:45.558031;;;WHEEL_POS;79.368,0.00
VAL;2026-09-18 17:11:45.589288;;;WHEEL_POS;79.399,0.00
VAL;2026-09-18 17:11:45.625539;;;WHEEL_POS;79.435,0.00
VAL;2026-09-18 17:11:45.642670;;;WHEEL_POS;79.452,0.00
VAL;2026-09-18 17:11:45.658303;;;WHEEL_POS;79.468,0.00
VAL;2026-09-18 17:11:45.689553;;;WHEEL_POS;79.499,0.00
VAL;2026-09-18 17:11:45.720807;;;WHEEL_POS;79.530,0.00
VAL;2026-09-18 17:11:45.774195;;;WHEEL_POS;79.584,0.00
VAL;2026-09-18 17:11:45.805440;;;WHEEL_POS;79.615,0.00
VAL;2026-09-18 17:11:45.843064;;;WHEEL_POS;79.653,0.00
VAL;2026-09-18 17:11:45.858696;;;WHEEL_POS;79.668,0.00
VAL;2026-09-18 17:11:45.905573;;;WHEEL_POS;79.715,0.00
VAL;2026-09-18 17:11:45.921199;;;WHEEL_POS;79.731,0.00
VAL;2026-09-18 17:11:45.943326;;;WHEEL_POS;79.753,0.00
VAL;2026-09-18 17:11:45.990208;;;WHEEL_POS;79.800,0.00
VAL;2026-09-18 17:11:46.027335;;;WHEEL_POS;79.837,0.00
VAL;2026-09-18 17:11:46.043465;;;WHEEL_POS;79.853,0.00
VAL;2026-09-18 17:11:46.074719;;;WHEEL_POS;79.884,0.00
VAL;2026-09-18 17:11:46.090351;;;WHEEL_POS;79.900,0.00
VAL;2026-09-18 17:11:46.121600;;;WHEEL_POS;79.931,0.00
VAL;2026-09-18 17:11:46.159298;;;WHEEL_POS;79.969,0.00
VAL;2026-09-18 17:11:46.190551;;;WHEEL_POS;80.000,0.00
VAL;2026-09-18 17:11:46.217219;;;WHEEL_POS;80.027,0.00
VAL;2026-09-18 17:11:46.259431;;;WHEEL_POS;80.069,0.00
VAL;2026-09-18 17:11:46.290674;;;WHEEL_POS;80.100,0.00
VAL;2026-09-18 17:11:46.321932;;;WHEEL_POS;80.132,0.00
VAL;2026-09-18 17:11:46.359681;;;WHEEL_POS;80.169,0.00
VAL;2026-09-18 17:11:46.398453;;;WHEEL_POS;80.208,0.00
VAL;2026-09-18 17:11:46.414078;;;WHEEL_POS;80.224,0.00
VAL;2026-09-18 17:11:46.444145;;;WHEEL_POS;80.254,0.00
VAL;2026-09-18 17:11:46.475402;;;WHEEL_POS;80.285,0.00
VAL;2026-09-18 17:11:46.511163;;;WHEEL_POS;80.321,0.00
VAL;2026-09-18 17:11:46.544419;;;WHEEL_POS;80.354,0.00
VAL;2026-09-18 17:11:46.560048;;;WHEEL_POS;80.370,0.00
VAL;2026-09-18 17:11:46.591299;;;WHEEL_POS;80.401,0.00
VAL;2026-09-18 17:11:46.622552;;;WHEEL_POS;80.432,0.00
VAL;2026-09-18 17:11:46.644443;;;WHEEL_POS;80.454,0.00
VAL;2026-09-18 17:11:46.660080;;;WHEEL_POS;80.470,0.00
VAL;2026-09-18 17:11:46.706351;;;WHEEL_POS;80.516,0.00
VAL;2026-09-18 17:11:46.744622;;;WHEEL_POS;80.554,0.00
VAL;2026-09-18 17:11:46.760254;;;WHEEL_POS;80.570,0.00
VAL;2026-09-18 17:11:46.807138;;;WHEEL_POS;80.617,0.00
VAL;2026-09-18 17:11:46.822758;;;WHEEL_POS;80.632,0.00
VAL;2026-09-18 17:11:46.844627;;;WHEEL_POS;80.654,0.00
VAL;2026-09-18 17:11:46.860259;;;WHEEL_POS;80.670,0.00
VAL;2026-09-18 17:11:46.891510;;;WHEEL_POS;80.701,0.00
VAL;2026-09-18 17:11:46.922765;;;WHEEL_POS;80.732,0.00
VAL;2026-09-18 17:11:46.938388;;;WHEEL_POS;80.748,0.00
VAL;2026-09-18 17:11:46.960522;;;WHEEL_POS;80.770,0.00
VAL;2026-09-18 17:11:46.976151;;;WHEEL_POS;80.786,0.00
VAL;2026-09-18 17:11:47.007401;;;WHEEL_POS;80.817,0.00
VAL;2026-09-18 17:11:47.023024;;;WHEEL_POS;80.833,0.00
VAL;2026-09-18 17:11:47.044910;;;WHEEL_POS;80.855,0.00
VAL;2026-09-18 17:11:47.076169;;;WHEEL_POS;80.886,0.00
VAL;2026-09-18 17:11:47.107426;;;WHEEL_POS;80.917,0.00
VAL;2026-09-18 17:11:47.141575;;;WHEEL_POS;80.951,0.00
VAL;2026-09-18 17:11:47.160706;;;WHEEL_POS;80.970,0.00
VAL;2026-09-18 17:11:47.191962;;;WHEEL_POS;81.002,0.00
VAL;2026-09-18 17:11:47.217599;;;WHEEL_POS;81.027,0.00
VAL;2026-09-18 17:11:47.245161;;;WHEEL_POS;81.055,0.00
VAL;2026-09-18 17:11:47.276416;;;WHEEL_POS;81.086,0.00
VAL;2026-09-18 17:11:47.292041;;;WHEEL_POS;81.102,0.00
VAL;2026-09-18 17:11:47.323300;;;WHEEL_POS;81.133,0.00
VAL;2026-09-18 17:11:47.376683;;;WHEEL_POS;81.186,0.00
VAL;2026-09-18 17:11:47.400133;;;WHEEL_POS;81.210,0.00
VAL;2026-09-18 17:11:47.432894;;;WHEEL_POS;81.243,0.00
VAL;2026-09-18 17:11:47.461041;;;WHEEL_POS;81.271,0.00
VAL;2026-09-18 17:11:47.520434;;;WHEEL_POS;81.330,0.00
VAL;2026-09-18 17:11:47.561186;;;WHEEL_POS;81.371,0.00
VAL;2026-09-18 17:11:47.592440;;;WHEEL_POS;81.402,0.00
VAL;2026-09-18 17:11:47.608063;;;WHEEL_POS;81.418,0.00
VAL;2026-09-18 17:11:47.645717;;;WHEEL_POS;81.455,0.00
VAL;2026-09-18 17:11:47.676973;;;WHEEL_POS;81.487,0.00
VAL;2026-09-18 17:11:47.723854;;;WHEEL_POS;81.533,0.00
VAL;2026-09-18 17:11:47.761614;;;WHEEL_POS;81.571,0.00
VAL;2026-09-18 17:11:47.777241;;;WHEEL_POS;81.587,0.00
VAL;2026-09-18 17:11:47.808492;;;WHEEL_POS;81.618,0.00
VAL;2026-09-18 17:11:47.824115;;;WHEEL_POS;81.634,0.00
VAL;2026-09-18 17:11:47.866902;;;WHEEL_POS;81.677,0.00
VAL;2026-09-18 17:11:47.898151;;;WHEEL_POS;81.708,0.00
VAL;2026-09-18 17:11:47.929408;;;WHEEL_POS;81.739,0.00
VAL;2026-09-18 17:11:47.962166;;;WHEEL_POS;81.772,0.00
VAL;2026-09-18 17:11:47.993423;;;WHEEL_POS;81.803,0.00
VAL;2026-09-18 17:11:48.024671;;;WHEEL_POS;81.834,0.00
VAL;2026-09-18 17:11:48.067463;;;WHEEL_POS;81.877,0.00
VAL;2026-09-18 17:11:48.098708;;;WHEEL_POS;81.908,0.00
VAL;2026-09-18 17:11:48.129965;;;WHEEL_POS;81.940,0.00
VAL;2026-09-18 17:11:48.162422;;;WHEEL_POS;81.972,0.00
VAL;2026-09-18 17:11:48.178045;;;WHEEL_POS;81.988,0.00
VAL;2026-09-18 17:11:48.217323;;;WHEEL_POS;82.027,0.00
VAL;2026-09-18 17:11:48.252706;;;WHEEL_POS;82.062,0.00
VAL;2026-09-18 17:11:48.283960;;;WHEEL_POS;82.094,0.00
VAL;2026-09-18 17:11:48.330841;;;WHEEL_POS;82.140,0.00
VAL;2026-09-18 17:11:48.362597;;;WHEEL_POS;82.172,0.00
VAL;2026-09-18 17:11:48.386083;;;WHEEL_POS;82.196,0.00
VAL;2026-09-18 17:11:48.401715;;;WHEEL_POS;82.211,0.00
VAL;2026-09-18 17:11:48.432966;;;WHEEL_POS;82.243,0.00
VAL;2026-09-18 17:11:48.469195;;;WHEEL_POS;82.279,0.00
VAL;2026-09-18 17:11:48.500865;;;WHEEL_POS;82.310,0.00
VAL;2026-09-18 17:11:48.532126;;;WHEEL_POS;82.342,0.00
VAL;2026-09-18 17:11:48.562767;;;WHEEL_POS;82.372,0.00
VAL;2026-09-18 17:11:48.594023;;;WHEEL_POS;82.404,0.00
VAL;2026-09-18 17:11:48.625279;;;WHEEL_POS;82.435,0.00
VAL;2026-09-18 17:11:48.670999;;;WHEEL_POS;82.481,0.00
VAL;2026-09-18 17:11:48.702250;;;WHEEL_POS;82.512,0.00
VAL;2026-09-18 17:11:48.733507;;;WHEEL_POS;82.543,0.00
VAL;2026-09-18 17:11:48.763141;;;WHEEL_POS;82.573,0.00
VAL;2026-09-18 17:11:48.794396;;;WHEEL_POS;82.604,0.00
VAL;2026-09-18 17:11:48.847668;;;WHEEL_POS;82.657,0.00
VAL;2026-09-18 17:11:48.871303;;;WHEEL_POS;82.681,0.00
VAL;2026-09-18 17:11:48.918184;;;WHEEL_POS;82.728,0.00
VAL;2026-09-18 17:11:48.937317;;;WHEEL_POS;82.747,0.00
VAL;2026-09-18 17:11:48.963450;;;WHEEL_POS;82.773,0.00
VAL;2026-09-18 17:11:48.979080;;;WHEEL_POS;82.789,0.00
VAL;2026-09-18 17:11:49.010328;;;WHEEL_POS;82.820,0.00
VAL;2026-09-18 17:11:49.056110;;;WHEEL_POS;82.866,0.00
EVENT;2026-09-18 17:11:49.056110;5.0;;158;Tup
TRANSITION;2026-09-18 17:11:49.056110;5.0;;NoResponse;
EVENT;2026-09-18 17:11:49.056110;5.000100000000001;;158;Tup
TRANSITION;2026-09-18 17:11:49.056110;5.000100000000001;;ITI;
VAL;2026-09-18 17:11:49.071738;;;WHEEL_POS;82.881,0.00
VAL;2026-09-18 17:11:49.087364;;;WHEEL_POS;82.897,0.00
VAL;2026-09-18 17:11:49.102990;;;WHEEL_POS;82.913,0.00
VAL;2026-09-18 17:11:49.134243;;;WHEEL_POS;82.944,0.00
VAL;2026-09-18 17:11:49.163961;;;WHEEL_POS;82.974,0.00
VAL;2026-09-18 17:11:49.195213;;;WHEEL_POS;83.005,0.00
VAL;2026-09-18 17:11:49.219350;;;WHEEL_POS;83.029,0.00
VAL;2026-09-18 17:11:49.258312;;;WHEEL_POS;83.068,0.00
VAL;2026-09-18 17:11:49.273941;;;WHEEL_POS;83.084,0.00
VAL;2026-09-18 17:11:49.305193;;;WHEEL_POS;83.115,0.00
VAL;2026-09-18 17:11:49.336445;;;WHEEL_POS;83.146,0.00
VAL;2026-09-18 17:11:49.364080;;;WHEEL_POS;83.174,0.00
VAL;2026-09-18 17:11:49.401839;;;WHEEL_POS;83.211,0.00
VAL;2026-09-18 17:11:49.433091;;;WHEEL_POS;83.243,0.00
VAL;2026-09-18 17:11:49.476777;;;WHEEL_POS;83.286,0.00
VAL;2026-09-18 17:11:49.507175;;;WHEEL_POS;83.317,0.00
VAL;2026-09-18 17:11:49.538425;;;WHEEL_POS;83.348,0.00
VAL;2026-09-18 17:11:49.564059;;;WHEEL_POS;83.374,0.00
VAL;2026-09-18 17:11:49.595312;;;WHEEL_POS;83.405,0.00
VAL;2026-09-18 17:11:49.626564;;;WHEEL_POS;83.436,0.00
VAL;2026-09-18 17:11:49.648726;;;WHEEL_POS;83.458,0.00
VAL;2026-09-18 17:11:49.676860;;;WHEEL_POS;83.486,0.00
VAL;2026-09-18 17:11:49.708114;;;WHEEL_POS;83.518,0.00
VAL;2026-09-18 17:11:49.739364;;;WHEEL_POS;83.549,0.00
VAL;2026-09-18 17:11:49.764498;;;WHEEL_POS;83.574,0.00
VAL;2026-09-18 17:11:49.795752;;;WHEEL_POS;83.605,0.00
VAL;2026-09-18 17:11:49.827002;;;WHEEL_POS;83.637,0.00
VAL;2026-09-18 17:11:49.863154;;;WHEEL_POS;83.673,0.00
VAL;2026-09-18 17:11:49.894411;;;WHEEL_POS;83.704,0.00
VAL;2026-09-18 17:11:49.910038;;;WHEEL_POS;83.720,0.00
VAL;2026-09-18 17:11:49.941297;;;WHEEL_POS;83.751,0.00
VAL;2026-09-18 17:11:49.964937;;;WHEEL_POS;83.775,0.00
VAL;2026-09-18 17:11:49.996198;;;WHEEL_POS;83.806,0.00
VAL;2026-09-18 17:11:50.027442;;;WHEEL_POS;83.837,0.00
VAL;2026-09-18 17:11:50.064596;;;WHEEL_POS;83.874,0.00
VAL;2026-09-18 17:11:50.095854;;;WHEEL_POS;83.905,0.00
VAL;2026-09-18 17:11:50.127111;;;WHEEL_POS;83.937,0.00
VAL;2026-09-18 17:11:50.165075;;;WHEEL_POS;83.975,0.00
VAL;2026-09-18 17:11:50.196326;;;WHEEL_POS;84.006,0.00
VAL;2026-09-18 17:11:50.235591;;;WHEEL_POS;84.045,0.00
VAL;2026-09-18 17:11:50.270279;;;WHEEL_POS;84.080,0.00
VAL;2026-09-18 17:11:50.301539;;;WHEEL_POS;84.111,0.00
VAL;2026-09-18 17:11:50.332785;;;WHEEL_POS;84.142,0.00
VAL;2026-09-18 17:11:50.365048;;;WHEEL_POS;84.175,0.00
VAL;2026-09-18 17:11:50.418534;;;WHEEL_POS;84.228,0.00
VAL;2026-09-18 17:11:50.434154;;;WHEEL_POS;84.244,0.00
VAL;2026-09-18 17:11:50.485970;;;WHEEL_POS;84.296,0.00
VAL;2026-09-18 17:11:50.507959;;;WHEEL_POS;84.318,0.00
VAL;2026-09-18 17:11:50.549719;;;WHEEL_POS;84.359,0.00
EVENT;2026-09-18 17:11:50.549719;6.500100000000001;;158;Tup
END-TRIAL;2026-09-18 17:11:50.549719;;;The trial ended;
INFO;2026-09-18 17:11:50.549719;97.444731;103.944834;TRIAL-BPOD-TIME;6.500102999999996
STATE;2026-09-18 17:11:50.549719;0;5.0;WheelDotPeriod;5.0
STATE;2026-09-18 17:11:50.549719;5.0;5.000100000000001;NoResponse;0.00010000000000065512
STATE;2026-09-18 17:11:50.549719;5.000100000000001;6.500100000000001;ITI;1.5
STATE;2026-09-18 17:11:50.549719;nan;nan;Reward;nan
STATE;2026-09-18 17:11:50.549719;nan;nan;Consumption;nan
STATE;2026-09-18 17:11:50.549719;nan;nan;ErrorConsumption;nan
STATE;2026-09-18 17:11:50.549719;nan;nan;IncorrectITI;nan
VAL;2026-09-18 17:11:50.627860;;;INCLUDED;False
VAL;2026-09-18 17:11:50.627860;;;CONSUMPTION_LICKED;
VAL;2026-09-18 17:11:50.627860;;;LED_ON_TIME;77.86481285095215
VAL;2026-09-18 17:11:50.627860;;;DOT_ONSET_JITTER_S;0.1752899464974416
VAL;2026-09-18 17:11:50.627860;;;DOT_ONSET_TIME;78.04010279744959
VAL;2026-09-18 17:11:50.627860;;;TIMED_OUT;82.86481285095215
stdout;2026-09-18 17:11:50.627860;;;Trial 14 (warmup): side=R, NoResponse;
stdout;2026-09-18 17:11:50.627860;;;|
|;
VAL;2026-09-18 17:11:51.289684;;;TRIAL_INIT_START;85.09929633140564
VAL;2026-09-18 17:11:51.320935;;;WHEEL_POS;85.131,0.00
VAL;2026-09-18 17:11:51.367197;;;WHEEL_POS;85.177,0.00
VAL;2026-09-18 17:11:51.402962;;;WHEEL_POS;85.213,0.00
VAL;2026-09-18 17:11:51.434215;;;WHEEL_POS;85.244,0.00
VAL;2026-09-18 17:11:51.467473;;;WHEEL_POS;85.277,0.00
VAL;2026-09-18 17:11:51.491150;;;TRIAL_START;85.27708506584167
VAL;2026-09-18 17:11:51.491150;;;QUIESCENCE_BREAKS;0
VAL;2026-09-18 17:11:51.491150;;;TRIAL_TYPE;warmup
VAL;2026-09-18 17:11:51.652313;;;TRIAL_SIDE;R
VAL;2026-09-18 17:11:51.652313;;;CLICK_TIMES_L;
VAL;2026-09-18 17:11:51.652313;;;CLICK_TIMES_R;0.0150,0.0300,0.0450,0.1100,0.1720,0.1870,0.2020,0.2170,0.2380
VAL;2026-09-18 17:11:51.652313;;;N_CLICKS_L;0
VAL;2026-09-18 17:11:51.652313;;;N_CLICKS_R;9
VAL;2026-09-18 17:11:51.652313;;;STIM_SEED;931257452
VAL;2026-09-18 17:11:51.652313;;;CUE_ABORT_THRESHOLD_DEG;10.0
VAL;2026-09-18 17:11:51.652313;;;RESPONSE_THRESHOLD_DEG;35.0
VAL;2026-09-18 17:11:51.652313;;;QUIESCENCE_DUR_S;0.1
VAL;2026-09-18 17:11:51.652313;;;ITI_S;1.5
VAL;2026-09-18 17:11:51.652313;;;CLICK_LEVEL_ATTENUATED;False
stdout;2026-09-18 17:11:51.652313;;;Trial 15 (warmup): side=R, n_L=0, n_R=9;
stdout;2026-09-18 17:11:51.652313;;;|
|;
VAL;2026-09-18 17:11:51.652313;;;SM_SEND_TIME;85.46192479133606
VAL;2026-09-18 17:11:51.652313;;;CUE_ONSET_TIME;85.48292479133606
TRIAL;2026-09-18 17:11:51.652313;;;New trial;
VAL;2026-09-18 17:11:51.652313;;;WHEEL_POS;85.462,0.00
VAL;2026-09-18 17:11:51.691077;;;WHEEL_POS;85.501,0.00
VAL;2026-09-18 17:11:51.722328;;;WHEEL_POS;85.532,0.00
VAL;2026-09-18 17:11:51.768091;;;WHEEL_POS;85.578,0.00
VAL;2026-09-18 17:11:51.799343;;;WHEEL_POS;85.609,0.00
VAL;2026-09-18 17:11:51.830595;;;WHEEL_POS;85.640,0.00
VAL;2026-09-18 17:11:51.846221;;;WHEEL_POS;85.656,0.00
VAL;2026-09-18 17:11:51.868355;;;WHEEL_POS;85.678,0.00
VAL;2026-09-18 17:11:51.891822;;;WHEEL_POS;85.701,0.00
VAL;2026-09-18 17:11:51.923081;;;WHEEL_POS;85.733,0.00
EVENT;2026-09-18 17:11:51.923081;0.271;;158;Tup
TRANSITION;2026-09-18 17:11:51.923081;0.271;;DelayPeriod;
VAL;2026-09-18 17:11:51.968336;;;WHEEL_POS;85.778,0.00
VAL;2026-09-18 17:11:51.999588;;;WHEEL_POS;85.809,0.00
VAL;2026-09-18 17:11:52.015215;;;WHEEL_POS;85.825,0.00
VAL;2026-09-18 17:11:52.046466;;;WHEEL_POS;85.856,0.00
EVENT;2026-09-18 17:11:52.068600;0.4051;;158;Tup
TRANSITION;2026-09-18 17:11:52.068600;0.4051;;CueComplete;
EVENT;2026-09-18 17:11:52.068600;0.4052;;158;Tup
END-TRIAL;2026-09-18 17:11:52.068600;;;The trial ended;
INFO;2026-09-18 17:11:52.068600;105.045631;105.450835;TRIAL-BPOD-TIME;0.4052039999999977
STATE;2026-09-18 17:11:52.068600;0;0.271;CuePeriod;0.271
STATE;2026-09-18 17:11:52.068600;0.271;0.4051;DelayPeriod;0.1341
STATE;2026-09-18 17:11:52.068600;0.4051;0.4052;CueComplete;9.999999999998899e-05
STATE;2026-09-18 17:11:52.068600;nan;nan;WheelAbort;nan
STATE;2026-09-18 17:11:52.068600;nan;nan;AbortITI;nan
VAL;2026-09-18 17:11:52.068600;;;WHEEL_POS;85.878,0.00
VAL;2026-09-18 17:11:52.092544;;;SM_SEND_TIME;85.9021565914154
TRIAL;2026-09-18 17:11:52.092544;;;New trial;
VAL;2026-09-18 17:11:52.092544;;;WHEEL_POS;85.902,0.00
VAL;2026-09-18 17:11:52.123796;;;WHEEL_POS;85.933,0.00
VAL;2026-09-18 17:11:52.168796;;;WHEEL_POS;85.978,0.00
VAL;2026-09-18 17:11:52.205553;;;WHEEL_POS;86.015,0.00
VAL;2026-09-18 17:11:52.222757;;;WHEEL_POS;86.032,0.00
VAL;2026-09-18 17:11:52.277622;;;WHEEL_POS;86.087,0.00
VAL;2026-09-18 17:11:52.308877;;;WHEEL_POS;86.118,0.00
VAL;2026-09-18 17:11:52.340129;;;WHEEL_POS;86.150,0.00
VAL;2026-09-18 17:11:52.369280;;;WHEEL_POS;86.179,0.00
VAL;2026-09-18 17:11:52.419590;;;WHEEL_POS;86.229,0.00
VAL;2026-09-18 17:11:52.453842;;;WHEEL_POS;86.263,0.00
VAL;2026-09-18 17:11:52.477983;;;WHEEL_POS;86.288,0.00
VAL;2026-09-18 17:11:52.492294;;;WHEEL_POS;86.302,0.00
VAL;2026-09-18 17:11:52.523552;;;WHEEL_POS;86.333,0.00
VAL;2026-09-18 17:11:52.569315;;;WHEEL_POS;86.379,0.00
VAL;2026-09-18 17:11:52.600567;;;WHEEL_POS;86.410,0.00
VAL;2026-09-18 17:11:52.631822;;;WHEEL_POS;86.441,0.00
VAL;2026-09-18 17:11:52.682587;;;WHEEL_POS;86.492,0.00
VAL;2026-09-18 17:11:52.713846;;;WHEEL_POS;86.523,0.00
VAL;2026-09-18 17:11:52.754110;;;WHEEL_POS;86.564,0.00
VAL;2026-09-18 17:11:52.769749;;;WHEEL_POS;86.579,0.00
VAL;2026-09-18 17:11:52.800999;;;WHEEL_POS;86.611,0.00
VAL;2026-09-18 17:11:52.832254;;;WHEEL_POS;86.642,0.00
VAL;2026-09-18 17:11:52.870019;;;WHEEL_POS;86.680,0.00
VAL;2026-09-18 17:11:52.898665;;;WHEEL_POS;86.708,0.00
VAL;2026-09-18 17:11:52.914289;;;WHEEL_POS;86.724,0.00
VAL;2026-09-18 17:11:52.954552;;;WHEEL_POS;86.764,0.00
VAL;2026-09-18 17:11:52.970186;;;WHEEL_POS;86.780,0.00
VAL;2026-09-18 17:11:53.001433;;;WHEEL_POS;86.811,0.00
VAL;2026-09-18 17:11:53.023077;;;WHEEL_POS;86.833,0.00
VAL;2026-09-18 17:11:53.044363;;;WHEEL_POS;86.853,0.00
VAL;2026-09-18 17:11:53.056708;;;WHEEL_POS;86.866,0.00
VAL;2026-09-18 17:11:53.072334;;;WHEEL_POS;86.882,0.00
VAL;2026-09-18 17:11:53.100329;;;WHEEL_POS;86.910,0.00
VAL;2026-09-18 17:11:53.131584;;;WHEEL_POS;86.941,0.00
VAL;2026-09-18 17:11:53.170307;;;WHEEL_POS;86.980,0.00
VAL;2026-09-18 17:11:53.201561;;;WHEEL_POS;87.011,0.00
VAL;2026-09-18 17:11:53.224563;;;WHEEL_POS;87.034,0.00
VAL;2026-09-18 17:11:53.240188;;;WHEEL_POS;87.050,0.00
VAL;2026-09-18 17:11:53.270335;;;WHEEL_POS;87.080,0.00
VAL;2026-09-18 17:11:53.301006;;;WHEEL_POS;87.111,0.00
VAL;2026-09-18 17:11:53.332263;;;WHEEL_POS;87.142,0.00
VAL;2026-09-18 17:11:53.389508;;;WHEEL_POS;87.199,0.00
VAL;2026-09-18 17:11:53.405136;;;WHEEL_POS;87.215,0.00
VAL;2026-09-18 17:11:53.436389;;;WHEEL_POS;87.246,0.00
VAL;2026-09-18 17:11:53.470668;;;WHEEL_POS;87.280,0.00
VAL;2026-09-18 17:11:53.518749;;;WHEEL_POS;87.328,0.00
VAL;2026-09-18 17:11:53.534372;;;WHEEL_POS;87.344,0.00
VAL;2026-09-18 17:11:53.586264;;;WHEEL_POS;87.396,0.00
VAL;2026-09-18 17:11:53.617511;;;WHEEL_POS;87.427,0.00
VAL;2026-09-18 17:11:53.653148;;;WHEEL_POS;87.463,0.00
VAL;2026-09-18 17:11:53.670150;;;WHEEL_POS;87.480,0.00
VAL;2026-09-18 17:11:53.686154;;;WHEEL_POS;87.496,0.00
VAL;2026-09-18 17:11:53.705159;;;WHEEL_POS;87.515,0.00
VAL;2026-09-18 17:11:53.722162;;;WHEEL_POS;87.532,0.00
VAL;2026-09-18 17:11:53.739166;;;WHEEL_POS;87.549,0.00
VAL;2026-09-18 17:11:53.755169;;;WHEEL_POS;87.565,0.00
VAL;2026-09-18 17:11:53.776178;;;WHEEL_POS;87.586,0.00
VAL;2026-09-18 17:11:53.792179;;;WHEEL_POS;87.602,0.00
VAL;2026-09-18 17:11:53.808181;;;WHEEL_POS;87.618,0.00
VAL;2026-09-18 17:11:53.828187;;;WHEEL_POS;87.637,0.00
VAL;2026-09-18 17:11:53.845190;;;WHEEL_POS;87.655,0.00
VAL;2026-09-18 17:11:53.861193;;;WHEEL_POS;87.671,0.00
VAL;2026-09-18 17:11:53.877197;;;WHEEL_POS;87.687,0.00
VAL;2026-09-18 17:11:53.901207;;;WHEEL_POS;87.711,0.00
VAL;2026-09-18 17:11:53.917206;;;WHEEL_POS;87.727,0.00
VAL;2026-09-18 17:11:53.933210;;;WHEEL_POS;87.743,0.00
VAL;2026-09-18 17:11:53.952215;;;WHEEL_POS;87.762,0.00
VAL;2026-09-18 17:11:53.979220;;;WHEEL_POS;87.789,0.00
VAL;2026-09-18 17:11:53.995224;;;WHEEL_POS;87.805,0.00
VAL;2026-09-18 17:11:54.023230;;;WHEEL_POS;87.833,0.00
VAL;2026-09-18 17:11:54.040235;;;WHEEL_POS;87.850,0.00
VAL;2026-09-18 17:11:54.056238;;;WHEEL_POS;87.866,0.00
VAL;2026-09-18 17:11:54.075243;;;WHEEL_POS;87.885,0.00
VAL;2026-09-18 17:11:54.100248;;;WHEEL_POS;87.910,0.00
VAL;2026-09-18 17:11:54.116251;;;WHEEL_POS;87.926,0.00
VAL;2026-09-18 17:11:54.135256;;;WHEEL_POS;87.945,0.00
VAL;2026-09-18 17:11:54.159766;;;WHEEL_POS;87.969,0.00
VAL;2026-09-18 17:11:54.176769;;;WHEEL_POS;87.986,0.00
VAL;2026-09-18 17:11:54.194774;;;WHEEL_POS;88.004,0.00
VAL;2026-09-18 17:11:54.211777;;;WHEEL_POS;88.021,0.00
VAL;2026-09-18 17:11:54.228781;;;WHEEL_POS;88.038,0.00
VAL;2026-09-18 17:11:54.245785;;;WHEEL_POS;88.055,0.00
VAL;2026-09-18 17:11:54.269790;;;WHEEL_POS;88.079,0.00
VAL;2026-09-18 17:11:54.286794;;;WHEEL_POS;88.096,0.00
VAL;2026-09-18 17:11:54.303799;;;WHEEL_POS;88.113,0.00
VAL;2026-09-18 17:11:54.322803;;;WHEEL_POS;88.132,0.00
VAL;2026-09-18 17:11:54.339806;;;WHEEL_POS;88.149,0.00
VAL;2026-09-18 17:11:54.356810;;;WHEEL_POS;88.166,0.00
VAL;2026-09-18 17:11:54.373814;;;WHEEL_POS;88.183,0.00
VAL;2026-09-18 17:11:54.407019;;;WHEEL_POS;88.217,0.00
VAL;2026-09-18 17:11:54.438267;;;WHEEL_POS;88.248,0.00
VAL;2026-09-18 17:11:54.471550;;;WHEEL_POS;88.281,0.00
VAL;2026-09-18 17:11:54.502744;;;WHEEL_POS;88.312,0.00
VAL;2026-09-18 17:11:54.534004;;;WHEEL_POS;88.344,0.00
VAL;2026-09-18 17:11:54.587387;;;WHEEL_POS;88.397,0.00
VAL;2026-09-18 17:11:54.603010;;;WHEEL_POS;88.413,0.00
VAL;2026-09-18 17:11:54.634262;;;WHEEL_POS;88.444,0.00
VAL;2026-09-18 17:11:54.672037;;;WHEEL_POS;88.482,0.00
VAL;2026-09-18 17:11:54.718921;;;WHEEL_POS;88.529,0.00
VAL;2026-09-18 17:11:54.734545;;;WHEEL_POS;88.544,0.00
VAL;2026-09-18 17:11:54.787931;;;WHEEL_POS;88.598,0.00
VAL;2026-09-18 17:11:54.803553;;;WHEEL_POS;88.613,0.00
VAL;2026-09-18 17:11:54.850435;;;WHEEL_POS;88.660,0.00
VAL;2026-09-18 17:11:54.872576;;;WHEEL_POS;88.682,0.00
VAL;2026-09-18 17:11:54.888201;;;WHEEL_POS;88.698,0.00
VAL;2026-09-18 17:11:54.920195;;;WHEEL_POS;88.730,0.00
VAL;2026-09-18 17:11:54.951441;;;WHEEL_POS;88.761,0.00
VAL;2026-09-18 17:11:54.972575;;;WHEEL_POS;88.782,0.00
VAL;2026-09-18 17:11:54.988205;;;WHEEL_POS;88.798,0.00
VAL;2026-09-18 17:11:55.019452;;;WHEEL_POS;88.829,0.00
VAL;2026-09-18 17:11:55.050705;;;WHEEL_POS;88.860,0.00
VAL;2026-09-18 17:11:55.072843;;;WHEEL_POS;88.882,0.00
VAL;2026-09-18 17:11:55.105620;;;WHEEL_POS;88.915,0.00
VAL;2026-09-18 17:11:55.121248;;;WHEEL_POS;88.931,0.00
VAL;2026-09-18 17:11:55.157072;;;WHEEL_POS;88.967,0.00
VAL;2026-09-18 17:11:55.211247;;;WHEEL_POS;89.021,0.00
VAL;2026-09-18 17:11:55.227880;;;WHEEL_POS;89.037,0.00
VAL;2026-09-18 17:11:55.272641;;;WHEEL_POS;89.082,0.00
VAL;2026-09-18 17:11:55.288273;;;WHEEL_POS;89.098,0.00
VAL;2026-09-18 17:11:55.322125;;;WHEEL_POS;89.132,0.00
VAL;2026-09-18 17:11:55.356882;;;WHEEL_POS;89.166,0.00
VAL;2026-09-18 17:11:55.388136;;;WHEEL_POS;89.198,0.00
VAL;2026-09-18 17:11:55.435019;;;WHEEL_POS;89.245,0.00
VAL;2026-09-18 17:11:55.450642;;;WHEEL_POS;89.260,0.00
VAL;2026-09-18 17:11:55.472777;;;WHEEL_POS;89.282,0.00
VAL;2026-09-18 17:11:55.507548;;;WHEEL_POS;89.317,0.00
VAL;2026-09-18 17:11:55.523185;;;WHEEL_POS;89.333,0.00
VAL;2026-09-18 17:11:55.557450;;;WHEEL_POS;89.367,0.00
VAL;2026-09-18 17:11:55.573083;;;WHEEL_POS;89.383,0.00
VAL;2026-09-18 17:11:55.619962;;;WHEEL_POS;89.430,0.00
VAL;2026-09-18 17:11:55.635586;;;WHEEL_POS;89.445,0.00
VAL;2026-09-18 17:11:55.651210;;;WHEEL_POS;89.461,0.00
VAL;2026-09-18 17:11:55.673344;;;WHEEL_POS;89.483,0.00
END-TRIAL;2026-09-18 17:11:55.673344;;;The trial ended;
stdout;2026-09-18 17:11:55.768441;;;Bpod stopped running trials (Stop/Kill) -- ending session early after trial 15.;
stdout;2026-09-18 17:11:55.768441;;;|
|;
stdout;2026-09-18 17:11:55.768441;;;Session ending: Stop/Kill/crash (see log above);
stdout;2026-09-18 17:11:55.768441;;;|
|;
stdout;2026-09-18 17:11:55.769441;;;Session: 0 main trials, accuracy(AOS)=0.0%, abort_rate=20.0%, gates_met=False;
stdout;2026-09-18 17:11:55.769441;;;|
|;
stdout;2026-09-18 17:11:55.769441;;;ADVANCE-READY (3 consecutive qualifying sessions): no;
stdout;2026-09-18 17:11:55.769441;;;|
|;
stdout;2026-09-18 17:11:55.769441;;;  (history so far: [False, False, False, False]);
stdout;2026-09-18 17:11:55.769441;;;|
|;
VAL;2026-09-18 17:11:55.769441;;;SESSION_WATER_UL;32.0
stdout;2026-09-18 17:11:56.174986;;;CameraRecorder: wrote 1880 frame timestamps to session_video_timestamps.csv;
stdout;2026-09-18 17:11:56.174986;;;|
|;
INFO;2026-09-18 17:11:56.174986;;;SESSION-ENDED;2026-09-18 17:11:56.174986
stdout;2026-09-18 17:11:56.316843;;;Session struct exported: C:\Ugurcan\Experimental-Tasks\_projects\AuditoryEvidenceAccum\experiments\Stage3\setups\Stage3\sessions\20260918-171005\20260918-171005_struct.mat / C:\Ugurcan\Experimental-Tasks\_projects\AuditoryEvidenceAccum\experiments\Stage3\setups\Stage3\sessions\20260918-171005\20260918-171005_struct.json;
stdout;2026-09-18 17:11:56.316843;;;|
|;
stdout;2026-09-18 17:11:56.316843;;;Close the plot window to exit.;
stdout;2026-09-18 17:11:56.316843;;;|
|;
